scenario_type,condition,strength,file_name,packet_index,true_label,candidate_labels,true_in_candidates,lda_label,fixed_label,gated_label,lda_confidence,fixed_confidence,gated_confidence,lda_top1_probability,Q_seg,segment_cost_std,detect_score_db,snr
artificial_perturbation,clean,0.0,2_0_33_11_2_16.bin,0,0_33,0_33;1_29;1_30;0_34;0_35,1,0_33,0_33,0_33,0.9999999997985908,0.9755684983768739,0.9999999997985908,0.9999999998992952,0.709440625246459,0.003700028037999613,8.683007436180906,10.0
artificial_perturbation,clean,0.0,2_0_33_11_2_16.bin,3,0_33,0_33;1_30;1_29;0_34;0_35,1,0_33,0_33,0_33,0.999999997275505,0.9709325649657845,0.999999997275505,0.9999999986377524,0.8278767742185049,0.0018782783594609254,6.881146774828008,10.0
artificial_perturbation,clean,0.0,2_0_33_11_2_16.bin,17,0_33,0_33;1_30;1_29;0_34;0_35,1,0_33,0_33,0_33,0.9999999987675088,0.98468609132229,0.9999999987675088,0.999999999383749,0.3197781895824386,0.019217101784922735,5.314295190295731,10.0
artificial_perturbation,clean,0.0,2_0_33_11_2_16.bin,18,0_33,0_33;1_30;0_34;1_29;1_28,1,0_33,0_33,0_33,0.9999992270832719,0.9696126473609231,0.9999992270832719,0.9999996135416357,0.932729692456789,0.0006515590596598376,12.026055774261469,8.0
artificial_perturbation,clean,0.0,2_0_34_11_2_16.bin,4,0_34,0_34;1_30;1_29;0_35;1_27,1,0_34,0_34,0_34,0.9999992880367777,0.9771133554126195,0.9999992880367777,0.9999996436045995,0.7533669033278609,0.0029575425112555865,14.003012798338439,10.0
artificial_perturbation,clean,0.0,2_0_34_11_2_16.bin,8,0_34,1_31;0_34;1_30;0_35;0_37,1,0_34,0_34,0_34,0.7756526967144824,0.9125849536923074,0.7756526967144824,0.887826348357235,0.9746070703099267,0.0002353799300585852,3.1158637647520475,9.0
artificial_perturbation,clean,0.0,2_0_34_11_2_16.bin,16,0_34,0_34;1_30;0_35;1_29;1_27,1,0_34,0_34,0_34,0.9999994356273865,0.9753408237224984,0.9999994356273865,0.9999997176837463,0.9303438007151938,0.0006763982617292692,1.1292877312328677,9.0
artificial_perturbation,clean,0.0,2_0_34_11_2_16.bin,18,0_34,0_34;1_30;0_35;1_29;0_36,1,0_34,0_34,0_34,0.9999990988506641,0.9725676816749947,0.9999990988506641,0.9999995448540733,0.7467603335424813,0.0030636325054788664,3.94032212100167,9.0
artificial_perturbation,clean,0.0,2_0_35_11_2_16.bin,11,0_35,0_35;1_31;0_42;1_18;1_26,1,0_35,0_35,0_35,0.9921066829972283,0.9815620972464789,0.9921066829972283,0.9960414358002407,0.6479977863868677,0.004907474473576349,15.093855585932053,9.0
artificial_perturbation,clean,0.0,2_0_35_11_2_16.bin,12,0_35,0_35;0_36;1_27;0_34;0_37,1,0_35,0_35,0_35,0.9991186671856819,0.965531393293198,0.9991186671856819,0.9995593107775426,0.8459586709067705,0.001645031762849608,9.514333756076915,9.0
artificial_perturbation,clean,0.0,2_0_35_11_2_16.bin,13,0_35,0_35;0_36;1_27;0_34;1_26,1,0_35,0_35,0_35,0.998215467716435,0.964625491041821,0.998215467716435,0.9991059007230977,0.7690139686132766,0.0027135489836335783,9.017259583259403,7.0
artificial_perturbation,clean,0.0,2_0_35_11_2_16.bin,17,0_35,0_35;0_36;0_34;1_27;0_37,1,0_35,0_35,0_35,0.9998577292515346,0.9655387472344662,0.9998577292515346,0.9999256325290838,0.9497151160915228,0.0004783329279567458,4.49258739634812,8.0
artificial_perturbation,clean,0.0,2_0_36_11_2_16.bin,6,0_36,0_36;1_27;0_37;1_26;0_35,1,0_36,0_36,0_36,0.9947186380018803,0.995619042427927,0.9947186380018803,0.9972289980841482,0.45359170186812064,0.010882742725737572,15.1644659801616,9.0
artificial_perturbation,clean,0.0,2_0_36_11_2_16.bin,11,0_36,0_36;0_37;1_27;0_35;1_26,1,0_36,0_36,0_36,0.9987151891325684,0.9724749596228245,0.9987151891325684,0.9992577485679497,0.8334831557039799,0.0018048766293174907,13.035849297808575,9.0
artificial_perturbation,clean,0.0,2_0_36_11_2_16.bin,12,0_36,0_36;0_35;0_37;1_27;1_26,1,0_36,0_36,0_36,0.9921905003925184,0.9714333238009057,0.9921905003925184,0.9947615925953928,0.7932123615074563,0.002355164664977239,0.36570109541472595,9.0
artificial_perturbation,clean,0.0,2_0_36_11_2_16.bin,13,0_36,0_36;0_37;1_27;0_35;1_26,1,0_36,0_36,0_36,0.9774319835786673,0.9721429481106122,0.9774319835786673,0.9878450970603271,1.0,0.0,8.575364177959502,10.0
artificial_perturbation,clean,0.0,2_0_37_11_2_16.bin,2,0_37,0_37;0_38;0_36;1_24;1_27,1,0_37,0_37,0_37,0.9324667500853919,0.941637158479498,0.9324667500853919,0.9637947988000574,0.8749586573389434,0.0012910773812759117,4.073681491183223,8.0
artificial_perturbation,clean,0.0,2_0_37_11_2_16.bin,9,0_37,0_37;0_36;0_38;1_23;1_24,1,0_37,0_37,0_37,0.9366162609582456,0.9631602179150378,0.9366162609582456,0.9617459402096955,0.654485904662185,0.004769267131444539,6.55223787720578,10.0
artificial_perturbation,clean,0.0,2_0_37_11_2_16.bin,11,0_37,0_37;0_38;0_36;1_23;1_22,1,0_37,0_37,0_37,0.9920068400253931,0.9688136591806018,0.9920068400253931,0.9959647337006996,0.8418260255748353,0.001697457291426683,3.632689534853344,11.0
artificial_perturbation,clean,0.0,2_0_37_11_2_16.bin,16,0_37,0_37;0_38;0_36;1_23;1_24,1,0_37,0_37,0_37,0.8765521599432483,0.9172292336065073,0.8765521599432483,0.9381590931613277,0.6699017028978961,0.004451623015424852,3.1719134458851688,10.0
artificial_perturbation,clean,0.0,2_0_38_11_2_16.bin,4,0_38,0_38;0_37;1_23;1_24;0_40,1,0_38,0_38,0_38,0.9578059905283768,0.9581317068197429,0.9578059905283768,0.9786033129292286,0.9371686932133889,0.0006056817627375738,6.687563181955305,8.0
artificial_perturbation,clean,0.0,2_0_38_11_2_16.bin,5,0_38,0_38;0_37;1_24;1_23;0_40,1,0_38,0_38,0_38,0.9615137282511484,0.9671347051389596,0.9615137282511484,0.9747311671152376,0.6360476678555584,0.00516941048078454,8.769075881819303,8.0
artificial_perturbation,clean,0.0,2_0_38_11_2_16.bin,8,0_38,0_38;1_23;1_24;0_37;1_21,1,0_38,0_38,0_38,0.9896313822956961,0.9751483960675804,0.9896313822956961,0.9933686743391614,0.8562508203907272,0.001516668095778352,-0.2630510939684605,8.0
artificial_perturbation,clean,0.0,2_0_38_11_2_16.bin,15,0_38,0_38;0_37;1_23;1_24;0_40,1,0_38,0_38,0_38,0.9453916690261859,0.9695053538533384,0.9453916690261859,0.9633651758811042,0.7249263456660402,0.0034280037679553514,10.012235564344856,8.0
artificial_perturbation,clean,0.0,2_0_39_11_2_16.bin,1,0_39,0_39;0_38;1_23;1_20;1_21,1,0_39,0_39,0_39,0.9998772133693614,0.9800935218816045,0.9998772133693614,0.9999261983117242,0.6581829704173571,0.004691732377547357,2.508644107709082,9.0
artificial_perturbation,clean,0.0,2_0_39_11_2_16.bin,12,0_39,0_39;0_38;1_23;1_20;1_21,1,0_39,0_39,0_39,0.9815933719075758,0.9800113259424815,0.9815933719075758,0.9870375650244748,0.771682610227555,0.0026729230374497918,5.633606921312971,9.0
artificial_perturbation,clean,0.0,2_0_39_11_2_16.bin,15,0_39,0_39;1_20;0_38;1_23;1_21,1,0_39,0_39,0_39,0.9661519051396628,0.9646753968613881,0.9661519051396628,0.9790796513171015,1.0,0.0,0.6614593655084151,8.0
artificial_perturbation,clean,0.0,2_0_39_11_2_16.bin,20,0_39,0_39;1_20;1_23;0_38;1_21,1,0_39,0_39,0_39,0.9965525926462963,0.968255235950287,0.9965525926462963,0.9978342594339312,0.5532807225307822,0.007294160787802371,7.1936507066966495,8.0
artificial_perturbation,clean,0.0,2_0_40_11_2_16.bin,9,0_40,0_40;1_21;1_22;0_38;1_23,1,0_40,0_40,0_40,0.5951228105018852,0.8726159110091436,0.5951228105018852,0.7677716640508162,0.7585806338122001,0.0028751236772836665,0.9290725501742841,8.0
artificial_perturbation,clean,0.0,2_0_40_11_2_16.bin,10,0_40,0_40;1_21;1_22;1_23;0_38,1,0_40,0_40,0_40,0.8201261501051468,0.8909474842889133,0.8201261501051468,0.8829398332600819,0.9236809346950633,0.0007464440149316002,9.190779489305655,8.0
artificial_perturbation,clean,0.0,2_0_40_11_2_16.bin,15,0_40,0_40;1_21;1_22;0_38;0_42,1,0_40,0_40,0_40,0.9271841190706723,0.09897673888126013,0.9271841190706723,0.9561829735085433,0.6497358156538516,0.004870180991702043,10.508861754727757,8.0
artificial_perturbation,clean,0.0,2_0_40_11_2_16.bin,18,0_40,1_21;0_40;1_22;0_38;1_20,1,1_21,1_21,1_21,0.4359030860959402,0.8110206911148741,0.4359030860959402,0.7007877164025016,1.0,0.0,-0.20031286304770257,8.0
artificial_perturbation,clean,0.0,2_0_42_11_2_16.bin,1,0_42,0_42;1_20;0_43;0_44;1_19,1,0_42,0_42,0_42,0.5973074877912754,0.9157810138407483,0.5973074877912754,0.7239050107460329,0.9676499613342086,0.00030202486400872824,2.118687560177241,8.0
artificial_perturbation,clean,0.0,2_0_42_11_2_16.bin,7,0_42,0_42;1_19;1_20;0_43;0_44,1,0_42,0_42,0_42,0.07946483161431944,0.5473619824482514,0.07946483161431944,0.4060246808674228,0.9774136734922445,0.0002087629228431702,7.996689990215371,9.0
artificial_perturbation,clean,0.0,2_0_42_11_2_16.bin,11,0_42,1_20;1_19;0_42;0_44;0_43,1,1_20,1_20,1_20,0.46630556171662096,0.10592904346199306,0.46630556171662096,0.6477871021646833,0.7354798634663899,0.0032491826713736153,2.463884871679198,8.0
artificial_perturbation,clean,0.0,2_0_42_11_2_16.bin,18,0_42,0_42;0_43;1_19;1_20;1_21,1,0_42,0_42,0_42,0.4126027541147192,0.814349062099263,0.4126027541147192,0.6043322497975023,0.8816644775328271,0.0012125452822941605,9.563133000902269,8.0
artificial_perturbation,clean,0.0,2_0_43_11_2_16.bin,10,0_43,0_43;0_42;0_44;1_21;1_20,1,0_43,0_43,0_43,0.9602237532637325,0.9621757860085682,0.9602237532637325,0.9772841111715452,0.850054327831938,0.001593578381728447,7.289416987778528,9.0
artificial_perturbation,clean,0.0,2_0_43_11_2_16.bin,13,0_43,0_43;0_42;0_44;1_19;1_20,1,0_43,0_43,0_43,0.8139368124016402,0.9141606892999774,0.8139368124016402,0.8939466645563922,0.8573085844539429,0.0015036503192469976,10.888502241864412,9.0
artificial_perturbation,clean,0.0,2_0_43_11_2_16.bin,15,0_43,0_43;0_42;0_44;1_21;1_20,1,0_43,0_43,0_43,0.7946422928692478,0.9211315240736773,0.7946422928692478,0.86686408760199,0.8373921070929783,0.0017542800966402021,5.822229104247192,9.0
artificial_perturbation,clean,0.0,2_0_43_11_2_16.bin,19,0_43,0_43;0_42;0_44;1_20;1_19,1,0_43,0_43,0_43,0.514809026251825,0.826772206374813,0.514809026251825,0.6782948315768454,0.8817913358804563,0.0012110711513709143,2.6604926024051183,9.0
artificial_perturbation,clean,0.0,2_0_44_11_2_16.bin,3,0_44,0_44;0_42;1_19;0_43;1_20,1,0_44,0_44,0_44,0.908963819973905,0.9495706400480403,0.908963819973905,0.9469826291097472,0.8976101737787642,0.0010305171327737533,0.46811705196262055,9.0
artificial_perturbation,clean,0.0,2_0_44_11_2_16.bin,9,0_44,0_43;0_44;0_42;1_19;1_20,1,0_43,0_43,0_43,0.6899319491637391,0.8754060081169074,0.6899319491637391,0.8379641831120455,0.7586473368648236,0.002874076572369613,9.82263939381829,8.0
artificial_perturbation,clean,0.0,2_0_44_11_2_16.bin,11,0_44,0_44;0_42;1_19;0_43;1_20,1,0_44,0_44,0_44,0.9848821493874468,0.964263799150161,0.9848821493874468,0.9922627961753061,0.8585624551053243,0.0014882606300593404,2.8773546285993974,10.0
artificial_perturbation,clean,0.0,2_0_44_11_2_16.bin,16,0_44,0_44;0_42;0_43;1_19;1_20,1,0_44,0_44,0_44,0.9573880744578924,0.906481447046962,0.9573880744578924,0.9727016400212707,0.7735324560929226,0.002644926490727658,7.268427085801014,9.0
artificial_perturbation,clean,0.0,2_0_45_11_2_16.bin,3,0_45,0_45;0_48;1_17;1_18;0_44,1,0_45,0_45,0_45,0.9925051550512336,0.9635998920891817,0.9925051550512336,0.9961609631412438,0.6722114717606091,0.004405284971392411,4.074820862568159,7.0
artificial_perturbation,clean,0.0,2_0_45_11_2_16.bin,6,0_45,0_45;0_48;1_18;1_17;0_44,1,0_45,0_45,0_45,0.8624078418282972,0.929839895623634,0.8624078418282972,0.9156975712330722,0.9852401462492013,0.00013533998724153743,0.5336753654292975,7.0
artificial_perturbation,clean,0.0,2_0_45_11_2_16.bin,7,0_45,0_45;0_48;1_17;1_18;0_44,1,0_45,0_45,0_45,0.9970713631928296,0.9676139720557786,0.9970713631928296,0.9984817985485791,0.8662300450620813,0.0013951198392788459,1.4606417735384922,7.0
artificial_perturbation,clean,0.0,2_0_45_11_2_16.bin,16,0_45,0_45;0_48;1_17;0_44;1_18,1,0_45,0_45,0_45,0.9994713837147099,0.9686672104332118,0.9994713837147099,0.9997071650146935,0.7828577078756003,0.0025058078354866314,2.3611635974793637,7.0
artificial_perturbation,clean,0.0,2_0_48_11_2_16.bin,2,0_48,0_48;0_45;0_50;0_44;1_17,1,0_48,0_48,0_48,0.996547874603396,0.9671588916651278,0.996547874603396,0.998205916037771,0.9497951287773804,0.00047753157888609494,3.79249476354926,7.0
artificial_perturbation,clean,0.0,2_0_48_11_2_16.bin,5,0_48,0_48;0_45;0_50;0_44;1_17,1,0_48,0_48,0_48,0.9945174391891685,0.9661936634975973,0.9945174391891685,0.9964609807088048,0.9473616140221847,0.0005019644463568476,2.684351804853517,7.0
artificial_perturbation,clean,0.0,2_0_48_11_2_16.bin,7,0_48,0_48;0_45;0_50;0_44;1_17,1,0_48,0_48,0_48,0.975902401497453,0.9635535053814192,0.975902401497453,0.9876845511218613,0.8553085205213335,0.0015282919862427745,2.4859324173969317,7.0
artificial_perturbation,clean,0.0,2_0_48_11_2_16.bin,13,0_48,0_48;1_16;0_45;1_17;1_18,1,0_48,0_48,0_48,0.9985103513404463,0.9863746707683306,0.9985103513404463,0.9991674364116473,0.7782778686870342,0.002573715515422871,3.7860882673701832,5.0
artificial_perturbation,clean,0.0,2_0_50_11_2_16.bin,10,0_50,0_50;0_44;0_48;0_43;0_45,1,0_50,0_50,0_50,0.9999999101656918,0.9737663038829447,0.9999999101656918,0.9999999544869537,0.9488220740007772,0.00048728616277805224,0.17147958884606862,9.0
artificial_perturbation,clean,0.0,2_0_50_11_2_16.bin,11,0_50,0_50;0_48;0_44;0_45;0_43,1,0_50,0_50,0_50,0.999992246068409,0.9642636222571442,0.999992246068409,0.9999961190141547,0.9740497620799784,0.00024068353212522,2.261642222464013,9.0
artificial_perturbation,clean,0.0,2_0_50_11_2_16.bin,14,0_50,0_50;0_44;0_48;0_43;0_45,1,0_50,0_50,0_50,0.9999993658474692,0.9660083787931718,0.9999993658474692,0.9999996647747407,0.9621398676073369,0.00035549221515471284,4.287947529838885,9.0
artificial_perturbation,clean,0.0,2_0_50_11_2_16.bin,18,0_50,0_50;0_48;0_44;0_45;0_43,1,0_50,0_50,0_50,0.9999988470739458,0.9743650834943949,0.9999988470739458,0.9999994020751168,0.6552784915943706,0.004752571345287852,6.338250022951282,10.0
artificial_perturbation,clean,0.0,2_1_16_11_2_16.bin,2,1_16,1_16;1_17;1_18;0_48;0_45,1,1_16,1_16,1_16,0.9981494495699165,0.9543003579271427,0.9981494495699165,0.999019989227789,0.6211158498797259,0.0055108679267700765,3.5309619605427356,3.0
artificial_perturbation,clean,0.0,2_1_16_11_2_16.bin,5,1_16,1_16;1_18;1_17;0_48;0_45,1,1_16,1_16,1_16,0.9890703775531403,0.05382959346470462,0.9890703775531403,0.9943125651458957,0.9452462095436452,0.0005233056479507583,-1.5024658142246856,3.0
artificial_perturbation,clean,0.0,2_1_16_11_2_16.bin,14,1_16,1_16;1_17;1_18;0_48;0_45,1,1_16,1_16,1_16,0.9983836346562933,0.9716581166231195,0.9983836346562933,0.9991459557854546,0.3549443077325094,0.01641811045851209,8.126967156584936,3.0
artificial_perturbation,clean,0.0,2_1_16_11_2_16.bin,18,1_16,1_16;1_17;1_18;0_48;0_45,1,1_16,1_16,1_16,0.9512872162610971,0.9514065449147142,0.9512872162610971,0.9720113302681604,0.586200380807762,0.006377201908437503,2.561756729049349,4.0
artificial_perturbation,clean,0.0,2_1_17_11_2_16.bin,1,1_17,1_18;1_17;0_45;1_16;0_48,1,1_18,1_17,1_18,0.6334347273413448,0.08397625112812657,0.6334347273413448,0.8049747879173687,0.5469709872207326,0.00748252027030981,0.4101534464530157,6.0
artificial_perturbation,clean,0.0,2_1_17_11_2_16.bin,11,1_17,1_18;1_17;0_45;1_19;1_16,1,1_18,1_18,1_18,0.8982107063236118,0.9409573311473465,0.8982107063236118,0.9427977621767416,0.8156266452477197,0.0020421748801419315,1.781269614908342,6.0
artificial_perturbation,clean,0.0,2_1_17_11_2_16.bin,19,1_17,1_17;1_16;0_45;1_18;0_48,1,1_17,1_17,1_17,0.8724936333821576,0.9409153580761151,0.8724936333821576,0.9225620832673447,0.7056988247238546,0.0037675478710719615,0.9007040780637297,5.0
artificial_perturbation,clean,0.0,2_1_17_11_2_16.bin,20,1_17,1_18;1_17;1_16;1_19;1_20,1,1_18,1_18,1_18,0.9411802532352634,0.956264433311932,0.9411802532352634,0.9642169522814369,0.9111216461399579,0.0008812635643661817,0.8384037866493026,5.0
artificial_perturbation,clean,0.0,2_1_18_11_2_16.bin,9,1_18,1_18;1_17;1_16;0_45;1_19,1,1_18,1_18,1_18,0.9206159461557768,0.8955697985524147,0.9206159461557768,0.9536160167963462,0.766242390438651,0.0027560415446391527,3.8887869006190003,5.0
artificial_perturbation,clean,0.0,2_1_18_11_2_16.bin,10,1_18,1_18;1_17;1_16;0_45;1_19,1,1_18,1_18,1_18,0.7051330416336141,0.8983663507356273,0.7051330416336141,0.8153483360650268,0.9403454565219462,0.0005731156567325673,8.509373334173567,5.0
artificial_perturbation,clean,0.0,2_1_18_11_2_16.bin,11,1_18,1_18;1_17;1_16;0_45;1_19,1,1_18,1_18,1_18,0.9041918307431241,0.9369024684805219,0.9041918307431241,0.9373196152309078,0.6556505832958093,0.004744747183969753,5.176070778711371,5.0
artificial_perturbation,clean,0.0,2_1_18_11_2_16.bin,14,1_18,1_18;1_17;1_16;0_45;1_19,1,1_18,1_18,1_18,0.967323737380854,0.96035410400217,0.967323737380854,0.9833394964404304,0.6186674407300642,0.0055684305130250435,7.282338097566562,6.0
artificial_perturbation,clean,0.0,2_1_19_11_2_16.bin,4,1_19,1_19;0_42;1_20;0_43;0_44,1,1_19,1_19,1_19,0.7848462037740542,0.9011452091647312,0.7848462037740542,0.8860026990016102,0.7789582578592688,0.0025635765252073066,14.720963773827982,8.0
artificial_perturbation,clean,0.0,2_1_19_11_2_16.bin,11,1_19,1_19;1_20;0_42;0_44;0_43,1,1_19,1_19,1_19,0.2447565795938012,0.6857255805049021,0.2447565795938012,0.5745806630249204,0.8405692870390284,0.0017135021259897028,3.403573850847077,9.0
artificial_perturbation,clean,0.0,2_1_19_11_2_16.bin,14,1_19,1_19;1_20;0_42;0_44;0_43,1,1_19,1_19,1_19,0.22234723057193367,0.6756963655852215,0.22234723057193367,0.5420248066313342,0.8686767542267562,0.0013657448928924621,6.3946392291578125,9.0
artificial_perturbation,clean,0.0,2_1_19_11_2_16.bin,17,1_19,1_19;1_20;0_42;0_44;1_21,1,1_19,1_19,1_19,0.35877063579042784,0.7568288255967321,0.35877063579042784,0.628247653009443,0.952618610981051,0.0004493398161370076,2.0020648175538103,8.0
artificial_perturbation,clean,0.0,2_1_20_11_2_16.bin,0,1_20,1_20;0_42;1_19;1_21;0_43,1,1_20,1_20,1_20,0.7688401757967424,0.9288025871558848,0.7688401757967424,0.8460826833338684,0.6380098173652758,0.005125728608261056,5.529703921115489,8.0
artificial_perturbation,clean,0.0,2_1_20_11_2_16.bin,4,1_20,0_42;1_20;1_21;1_19;0_40,1,0_42,0_42,0_42,0.4450009170263328,0.8380366996268007,0.4450009170263328,0.6302641394893176,0.5279617384548364,0.008077201718080908,-1.4258530125888869,7.0
artificial_perturbation,clean,0.0,2_1_20_11_2_16.bin,19,1_20,1_20;1_19;0_42;0_39;1_21,1,1_20,1_20,1_20,0.8475712331335328,0.9629601967011288,0.8475712331335328,0.9158011334665713,0.9162447487084409,0.0008258225248509727,-0.23276312315494305,9.0
artificial_perturbation,clean,0.0,2_1_20_11_2_16.bin,20,1_20,1_20;1_19;0_42;1_21;0_43,1,1_20,0_42,1_20,0.07312029601502829,0.22991890953606542,0.07312029601502829,0.3939510963356147,0.6353658966595381,0.005184651403504437,10.453678973884863,7.0
artificial_perturbation,clean,0.0,2_1_21_11_2_16.bin,3,1_21,1_21;1_20;0_40;0_42;0_39,1,1_21,1_21,1_21,0.6199657503009145,0.865461611036159,0.6199657503009145,0.7865974064981053,0.6339168596985262,0.0052171533549729195,2.7035446621188344,9.0
artificial_perturbation,clean,0.0,2_1_21_11_2_16.bin,5,1_21,1_21;0_40;1_20;0_42;1_22,1,1_21,1_21,1_21,0.8973526148369695,0.9790029241571591,0.8973526148369695,0.9360567801453431,0.5414514909871583,0.007650889131137246,-0.15757317251341102,9.0
artificial_perturbation,clean,0.0,2_1_21_11_2_16.bin,6,1_21,1_21;0_42;1_23;0_40;1_22,1,1_21,1_21,1_21,0.5144012914551869,0.900278187346883,0.5144012914551869,0.6521562718987421,1.0,0.0,8.818214062115024,10.0
artificial_perturbation,clean,0.0,2_1_21_11_2_16.bin,7,1_21,1_21;0_40;0_42;1_20;1_22,1,1_21,1_21,1_21,0.891248567369902,0.9821255276832053,0.891248567369902,0.9235456546732996,0.5662843089674171,0.0069192143266047865,0.38274116991378415,10.0
artificial_perturbation,clean,0.0,2_1_22_11_2_16.bin,0,1_22,1_22;0_40;1_21;1_23;1_24,1,1_22,1_22,1_22,0.42434008429308545,0.7714262669172266,0.42434008429308545,0.7047042300523488,0.6719661504070465,0.004410191430831969,9.406619634325233,9.0
artificial_perturbation,clean,0.0,2_1_22_11_2_16.bin,8,1_22,1_22;0_40;1_21;1_23;0_38,1,1_22,1_22,1_22,0.4279490958090624,0.783025589003385,0.4279490958090624,0.7030934422300826,0.8982802601159026,0.0010230092528632603,9.49665727308918,9.0
artificial_perturbation,clean,0.0,2_1_22_11_2_16.bin,10,1_22,1_22;0_40;1_21;1_23;0_38,1,1_22,1_22,1_22,0.6447351910451895,0.8602460199589754,0.6447351910451895,0.8068328685620018,0.8923812672589149,0.0010894908962038347,7.3456312473437055,9.0
artificial_perturbation,clean,0.0,2_1_22_11_2_16.bin,13,1_22,1_22;0_40;1_21;1_23;0_38,1,1_22,1_22,1_22,0.6546741451062801,0.8779427370819132,0.6546741451062801,0.8187766876997699,0.650999124698806,0.004843198716302072,14.964693684350229,9.0
artificial_perturbation,clean,0.0,2_1_23_11_2_16.bin,0,1_23,0_39;1_23;1_19;1_20;1_18,1,1_23,0_39,1_23,0.8078571607447781,0.013075903309816894,0.8078571607447781,0.9015055625222407,0.5126276380087823,0.008589048542632042,12.068016118885328,9.0
artificial_perturbation,clean,0.0,2_1_23_11_2_16.bin,3,1_23,1_23;1_24;0_38;0_40;1_22,1,1_23,1_23,1_23,0.7800433015434192,0.9137812172760119,0.7800433015434192,0.8870208185500238,0.6118213833737963,0.005731827783746546,13.718084997091314,9.0
artificial_perturbation,clean,0.0,2_1_23_11_2_16.bin,12,1_23,1_23;0_38;1_24;0_39;1_21,1,1_23,1_23,1_23,0.907638053683468,0.9617037277230821,0.907638053683468,0.9429965013313802,0.6644812867762122,0.00456163119264875,10.753070049128542,8.0
artificial_perturbation,clean,0.0,2_1_23_11_2_16.bin,20,1_23,1_23;0_38;0_40;1_21;1_24,1,1_23,1_23,1_23,0.7619620103214519,0.8819868137502633,0.7619620103214519,0.8691845934128702,0.37856961708519893,0.01482971839165332,9.462294252525417,9.0
artificial_perturbation,clean,0.0,2_1_24_11_2_16.bin,0,1_24,1_24;1_23;0_38;1_25;1_26,1,1_24,1_24,1_24,0.9919611405441713,0.9713337959867906,0.9919611405441713,0.9954218744850633,0.8103841599740619,0.0021138289804761793,13.247131552314135,8.0
artificial_perturbation,clean,0.0,2_1_24_11_2_16.bin,2,1_24,1_24;1_23;0_38;1_25;1_26,1,1_24,1_24,1_24,0.9487925843122692,0.9600023534210073,0.9487925843122692,0.9697627107941821,0.8463895088268856,0.0016395957474315173,3.9225506306550413,8.0
artificial_perturbation,clean,0.0,2_1_24_11_2_16.bin,10,1_24,1_24;1_23;1_25;0_38;1_26,1,1_24,1_24,1_24,0.9109302113349004,0.9324353117510782,0.9109302113349004,0.9523775692207382,0.8702742330590071,0.0013466548473724512,7.312886332626378,8.0
artificial_perturbation,clean,0.0,2_1_24_11_2_16.bin,17,1_24,1_24;1_23;1_25;0_38;1_26,1,1_24,1_24,1_24,0.18823768453618644,0.4206401603678027,0.18823768453618644,0.550194359319039,0.8855243669506125,0.0011678813269938343,6.229496670861862,9.0
artificial_perturbation,clean,0.0,2_1_25_11_2_16.bin,2,1_25,1_25;1_26;1_24;1_23;0_38,1,1_25,1_25,1_25,0.8028987244133994,0.9146571107512458,0.8028987244133994,0.89430291874535,0.687358684732179,0.004109122814304637,12.550312099040305,9.0
artificial_perturbation,clean,0.0,2_1_25_11_2_16.bin,3,1_25,1_25;1_26;1_24;1_23;0_38,1,1_25,1_25,1_25,0.9642239058099022,0.9600362421633187,0.9642239058099022,0.9792325304006,0.5811535708001433,0.00651103580596087,14.995735847402832,9.0
artificial_perturbation,clean,0.0,2_1_25_11_2_16.bin,14,1_25,1_25;1_24;1_26;1_23;0_38,1,1_25,1_25,1_25,0.9920086801796218,0.964628296108821,0.9920086801796218,0.996004324910911,0.8055212727561443,0.0021811285702033278,5.876927565078488,10.0
artificial_perturbation,clean,0.0,2_1_25_11_2_16.bin,16,1_25,1_25;1_26;1_24;1_23;0_38,1,1_25,1_25,1_25,0.5174049128658017,0.7474394635154398,0.5174049128658017,0.7582870061571841,0.8462199385996892,0.0016417346069141176,3.7595923856207336,9.0
artificial_perturbation,clean,0.0,2_1_26_11_2_16.bin,3,1_26,1_26;1_25;1_24;1_27;0_36,1,1_26,1_26,1_26,0.29092117380275073,0.6641314872195522,0.29092117380275073,0.6184700432562378,0.6624164452911524,0.0046040110053968165,11.502650614646047,8.0
artificial_perturbation,clean,0.0,2_1_26_11_2_16.bin,12,1_26,1_26;1_25;1_24;0_37;1_23,1,1_26,1_26,1_26,0.8732184673246941,0.9108431151000759,0.8732184673246941,0.9365741235948718,0.8150925077580145,0.0020494332807083197,8.033018969142452,10.0
artificial_perturbation,clean,0.0,2_1_26_11_2_16.bin,13,1_26,1_26;1_25;1_24;1_23;0_37,1,1_26,1_26,1_26,0.9390970247096156,0.9435224720406723,0.9390970247096156,0.9695323268762471,0.6716866159091335,0.004415786526266076,4.457485335387997,10.0
artificial_perturbation,clean,0.0,2_1_26_11_2_16.bin,17,1_26,1_26;1_25;1_24;1_23;0_35,1,1_26,1_26,1_26,0.8878270655021081,0.9428955755535028,0.8878270655021081,0.9438406959502765,0.5393938325689199,0.007714538474539996,11.346215538321493,9.0
artificial_perturbation,clean,0.0,2_1_27_11_2_16.bin,1,1_27,1_27;0_36;1_26;0_37;0_35,1,1_27,1_27,1_27,0.9928964771577456,0.970881210557828,0.9928964771577456,0.9964379126273334,0.765332185496787,0.0027700635204594387,5.33267323306734,9.0
artificial_perturbation,clean,0.0,2_1_27_11_2_16.bin,5,1_27,1_27;0_36;1_26;0_35;0_37,1,1_27,1_27,1_27,0.9767868670169311,0.9654003549086542,0.9767868670169311,0.9882677049054942,0.6308907685107678,0.005285510153223841,9.608228371581074,9.0
artificial_perturbation,clean,0.0,2_1_27_11_2_16.bin,10,1_27,1_27;0_36;1_26;0_35;0_37,1,1_27,1_27,1_27,0.8908445766076053,0.9381633523130397,0.8908445766076053,0.9441778444526179,0.6217032418048845,0.0054971256590459405,14.877902700348788,9.0
artificial_perturbation,clean,0.0,2_1_27_11_2_16.bin,11,1_27,1_27;0_36;1_26;0_35;0_37,1,1_27,1_27,1_27,0.8940875574047698,0.9406395271860165,0.8940875574047698,0.9436919083052211,0.9370277412815228,0.0006071318261299876,6.8017395097292415,9.0
artificial_perturbation,clean,0.0,2_1_28_11_2_16.bin,5,1_28,1_28;1_29;1_27;0_35;1_26,1,1_29,1_28,1_29,0.3632596769899503,0.1859188497925528,0.3632596769899503,0.6816298383261005,0.5926823997684723,0.00620865206745472,9.478038974712504,8.0
artificial_perturbation,clean,0.0,2_1_28_11_2_16.bin,10,1_28,0_35;1_28;1_31;1_18;1_26,1,1_28,1_28,1_28,0.9342870510515819,0.029997458454001813,0.9342870510515819,0.9669341453270331,0.6575165920921426,0.004705643227999879,15.696411268761928,9.0
artificial_perturbation,clean,0.0,2_1_28_11_2_16.bin,14,1_28,1_28;1_29;1_27;1_26;0_35,1,1_28,1_28,1_28,0.9996041018586911,0.9541286085781733,0.9996041018586911,0.9998017977715539,0.4997434022544075,0.009043404004879076,4.252701382897017,8.0
artificial_perturbation,clean,0.0,2_1_28_11_2_16.bin,18,1_28,1_28;1_29;1_27;1_26;0_35,1,1_28,1_28,1_28,0.9999999924814782,0.9766380202773611,0.9999999924814782,0.9999999955377556,0.8798550724950908,0.0012336173661862625,6.30958081220996,10.0
artificial_perturbation,clean,0.0,2_1_29_11_2_16.bin,6,1_29,1_29;1_28;0_34;0_33;0_35,1,1_29,1_29,1_29,0.9999992200958495,0.9912274870606358,0.9999992200958495,0.9999996091768104,0.830103753268585,0.0018490028654609995,14.790921145407875,11.0
artificial_perturbation,clean,0.0,2_1_29_11_2_16.bin,7,1_29,1_29;1_28;0_34;1_27;0_35,1,1_29,1_29,1_29,0.9999978179368819,0.9885319393520836,0.9999978179368819,0.9999988845473305,1.0,0.0,15.853714444305895,10.0
artificial_perturbation,clean,0.0,2_1_29_11_2_16.bin,9,1_29,1_29;1_28;0_34;0_35;0_33,1,1_29,1_29,1_29,0.9999755707941073,0.9936024323850029,0.9999755707941073,0.999987777309887,0.9700277894441944,0.00027913916540923207,6.3817369467383465,10.0
artificial_perturbation,clean,0.0,2_1_29_11_2_16.bin,15,1_29,1_29;1_28;0_35;0_34;1_27,1,1_29,1_29,1_29,0.9999942347314882,0.984630316585922,0.9999942347314882,0.9999971173655007,0.9811106639397654,0.00017393415592592353,2.290262148426855,10.0
artificial_perturbation,clean,0.0,2_1_30_11_2_16.bin,1,1_30,1_30;0_34;0_33;1_31;1_29,1,1_30,1_30,1_30,0.9999843350411295,0.9622262641821904,0.9999843350411295,0.9999921650774508,0.7557869420879137,0.002919145044102918,8.314316773547242,9.0
artificial_perturbation,clean,0.0,2_1_30_11_2_16.bin,2,1_30,1_30;0_34;0_33;1_31;1_27,1,1_30,1_30,1_30,0.9999996153481744,0.9732397168249703,0.9999996153481744,0.9999997939381358,0.5222158917279656,0.00826547456064895,8.805836250643992,10.0
artificial_perturbation,clean,0.0,2_1_30_11_2_16.bin,5,1_30,1_30;0_34;0_33;1_31;1_29,1,1_30,1_30,1_30,0.9999984126463088,0.9683740064091957,0.9999984126463088,0.999998957820227,0.726868939031105,0.003394698104916166,10.43641397681197,10.0
artificial_perturbation,clean,0.0,2_1_30_11_2_16.bin,13,1_30,1_30;0_34;1_31;0_33;1_29,1,1_30,1_30,1_30,0.9999999988945764,0.9699940075393777,0.9999999988945764,0.999999999447093,0.9611384753243383,0.00036527508428435454,3.613709382339855,8.0
artificial_perturbation,clean,0.0,2_1_31_11_2_16.bin,2,1_31,1_31;1_30;0_34;0_33;1_29,1,1_31,1_31,1_31,1.0,0.9893174140253977,1.0,1.0,0.7021754834733599,0.003831783477618925,2.8678450653666037,10.0
artificial_perturbation,clean,0.0,2_1_31_11_2_16.bin,3,1_31,1_31;1_30;0_34;0_33;1_29,1,1_31,1_31,1_31,1.0,0.990848924544196,1.0,1.0,0.7720850923698921,0.0026668202406151076,3.71104277901631,8.0
artificial_perturbation,clean,0.0,2_1_31_11_2_16.bin,6,1_31,1_31;1_30;0_34;0_33;1_29,1,1_31,1_31,1_31,1.0,0.989462167831058,1.0,1.0,0.9598343359614815,0.00037804617341071156,5.194944593690016,8.0
artificial_perturbation,clean,0.0,2_1_31_11_2_16.bin,7,1_31,1_31;1_30;0_34;0_33;1_29,1,1_31,1_31,1_31,1.0,0.989769837142056,1.0,1.0,0.9440266985595148,0.0005356521141506087,6.5303693071900994,7.0
artificial_perturbation,clean,0.0,2_1_32_11_2_16.bin,4,1_32,1_32;0_33;1_29;0_34;0_35,1,1_32,1_32,1_32,1.0,0.9800702769861909,1.0,1.0,1.0,0.0,3.0930187586290647,9.0
artificial_perturbation,clean,0.0,2_1_32_11_2_16.bin,5,1_32,1_32;0_33;1_29;0_34;0_35,1,1_32,1_32,1_32,1.0,0.993100986147302,1.0,1.0,0.8279894868208445,0.0018767928749332283,12.619304838404533,8.0
artificial_perturbation,clean,0.0,2_1_32_11_2_16.bin,9,1_32,1_32;0_33;1_29;0_34;1_28,1,1_32,1_32,1_32,1.0,0.9858428626463573,1.0,1.0,0.836516974885646,0.0017655665170416058,5.618360811517352,9.0
artificial_perturbation,clean,0.0,2_1_32_11_2_16.bin,17,1_32,1_32;0_33;1_29;0_34;1_28,1,1_32,1_32,1_32,1.0,0.973514098800762,1.0,1.0,0.837874286580065,0.0017480715895433006,6.1043149761710005,9.0
artificial_perturbation,clean,0.0,2_2_15_11_2_16.bin,3,2_15,2_15;0_48;1_16;1_17;1_18,1,2_15,2_15,2_15,0.9999999999496249,0.9744932898871148,0.9999999999496249,0.9999999999748124,0.6873411757174052,0.004109457619432005,3.2092705814900864,2.0
artificial_perturbation,clean,0.0,2_2_15_11_2_16.bin,10,2_15,2_15;1_16;0_48;1_17;1_18,1,2_15,2_15,2_15,1.0,0.9755050772200291,1.0,1.0,0.5671564962599508,0.006894680884060177,3.403802433439306,0.0
artificial_perturbation,clean,0.0,2_2_15_11_2_16.bin,16,2_15,2_15;1_16;1_17;0_48;1_18,1,2_15,2_15,2_15,1.0,0.9797415603686002,1.0,1.0,0.5798683103143935,0.006545491186182622,3.0219457469653985,0.0
artificial_perturbation,clean,0.0,2_2_15_11_2_16.bin,20,2_15,2_15;0_48;1_16;1_17;1_18,1,2_15,2_15,2_15,0.9999951341651836,0.9631866569805951,0.9999951341651836,0.999997567080337,0.7159878501471797,0.0035835828008945266,3.388506079373071,3.0
artificial_perturbation,preamble_missing,1.0,2_0_33_11_2_16.bin,0,0_33,0_33;1_30;1_29;0_34;0_35,1,0_33,0_33,0_33,0.9999999997408722,0.9764624597794462,0.9999999997408722,0.9999999998704359,0.6140082487957988,0.005679237032170299,7.933007436180906,10.0
artificial_perturbation,preamble_missing,1.0,2_0_33_11_2_16.bin,3,0_33,0_33;1_30;1_29;0_34;0_35,1,0_33,0_33,0_33,0.9999999966141383,0.9710804368508114,0.9999999966141383,0.9999999983070686,0.7762175461709219,0.0026045263348806517,6.131146774828008,10.0
artificial_perturbation,preamble_missing,1.0,2_0_33_11_2_16.bin,17,0_33,0_33;1_30;1_29;0_34;0_35,1,0_33,0_33,0_33,0.9999999985968359,0.9848770177559872,0.9999999985968359,0.9999999992984092,0.31212556765031596,0.01990975882139213,4.564295190295731,10.0
artificial_perturbation,preamble_missing,1.0,2_0_33_11_2_16.bin,18,0_33,0_33;1_30;0_34;1_29;1_28,1,0_33,0_33,0_33,0.9999990061766401,0.9697241297642358,0.9999990061766401,0.9999995030883193,0.8280851236893723,0.0018755327554710777,11.276055774261469,8.0
artificial_perturbation,preamble_missing,1.0,2_0_34_11_2_16.bin,4,0_34,0_34;1_30;1_29;0_35;1_27,1,0_34,0_34,0_34,0.9999993965264863,0.9765892850333574,0.9999993965264863,0.9999996980135263,0.7722519194671817,0.0026642925226981425,13.253012798338439,10.0
artificial_perturbation,preamble_missing,1.0,2_0_34_11_2_16.bin,8,0_34,1_31;0_34;1_30;0_35;0_37,1,0_34,0_34,0_34,0.8030162272018218,0.9217846609223124,0.8030162272018218,0.9015081136009067,0.9851757235067362,0.00013593959823142153,2.3658637647520475,9.0
artificial_perturbation,preamble_missing,1.0,2_0_34_11_2_16.bin,16,0_34,0_34;1_30;0_35;1_29;1_27,1,0_34,0_34,0_34,0.999999279081581,0.9749598258680641,0.999999279081581,0.9999996394709018,0.9398299412129862,0.0005783854191580664,0.37928773123286774,9.0
artificial_perturbation,preamble_missing,1.0,2_0_34_11_2_16.bin,18,0_34,0_34;1_30;0_35;1_29;0_36,1,0_34,0_34,0_34,0.9999992499314588,0.9726321831908913,0.9999992499314588,0.9999996222075651,0.7184804847422562,0.003539808001335521,3.19032212100167,9.0
artificial_perturbation,preamble_missing,1.0,2_0_35_11_2_16.bin,11,0_35,0_35;1_31;0_42;1_18;0_36,1,0_35,0_35,0_35,0.988341789380802,0.9797170312355248,0.988341789380802,0.9941599035643857,0.6386760845972295,0.005110957039656809,14.343855585932053,9.0
artificial_perturbation,preamble_missing,1.0,2_0_35_11_2_16.bin,12,0_35,0_35;0_36;1_27;0_34;0_37,1,0_35,0_35,0_35,0.9986068754828729,0.9647042656554565,0.9986068754828729,0.9993033985124234,0.8563564894366648,0.0015153661935525195,8.764333756076915,9.0
artificial_perturbation,preamble_missing,1.0,2_0_35_11_2_16.bin,13,0_35,0_35;0_36;1_27;0_34;1_26,1,0_35,0_35,0_35,0.9975165030734586,0.9639148631925863,0.9975165030734586,0.9987566454880138,0.7909795087840564,0.0023873154475881407,8.267259583259403,7.0
artificial_perturbation,preamble_missing,1.0,2_0_35_11_2_16.bin,17,0_35,0_35;0_36;0_34;1_27;0_37,1,0_35,0_35,0_35,0.9997902415577665,0.9654094071973824,0.9997902415577665,0.9998898966060138,0.9704784735705507,0.00027481414305859146,3.74258739634812,8.0
artificial_perturbation,preamble_missing,1.0,2_0_36_11_2_16.bin,6,0_36,0_36;1_27;0_37;1_26;0_35,1,0_36,0_36,0_36,0.9971840042033612,0.9949508286970746,0.9971840042033612,0.9985099293450017,0.465041961788749,0.010392349706523576,14.4144659801616,9.0
artificial_perturbation,preamble_missing,1.0,2_0_36_11_2_16.bin,11,0_36,0_36;0_37;1_27;0_35;1_26,1,0_36,0_36,0_36,0.9992474365735741,0.9720055430722748,0.9992474365735741,0.999551864137459,0.9138516598311078,0.0008516426178185236,12.285849297808575,9.0
artificial_perturbation,preamble_missing,1.0,2_0_36_11_2_16.bin,12,0_36,0_36;0_37;0_35;1_27;1_26,1,0_36,0_36,0_36,0.9954121658167019,0.9706427823161522,0.9954121658167019,0.9965623863062518,0.8058124190690946,0.0021770764109876623,-0.38429890458527405,9.0
artificial_perturbation,preamble_missing,1.0,2_0_36_11_2_16.bin,13,0_36,0_36;0_37;1_27;0_35;1_26,1,0_36,0_36,0_36,0.9817371348252757,0.9712610177580847,0.9817371348252757,0.9902452355138407,1.0,0.0,7.825364177959502,10.0
artificial_perturbation,preamble_missing,1.0,2_0_37_11_2_16.bin,2,0_37,0_37;0_38;0_36;1_24;1_27,1,0_37,0_37,0_37,0.9213764016053265,0.9392586274342305,0.9213764016053265,0.9569380143409931,0.8749586573389434,0.0012910773812759117,3.3236814911832226,8.0
artificial_perturbation,preamble_missing,1.0,2_0_37_11_2_16.bin,9,0_37,0_37;0_36;0_38;1_23;1_24,1,0_37,0_37,0_37,0.8951938467756221,0.9546822749941202,0.8951938467756221,0.9398624650092605,0.6578189065982714,0.00469932882791541,5.80223787720578,10.0
artificial_perturbation,preamble_missing,1.0,2_0_37_11_2_16.bin,11,0_37,0_37;0_38;0_36;1_23;1_22,1,0_37,0_37,0_37,0.9908030880529812,0.9683255721838887,0.9908030880529812,0.9953389656004639,0.8576768814063221,0.00149912526879466,2.882689534853344,11.0
artificial_perturbation,preamble_missing,1.0,2_0_37_11_2_16.bin,16,0_37,0_37;0_38;0_36;1_23;1_24,1,0_37,0_37,0_37,0.8565569679689488,0.9115691202533078,0.8565569679689488,0.9280881631683663,0.6699017028978961,0.004451623015424852,2.4219134458851688,10.0
artificial_perturbation,preamble_missing,1.0,2_0_38_11_2_16.bin,4,0_38,0_38;0_37;1_23;1_24;0_40,1,0_38,0_38,0_38,0.9647009772441593,0.960639680073172,0.9647009772441593,0.9819307750400881,0.9371686932133889,0.0006056817627375738,5.937563181955305,8.0
artificial_perturbation,preamble_missing,1.0,2_0_38_11_2_16.bin,5,0_38,0_38;1_24;0_37;1_23;0_40,1,0_38,0_38,0_38,0.9638496009664554,0.9692772222261791,0.9638496009664554,0.9747611615020406,0.6363658037381185,0.0051623097616554075,8.019075881819303,8.0
artificial_perturbation,preamble_missing,1.0,2_0_38_11_2_16.bin,8,0_38,0_38;1_23;1_24;0_37;0_39,1,0_38,0_38,0_38,0.9893201173173285,0.9747735680258495,0.9893201173173285,0.9930625556721413,0.9811470188925259,0.00017359296483947063,-1.0130510939684605,8.0
artificial_perturbation,preamble_missing,1.0,2_0_38_11_2_16.bin,15,0_38,0_38;1_24;1_23;0_37;0_40,1,0_38,0_38,0_38,0.9368642173917726,0.9718258067986972,0.9368642173917726,0.9588230913286122,0.7249263456660402,0.0034280037679553514,9.262235564344856,8.0
artificial_perturbation,preamble_missing,1.0,2_0_39_11_2_16.bin,1,0_39,0_39;0_38;1_23;1_20;1_21,1,0_39,0_39,0_39,0.9998625623378314,0.9790555620003966,0.9998625623378314,0.999914683539779,0.7293615425191697,0.0033522224186490097,1.758644107709082,9.0
artificial_perturbation,preamble_missing,1.0,2_0_39_11_2_16.bin,12,0_39,0_39;1_23;0_38;1_20;1_21,1,0_39,0_39,0_39,0.976575200619464,0.9809094093106934,0.976575200619464,0.9833327275242967,0.7702850410388078,0.0026941637615054154,4.883606921312971,9.0
artificial_perturbation,preamble_missing,1.0,2_0_39_11_2_16.bin,15,0_39,0_39;1_20;0_38;1_23;1_21,1,0_39,0_39,0_39,0.9711767582173358,0.9676414834696643,0.9711767582173358,0.9825610561970997,0.578580096759511,0.006580179339214887,-0.08854063449158489,8.0
artificial_perturbation,preamble_missing,1.0,2_0_39_11_2_16.bin,20,0_39,0_39;1_20;1_23;0_38;1_21,1,0_39,0_39,0_39,0.99570331411743,0.9723634030390168,0.99570331411743,0.9972435060622306,0.5682658797632085,0.0068635842495674325,6.4436507066966495,8.0
artificial_perturbation,preamble_missing,1.0,2_0_40_11_2_16.bin,9,0_40,0_40;1_21;1_22;0_38;1_23,1,0_40,0_40,0_40,0.46862950829406835,0.8178933536401595,0.46862950829406835,0.7027152282042445,0.7819880968078361,0.002518640837462285,0.17907255017428414,8.0
artificial_perturbation,preamble_missing,1.0,2_0_40_11_2_16.bin,10,0_40,0_40;1_21;1_22;1_23;0_38,1,0_40,0_40,0_40,0.7489614095757577,0.9008466250904591,0.7489614095757577,0.8405358508922842,0.8646695480929917,0.0014139418362447737,8.440779489305655,8.0
artificial_perturbation,preamble_missing,1.0,2_0_40_11_2_16.bin,15,0_40,0_40;1_21;1_22;0_38;0_42,1,0_40,0_40,0_40,0.9000626534242102,0.09547908103541358,0.9000626534242102,0.9407733657205358,0.6336846981734509,0.005222374561861494,9.758861754727757,8.0
artificial_perturbation,preamble_missing,1.0,2_0_40_11_2_16.bin,18,0_40,1_21;0_40;1_22;0_38;1_20,1,1_21,1_21,1_21,0.5087658903834879,0.845569159431594,0.5087658903834879,0.7361462088131896,1.0,0.0,-0.9503128630477026,8.0
artificial_perturbation,preamble_missing,1.0,2_0_42_11_2_16.bin,1,0_42,0_42;1_20;0_43;0_44;1_19,1,0_42,0_42,0_42,0.43487605023238785,0.840003490590506,0.43487605023238785,0.6336690748162617,0.9124784903149765,0.0008665195022728579,1.368687560177241,8.0
artificial_perturbation,preamble_missing,1.0,2_0_42_11_2_16.bin,7,0_42,1_19;0_42;1_20;0_43;0_44,1,0_42,0_42,0_42,0.005580259747338889,0.4104662024294592,0.005580259747338889,0.33687727556119884,0.9043258501101615,0.0009557753896868367,7.246689990215371,9.0
artificial_perturbation,preamble_missing,1.0,2_0_42_11_2_16.bin,11,0_42,1_20;1_19;0_42;0_44;0_43,1,1_20,1_20,1_20,0.6373978193662159,0.8764594541272699,0.6373978193662159,0.7669654322855363,0.7931217382704753,0.002356466021881729,1.713884871679198,8.0
artificial_perturbation,preamble_missing,1.0,2_0_42_11_2_16.bin,18,0_42,0_42;0_43;1_19;1_20;1_21,1,0_42,0_42,0_42,0.3503690829328131,0.7923379418967718,0.3503690829328131,0.550475299182632,0.875743644575906,0.00128182221457139,8.813133000902269,8.0
artificial_perturbation,preamble_missing,1.0,2_0_43_11_2_16.bin,10,0_43,0_43;0_42;0_44;1_21;1_20,1,0_43,0_43,0_43,0.9660523590352373,0.9636023272469281,0.9660523590352373,0.9804523833863893,0.8636735908953087,0.0014259901715972668,6.539416987778528,9.0
artificial_perturbation,preamble_missing,1.0,2_0_43_11_2_16.bin,13,0_43,0_43;0_42;0_44;1_19;1_21,1,0_43,0_43,0_43,0.8395507806667862,0.9189962797730621,0.8395507806667862,0.9101160807523564,0.8468865203198542,0.001633331670013034,10.138502241864412,9.0
artificial_perturbation,preamble_missing,1.0,2_0_43_11_2_16.bin,15,0_43,0_43;0_42;0_44;1_21;1_20,1,0_43,0_43,0_43,0.8231392569465947,0.928131627119301,0.8231392569465947,0.8877186315043784,0.7795411269011623,0.0025549048311396248,5.072229104247192,9.0
artificial_perturbation,preamble_missing,1.0,2_0_43_11_2_16.bin,19,0_43,0_43;0_42;0_44;1_20;1_21,1,0_43,0_43,0_43,0.5624309190046664,0.8431737481638397,0.5624309190046664,0.70811135699759,0.8554735652674843,0.0015262542006451883,1.9104926024051183,9.0
artificial_perturbation,preamble_missing,1.0,2_0_44_11_2_16.bin,3,0_44,0_44;0_42;1_19;0_43;1_20,1,0_44,0_44,0_44,0.9092836539936033,0.9517735410702868,0.9092836539936033,0.9456563022674892,0.8578664650884842,0.0014967974791278513,-0.28188294803737945,9.0
artificial_perturbation,preamble_missing,1.0,2_0_44_11_2_16.bin,9,0_44,0_43;0_44;0_42;1_19;1_20,1,0_43,0_43,0_43,0.7797165651477299,0.9121217871354723,0.7797165651477299,0.883086429858994,0.6180114550030992,0.005583930337550678,9.07263939381829,8.0
artificial_perturbation,preamble_missing,1.0,2_0_44_11_2_16.bin,11,0_44,0_44;0_42;1_19;0_43;1_20,1,0_44,0_44,0_44,0.9812907076358003,0.9582020711339029,0.9812907076358003,0.9903821199069308,0.6824096701660715,0.004204441119604627,2.1273546285993974,10.0
artificial_perturbation,preamble_missing,1.0,2_0_44_11_2_16.bin,16,0_44,0_44;0_42;0_43;1_19;1_20,1,0_44,0_44,0_44,0.9387416499805253,0.04923884475823759,0.9387416499805253,0.9614450804184012,0.8250873254174408,0.001915170933453419,6.518427085801014,9.0
artificial_perturbation,preamble_missing,1.0,2_0_45_11_2_16.bin,3,0_45,0_45;0_48;1_17;1_18;0_44,1,0_45,0_45,0_45,0.990493354216618,0.9383231045106631,0.990493354216618,0.9951334260141922,0.7274915132502716,0.0033840617390539264,3.324820862568159,7.0
artificial_perturbation,preamble_missing,1.0,2_0_45_11_2_16.bin,6,0_45,0_45;0_48;1_18;1_17;0_44,1,0_45,0_45,0_45,0.8726833686404554,0.916326433436553,0.8726833686404554,0.9230926511618721,0.7918338580198576,0.002374992281219735,-0.2163246345707025,7.0
artificial_perturbation,preamble_missing,1.0,2_0_45_11_2_16.bin,7,0_45,0_45;0_48;1_17;1_18;0_44,1,0_45,0_45,0_45,0.9962816347142261,0.9676394574424017,0.9962816347142261,0.9980741756628752,0.683420378530825,0.004184862641042133,0.7106417735384922,7.0
artificial_perturbation,preamble_missing,1.0,2_0_45_11_2_16.bin,16,0_45,0_45;0_48;1_17;0_44;1_18,1,0_45,0_45,0_45,0.9993309471398859,0.968811110522327,0.9993309471398859,0.9996301974964278,0.7674201620932719,0.0027379469901240875,1.6111635974793637,7.0
artificial_perturbation,preamble_missing,1.0,2_0_48_11_2_16.bin,2,0_48,0_48;0_45;0_50;0_44;1_17,1,0_48,0_48,0_48,0.9967107910086312,0.9729818774687857,0.9967107910086312,0.9982638546113554,0.5293971771958186,0.008030805052636474,3.04249476354926,7.0
artificial_perturbation,preamble_missing,1.0,2_0_48_11_2_16.bin,5,0_48,0_48;0_45;0_50;0_44;1_17,1,0_48,0_48,0_48,0.9940081307783712,0.9732051346801557,0.9940081307783712,0.9959824470464617,0.5528931243486019,0.007305607510991286,1.934351804853517,7.0
artificial_perturbation,preamble_missing,1.0,2_0_48_11_2_16.bin,7,0_48,0_48;0_45;0_50;0_44;1_17,1,0_48,0_48,0_48,0.9779830604071952,0.9707565406862102,0.9779830604071952,0.988652214701804,0.5672051921357997,0.006893313359137674,1.7359324173969317,7.0
artificial_perturbation,preamble_missing,1.0,2_0_48_11_2_16.bin,13,0_48,0_48;1_16;0_45;1_17;1_18,1,0_48,0_48,0_48,0.9984367774409032,0.9900694073310243,0.9984367774409032,0.9991410155409256,0.4604204522977679,0.010587344617436127,3.0360882673701832,5.0
artificial_perturbation,preamble_missing,1.0,2_0_50_11_2_16.bin,10,0_50,0_50;0_44;0_48;0_43;0_42,1,0_50,0_50,0_50,0.9999999329454905,0.9757713031766315,0.9999999329454905,0.9999999660993613,0.9381571982902479,0.0005955246167705761,-0.5785204111539314,9.0
artificial_perturbation,preamble_missing,1.0,2_0_50_11_2_16.bin,11,0_50,0_50;0_48;0_44;0_45;0_43,1,0_50,0_50,0_50,0.9999945708694628,0.9681066367478242,0.9999945708694628,0.999997282886105,0.9740497620799784,0.00024068353212522,1.5116422224640131,9.0
artificial_perturbation,preamble_missing,1.0,2_0_50_11_2_16.bin,14,0_50,0_50;0_44;0_48;0_43;0_42,1,0_50,0_50,0_50,0.999999560687921,0.9784252262395616,0.999999560687921,0.999999768812534,0.30351008163689625,0.02073136461293052,3.5379475298388847,9.0
artificial_perturbation,preamble_missing,1.0,2_0_50_11_2_16.bin,18,0_50,0_50;0_48;0_44;0_45;0_43,1,0_50,0_50,0_50,0.9999992516135622,0.9808103034646127,0.9999992516135622,0.999999614799824,0.37027636880198284,0.015364207786582752,5.588250022951282,10.0
artificial_perturbation,preamble_missing,1.0,2_1_16_11_2_16.bin,2,1_16,1_16;1_17;1_18;0_48;0_45,1,1_16,1_16,1_16,0.9981527337108715,0.9437852775666863,0.9981527337108715,0.9990127482191724,0.5293478638916477,0.008032394797731258,2.7809619605427356,3.0
artificial_perturbation,preamble_missing,1.0,2_1_16_11_2_16.bin,5,1_16,1_16;1_18;1_17;0_48;0_45,1,1_16,1_16,1_16,0.9904848543961307,0.9233100824541329,0.9904848543961307,0.9949650194188598,0.737607377299106,0.0032137533747066314,-2.252465814224686,3.0
artificial_perturbation,preamble_missing,1.0,2_1_16_11_2_16.bin,14,1_16,1_16;1_17;1_18;0_48;0_45,1,1_16,1_16,1_16,0.9986265350070387,0.9636049813888805,0.9986265350070387,0.9992448105910504,0.39853657990115565,0.013634122976894486,7.376967156584936,3.0
artificial_perturbation,preamble_missing,1.0,2_1_16_11_2_16.bin,18,1_16,1_16;1_17;1_18;0_48;0_45,1,1_16,1_16,1_16,0.9499652323050423,0.9241620114449572,0.9499652323050423,0.9710258682422276,0.575475133938991,0.006664425967528399,1.8117567290493488,4.0
artificial_perturbation,preamble_missing,1.0,2_1_17_11_2_16.bin,1,1_17,1_18;1_17;0_45;1_16;0_48,1,1_18,1_17,1_18,0.6342064533132258,0.05510194195851936,0.6342064533132258,0.8051183548787927,0.4861548940416352,0.009548688796677678,-0.3398465535469843,6.0
artificial_perturbation,preamble_missing,1.0,2_1_17_11_2_16.bin,11,1_17,1_18;1_17;0_45;1_19;1_20,1,1_18,1_18,1_18,0.8963820532436964,0.9402188927901344,0.8963820532436964,0.9420101210063628,0.7745751669353879,0.002629204484769979,1.031269614908342,6.0
artificial_perturbation,preamble_missing,1.0,2_1_17_11_2_16.bin,19,1_17,1_17;1_16;0_45;1_18;0_48,1,1_17,1_17,1_17,0.8801958809091507,0.9513516877552077,0.8801958809091507,0.9250002120620278,0.584179333275182,0.006430519487268046,0.15070407806372965,5.0
artificial_perturbation,preamble_missing,1.0,2_1_17_11_2_16.bin,20,1_17,1_18;1_17;1_16;1_19;1_20,1,1_18,1_18,1_18,0.9363251256205374,0.9567065271616647,0.9363251256205374,0.9605303595091134,0.6777664300273724,0.00429513585859516,0.0884037866493026,5.0
artificial_perturbation,preamble_missing,1.0,2_1_18_11_2_16.bin,9,1_18,1_18;1_17;1_16;0_45;1_20,1,1_18,1_18,1_18,0.9302231435588374,0.9217377208577541,0.9302231435588374,0.9591963816295574,0.5561495676171008,0.00720993285695764,3.1387869006190003,5.0
artificial_perturbation,preamble_missing,1.0,2_1_18_11_2_16.bin,10,1_18,1_18;1_17;1_16;0_45;1_19,1,1_18,1_18,1_18,0.8105258112849623,0.9280353069565579,0.8105258112849623,0.8777483656482328,0.7090864034785163,0.0037063893428865547,7.759373334173567,5.0
artificial_perturbation,preamble_missing,1.0,2_1_18_11_2_16.bin,11,1_18,1_18;1_17;1_16;0_45;1_19,1,1_18,1_18,1_18,0.9214144438532934,0.9405947355869039,0.9214144438532934,0.9490444163186508,0.6286574954037727,0.005336379919535002,4.426070778711371,5.0
artificial_perturbation,preamble_missing,1.0,2_1_18_11_2_16.bin,14,1_18,1_18;1_17;1_16;0_45;1_19,1,1_18,1_18,1_18,0.9806537869155151,0.9661337275641038,0.9806537869155151,0.9900930067900329,0.5330686430555961,0.007913271757184308,6.532338097566562,6.0
artificial_perturbation,preamble_missing,1.0,2_1_19_11_2_16.bin,4,1_19,1_19;0_42;1_20;0_43;0_44,1,1_19,1_19,1_19,0.8188026956179597,0.9122531492205167,0.8188026956179597,0.9018710052893699,0.7762274943824264,0.0026043771727048285,13.970963773827982,8.0
artificial_perturbation,preamble_missing,1.0,2_1_19_11_2_16.bin,11,1_19,1_19;1_20;0_42;0_44;0_43,1,1_19,1_19,1_19,0.011364615378317733,0.48352764385800595,0.011364615378317733,0.4702274705612431,0.7600215685940064,0.002852544774526737,2.653573850847077,9.0
artificial_perturbation,preamble_missing,1.0,2_1_19_11_2_16.bin,14,1_19,1_19;1_20;0_42;0_44;0_43,1,1_19,1_19,1_19,0.04871769639897544,0.5200074683545094,0.04871769639897544,0.4702080598118385,0.8570520531914668,0.0015068044675064479,5.6446392291578125,9.0
artificial_perturbation,preamble_missing,1.0,2_1_19_11_2_16.bin,17,1_19,1_19;1_20;0_42;0_44;1_21,1,1_19,1_19,1_19,0.07040593539704887,0.5403536276969405,0.07040593539704887,0.4973144285578301,0.8905174678945728,0.001110679017399079,1.2520648175538103,8.0
artificial_perturbation,preamble_missing,1.0,2_1_20_11_2_16.bin,0,1_20,1_20;1_19;0_42;1_21;0_43,1,1_20,1_20,1_20,0.8380395351264708,0.9412090902195952,0.8380395351264708,0.8853067420730483,0.591783034120052,0.006231817367602557,4.779703921115489,8.0
artificial_perturbation,preamble_missing,1.0,2_1_20_11_2_16.bin,4,1_20,0_42;1_20;1_21;1_19;0_40,1,0_42,0_42,0_42,0.23050845624059801,0.7184614128681117,0.23050845624059801,0.48171806779725795,0.5180104176455597,0.008405921590765303,-2.175853012588887,7.0
artificial_perturbation,preamble_missing,1.0,2_1_20_11_2_16.bin,19,1_20,1_20;1_19;0_42;0_39;1_21,1,1_20,1_20,1_20,0.9060906308455094,0.9736104590270296,0.9060906308455094,0.9482529185014654,0.9612973551092218,0.00036372158481282567,-0.9827631231549431,9.0
artificial_perturbation,preamble_missing,1.0,2_1_20_11_2_16.bin,20,1_20,1_20;1_19;0_42;1_21;0_43,1,1_20,0_42,1_20,0.15117337248740154,0.125465371648401,0.15117337248740154,0.4559788518818492,0.6416793423275281,0.005044753674085399,9.703678973884863,7.0
artificial_perturbation,preamble_missing,1.0,2_1_21_11_2_16.bin,3,1_21,1_21;1_20;0_40;0_39;0_42,1,1_21,1_21,1_21,0.6390331598337051,0.8735982740724203,0.6390331598337051,0.8005561292651919,0.6436068749441787,0.005002588958046965,1.9535446621188344,9.0
artificial_perturbation,preamble_missing,1.0,2_1_21_11_2_16.bin,5,1_21,1_21;0_40;1_20;0_42;1_22,1,1_21,1_21,1_21,0.9080770504199688,0.9801911547270964,0.9080770504199688,0.9413333380567461,0.5075189048654977,0.008766445086044948,-0.9075731725134111,9.0
artificial_perturbation,preamble_missing,1.0,2_1_21_11_2_16.bin,6,1_21,1_21;1_23;0_42;0_40;1_22,1,1_21,1_21,1_21,0.6012213940647456,0.9303619023895829,0.6012213940647456,0.7195300130306055,0.9592233941649677,0.0003840409081491593,8.068214062115024,10.0
artificial_perturbation,preamble_missing,1.0,2_1_21_11_2_16.bin,7,1_21,1_21;0_40;1_20;1_22;0_42,1,1_21,1_21,1_21,0.9030905027851481,0.9839389529037857,0.9030905027851481,0.9302938189161898,0.6097702165399602,0.005781498028833287,-0.36725883008621585,10.0
artificial_perturbation,preamble_missing,1.0,2_1_22_11_2_16.bin,0,1_22,1_22;0_40;1_21;1_23;1_24,1,1_22,1_22,1_22,0.5319973903656898,0.8219372399238309,0.5319973903656898,0.7575952824362849,0.6960276594008661,0.003945424582568733,8.656619634325233,9.0
artificial_perturbation,preamble_missing,1.0,2_1_22_11_2_16.bin,8,1_22,1_22;0_40;1_21;1_23;0_38,1,1_22,1_22,1_22,0.5094989071404947,0.8216165366249171,0.5094989071404947,0.7418756372478958,0.87283806482534,0.0013161628482754948,8.74665727308918,9.0
artificial_perturbation,preamble_missing,1.0,2_1_22_11_2_16.bin,10,1_22,1_22;0_40;1_21;1_23;0_38,1,1_22,1_22,1_22,0.6974857231232227,0.880754459525687,0.6974857231232227,0.8304312070139066,0.8140819771665758,0.0020631914484780314,6.5956312473437055,9.0
artificial_perturbation,preamble_missing,1.0,2_1_22_11_2_16.bin,13,1_22,1_22;0_40;1_21;1_23;0_38,1,1_22,1_22,1_22,0.7205533997141523,0.9002781454564105,0.7205533997141523,0.8523537654774803,0.6453781911061515,0.00496406354512698,14.214693684350229,9.0
artificial_perturbation,preamble_missing,1.0,2_1_23_11_2_16.bin,0,1_23,0_39;1_23;1_19;1_20;1_18,1,1_23,0_39,1_23,0.7812974161492243,0.02219802559072026,0.7812974161492243,0.8879893506565936,0.5105647285817929,0.008660254037844387,11.318016118885328,9.0
artificial_perturbation,preamble_missing,1.0,2_1_23_11_2_16.bin,3,1_23,1_23;1_24;0_38;0_40;1_22,1,1_23,1_23,1_23,0.7915207408978205,0.9188775431626741,0.7915207408978205,0.891519282341226,0.6346357627145796,0.005201009782841692,12.968084997091314,9.0
artificial_perturbation,preamble_missing,1.0,2_1_23_11_2_16.bin,12,1_23,1_23;0_38;1_24;0_39;1_21,1,1_23,1_23,1_23,0.9062136964488451,0.9617121143384049,0.9062136964488451,0.9404994748574448,0.6660645935496744,0.0045293126220979415,10.003070049128542,8.0
artificial_perturbation,preamble_missing,1.0,2_1_23_11_2_16.bin,20,1_23,1_23;0_38;0_40;1_21;1_24,1,1_23,1_23,1_23,0.7762336283872736,0.8887993042598972,0.7762336283872736,0.8729226810939061,0.3772344686095519,0.014914179858049728,8.712294252525417,9.0
artificial_perturbation,preamble_missing,1.0,2_1_24_11_2_16.bin,0,1_24,1_24;1_23;0_38;1_25;1_22,1,1_24,1_24,1_24,0.9888599272943706,0.9722353675317101,0.9888599272943706,0.9938875003207973,0.6113639968646376,0.005742874800596198,12.497131552314135,8.0
artificial_perturbation,preamble_missing,1.0,2_1_24_11_2_16.bin,2,1_24,1_24;0_38;1_23;1_25;0_40,1,1_24,1_24,1_24,0.9111968240900746,0.9549601323640661,0.9111968240900746,0.9455923226454503,0.6957314420046179,0.003950950808138778,3.1725506306550413,8.0
artificial_perturbation,preamble_missing,1.0,2_1_24_11_2_16.bin,10,1_24,1_24;1_23;0_38;1_25;1_26,1,1_24,1_24,1_24,0.8639020460674892,0.9090930400001913,0.8639020460674892,0.9286799551322359,0.8913405013141291,0.001101311649792575,6.562886332626378,8.0
artificial_perturbation,preamble_missing,1.0,2_1_24_11_2_16.bin,17,1_24,1_23;1_24;1_25;0_38;1_26,1,1_23,1_23,1_23,0.03171677046340399,0.4620166055283207,0.03171677046340399,0.5028359835902602,0.9080375921031351,0.0009149401429903772,5.479496670861862,9.0
artificial_perturbation,preamble_missing,1.0,2_1_25_11_2_16.bin,2,1_25,1_25;1_26;1_24;1_23;0_38,1,1_25,1_25,1_25,0.6890920482332977,0.8928998720355594,0.6890920482332977,0.8067840448875697,0.7719048496595533,0.00266955245610852,11.800312099040305,9.0
artificial_perturbation,preamble_missing,1.0,2_1_25_11_2_16.bin,3,1_25,1_25;1_24;1_26;1_23;0_38,1,1_25,1_25,1_25,0.9094355368675336,0.9492596012330627,0.9094355368675336,0.9436852108588875,0.6000019294459509,0.006022702712856294,14.245735847402832,9.0
artificial_perturbation,preamble_missing,1.0,2_1_25_11_2_16.bin,14,1_25,1_25;1_24;1_26;1_23;0_38,1,1_25,1_25,1_25,0.9564714431409135,0.9421117047869103,0.9564714431409135,0.9782355576444998,0.8377262548150729,0.001749976875230326,5.126927565078488,10.0
artificial_perturbation,preamble_missing,1.0,2_1_25_11_2_16.bin,16,1_25,1_25;1_26;1_24;1_23;0_38,1,1_25,1_25,1_25,0.3901576313733541,0.6551613245976942,0.3901576313733541,0.6927758822411327,0.7736795873144542,0.002642705476511812,3.0095923856207336,9.0
artificial_perturbation,preamble_missing,1.0,2_1_26_11_2_16.bin,3,1_26,1_26;1_25;1_24;0_36;1_27,1,1_26,1_26,1_26,0.4582389646005367,0.8203434791657171,0.4582389646005367,0.6679731737705691,0.6045150859349981,0.005910292238842543,10.752650614646047,8.0
artificial_perturbation,preamble_missing,1.0,2_1_26_11_2_16.bin,12,1_26,1_26;1_25;1_24;0_37;1_23,1,1_26,1_26,1_26,0.8979953688865568,0.9210767370218015,0.8979953688865568,0.9488975641293019,0.9081917248688309,0.0009132516479884447,7.283018969142452,10.0
artificial_perturbation,preamble_missing,1.0,2_1_26_11_2_16.bin,13,1_26,1_26;1_25;1_24;0_37;0_38,1,1_26,1_26,1_26,0.9589050434317213,0.9567306489984232,0.9589050434317213,0.9794250141444782,0.5373244766841799,0.0077790413035372,3.7074853353879966,10.0
artificial_perturbation,preamble_missing,1.0,2_1_26_11_2_16.bin,17,1_26,1_26;1_25;1_24;1_23;0_35,1,1_26,1_26,1_26,0.9073992823712554,0.9548068039443803,0.9073992823712554,0.9534827763364895,0.7357985315737228,0.003243862874200288,10.596215538321493,9.0
artificial_perturbation,preamble_missing,1.0,2_1_27_11_2_16.bin,1,1_27,1_27;0_36;1_26;0_37;0_35,1,1_27,1_27,1_27,0.9585315711748207,0.9530446932234699,0.9585315711748207,0.9792556453384632,0.6479398106287022,0.004908721927251341,4.58267323306734,9.0
artificial_perturbation,preamble_missing,1.0,2_1_27_11_2_16.bin,5,1_27,1_27;0_36;1_26;0_35;0_37,1,1_27,1_27,1_27,0.877187238593728,0.9267381510638726,0.877187238593728,0.9384867312492678,0.5740460161701546,0.006703508340590535,8.858228371581074,9.0
artificial_perturbation,preamble_missing,1.0,2_1_27_11_2_16.bin,10,1_27,1_27;0_36;1_26;0_35;0_37,1,1_27,1_27,1_27,0.5403030993942706,0.8064284958684749,0.5403030993942706,0.769376783240573,0.6652368448576934,0.004546189497217615,14.127902700348788,9.0
artificial_perturbation,preamble_missing,1.0,2_1_27_11_2_16.bin,11,1_27,1_27;0_36;1_26;0_35;0_37,1,1_27,1_27,1_27,0.48265941793702727,0.790611045566591,0.48265941793702727,0.7395928076873303,0.9534884448181349,0.00044068838453198113,6.0517395097292415,9.0
artificial_perturbation,preamble_missing,1.0,2_1_28_11_2_16.bin,5,1_28,1_29;1_28;1_27;1_26;0_35,1,1_29,1_29,1_29,0.7601769493282909,0.8987390246192993,0.7601769493282909,0.8800884527121585,0.5728206194716291,0.006737174806780637,8.728038974712504,8.0
artificial_perturbation,preamble_missing,1.0,2_1_28_11_2_16.bin,10,1_28,0_35;1_28;1_31;1_18;1_26,1,1_28,0_35,1_28,0.6111774773547093,0.05525923629697316,0.6111774773547093,0.7440062924657701,0.65117369741505,0.004839478353515108,14.946411268761928,9.0
artificial_perturbation,preamble_missing,1.0,2_1_28_11_2_16.bin,14,1_28,1_28;1_29;1_27;1_26;0_35,1,1_28,1_28,1_28,0.9960421442090738,0.19569134573959124,0.9960421442090738,0.9979799579780617,0.5346144354684086,0.007864269788269249,3.5027013828970173,8.0
artificial_perturbation,preamble_missing,1.0,2_1_28_11_2_16.bin,18,1_28,1_28;1_29;1_27;1_26;0_35,1,1_28,1_28,1_28,0.999999220111418,0.9761406999428561,0.999999220111418,0.9999995586079912,0.7514666002060401,0.002987866954720195,5.55958081220996,10.0
artificial_perturbation,preamble_missing,1.0,2_1_29_11_2_16.bin,6,1_29,1_29;0_34;1_28;0_35;1_27,1,1_29,1_29,1_29,0.9999996452569183,0.9960968055437727,0.9999996452569183,0.9999997868938876,0.6056516272202572,0.005882248148243024,14.040921145407875,11.0
artificial_perturbation,preamble_missing,1.0,2_1_29_11_2_16.bin,7,1_29,1_29;0_34;1_28;0_35;1_27,1,1_29,1_29,1_29,0.9999923244911363,0.9964066752468405,0.9999923244911363,0.9999960750665399,0.5105647285817929,0.008660254037844387,15.103714444305895,10.0
artificial_perturbation,preamble_missing,1.0,2_1_29_11_2_16.bin,9,1_29,1_29;0_34;1_28;0_35;0_33,1,1_29,1_29,1_29,0.9999931763497399,0.9912579919190653,0.9999931763497399,0.9999957432381009,0.8110339326195479,0.0021048976197015094,5.6317369467383465,10.0
artificial_perturbation,preamble_missing,1.0,2_1_29_11_2_16.bin,15,1_29,1_29;1_28;0_34;0_35;1_27,1,1_29,1_29,1_29,0.9999989643571635,0.9842226895595502,0.9999989643571635,0.9999994820566314,0.8301470986689098,0.0018484346124267412,1.540262148426855,10.0
artificial_perturbation,preamble_missing,1.0,2_1_30_11_2_16.bin,1,1_30,1_30;0_34;0_33;1_31;1_29,1,1_30,1_30,1_30,0.9999732923653509,0.9619671736241558,0.9999732923653509,0.9999866440368644,0.7486647401195391,0.0030328589816845117,7.564316773547242,9.0
artificial_perturbation,preamble_missing,1.0,2_1_30_11_2_16.bin,2,1_30,1_30;0_34;0_33;1_31;1_27,1,1_30,1_30,1_30,0.9999989079474059,0.9722525127569356,0.9999989079474059,0.9999994424018332,0.5415636558846002,0.007647433446715079,8.055836250643992,10.0
artificial_perturbation,preamble_missing,1.0,2_1_30_11_2_16.bin,5,1_30,1_30;0_34;0_33;1_31;1_27,1,1_30,1_30,1_30,0.9999962921238352,0.968371184360868,0.9999962921238352,0.9999979134429692,0.5322161621809423,0.007940417368468759,9.68641397681197,10.0
artificial_perturbation,preamble_missing,1.0,2_1_30_11_2_16.bin,13,1_30,1_30;0_34;1_31;0_33;1_29,1,1_30,1_30,1_30,0.9999999963756607,0.9695102429688884,0.9999999963756607,0.9999999981875878,0.9617336929723629,0.00035945778801788113,2.863709382339855,8.0
artificial_perturbation,preamble_missing,1.0,2_1_31_11_2_16.bin,2,1_31,1_31;1_30;0_34;0_33;1_29,1,1_31,1_31,1_31,1.0,0.9906345685929286,1.0,1.0,0.7418219244554483,0.003144168928051212,2.1178450653666037,10.0
artificial_perturbation,preamble_missing,1.0,2_1_31_11_2_16.bin,3,1_31,1_31;1_30;0_34;0_33;1_29,1,1_31,1_31,1_31,1.0,0.9908567196359124,1.0,1.0,0.6710214605564072,0.004429118859582451,2.96104277901631,8.0
artificial_perturbation,preamble_missing,1.0,2_1_31_11_2_16.bin,6,1_31,1_31;1_30;0_34;0_33;1_29,1,1_31,1_31,1_31,1.0,0.991663635502003,1.0,1.0,0.7811354326021361,0.0025312514949012033,4.444944593690016,8.0
artificial_perturbation,preamble_missing,1.0,2_1_31_11_2_16.bin,7,1_31,1_31;1_30;0_34;0_33;1_29,1,1_31,1_31,1_31,1.0,0.9917799241077215,1.0,1.0,0.7794800770697082,0.0025558124982402483,5.7803693071900994,7.0
artificial_perturbation,preamble_missing,1.0,2_1_32_11_2_16.bin,4,1_32,1_32;0_33;1_29;0_34;0_35,1,1_32,1_32,1_32,1.0,0.9821407341996968,1.0,1.0,1.0,0.0,2.3430187586290647,9.0
artificial_perturbation,preamble_missing,1.0,2_1_32_11_2_16.bin,5,1_32,1_32;0_33;1_29;0_34;0_35,1,1_32,1_32,1_32,1.0,0.9921843633857244,1.0,1.0,0.8924915084136622,0.0010882404201116344,11.869304838404533,8.0
artificial_perturbation,preamble_missing,1.0,2_1_32_11_2_16.bin,9,1_32,1_32;0_33;1_29;0_34;1_28,1,1_32,1_32,1_32,1.0,0.9846114259337129,1.0,1.0,0.8701735511512468,0.0013478559375326958,4.868360811517352,9.0
artificial_perturbation,preamble_missing,1.0,2_1_32_11_2_16.bin,17,1_32,1_32;0_33;1_29;0_34;1_28,1,1_32,1_32,1_32,1.0,0.9734803592258277,1.0,1.0,0.837874286580065,0.0017480715895433006,5.3543149761710005,9.0
artificial_perturbation,preamble_missing,1.0,2_2_15_11_2_16.bin,3,2_15,2_15;0_48;1_16;1_17;1_18,1,2_15,2_15,2_15,0.9999999999017715,0.9748040636878118,0.9999999999017715,0.9999999999508857,0.6007759222447998,0.006003304669250171,2.4592705814900864,2.0
artificial_perturbation,preamble_missing,1.0,2_2_15_11_2_16.bin,10,2_15,2_15;1_16;0_48;1_17;1_18,1,2_15,2_15,2_15,1.0,0.9753664102979368,1.0,1.0,0.5505506081050273,0.0073751308068262175,2.653802433439306,0.0
artificial_perturbation,preamble_missing,1.0,2_2_15_11_2_16.bin,16,2_15,2_15;1_16;1_17;0_48;1_18,1,2_15,2_15,2_15,1.0,0.9750183047250119,1.0,1.0,0.6871801219374695,0.004112538069329476,2.2719457469653985,0.0
artificial_perturbation,preamble_missing,1.0,2_2_15_11_2_16.bin,20,2_15,2_15;0_48;1_16;1_17;1_18,1,2_15,2_15,2_15,0.9999916477373244,0.8827470778133575,0.9999916477373244,0.9999958238630616,0.7016978370661578,0.0038405413153176794,2.638506079373071,3.0
artificial_perturbation,preamble_missing,2.0,2_0_33_11_2_16.bin,0,0_33,0_33;1_30;1_29;0_34;0_35,1,0_33,0_33,0_33,0.9999999996666129,0.974932045647097,0.9999999996666129,0.999999999833306,0.6812011885119778,0.004227926936428512,7.183007436180906,10.0
artificial_perturbation,preamble_missing,2.0,2_0_33_11_2_16.bin,3,0_33,0_33;1_30;1_29;0_34;0_35,1,0_33,0_33,0_33,0.9999999957922255,0.9718042551813257,0.9999999957922255,0.9999999978961118,0.6866684317579361,0.004122334674129918,5.381146774828008,10.0
artificial_perturbation,preamble_missing,2.0,2_0_33_11_2_16.bin,17,0_33,0_33;1_30;1_29;0_34;0_35,1,0_33,0_33,0_33,0.9999999984025262,0.985120324160236,0.9999999984025262,0.9999999992012492,0.30489134508913696,0.0205965166221709,3.8142951902957307,10.0
artificial_perturbation,preamble_missing,2.0,2_0_33_11_2_16.bin,18,0_33,0_33;1_30;0_34;1_29;1_28,1,0_33,0_33,0_33,0.9999987221329215,0.9693166233223973,0.9999987221329215,0.9999993610664585,0.8459818537530923,0.0016447391167504779,10.526055774261469,8.0
artificial_perturbation,preamble_missing,2.0,2_0_34_11_2_16.bin,4,0_34,0_34;1_30;1_29;0_35;1_27,1,0_34,0_34,0_34,0.9999994884347467,0.9761469323081694,0.9999994884347467,0.9999997440665249,0.7445906320032174,0.0030988847979956454,12.503012798338439,10.0
artificial_perturbation,preamble_missing,2.0,2_0_34_11_2_16.bin,8,0_34,1_31;0_34;1_30;0_35;0_37,1,0_34,0_34,0_34,0.827366722770486,0.9296629647110833,0.827366722770486,0.9136833613852401,0.9850380441844833,0.00013722130356258211,1.6158637647520475,9.0
artificial_perturbation,preamble_missing,2.0,2_0_34_11_2_16.bin,16,0_34,0_34;1_30;0_35;1_29;1_27,1,0_34,0_34,0_34,0.9999990789708709,0.9745863887865028,0.9999990789708709,0.999999539447847,0.9357115476654981,0.0006206934445059459,-0.37071226876713226,9.0
artificial_perturbation,preamble_missing,2.0,2_0_34_11_2_16.bin,18,0_34,0_34;1_30;0_35;1_29;0_36,1,0_34,0_34,0_34,0.9999993751986102,0.9731785646658818,0.9999993751986102,0.9999996859350184,0.6287770076111234,0.005333648504509045,2.44032212100167,9.0
artificial_perturbation,preamble_missing,2.0,2_0_35_11_2_16.bin,11,0_35,0_35;1_31;0_42;1_18;0_36,1,0_35,0_35,0_35,0.9827864158006046,0.9796335426863491,0.9827864158006046,0.991381552329743,0.6131151481902721,0.005700669407630612,13.593855585932053,9.0
artificial_perturbation,preamble_missing,2.0,2_0_35_11_2_16.bin,12,0_35,0_35;0_36;1_27;0_34;0_37,1,0_35,0_35,0_35,0.9977982103247423,0.9606657088724238,0.9977982103247423,0.9988990369788824,0.8053318875981325,0.002183765995746448,8.014333756076915,9.0
artificial_perturbation,preamble_missing,2.0,2_0_35_11_2_16.bin,13,0_35,0_35;0_36;1_27;0_34;1_26,1,0_35,0_35,0_35,0.9965432364911866,0.9633796277265616,0.9965432364911866,0.998270195929807,0.8028308512930359,0.0022187127804242255,7.517259583259403,7.0
artificial_perturbation,preamble_missing,2.0,2_0_35_11_2_16.bin,17,0_35,0_35;0_36;0_34;1_27;0_37,1,0_35,0_35,0_35,0.9996905527321015,0.9654477879554235,0.9996905527321015,0.9998368042326569,0.9576338346337918,0.00039967395863520965,2.99258739634812,8.0
artificial_perturbation,preamble_missing,2.0,2_0_36_11_2_16.bin,6,0_36,0_36;1_27;0_37;1_26;0_35,1,0_36,0_36,0_36,0.998496846742563,0.9929422540111301,0.998496846742563,0.9991967582435664,0.4892695642858794,0.009430391345335323,13.6644659801616,9.0
artificial_perturbation,preamble_missing,2.0,2_0_36_11_2_16.bin,11,0_36,0_36;0_37;1_27;0_35;1_26,1,0_36,0_36,0_36,0.9995549819455503,0.9717258058007893,0.9995549819455503,0.9997257742785106,0.9774822195511665,0.00020811476409013653,11.535849297808575,9.0
artificial_perturbation,preamble_missing,2.0,2_0_36_11_2_16.bin,12,0_36,0_36;0_37;0_35;1_27;1_26,1,0_36,0_36,0_36,0.9962317579001521,0.9699118529495554,0.9962317579001521,0.9974020655324191,0.7933388096502294,0.002353349356406945,-1.134298904585274,9.0
artificial_perturbation,preamble_missing,2.0,2_0_36_11_2_16.bin,13,0_36,0_36;0_37;1_27;0_35;1_26,1,0_36,0_36,0_36,0.9851952112931542,0.9720894823722588,0.9851952112931542,0.9921432519161013,0.6615532843546104,0.004621805350902815,7.075364177959502,10.0
artificial_perturbation,preamble_missing,2.0,2_0_37_11_2_16.bin,2,0_37,0_37;0_38;0_36;1_24;1_27,1,0_37,0_37,0_37,0.907917899837456,0.9412955806223992,0.907917899837456,0.9482033285989677,0.8749586573389434,0.0012910773812759117,2.5736814911832226,8.0
artificial_perturbation,preamble_missing,2.0,2_0_37_11_2_16.bin,9,0_37,0_37;0_36;0_38;1_23;1_24,1,0_37,0_37,0_37,0.825748536881989,0.9345806358463307,0.825748536881989,0.9038868260869954,0.6730663572800774,0.004388215096629319,5.05223787720578,10.0
artificial_perturbation,preamble_missing,2.0,2_0_37_11_2_16.bin,11,0_37,0_37;0_38;0_36;1_23;1_22,1,0_37,0_37,0_37,0.9894022042491766,0.9679779712144762,0.9894022042491766,0.9945998762429099,0.810223045864496,0.0021160457687565484,2.132689534853344,11.0
artificial_perturbation,preamble_missing,2.0,2_0_37_11_2_16.bin,16,0_37,0_37;0_38;0_36;1_23;1_24,1,0_37,0_37,0_37,0.8335704426512547,0.9048002587493599,0.8335704426512547,0.916475339110425,0.7040675862986843,0.0037972077842242965,1.6719134458851688,10.0
artificial_perturbation,preamble_missing,2.0,2_0_38_11_2_16.bin,4,0_38,0_38;0_37;1_24;1_23;0_40,1,0_38,0_38,0_38,0.9702767671968302,0.9628907940145938,0.9702767671968302,0.9845404422367452,0.9371686932133889,0.0006056817627375738,5.187563181955305,8.0
artificial_perturbation,preamble_missing,2.0,2_0_38_11_2_16.bin,5,0_38,0_38;1_24;0_37;1_23;0_40,1,0_38,0_38,0_38,0.963928601648745,0.971057381021188,0.963928601648745,0.9738226182667987,0.6516533270723268,0.004829267107505256,7.269075881819303,8.0
artificial_perturbation,preamble_missing,2.0,2_0_38_11_2_16.bin,8,0_38,0_38;1_23;1_24;0_37;0_39,1,0_38,0_38,0_38,0.9887443617581035,0.9757452269835147,0.9887443617581035,0.9924909509620554,0.9811470188925259,0.00017359296483947063,-1.7630510939684605,8.0
artificial_perturbation,preamble_missing,2.0,2_0_38_11_2_16.bin,15,0_38,0_38;1_24;1_23;0_37;0_40,1,0_38,0_38,0_38,0.9246337441078932,0.9708165488434295,0.9246337441078932,0.9513795124206761,0.7249263456660402,0.0034280037679553514,8.512235564344856,8.0
artificial_perturbation,preamble_missing,2.0,2_0_39_11_2_16.bin,1,0_39,0_39;0_38;1_23;1_20;1_21,1,0_39,0_39,0_39,0.9998435533069518,0.9807667452335752,0.9998435533069518,0.999899011336824,0.6787196252982769,0.0042764162141946385,1.008644107709082,9.0
artificial_perturbation,preamble_missing,2.0,2_0_39_11_2_16.bin,12,0_39,0_39;1_23;0_38;1_20;1_21,1,0_39,0_39,0_39,0.9677562640359152,0.9803676214729427,0.9677562640359152,0.9777613033513283,0.7693831206552227,0.0027079124179884063,4.133606921312971,9.0
artificial_perturbation,preamble_missing,2.0,2_0_39_11_2_16.bin,15,0_39,0_39;1_20;0_38;1_21;1_23,1,0_39,0_39,0_39,0.975225143056403,0.9658156910489005,0.975225143056403,0.9852420016154982,1.0,0.0,-0.8385406344915849,8.0
artificial_perturbation,preamble_missing,2.0,2_0_39_11_2_16.bin,20,0_39,0_39;1_20;1_23;0_38;1_21,1,0_39,0_39,0_39,0.9945638459505722,0.9773166643715931,0.9945638459505722,0.9964142666550498,0.592262329107556,0.006219463229730898,5.6936507066966495,8.0
artificial_perturbation,preamble_missing,2.0,2_0_40_11_2_16.bin,9,0_40,0_40;1_21;1_22;0_38;1_23,1,0_40,0_40,0_40,0.3170360822908004,0.7368862558511295,0.3170360822908004,0.6258961647672757,0.7779687569124712,0.0025783276809802176,-0.5709274498257159,8.0
artificial_perturbation,preamble_missing,2.0,2_0_40_11_2_16.bin,10,0_40,0_40;1_21;1_22;1_23;0_38,1,0_40,0_40,0_40,0.6543604082226648,0.8994614813336951,0.6543604082226648,0.7854004664130148,0.6321823226654787,0.005256255006716909,7.690779489305655,8.0
artificial_perturbation,preamble_missing,2.0,2_0_40_11_2_16.bin,15,0_40,0_40;1_21;1_22;0_38;0_42,1,0_40,0_40,0_40,0.863226767219681,0.1253847900629872,0.863226767219681,0.9200350849000685,0.5269530788653143,0.008109955119072766,9.008861754727757,8.0
artificial_perturbation,preamble_missing,2.0,2_0_40_11_2_16.bin,18,0_40,1_21;0_40;1_22;0_38;1_20,1,1_21,1_21,1_21,0.5739518342963323,0.8675220548094214,0.5739518342963323,0.7677365494257283,0.5572207844670434,0.007178704821695119,-1.7003128630477025,8.0
artificial_perturbation,preamble_missing,2.0,2_0_42_11_2_16.bin,1,0_42,0_42;1_20;0_43;1_21;0_44,1,0_42,0_42,0_42,0.22603709340754058,0.7033539371353531,0.22603709340754058,0.5169793888963541,0.83503486826454,0.0017847349343469159,0.618687560177241,8.0
artificial_perturbation,preamble_missing,2.0,2_0_42_11_2_16.bin,7,0_42,1_19;0_42;1_20;0_43;0_44,1,1_19,1_19,1_19,0.0007624387962824608,0.472912639540115,0.0007624387962824608,0.32245503846868373,0.8101772476265487,0.0021166760731168156,6.496689990215371,9.0
artificial_perturbation,preamble_missing,2.0,2_0_42_11_2_16.bin,11,0_42,1_20;1_19;0_42;0_44;1_21,1,1_20,1_20,1_20,0.7658624490709108,0.9176354498489943,0.7658624490709108,0.8527289173959294,0.5251967302038204,0.008167287892526291,0.9638848716791979,8.0
artificial_perturbation,preamble_missing,2.0,2_0_42_11_2_16.bin,18,0_42,0_42;0_43;1_19;1_20;1_21,1,0_42,0_42,0_42,0.26641336813220945,0.7647753297480957,0.26641336813220945,0.4895137049085498,0.875743644575906,0.00128182221457139,8.063133000902269,8.0
artificial_perturbation,preamble_missing,2.0,2_0_43_11_2_16.bin,10,0_43,0_43;0_42;1_21;0_44;1_20,1,0_43,0_43,0_43,0.9702368095890923,0.9651319824008319,0.9702368095890923,0.9823758347248713,0.8453498824040392,0.0016527224824260944,5.789416987778528,9.0
artificial_perturbation,preamble_missing,2.0,2_0_43_11_2_16.bin,13,0_43,0_43;0_42;0_44;1_19;1_21,1,0_43,0_43,0_43,0.8608487625806569,0.924900398025279,0.8608487625806569,0.9228328169729608,0.8536059517507338,0.0015493593700353534,9.388502241864412,9.0
artificial_perturbation,preamble_missing,2.0,2_0_43_11_2_16.bin,15,0_43,0_43;0_42;0_44;1_21;1_20,1,0_43,0_43,0_43,0.8470019825966294,0.9341966147375841,0.8470019825966294,0.904454132014484,0.7164415418933124,0.0035755925458355385,4.322229104247192,9.0
artificial_perturbation,preamble_missing,2.0,2_0_43_11_2_16.bin,19,0_43,0_43;0_42;0_44;1_20;1_21,1,0_43,0_43,0_43,0.6045610119530773,0.8711268626494937,0.6045610119530773,0.7333393455116552,0.8283449914027905,0.0018721101860275805,1.1604926024051183,9.0
artificial_perturbation,preamble_missing,2.0,2_0_44_11_2_16.bin,3,0_44,0_44;0_42;1_19;0_43;1_20,1,0_44,0_44,0_44,0.9085535447462461,0.9383223359607975,0.9085535447462461,0.9433137948267755,0.6240152849895163,0.00544328581924781,-1.0318829480373795,9.0
artificial_perturbation,preamble_missing,2.0,2_0_44_11_2_16.bin,9,0_44,0_43;0_44;0_42;1_19;1_20,1,0_43,0_43,0_43,0.8448338988323121,0.9384941505804634,0.8448338988323121,0.9158709492001816,0.619990393324548,0.005537271173854733,8.32263939381829,8.0
artificial_perturbation,preamble_missing,2.0,2_0_44_11_2_16.bin,11,0_44,0_44;0_42;1_19;0_43;1_20,1,0_44,0_44,0_44,0.9768328740132237,0.9522440693217463,0.9768328740132237,0.9880261665731214,0.597894860671251,0.006075765177820788,1.3773546285993974,10.0
artificial_perturbation,preamble_missing,2.0,2_0_44_11_2_16.bin,16,0_44,0_44;0_42;0_43;1_19;1_20,1,0_44,0_44,0_44,0.9119001862085989,0.03808418888296761,0.9119001862085989,0.9453848519656534,0.8586232944056574,0.001487515047349178,5.768427085801014,9.0
artificial_perturbation,preamble_missing,2.0,2_0_45_11_2_16.bin,3,0_45,0_45;0_48;1_17;1_18;0_44,1,0_45,0_45,0_45,0.9879434194677303,0.9080613248478564,0.9879434194677303,0.9938311170220311,0.7126887566731558,0.0036419911911966677,2.574820862568159,7.0
artificial_perturbation,preamble_missing,2.0,2_0_45_11_2_16.bin,6,0_45,0_45;0_48;1_18;1_17;0_44,1,0_45,0_45,0_45,0.8820369879018373,0.74887446296553,0.8820369879018373,0.9296769093761322,0.7728782720679893,0.0026548119413843676,-0.9663246345707025,7.0
artificial_perturbation,preamble_missing,2.0,2_0_45_11_2_16.bin,7,0_45,0_45;0_48;1_17;1_18;0_44,1,0_45,0_45,0_45,0.9952792793263516,0.9136646890179276,0.9952792793263516,0.9975571932252513,0.6681110537302619,0.004487767076152152,-0.03935822646150777,7.0
artificial_perturbation,preamble_missing,2.0,2_0_45_11_2_16.bin,16,0_45,0_45;0_48;1_17;0_44;1_18,1,0_45,0_45,0_45,0.9991531002951795,0.9615000295527102,0.9991531002951795,0.9995328969699594,0.7696249412879629,0.0027042230010058356,0.8611635974793637,7.0
artificial_perturbation,preamble_missing,2.0,2_0_48_11_2_16.bin,2,0_48,0_48;0_45;0_50;0_44;1_17,1,0_48,0_48,0_48,0.9968439343205047,0.9706546121416513,0.9968439343205047,0.9982986329422718,0.5293971771958186,0.008030805052636474,2.29249476354926,7.0
artificial_perturbation,preamble_missing,2.0,2_0_48_11_2_16.bin,5,0_48,0_48;0_45;0_50;0_44;1_17,1,0_48,0_48,0_48,0.9926728606466673,0.9707417551572682,0.9926728606466673,0.9953227458410483,0.5528931243486019,0.007305607510991286,1.184351804853517,7.0
artificial_perturbation,preamble_missing,2.0,2_0_48_11_2_16.bin,7,0_48,0_48;0_45;0_50;0_44;1_17,1,0_48,0_48,0_48,0.9797896615084879,0.9671835657431873,0.9797896615084879,0.9894492843637803,0.5672051921357997,0.006893313359137674,0.9859324173969317,7.0
artificial_perturbation,preamble_missing,2.0,2_0_48_11_2_16.bin,13,0_48,0_48;1_16;0_45;1_17;1_18,1,0_48,0_48,0_48,0.9983538860596253,0.9882731020261285,0.9983538860596253,0.9991086564466471,0.5718619815093687,0.006763612948894016,2.2860882673701832,5.0
artificial_perturbation,preamble_missing,2.0,2_0_50_11_2_16.bin,10,0_50,0_50;0_44;0_48;0_43;0_42,1,0_50,0_50,0_50,0.9999999499301119,0.9798649179612577,0.9999999499301119,0.9999999747303792,0.5264098850105876,0.008127645820089097,-1.3285204111539315,9.0
artificial_perturbation,preamble_missing,2.0,2_0_50_11_2_16.bin,11,0_50,0_50;0_48;0_44;0_45;0_43,1,0_50,0_50,0_50,0.9999961986094709,0.9724053743877105,0.9999961986094709,0.999998097688927,0.40860390592582496,0.013075614708685526,0.7616422224640131,9.0
artificial_perturbation,preamble_missing,2.0,2_0_50_11_2_16.bin,14,0_50,0_50;0_44;0_48;0_43;0_42,1,0_50,0_50,0_50,0.9999996955307493,0.9742790968927049,0.9999996955307493,0.9999998404350697,0.6798512988904327,0.004254259619163996,2.7879475298388847,9.0
artificial_perturbation,preamble_missing,2.0,2_0_50_11_2_16.bin,18,0_50,0_50;0_48;0_44;0_45;0_43,1,0_50,0_50,0_50,0.9999995133686529,0.9770940524056027,0.9999995133686529,0.9999997510334679,0.5314004579112955,0.007966473439486175,4.838250022951282,10.0
artificial_perturbation,preamble_missing,2.0,2_1_16_11_2_16.bin,2,1_16,1_16;1_17;1_18;0_48;0_45,1,1_16,1_16,1_16,0.9981528784423556,0.9382276034776696,0.9981528784423556,0.9990024924901226,0.5423110801174269,0.007624442579018741,2.0309619605427356,3.0
artificial_perturbation,preamble_missing,2.0,2_1_16_11_2_16.bin,5,1_16,1_16;1_18;1_17;0_48;0_45,1,1_16,1_16,1_16,0.9916519810457524,0.04925167508149597,0.9916519810457524,0.9954803648070922,0.9510113778328259,0.00046536711307192536,-3.002465814224686,3.0
artificial_perturbation,preamble_missing,2.0,2_1_16_11_2_16.bin,14,1_16,1_16;1_17;1_18;0_48;0_45,1,1_16,1_16,1_16,0.9987927306361396,0.9684681134211525,0.9987927306361396,0.9992941541709175,0.38846764630747255,0.014221675383967193,6.626967156584936,3.0
artificial_perturbation,preamble_missing,2.0,2_1_16_11_2_16.bin,18,1_16,1_16;1_17;1_18;0_48;0_45,1,1_16,1_16,1_16,0.9485776164524352,0.902461047972973,0.9485776164524352,0.9699788588221223,0.6098823976907309,0.005778772857820819,1.0617567290493488,4.0
artificial_perturbation,preamble_missing,2.0,2_1_17_11_2_16.bin,1,1_17,1_18;1_17;0_45;1_16;0_48,1,1_18,1_17,1_18,0.6349427978086507,0.07150363517297376,0.6349427978086507,0.8052199621077796,0.5219433026980874,0.008274509414626187,-1.0898465535469843,6.0
artificial_perturbation,preamble_missing,2.0,2_1_17_11_2_16.bin,11,1_17,1_18;1_17;0_45;1_19;1_20,1,1_18,1_18,1_18,0.8942880823876292,0.9400423982453964,0.8942880823876292,0.9409688525435812,0.5489232889565666,0.007423777128609694,0.281269614908342,6.0
artificial_perturbation,preamble_missing,2.0,2_1_17_11_2_16.bin,19,1_17,1_17;1_16;0_45;1_18;0_48,1,1_17,1_17,1_17,0.8864979829484734,0.9578063689399611,0.8864979829484734,0.9265531092643121,0.7477617986278231,0.003047430175438713,-0.5992959219362703,5.0
artificial_perturbation,preamble_missing,2.0,2_1_17_11_2_16.bin,20,1_17,1_18;1_17;1_16;1_19;1_20,1,1_18,1_18,1_18,0.9308624543124338,0.9583868281477289,0.9308624543124338,0.9562801412101049,0.5156284385961571,0.008486487026133126,-0.6615962133506974,5.0
artificial_perturbation,preamble_missing,2.0,2_1_18_11_2_16.bin,9,1_18,1_18;1_17;1_16;0_45;1_20,1,1_18,1_18,1_18,0.9387099634448107,0.8669743243902681,0.9387099634448107,0.9641298256328924,0.5519904135693221,0.007332329087739898,2.3887869006190003,5.0
artificial_perturbation,preamble_missing,2.0,2_1_18_11_2_16.bin,10,1_18,1_18;1_17;1_16;0_45;1_19,1,1_18,1_18,1_18,0.8804925685651652,0.9355495657648684,0.8804925685651652,0.9204301848250509,0.7424814153506588,0.0031333518558413617,7.009373334173567,5.0
artificial_perturbation,preamble_missing,2.0,2_1_18_11_2_16.bin,11,1_18,1_18;1_17;1_16;0_45;1_19,1,1_18,1_18,1_18,0.9356520386045882,0.9403530929397765,0.9356520386045882,0.9586420732881298,0.614132814677587,0.005676252688908924,3.676070778711371,5.0
artificial_perturbation,preamble_missing,2.0,2_1_18_11_2_16.bin,14,1_18,1_18;1_17;1_16;0_45;1_19,1,1_18,1_18,1_18,0.9885344180515077,0.9685122424796108,0.9885344180515077,0.9940819313965817,0.5330686430555961,0.007913271757184308,5.782338097566562,6.0
artificial_perturbation,preamble_missing,2.0,2_1_19_11_2_16.bin,4,1_19,1_19;0_42;1_20;0_43;1_21,1,1_19,1_19,1_19,0.8461509778112823,0.925829850251549,0.8461509778112823,0.9140718919316831,0.8988901192402046,0.0010161859092838025,13.220963773827982,8.0
artificial_perturbation,preamble_missing,2.0,2_1_19_11_2_16.bin,11,1_19,1_20;1_19;0_42;0_44;0_43,1,1_20,1_19,1_20,0.23566690852670125,0.2512821761283216,0.23566690852670125,0.5933377284764894,0.68215374291919,0.004209407903484783,1.903573850847077,9.0
artificial_perturbation,preamble_missing,2.0,2_1_19_11_2_16.bin,14,1_19,1_20;1_19;0_42;0_44;0_43,1,1_20,1_19,1_20,0.14097328994440572,0.29214828655569747,0.14097328994440572,0.5299807988058053,0.8476377265062198,0.001623877795476796,4.8946392291578125,9.0
artificial_perturbation,preamble_missing,2.0,2_1_19_11_2_16.bin,17,1_19,1_20;1_19;0_42;0_44;1_21,1,1_20,1_19,1_19,0.2508061273543727,0.22142041602176188,0.22142041602176188,0.6001308797691256,0.8672033585582343,0.0013834144805427405,0.5020648175538103,8.0
artificial_perturbation,preamble_missing,2.0,2_1_20_11_2_16.bin,0,1_20,1_20;1_19;0_42;1_21;0_43,1,1_20,1_20,1_20,0.8736042944212629,0.9113268185497544,0.8736042944212629,0.9088421405760949,0.6359406639827122,0.005171800379044366,4.029703921115489,8.0
artificial_perturbation,preamble_missing,2.0,2_1_20_11_2_16.bin,4,1_20,1_20;0_42;1_21;1_19;0_40,1,0_42,1_20,0_42,0.024872231715337312,0.42845365822132,0.024872231715337312,0.332368723623857,0.5180104176455597,0.008405921590765303,-2.925853012588887,7.0
artificial_perturbation,preamble_missing,2.0,2_1_20_11_2_16.bin,19,1_20,1_20;1_19;0_42;0_39;1_21,1,1_20,1_20,1_20,0.9423835088743503,0.976958059741268,0.9423835088743503,0.9680717241980958,0.6115147870489928,0.005739231018258753,-1.732763123154943,9.0
artificial_perturbation,preamble_missing,2.0,2_1_20_11_2_16.bin,20,1_20,1_20;1_19;0_42;1_21;0_43,1,1_20,0_42,1_20,0.22799554438225578,0.03065368077476771,0.22799554438225578,0.5051795391907207,0.6353658966595381,0.005184651403504437,8.953678973884863,7.0
artificial_perturbation,preamble_missing,2.0,2_1_21_11_2_16.bin,3,1_21,1_21;1_20;0_40;0_39;1_23,1,1_21,1_21,1_21,0.6562897781329623,0.8773033344565438,0.6562897781329623,0.8124082672941814,0.5228803909499802,0.00824348947232616,1.2035446621188344,9.0
artificial_perturbation,preamble_missing,2.0,2_1_21_11_2_16.bin,5,1_21,1_21;0_40;1_20;0_42;1_22,1,1_21,1_21,1_21,0.9165479263269354,0.9790950950673959,0.9165479263269354,0.9450759614183839,0.38672569657673883,0.014326427766683495,-1.657573172513411,9.0
artificial_perturbation,preamble_missing,2.0,2_1_21_11_2_16.bin,6,1_21,1_21;1_22;1_23;0_40;0_42,1,1_21,1_21,1_21,0.6669681332899343,0.9386343519182303,0.6669681332899343,0.7648637860328363,0.6835388687979344,0.004182571152365843,7.318214062115024,10.0
artificial_perturbation,preamble_missing,2.0,2_1_21_11_2_16.bin,7,1_21,1_21;0_40;1_20;1_22;1_23,1,1_21,1_21,1_21,0.9119383651915204,0.9755091854631913,0.9119383651915204,0.9347951364555092,0.9893917564835929,9.686377043119486e-05,-1.1172588300862158,10.0
artificial_perturbation,preamble_missing,2.0,2_1_22_11_2_16.bin,0,1_22,1_22;0_40;1_21;1_23;1_24,1,1_22,1_22,1_22,0.6224815952251626,0.8607718910198461,0.6224815952251626,0.8010155914480022,0.7499018322760506,0.0030129524116587923,7.906619634325233,9.0
artificial_perturbation,preamble_missing,2.0,2_1_22_11_2_16.bin,8,1_22,1_22;0_40;1_21;1_23;0_38,1,1_22,1_22,1_22,0.5805264494015644,0.8524654940604423,0.5805264494015644,0.7747710121101119,0.9038415035722684,0.000961128733686596,7.9966572730891805,9.0
artificial_perturbation,preamble_missing,2.0,2_1_22_11_2_16.bin,10,1_22,1_22;0_40;1_21;1_23;0_38,1,1_22,1_22,1_22,0.7400451886073176,0.8969439180683333,0.7400451886073176,0.8482568373679944,0.7501706736150974,0.0030086350569643793,5.8456312473437055,9.0
artificial_perturbation,preamble_missing,2.0,2_1_22_11_2_16.bin,13,1_22,1_22;0_40;1_21;1_23;0_38,1,1_22,1_22,1_22,0.7746104179056627,0.9168411022906817,0.7746104179056627,0.8795403494157148,0.5790813091030564,0.006566664686266263,13.464693684350229,9.0
artificial_perturbation,preamble_missing,2.0,2_1_23_11_2_16.bin,0,1_23,0_39;1_23;1_19;1_20;1_18,1,1_23,0_39,1_23,0.7514527427763825,0.03239312009487516,0.7514527427763825,0.8727352683051002,0.5123738232709572,0.008597778538974747,10.568016118885328,9.0
artificial_perturbation,preamble_missing,2.0,2_1_23_11_2_16.bin,3,1_23,1_23;1_24;0_38;0_40;1_22,1,1_23,1_23,1_23,0.8010823717758739,0.9250124274514298,0.8010823717758739,0.8943844671014056,0.6621809199301703,0.0046088618357499,12.218084997091314,9.0
artificial_perturbation,preamble_missing,2.0,2_1_23_11_2_16.bin,12,1_23,1_23;0_38;1_24;0_39;1_21,1,1_23,1_23,1_23,0.9036133242323228,0.9613911514264842,0.9036133242323228,0.936816714926687,0.5950765124579119,0.006147327297782528,9.253070049128542,8.0
artificial_perturbation,preamble_missing,2.0,2_1_23_11_2_16.bin,20,1_23,1_23;0_38;0_40;1_21;1_24,1,1_23,1_23,1_23,0.7863727499489225,0.8996346670813431,0.7863727499489225,0.873219203198572,0.37593237645339184,0.014997128026583798,7.9622942525254174,9.0
artificial_perturbation,preamble_missing,2.0,2_1_24_11_2_16.bin,0,1_24,1_24;0_38;1_23;1_22;0_40,1,1_24,1_24,1_24,0.9832702818553779,0.9755620770525858,0.9832702818553779,0.9905608681158542,0.4529425923736215,0.010911285479854949,11.747131552314135,8.0
artificial_perturbation,preamble_missing,2.0,2_1_24_11_2_16.bin,2,1_24,1_24;0_38;1_23;0_40;1_22,1,1_24,1_24,1_24,0.8174070810339928,0.9479912533082635,0.8174070810339928,0.8799776270174153,0.46271229103715383,0.010490158419976744,2.4225506306550413,8.0
artificial_perturbation,preamble_missing,2.0,2_1_24_11_2_16.bin,10,1_24,1_24;1_23;0_38;1_25;0_40,1,1_24,1_24,1_24,0.7854262579598867,0.8854929396219606,0.7854262579598867,0.8842878686075738,0.8448252486021395,0.001659358981897363,5.812886332626378,8.0
artificial_perturbation,preamble_missing,2.0,2_1_24_11_2_16.bin,17,1_24,1_23;1_24;0_38;1_25;1_26,1,1_23,1_23,1_23,0.26140620187259345,0.6660343174609964,0.26140620187259345,0.6187078446475508,0.9125917852128176,0.0008652903736329189,4.729496670861862,9.0
artificial_perturbation,preamble_missing,2.0,2_1_25_11_2_16.bin,2,1_25,1_25;1_24;1_26;1_23;0_38,1,1_25,1_25,1_25,0.2574050017632683,0.6398814139936541,0.2574050017632683,0.5692001754039194,0.6318885864993493,0.0052628979529958,11.050312099040305,9.0
artificial_perturbation,preamble_missing,2.0,2_1_25_11_2_16.bin,3,1_25,1_25;1_24;1_26;1_23;0_38,1,1_25,1_25,1_25,0.6158019536734698,0.8534567570816578,0.6158019536734698,0.7936226424059982,0.5971185304825288,0.006095409962921933,13.495735847402832,9.0
artificial_perturbation,preamble_missing,2.0,2_1_25_11_2_16.bin,14,1_25,1_25;1_24;1_26;1_23;0_38,1,1_25,1_25,1_25,0.7803273987235787,0.7440021455546006,0.7803273987235787,0.8901618111509778,0.660663735787062,0.004640192336799415,4.376927565078488,10.0
artificial_perturbation,preamble_missing,2.0,2_1_25_11_2_16.bin,16,1_25,1_26;1_25;1_24;1_23;0_38,1,1_25,1_26,1_25,0.24332739237507767,0.22417055586217227,0.24332739237507767,0.6093346261361986,0.7224003897117662,0.0034715790388173263,2.2595923856207336,9.0
artificial_perturbation,preamble_missing,2.0,2_1_26_11_2_16.bin,3,1_26,1_26;1_24;1_25;0_36;0_37,1,1_26,1_26,1_26,0.39659005032481887,0.7513196498581433,0.39659005032481887,0.6319240233639165,0.5487881802705984,0.007427828975642294,10.002650614646047,8.0
artificial_perturbation,preamble_missing,2.0,2_1_26_11_2_16.bin,12,1_26,1_26;1_25;1_24;0_37;1_23,1,1_26,1_26,1_26,0.9176914667918303,0.9301600689113025,0.9176914667918303,0.9584639247148842,0.7237771146143975,0.0034477914443152256,6.533018969142452,10.0
artificial_perturbation,preamble_missing,2.0,2_1_26_11_2_16.bin,13,1_26,1_26;1_25;1_24;0_37;0_38,1,1_26,1_26,1_26,0.972250675133856,0.9675130204242699,0.972250675133856,0.9860383029664558,0.41555305178799873,0.012705881368149697,2.9574853353879966,10.0
artificial_perturbation,preamble_missing,2.0,2_1_26_11_2_16.bin,17,1_26,1_26;1_25;1_24;0_35;1_23,1,1_26,1_26,1_26,0.9229231065085501,0.9596335519800916,0.9229231065085501,0.9607391019937226,0.6239994713315202,0.0054436527119468055,9.846215538321493,9.0
artificial_perturbation,preamble_missing,2.0,2_1_27_11_2_16.bin,1,1_27,1_27;0_36;1_26;0_37;0_35,1,1_27,1_27,1_27,0.7761503680744852,0.6267525233887787,0.7761503680744852,0.8880611380854297,0.7579771771962953,0.002884605118342079,3.8326732330673403,9.0
artificial_perturbation,preamble_missing,2.0,2_1_27_11_2_16.bin,5,1_27,1_27;0_36;1_26;0_35;0_37,1,1_27,1_27,1_27,0.46271743152057926,0.5997679920931753,0.46271743152057926,0.7312767941886509,0.6779416638821906,0.004291690520767364,8.108228371581074,9.0
artificial_perturbation,preamble_missing,2.0,2_1_27_11_2_16.bin,10,1_27,0_36;1_27;1_26;0_35;0_37,1,0_36,0_36,0_36,0.22146665485162376,0.6255408548850098,0.22146665485162376,0.6104283603234235,0.7292728900399784,0.003353728138349117,13.377902700348788,9.0
artificial_perturbation,preamble_missing,2.0,2_1_27_11_2_16.bin,11,1_27,0_36;1_27;1_26;0_35;0_37,1,0_36,0_36,0_36,0.3928254350139209,0.7443672889081228,0.3928254350139209,0.6959385142934593,0.6967421465194503,0.003932114461685372,5.3017395097292415,9.0
artificial_perturbation,preamble_missing,2.0,2_1_28_11_2_16.bin,5,1_28,1_29;1_28;1_27;0_35;1_26,1,1_29,1_29,1_29,0.9235436233491165,0.9482630994931471,0.9235436233491165,0.9617693929883291,0.45002808073699224,0.011040457721270307,7.978038974712504,8.0
artificial_perturbation,preamble_missing,2.0,2_1_28_11_2_16.bin,10,1_28,0_35;1_31;1_28;1_18;1_26,1,0_35,0_35,0_35,0.9562979813008338,0.9724683440230297,0.9562979813008338,0.9707322133506506,0.6596270639855234,0.004661682936142906,14.196411268761928,9.0
artificial_perturbation,preamble_missing,2.0,2_1_28_11_2_16.bin,14,1_28,1_28;1_29;1_27;1_26;0_35,1,1_28,1_28,1_28,0.9497830040402357,0.857197095111657,0.9497830040402357,0.9682451416886333,0.5402012401827787,0.007689505211422336,2.7527013828970173,8.0
artificial_perturbation,preamble_missing,2.0,2_1_28_11_2_16.bin,18,1_28,1_28;1_27;1_29;1_26;0_35,1,1_28,1_28,1_28,0.9998314382601243,0.9767056145678173,0.9998314382601243,0.9999139167848174,0.8591471351929733,0.0014810997723982726,4.80958081220996,10.0
artificial_perturbation,preamble_missing,2.0,2_1_29_11_2_16.bin,6,1_29,1_29;0_34;1_28;0_35;1_27,1,1_29,1_29,1_29,0.9999769418803988,0.9904156393129956,0.9999769418803988,0.999988463519408,0.7403808156823252,0.00316787328167048,13.290921145407875,11.0
artificial_perturbation,preamble_missing,2.0,2_1_29_11_2_16.bin,7,1_29,1_29;0_34;1_28;0_35;1_27,1,1_29,1_29,1_29,0.9994239789768343,0.992560961803867,0.9994239789768343,0.9997119707380862,0.7125201938148542,0.003644990015204824,14.353714444305895,10.0
artificial_perturbation,preamble_missing,2.0,2_1_29_11_2_16.bin,9,1_29,1_29;0_34;1_28;0_35;1_27,1,1_29,1_29,1_29,0.9991853394393835,0.9834180551201495,0.9991853394393835,0.9995925518083046,0.8671787221892148,0.00138371044074353,4.8817369467383465,10.0
artificial_perturbation,preamble_missing,2.0,2_1_29_11_2_16.bin,15,1_29,1_29;0_34;1_28;0_35;1_27,1,1_29,1_29,1_29,0.9999995650061161,0.979482024781486,0.9999995650061161,0.999999735969402,0.6797265339682412,0.004256698724307041,0.790262148426855,10.0
artificial_perturbation,preamble_missing,2.0,2_1_30_11_2_16.bin,1,1_30,1_30;0_34;0_33;1_31;1_29,1,1_30,1_30,1_30,0.999954462230352,0.9651374691943422,0.999954462230352,0.9999772292304961,0.6739439724490658,0.004370736417030505,6.814316773547242,9.0
artificial_perturbation,preamble_missing,2.0,2_1_30_11_2_16.bin,2,1_30,1_30;0_34;0_33;1_31;1_27,1,1_30,1_30,1_30,0.999996781651569,0.9714859995286922,0.999996781651569,0.9999983810770353,0.5527360946178427,0.007310249552805525,7.305836250643992,10.0
artificial_perturbation,preamble_missing,2.0,2_1_30_11_2_16.bin,5,1_30,1_30;0_34;0_33;1_31;1_27,1,1_30,1_30,1_30,0.9999890247927626,0.9671177696442279,0.9999890247927626,0.9999943138864432,0.5705673703899834,0.006799457847268707,8.93641397681197,10.0
artificial_perturbation,preamble_missing,2.0,2_1_30_11_2_16.bin,13,1_30,1_30;0_34;1_31;0_33;1_29,1,1_30,1_30,1_30,0.9999999881153043,0.9698689674271668,0.9999999881153043,0.9999999940573507,0.8610580911499436,0.0014577632114062512,2.113709382339855,8.0
artificial_perturbation,preamble_missing,2.0,2_1_31_11_2_16.bin,2,1_31,1_31;1_30;0_34;0_33;1_29,1,1_31,1_31,1_31,1.0,0.9868255662686333,1.0,1.0,0.7634137964158544,0.0027997263713667084,1.3678450653666037,10.0
artificial_perturbation,preamble_missing,2.0,2_1_31_11_2_16.bin,3,1_31,1_31;1_30;0_34;0_33;1_29,1,1_31,1_31,1_31,1.0,0.9872604981806617,1.0,1.0,0.8130618884770763,0.0020771144337821718,2.21104277901631,8.0
artificial_perturbation,preamble_missing,2.0,2_1_31_11_2_16.bin,6,1_31,1_31;1_30;0_34;0_33;1_29,1,1_31,1_31,1_31,1.0,0.9889279782446233,1.0,1.0,0.7811354326021361,0.0025312514949012033,3.694944593690016,8.0
artificial_perturbation,preamble_missing,2.0,2_1_31_11_2_16.bin,7,1_31,1_31;1_30;0_34;0_33;1_29,1,1_31,1_31,1_31,1.0,0.9866053428600801,1.0,1.0,0.7794800770697082,0.0025558124982402483,5.0303693071900994,7.0
artificial_perturbation,preamble_missing,2.0,2_1_32_11_2_16.bin,4,1_32,1_32;0_33;1_29;0_34;0_35,1,1_32,1_32,1_32,1.0,0.989738497207074,1.0,1.0,0.655076286382104,0.004756826944616015,1.5930187586290647,9.0
artificial_perturbation,preamble_missing,2.0,2_1_32_11_2_16.bin,5,1_32,1_32;0_33;1_29;0_34;0_35,1,1_32,1_32,1_32,1.0,0.994747665485849,1.0,1.0,0.9364092022236057,0.0006135002972537878,11.119304838404533,8.0
artificial_perturbation,preamble_missing,2.0,2_1_32_11_2_16.bin,9,1_32,1_32;0_33;1_29;0_34;1_28,1,1_32,1_32,1_32,1.0,0.9915096962442533,1.0,1.0,0.7726361375936079,0.00265847510814,4.118360811517352,9.0
artificial_perturbation,preamble_missing,2.0,2_1_32_11_2_16.bin,17,1_32,1_32;0_33;1_29;0_34;1_28,1,1_32,1_32,1_32,1.0,0.9734407951112443,1.0,1.0,0.837874286580065,0.0017480715895433006,4.6043149761710005,9.0
artificial_perturbation,preamble_missing,2.0,2_2_15_11_2_16.bin,3,2_15,2_15;0_48;1_16;1_17;1_18,1,2_15,2_15,2_15,0.9999999998084598,0.9697639887879755,0.9999999998084598,0.9999999999042297,0.6901645103336695,0.004055689661172008,1.7092705814900864,2.0
artificial_perturbation,preamble_missing,2.0,2_2_15_11_2_16.bin,10,2_15,2_15;1_16;0_48;1_17;1_18,1,2_15,2_15,2_15,1.0,0.9769795045223673,1.0,1.0,0.5110595837720816,0.008643120700707326,1.903802433439306,0.0
artificial_perturbation,preamble_missing,2.0,2_2_15_11_2_16.bin,16,2_15,2_15;1_16;1_17;0_48;1_18,1,2_15,2_15,2_15,1.0,0.9704421665442066,1.0,1.0,0.7704084263635487,0.002692285408572821,1.5219457469653985,0.0
artificial_perturbation,preamble_missing,2.0,2_2_15_11_2_16.bin,20,2_15,2_15;0_48;1_16;1_17;1_18,1,2_15,2_15,2_15,0.9999856632581329,0.8672953446897054,0.9999856632581329,0.9999928316151409,0.7324003474621428,0.0033008301725224658,1.8885060793730708,3.0
artificial_perturbation,preamble_missing,4.0,2_0_33_11_2_16.bin,0,0_33,0_33;1_30;1_29;0_34;0_35,1,0_33,0_33,0_33,0.9999999994481522,0.9728245932482525,0.9999999994481522,0.9999999997240745,0.7797591320369731,0.002551664768550368,5.683007436180906,10.0
artificial_perturbation,preamble_missing,4.0,2_0_33_11_2_16.bin,3,0_33,0_33;1_30;1_29;0_34;0_35,1,0_33,0_33,0_33,0.9999999935014071,0.9716541406084017,0.9999999935014071,0.9999999967506978,0.6554956001296123,0.004748005014381397,3.881146774828008,10.0
artificial_perturbation,preamble_missing,4.0,2_0_33_11_2_16.bin,17,0_33,0_33;1_30;1_29;0_34;0_35,1,0_33,0_33,0_33,0.999999997929442,0.9839441838241808,0.999999997929442,0.9999999989646853,0.3405572399044939,0.01749335719953823,2.3142951902957307,10.0
artificial_perturbation,preamble_missing,4.0,2_0_33_11_2_16.bin,18,0_33,0_33;1_30;0_34;1_29;1_28,1,0_33,0_33,0_33,0.9999978872963051,0.9671734617018034,0.9999978872963051,0.9999989436481288,0.9322756674769885,0.0006562760585408767,9.026055774261469,8.0
artificial_perturbation,preamble_missing,4.0,2_0_34_11_2_16.bin,4,0_34,0_34;1_30;1_29;0_35;1_27,1,0_34,0_34,0_34,0.9999996323220002,0.9743245984453354,0.9999996323220002,0.9999998161057967,0.821124573913438,0.001968012301296744,11.003012798338439,10.0
artificial_perturbation,preamble_missing,4.0,2_0_34_11_2_16.bin,8,0_34,1_31;0_34;1_30;0_35;0_37,1,0_34,0_34,0_34,0.8680460610877562,0.941382115032566,0.8680460610877562,0.9340230305438769,0.90732238928789,0.000922782560082121,0.11586376475204752,9.0
artificial_perturbation,preamble_missing,4.0,2_0_34_11_2_16.bin,16,0_34,0_34;1_30;0_35;1_29;1_27,1,0_34,0_34,0_34,0.9999984964558919,0.973915253144207,0.9999984964558919,0.9999992482170706,0.8381136028121622,0.0017449928242552135,-1.8707122687671323,9.0
artificial_perturbation,preamble_missing,4.0,2_0_34_11_2_16.bin,18,0_34,0_34;1_30;0_35;1_29;0_36,1,0_34,0_34,0_34,0.9999995657997067,0.9723968890575589,0.9999995657997067,0.9999997822938166,0.7323446611436285,0.0033017681029445414,0.9403221210016701,9.0
artificial_perturbation,preamble_missing,4.0,2_0_35_11_2_16.bin,11,0_35,0_35;1_31;0_42;1_18;0_36,1,0_35,0_35,0_35,0.962624707192795,0.9809953747322547,0.962624707192795,0.9812964156415027,0.531782320614682,0.007954265634006578,12.093855585932053,9.0
artificial_perturbation,preamble_missing,4.0,2_0_35_11_2_16.bin,12,0_35,0_35;0_36;1_27;0_34;0_37,1,0_35,0_35,0_35,0.9945047906493075,0.9511303951637669,0.9945047906493075,0.997252183668042,0.6673476793047304,0.004503234677541602,6.5143337560769154,9.0
artificial_perturbation,preamble_missing,4.0,2_0_35_11_2_16.bin,13,0_35,0_35;0_36;1_27;0_34;1_26,1,0_35,0_35,0_35,0.9933041280212676,0.9634294477840983,0.9933041280212676,0.996650863483912,0.6996092114374236,0.0038789775753521063,6.017259583259403,7.0
artificial_perturbation,preamble_missing,4.0,2_0_35_11_2_16.bin,17,0_35,0_35;0_36;0_34;1_27;0_37,1,0_35,0_35,0_35,0.999325285681255,0.9658197394604829,0.999325285681255,0.9996402512802697,0.865667465364307,0.0014018975947097728,1.49258739634812,8.0
artificial_perturbation,preamble_missing,4.0,2_0_36_11_2_16.bin,6,0_36,0_36;1_27;0_37;1_26;0_35,1,0_36,0_36,0_36,0.9995693290178636,0.9914083759841107,0.9995693290178636,0.9997641970885494,0.4994129188137728,0.009055366700115183,12.1644659801616,9.0
artificial_perturbation,preamble_missing,4.0,2_0_36_11_2_16.bin,11,0_36,0_36;1_27;0_37;0_35;1_26,1,0_36,0_36,0_36,0.9998388943200326,0.9736806084503788,0.9998388943200326,0.9998926418537002,0.8049671783820572,0.002188848524525376,10.035849297808575,9.0
artificial_perturbation,preamble_missing,4.0,2_0_36_11_2_16.bin,12,0_36,0_36;0_37;0_35;1_27;1_26,1,0_36,0_36,0_36,0.996559557388901,0.967114916628438,0.996559557388901,0.9979506642945838,0.7098702912390967,0.0036923203859082175,-2.634298904585274,9.0
artificial_perturbation,preamble_missing,4.0,2_0_36_11_2_16.bin,13,0_36,0_36;0_37;0_35;1_27;1_26,1,0_36,0_36,0_36,0.9902297594056024,0.9711816937429625,0.9902297594056024,0.9948583142414645,0.6762260010174802,0.004325499646280319,5.575364177959502,10.0
artificial_perturbation,preamble_missing,4.0,2_0_37_11_2_16.bin,2,0_37,0_37;0_36;0_38;1_24;1_27,1,0_37,0_37,0_37,0.8707520396199591,0.9344820058905412,0.8707520396199591,0.9219498715525833,0.8205537555663995,0.001975665940993902,1.0736814911832226,8.0
artificial_perturbation,preamble_missing,4.0,2_0_37_11_2_16.bin,9,0_37,0_37;0_36;0_38;1_24;1_23,1,0_37,0_37,0_37,0.542826575250062,0.8324638917206082,0.542826575250062,0.7602662649959244,0.5841967339972896,0.006430058861600192,3.55223787720578,10.0
artificial_perturbation,preamble_missing,4.0,2_0_37_11_2_16.bin,11,0_37,0_37;0_38;0_36;1_23;1_22,1,0_37,0_37,0_37,0.9858268564542401,0.967257309586878,0.9858268564542401,0.9926486145527355,0.6524880430382579,0.004811531922508987,0.6326895348533439,11.0
artificial_perturbation,preamble_missing,4.0,2_0_37_11_2_16.bin,16,0_37,0_37;0_38;0_36;1_23;1_24,1,0_37,0_37,0_37,0.7771102552319682,0.8883986076438495,0.7771102552319682,0.8877340569604019,0.6138019247320323,0.005684182798669374,0.17191344588516877,10.0
artificial_perturbation,preamble_missing,4.0,2_0_38_11_2_16.bin,4,0_38,0_38;0_37;1_24;1_23;0_40,1,0_38,0_38,0_38,0.9779107974473267,0.9704322469438996,0.9779107974473267,0.9876652926856275,0.6002210715558269,0.006017205429402873,3.687563181955305,8.0
artificial_perturbation,preamble_missing,4.0,2_0_38_11_2_16.bin,5,0_38,0_38;1_24;1_23;0_37;0_40,1,0_38,0_38,0_38,0.9563823897961862,0.9765030995175701,0.9563823897961862,0.9685067493173023,0.5966107777235827,0.006108286136581221,5.769075881819303,8.0
artificial_perturbation,preamble_missing,4.0,2_0_38_11_2_16.bin,8,0_38,0_38;1_23;0_39;1_24;1_21,1,0_38,0_38,0_38,0.9858028421621395,0.9750888795070708,0.9858028421621395,0.9895509374368586,0.8989018565648624,0.001016054678292212,-3.2630510939684605,8.0
artificial_perturbation,preamble_missing,4.0,2_0_38_11_2_16.bin,15,0_38,0_38;1_24;1_23;0_37;0_40,1,0_38,0_38,0_38,0.8838566062688212,0.9656108192371813,0.8838566062688212,0.9229533360069896,0.6161253227972271,0.0056286803050348165,7.012235564344856,8.0
artificial_perturbation,preamble_missing,4.0,2_0_39_11_2_16.bin,1,0_39,0_39;1_23;0_38;1_20;1_21,1,0_39,0_39,0_39,0.9997821643864383,0.9908132276244055,0.9997821643864383,0.9998449491986483,0.669803106647774,0.004453608142604163,-0.49135589229091803,9.0
artificial_perturbation,preamble_missing,4.0,2_0_39_11_2_16.bin,12,0_39,0_39;1_23;0_38;1_21;1_20,1,0_39,0_39,0_39,0.9344725254208308,0.9867156544532013,0.9344725254208308,0.9561653592186666,0.7830270029748762,0.0025033128329452125,2.633606921312971,9.0
artificial_perturbation,preamble_missing,4.0,2_0_39_11_2_16.bin,15,0_39,0_39;1_20;1_21;1_23;0_38,1,0_39,0_39,0_39,0.9812715482875752,0.9753310884355322,0.9812715482875752,0.9890139351153735,0.5208802409041112,0.008309834520690562,-2.3385406344915847,8.0
artificial_perturbation,preamble_missing,4.0,2_0_39_11_2_16.bin,20,0_39,0_39;1_20;1_23;0_38;1_21,1,0_39,0_39,0_39,0.9904446851363649,0.983953200943125,0.9904446851363649,0.9934492764173809,0.55812676345766,0.007152387351011723,4.1936507066966495,8.0
artificial_perturbation,preamble_missing,4.0,2_0_40_11_2_16.bin,9,0_40,0_40;1_21;1_22;0_38;1_20,1,1_21,0_40,1_21,0.03729137529963833,0.3916581103369883,0.03729137529963833,0.4871403851290994,0.619744751864579,0.005543046679716088,-2.070927449825716,8.0
artificial_perturbation,preamble_missing,4.0,2_0_40_11_2_16.bin,10,0_40,0_40;1_21;1_22;1_23;0_38,1,0_40,0_40,0_40,0.38611833036759247,0.7839464790344071,0.38611833036759247,0.6343260105234977,0.7414550345100148,0.0031501950442816206,6.190779489305655,8.0
artificial_perturbation,preamble_missing,4.0,2_0_40_11_2_16.bin,15,0_40,0_40;1_21;1_22;0_38;1_23,1,0_40,0_40,0_40,0.7489871103088819,0.17791253146407016,0.7489871103088819,0.8566819399893729,0.6376028223904664,0.005134767134677739,7.508861754727757,8.0
artificial_perturbation,preamble_missing,4.0,2_0_40_11_2_16.bin,18,0_40,1_21;0_40;1_22;1_20;0_38,1,1_21,1_21,1_21,0.6815948690367815,0.9149880969531408,0.6815948690367815,0.8197724728682974,0.9626599401682558,0.00035041951715382577,-3.2003128630477025,8.0
artificial_perturbation,preamble_missing,4.0,2_0_42_11_2_16.bin,1,0_42,1_20;0_42;1_21;0_43;1_19,1,1_20,0_42,1_20,0.21242786790616947,0.21741072372990333,0.21242786790616947,0.4743541327234371,0.6476983635687101,0.004913919500686364,-0.881312439822759,8.0
artificial_perturbation,preamble_missing,4.0,2_0_42_11_2_16.bin,7,0_42,1_20;1_19;0_42;0_43;0_44,1,1_20,1_19,1_20,0.2483659207573134,0.19270936419681917,0.2483659207573134,0.5143907572652031,0.5944895603480376,0.006162316268233666,4.996689990215371,9.0
artificial_perturbation,preamble_missing,4.0,2_0_42_11_2_16.bin,11,0_42,1_20;1_19;0_42;1_21;0_44,1,1_20,1_20,1_20,0.9084333221006203,0.9492470420340839,0.9084333221006203,0.9433769046045429,0.606066337817247,0.0058720413798890305,-0.5361151283208021,8.0
artificial_perturbation,preamble_missing,4.0,2_0_42_11_2_16.bin,18,0_42,0_42;0_43;1_19;1_20;1_21,1,0_42,0_42,0_42,0.08943440402249447,0.655692557887795,0.08943440402249447,0.3416512750287473,0.5913897462082874,0.006241969574841559,6.563133000902269,8.0
artificial_perturbation,preamble_missing,4.0,2_0_43_11_2_16.bin,10,0_43,0_43;0_42;1_21;1_20;0_44,1,0_43,0_43,0_43,0.9722061061508978,0.9672309253395182,0.9722061061508978,0.9807847509223597,0.8453498824040392,0.0016527224824260944,4.289416987778528,9.0
artificial_perturbation,preamble_missing,4.0,2_0_43_11_2_16.bin,13,0_43,0_43;0_42;0_44;1_19;1_21,1,0_43,0_43,0_43,0.8932043851406143,0.9352850024476682,0.8932043851406143,0.9406171099327886,0.7893118790406237,0.0024114462596790632,7.888502241864412,9.0
artificial_perturbation,preamble_missing,4.0,2_0_43_11_2_16.bin,15,0_43,0_43;0_42;1_21;0_44;1_20,1,0_43,0_43,0_43,0.8808704451130001,0.941443553804977,0.8808704451130001,0.9257030418071017,0.8627906437197774,0.001436694657920383,2.8222291042471923,9.0
artificial_perturbation,preamble_missing,4.0,2_0_43_11_2_16.bin,19,0_43,0_43;0_42;0_44;1_20;1_21,1,0_43,0_43,0_43,0.6651882091306304,0.9043580819101544,0.6651882091306304,0.7627800245077438,0.7427796952697276,0.003128465730734126,-0.3395073975948817,9.0
artificial_perturbation,preamble_missing,4.0,2_0_44_11_2_16.bin,3,0_44,0_44;0_42;1_19;1_20;0_43,1,0_44,0_44,0_44,0.9015737731683168,0.9530287588424892,0.9015737731683168,0.9331340612803352,0.6023218390463848,0.005964709658583535,-2.5318829480373797,9.0
artificial_perturbation,preamble_missing,4.0,2_0_44_11_2_16.bin,9,0_44,0_43;0_44;0_42;1_19;1_20,1,0_43,0_43,0_43,0.9224217987816401,0.9623309210080744,0.9224217987816401,0.954941550893549,0.8052440929928251,0.0021849890664525445,6.8226393938182905,8.0
artificial_perturbation,preamble_missing,4.0,2_0_44_11_2_16.bin,11,0_44,0_44;0_42;1_19;0_43;1_20,1,0_44,0_44,0_44,0.9644055370353206,0.9492351800269769,0.9644055370353206,0.9813383802840422,0.6267769726855594,0.005379495836908328,-0.12264537140060261,10.0
artificial_perturbation,preamble_missing,4.0,2_0_44_11_2_16.bin,16,0_44,0_44;0_42;0_43;1_19;1_20,1,0_44,0_44,0_44,0.8198546748786628,0.10397072741038016,0.8198546748786628,0.8908416192403894,0.631030139801878,0.005282347473424173,4.268427085801014,9.0
artificial_perturbation,preamble_missing,4.0,2_0_45_11_2_16.bin,3,0_45,0_45;0_48;1_17;1_18;0_44,1,0_45,0_45,0_45,0.9806177004524695,0.9321854955397259,0.9806177004524695,0.9900862831663284,0.5348150695398018,0.007857930411763085,1.074820862568159,7.0
artificial_perturbation,preamble_missing,4.0,2_0_45_11_2_16.bin,6,0_45,0_45;0_48;1_18;1_17;0_44,1,0_45,0_45,0_45,0.8983864013101883,0.9229715921877193,0.8983864013101883,0.940838750604298,0.674863147432113,0.0043524787675010375,-2.4663246345707024,7.0
artificial_perturbation,preamble_missing,4.0,2_0_45_11_2_16.bin,7,0_45,0_45;0_48;1_17;1_18;0_44,1,0_45,0_45,0_45,0.9923934049240076,0.9667447748030421,0.9923934049240076,0.9960702551331975,0.5591053039065904,0.00712405787781033,-1.5393582264615078,7.0
artificial_perturbation,preamble_missing,4.0,2_0_45_11_2_16.bin,16,0_45,0_45;0_48;1_17;0_44;1_18,1,0_45,0_45,0_45,0.9986423265838414,0.9715054033542778,0.9986423265838414,0.999254039274922,0.5454084254290307,0.007529839454018481,-0.6388364025206363,7.0
artificial_perturbation,preamble_missing,4.0,2_0_48_11_2_16.bin,2,0_48,0_48;0_45;0_50;0_44;1_17,1,0_48,0_48,0_48,0.9969991419576215,0.9698179705453447,0.9969991419576215,0.9982752874248287,0.5293971771958186,0.008030805052636474,0.7924947635492599,7.0
artificial_perturbation,preamble_missing,4.0,2_0_48_11_2_16.bin,5,0_48,0_48;0_45;0_50;0_44;1_17,1,0_48,0_48,0_48,0.9884473802716531,0.9686550254466599,0.9884473802716531,0.9932172173959406,0.5528931243486019,0.007305607510991286,-0.3156481951464829,7.0
artificial_perturbation,preamble_missing,4.0,2_0_48_11_2_16.bin,7,0_48,0_48;0_45;0_50;0_44;1_17,1,0_48,0_48,0_48,0.9825454655351771,0.9671262577464045,0.9825454655351771,0.9904588713312616,0.5672051921357997,0.006893313359137674,-0.5140675826030683,7.0
artificial_perturbation,preamble_missing,4.0,2_0_48_11_2_16.bin,13,0_48,0_48;1_16;0_45;1_17;1_18,1,0_48,0_48,0_48,0.9981593820723537,0.9882127031048711,0.9981593820723537,0.999026339699264,0.5718619815093687,0.006763612948894016,0.7860882673701832,5.0
artificial_perturbation,preamble_missing,4.0,2_0_50_11_2_16.bin,10,0_50,0_50;0_44;0_48;0_43;0_42,1,0_50,0_50,0_50,0.9999999720583603,0.9796483352660676,0.9999999720583603,0.9999999859355206,0.5264098850105876,0.008127645820089097,-2.8285204111539315,9.0
artificial_perturbation,preamble_missing,4.0,2_0_50_11_2_16.bin,11,0_50,0_50;0_48;0_44;0_45;0_43,1,0_50,0_50,0_50,0.9999981362947227,0.9716644655565705,0.9999981362947227,0.9999990674978376,0.516940066113559,0.008442032125868516,-0.7383577775359869,9.0
artificial_perturbation,preamble_missing,4.0,2_0_50_11_2_16.bin,14,0_50,0_50;0_44;0_48;0_43;0_42,1,0_50,0_50,0_50,0.9999998535790655,0.9783914426511238,0.9999998535790655,0.9999999238211015,0.5184991202219553,0.008389483768214407,1.2879475298388847,9.0
artificial_perturbation,preamble_missing,4.0,2_0_50_11_2_16.bin,18,0_50,0_50;0_48;0_44;0_45;0_43,1,0_50,0_50,0_50,0.9999997934571101,0.9753952544515745,0.9999997934571101,0.9999998952308643,0.6659780365868874,0.004531075458179561,3.338250022951282,10.0
artificial_perturbation,preamble_missing,4.0,2_1_16_11_2_16.bin,2,1_16,1_16;1_17;1_18;0_48;0_45,1,1_16,1_16,1_16,0.9981418086455652,0.92367074035562,0.9981418086455652,0.9989709884561084,0.5293478638916477,0.008032394797731258,0.5309619605427356,3.0
artificial_perturbation,preamble_missing,4.0,2_1_16_11_2_16.bin,5,1_16,1_16;1_18;1_17;0_48;0_45,1,1_16,1_16,1_16,0.9933385204453484,0.04446931212870764,0.9933385204453484,0.9961329502824462,0.9510113778328259,0.00046536711307192536,-4.502465814224686,3.0
artificial_perturbation,preamble_missing,4.0,2_1_16_11_2_16.bin,14,1_16,1_16;1_17;1_18;0_48;0_45,1,1_16,1_16,1_16,0.9987586708801678,0.9683248652889523,0.9987586708801678,0.999214430587853,0.3990571341052585,0.013604553144258406,5.126967156584936,3.0
artificial_perturbation,preamble_missing,4.0,2_1_16_11_2_16.bin,18,1_16,1_16;1_17;1_18;0_48;0_45,1,1_16,1_16,1_16,0.9455858869538607,0.8767607906929304,0.9455858869538607,0.9676802072817453,0.6098823976907309,0.005778772857820819,-0.4382432709506512,4.0
artificial_perturbation,preamble_missing,4.0,2_1_17_11_2_16.bin,1,1_17,1_18;1_17;0_45;1_16;0_48,1,1_18,1_17,1_18,0.6363038209806091,0.07428890426151669,0.6363038209806091,0.8052907837429555,0.5219433026980874,0.008274509414626187,-2.5898465535469843,6.0
artificial_perturbation,preamble_missing,4.0,2_1_17_11_2_16.bin,11,1_17,1_18;1_17;0_45;1_20;1_19,1,1_18,1_18,1_18,0.889174800188956,0.9371158707808563,0.889174800188956,0.9379874404869964,0.5930583100513834,0.006198990425115639,-1.218730385091658,6.0
artificial_perturbation,preamble_missing,4.0,2_1_17_11_2_16.bin,19,1_17,1_17;1_16;0_45;1_18;0_48,1,1_17,1_17,1_17,0.8897449066731096,0.9559214011034889,0.8897449066731096,0.9268114721262902,0.7654343324152791,0.0027684882557959508,-2.09929592193627,5.0
artificial_perturbation,preamble_missing,4.0,2_1_17_11_2_16.bin,20,1_17,1_18;1_17;1_16;1_20;1_19,1,1_18,1_18,1_18,0.9177235726830919,0.9540673412233227,0.9177235726830919,0.9456878831989345,0.5548224462396162,0.00724878824004125,-2.1615962133506974,5.0
artificial_perturbation,preamble_missing,4.0,2_1_18_11_2_16.bin,9,1_18,1_18;1_17;1_16;0_45;1_20,1,1_18,1_18,1_18,0.9527942198087632,0.8758200309597619,0.9527942198087632,0.9723261875001273,0.5271922123211786,0.008102178593857418,0.8887869006190003,5.0
artificial_perturbation,preamble_missing,4.0,2_1_18_11_2_16.bin,10,1_18,1_18;1_16;1_17;0_45;1_19,1,1_18,1_18,1_18,0.9472567150544572,0.905193827912938,0.9472567150544572,0.9668860749677336,0.8705452079148296,0.001343423618532285,5.509373334173567,5.0
artificial_perturbation,preamble_missing,4.0,2_1_18_11_2_16.bin,11,1_18,1_18;1_17;1_16;0_45;1_20,1,1_18,1_18,1_18,0.9570076278413066,0.9402991098243692,0.9570076278413066,0.9728384074662486,0.7230978979050056,0.0034595158973828332,2.176070778711371,5.0
artificial_perturbation,preamble_missing,4.0,2_1_18_11_2_16.bin,14,1_18,1_18;1_17;1_16;1_19;0_45,1,1_18,1_18,1_18,0.9958755308923862,0.9704409551647373,0.9958755308923862,0.9977833824213279,0.564002740546356,0.006983750607148483,4.282338097566562,6.0
artificial_perturbation,preamble_missing,4.0,2_1_19_11_2_16.bin,4,1_19,1_19;0_42;1_20;0_43;1_21,1,1_19,1_19,1_19,0.8830279824593685,0.9429669053224494,0.8830279824593685,0.9279014315028019,0.7381202091127904,0.0032052437817247023,11.720963773827982,8.0
artificial_perturbation,preamble_missing,4.0,2_1_19_11_2_16.bin,11,1_19,1_20;1_19;0_42;0_44;1_21,1,1_20,1_19,1_20,0.6420901689408799,0.049920763034106086,0.6420901689408799,0.8113247812347377,0.7007523178084979,0.003857912997483915,0.403573850847077,9.0
artificial_perturbation,preamble_missing,4.0,2_1_19_11_2_16.bin,14,1_19,1_20;1_19;0_42;0_44;0_43,1,1_20,1_19,1_20,0.49712802302936077,0.038955498792356824,0.49712802302936077,0.7286620768569851,0.8289938351845829,0.0018635740019398667,3.3946392291578125,9.0
artificial_perturbation,preamble_missing,4.0,2_1_19_11_2_16.bin,17,1_19,1_20;1_19;0_42;1_21;0_44,1,1_20,1_20,1_20,0.7329188714786199,0.03713995275811366,0.7329188714786199,0.8575468277828093,0.7938036259239263,0.002346681354380515,-0.9979351824461897,8.0
artificial_perturbation,preamble_missing,4.0,2_1_20_11_2_16.bin,0,1_20,1_20;1_19;1_21;0_42;0_43,1,1_20,1_20,1_20,0.8733016279759752,0.951681321459951,0.8733016279759752,0.921215082854901,0.6291382355514201,0.005325399058600918,2.5297039211154893,8.0
artificial_perturbation,preamble_missing,4.0,2_1_20_11_2_16.bin,4,1_20,1_20;1_21;0_42;1_19;0_40,1,1_21,1_20,1_21,0.0436373280004731,0.4178207910567048,0.0436373280004731,0.3943110040369586,0.507495955283327,0.008767250049474866,-4.425853012588886,7.0
artificial_perturbation,preamble_missing,4.0,2_1_20_11_2_16.bin,19,1_20,1_20;1_19;0_39;0_42;1_21,1,1_20,1_20,1_20,0.9774154034613413,0.9799937119704974,0.9774154034613413,0.986741125445379,0.6817193057444866,0.004217847570231366,-3.232763123154943,9.0
artificial_perturbation,preamble_missing,4.0,2_1_20_11_2_16.bin,20,1_20,1_20;1_19;1_21;0_42;0_43,1,1_20,1_20,1_20,0.336152985813979,0.7181315690916213,0.336152985813979,0.5332945503346395,0.576846995492873,0.006627091559927781,7.453678973884863,7.0
artificial_perturbation,preamble_missing,4.0,2_1_21_11_2_16.bin,3,1_21,1_21;1_20;0_40;0_39;1_23,1,1_21,1_21,1_21,0.6867954650181293,0.8864321832632713,0.6867954650181293,0.8317969030344148,0.5228803909499802,0.00824348947232616,-0.2964553378811656,9.0
artificial_perturbation,preamble_missing,4.0,2_1_21_11_2_16.bin,5,1_21,1_21;1_20;0_40;1_22;0_42,1,1_21,1_21,1_21,0.9248742256336807,0.9809232686006419,0.9248742256336807,0.9493451089529426,0.3808511418882823,0.014686759769557047,-3.157573172513411,9.0
artificial_perturbation,preamble_missing,4.0,2_1_21_11_2_16.bin,6,1_21,1_21;1_22;1_23;0_40;0_42,1,1_21,1_21,1_21,0.716625438312881,0.9202160173311728,0.716625438312881,0.8159016168781864,1.0,0.0,5.818214062115024,10.0
artificial_perturbation,preamble_missing,4.0,2_1_21_11_2_16.bin,7,1_21,1_21;1_20;0_40;1_22;0_39,1,1_21,1_21,1_21,0.9192137977860783,0.9804312454516652,0.9192137977860783,0.939584447042046,0.9903190809317097,8.831360628754229e-05,-2.617258830086216,10.0
artificial_perturbation,preamble_missing,4.0,2_1_22_11_2_16.bin,0,1_22,1_22;0_40;1_21;1_23;0_38,1,1_22,1_22,1_22,0.7524871468644253,0.9065503983764225,0.7524871468644253,0.8598536637964476,0.7209169496638093,0.003497312189807967,6.406619634325233,9.0
artificial_perturbation,preamble_missing,4.0,2_1_22_11_2_16.bin,8,1_22,1_22;0_40;1_21;1_23;0_38,1,1_22,1_22,1_22,0.6903738192330041,0.8982883626359585,0.6903738192330041,0.8224820576504366,0.8743302272276836,0.001298498683829594,6.4966572730891805,9.0
artificial_perturbation,preamble_missing,4.0,2_1_22_11_2_16.bin,10,1_22,1_22;0_40;1_21;1_23;0_38,1,1_22,1_22,1_22,0.7977123162457708,0.9241013572094691,0.7977123162457708,0.8680247601949868,0.7284112115971965,0.0033683824260571146,4.3456312473437055,9.0
artificial_perturbation,preamble_missing,4.0,2_1_22_11_2_16.bin,13,1_22,1_22;0_40;1_21;1_23;0_38,1,1_22,1_22,1_22,0.8528467987458123,0.9420673929786588,0.8528467987458123,0.9180394666338334,0.6987627868186006,0.003894619463512527,11.964693684350229,9.0
artificial_perturbation,preamble_missing,4.0,2_1_23_11_2_16.bin,0,1_23,0_39;1_23;1_20;1_19;1_18,1,1_23,0_39,1_23,0.6807727734762687,0.05730801067063962,0.6807727734762687,0.8362362789117562,0.5199489704492917,0.008340898951183043,9.068016118885328,9.0
artificial_perturbation,preamble_missing,4.0,2_1_23_11_2_16.bin,3,1_23,1_23;1_24;0_38;0_40;1_22,1,1_23,1_23,1_23,0.8111059950226337,0.9376765713150766,0.8111059950226337,0.8915556230774024,0.5527238203026422,0.007310612511698348,10.718084997091314,9.0
artificial_perturbation,preamble_missing,4.0,2_1_23_11_2_16.bin,12,1_23,1_23;0_38;1_24;1_21;0_39,1,1_23,1_23,1_23,0.8923614200889262,0.9605979660468765,0.8923614200889262,0.9232937325550183,0.6570192619658106,0.004716043534213796,7.753070049128542,8.0
artificial_perturbation,preamble_missing,4.0,2_1_23_11_2_16.bin,20,1_23,1_23;0_38;1_21;0_40;1_24,1,1_23,1_23,1_23,0.7898714945297058,0.9309569101722166,0.7898714945297058,0.8587269688919944,0.35299505216407984,0.01655865892994659,6.4622942525254174,9.0
artificial_perturbation,preamble_missing,4.0,2_1_24_11_2_16.bin,0,1_24,1_24;0_38;1_23;1_22;0_40,1,1_24,1_24,1_24,0.9574511872756774,0.9708526168935291,0.9574511872756774,0.9726055714231172,0.46522920131411843,0.010384531185649908,10.247131552314135,8.0
artificial_perturbation,preamble_missing,4.0,2_1_24_11_2_16.bin,2,1_24,0_38;1_24;1_23;0_40;0_37,1,0_38,1_24,0_38,0.0034093899511590253,0.4415307617983769,0.0034093899511590253,0.4541854778805103,0.5623963294065291,0.0070295035667489346,0.9225506306550413,8.0
artificial_perturbation,preamble_missing,4.0,2_1_24_11_2_16.bin,10,1_24,1_24;0_38;1_23;0_40;0_37,1,1_24,1_24,1_24,0.47948276550538826,0.7252743386762238,0.47948276550538826,0.6726724775664968,0.5304916273080846,0.007995598622396159,4.312886332626378,8.0
artificial_perturbation,preamble_missing,4.0,2_1_24_11_2_16.bin,17,1_24,1_23;1_24;0_38;0_39;0_37,1,1_23,1_23,1_23,0.571385320490648,0.8494568712651084,0.571385320490648,0.7319834576853115,0.4304482786054305,0.011953590402550491,3.229496670861862,9.0
artificial_perturbation,preamble_missing,4.0,2_1_25_11_2_16.bin,2,1_25,1_24;1_25;1_26;1_23;0_38,1,1_24,1_24,1_24,0.8706461263787498,0.9443436113996928,0.8706461263787498,0.9196169230997386,0.7870326283415496,0.0024445927001503116,9.550312099040305,9.0
artificial_perturbation,preamble_missing,4.0,2_1_25_11_2_16.bin,3,1_25,1_24;1_25;1_26;1_23;0_38,1,1_24,1_24,1_24,0.7773716949966892,0.9092085012596718,0.7773716949966892,0.8804745466673269,0.5975022265960558,0.006085694276255477,11.995735847402832,9.0
artificial_perturbation,preamble_missing,4.0,2_1_25_11_2_16.bin,14,1_25,1_25;1_24;1_23;1_26;0_38,1,1_24,1_24,1_24,0.5822823502325155,0.8015065378000226,0.5822823502325155,0.7906113587553686,0.8384806836471943,0.0017402738029680515,2.8769275650784882,10.0
artificial_perturbation,preamble_missing,4.0,2_1_25_11_2_16.bin,16,1_25,1_26;1_25;1_24;1_23;0_38,1,1_24,1_26,1_24,0.09136858511238138,0.3002386978903393,0.09136858511238138,0.3958151313609569,0.8033254841964325,0.002211784051320039,0.7595923856207336,9.0
artificial_perturbation,preamble_missing,4.0,2_1_26_11_2_16.bin,3,1_26,1_24;1_26;1_25;0_36;0_37,1,1_24,1_24,1_24,0.09966719018311038,0.5989106906962617,0.09966719018311038,0.41095826784709144,0.8452704801335248,0.0016537263742092407,8.502650614646047,8.0
artificial_perturbation,preamble_missing,4.0,2_1_26_11_2_16.bin,12,1_26,1_26;1_25;0_37;1_24;0_38,1,1_26,1_26,1_26,0.9195864425230664,0.9452414335181594,0.9195864425230664,0.9448623973357592,0.7305398346604577,0.0033322444008455797,5.033018969142452,10.0
artificial_perturbation,preamble_missing,4.0,2_1_26_11_2_16.bin,13,1_26,1_26;1_25;0_38;0_37;1_24,1,1_26,1_26,1_26,0.9676333790423316,0.9753593079863381,0.9676333790423316,0.9791063950442156,0.7152794414308128,0.0035960793090724506,1.4574853353879966,10.0
artificial_perturbation,preamble_missing,4.0,2_1_26_11_2_16.bin,17,1_26,1_26;1_25;1_24;0_35;1_23,1,1_26,1_26,1_26,0.9224362453454856,0.9671342425189474,0.9224362453454856,0.9471631592082921,0.6790698494720994,0.004269551421275253,8.346215538321493,9.0
artificial_perturbation,preamble_missing,4.0,2_1_27_11_2_16.bin,1,1_27,0_36;1_27;0_37;1_26;0_35,1,0_36,0_36,0_36,0.6341619709115136,0.8449476934836471,0.6341619709115136,0.8170144161122048,0.7388120445195349,0.0031937826395888992,2.3326732330673403,9.0
artificial_perturbation,preamble_missing,4.0,2_1_27_11_2_16.bin,5,1_27,0_36;1_27;0_37;1_26;0_35,1,0_36,0_36,0_36,0.8413278869013883,0.9104030427935159,0.8413278869013883,0.9206264700561346,0.6881738713828163,0.004093553781544655,6.608228371581074,9.0
artificial_perturbation,preamble_missing,4.0,2_1_27_11_2_16.bin,10,1_27,0_36;1_27;1_26;0_35;0_37,1,0_36,0_36,0_36,0.9551189887631508,0.9559452391044962,0.9551189887631508,0.9775383101221287,0.6820071574542147,0.00421225436873988,11.877902700348788,9.0
artificial_perturbation,preamble_missing,4.0,2_1_27_11_2_16.bin,11,1_27,0_36;1_27;1_26;0_37;0_35,1,0_36,0_36,0_36,0.980228189686718,0.9651997627679997,0.980228189686718,0.9901009048384056,0.9372598063786861,0.0006047446549519783,3.8017395097292415,9.0
artificial_perturbation,preamble_missing,4.0,2_1_28_11_2_16.bin,5,1_28,1_29;0_35;1_27;1_28;0_36,1,1_29,1_29,1_29,0.8839399393503751,0.9540346029769972,0.8839399393503751,0.9315607656233855,0.6737271231201009,0.004375050976251186,6.478038974712504,8.0
artificial_perturbation,preamble_missing,4.0,2_1_28_11_2_16.bin,10,1_28,0_35;1_31;1_18;1_28;2_15,1,0_35,0_35,0_35,0.9983547028866268,0.9777111035836541,0.9983547028866268,0.9991749931096111,0.734616220848629,0.0032636233945119645,12.696411268761928,9.0
artificial_perturbation,preamble_missing,4.0,2_1_28_11_2_16.bin,14,1_28,1_27;0_35;1_28;0_36;1_29,1,1_27,1_27,1_27,0.9227275651321236,0.9293393432695959,0.9227275651321236,0.953972796940864,0.7922534981256122,0.002368949109550342,1.2527013828970173,8.0
artificial_perturbation,preamble_missing,4.0,2_1_28_11_2_16.bin,18,1_28,0_35;1_27;1_28;1_29;1_26,1,1_27,0_35,1_27,0.5892141086319594,0.06571598370916065,0.5892141086319594,0.7403690627244105,0.6637399655477758,0.004576816091048575,3.30958081220996,10.0
artificial_perturbation,preamble_missing,4.0,2_1_29_11_2_16.bin,6,1_29,1_29;0_34;0_35;1_27;1_28,1,1_29,1_29,1_29,0.8583052995907494,0.9438759431312265,0.8583052995907494,0.9291469715753747,0.8556622561962164,0.0015239254218951254,11.790921145407875,11.0
artificial_perturbation,preamble_missing,4.0,2_1_29_11_2_16.bin,7,1_29,1_29;0_34;0_35;1_27;1_28,1,0_34,1_29,1_29,0.2591121663860514,0.2747736342752055,0.2747736342752055,0.6295470779429393,0.9427607024041504,0.0005485029925893332,12.853714444305895,10.0
artificial_perturbation,preamble_missing,4.0,2_1_29_11_2_16.bin,9,1_29,0_34;1_29;0_35;1_28;1_27,1,0_34,1_29,1_29,0.8223881128893342,0.0013003681267784728,0.0013003681267784728,0.9111923924183135,0.893892101223894,0.001072380212164584,3.3817369467383465,10.0
artificial_perturbation,preamble_missing,4.0,2_1_29_11_2_16.bin,15,1_29,1_29;0_34;0_35;1_28;1_30,1,1_29,1_29,1_29,0.8405913871132263,0.9272040889224136,0.8405913871132263,0.9202955032738325,0.851195589682831,0.001579329019400179,-0.709737851573145,10.0
artificial_perturbation,preamble_missing,4.0,2_1_30_11_2_16.bin,1,1_30,1_30;0_34;0_33;1_31;1_29,1,1_30,1_30,1_30,0.9998676039577777,0.961895414704567,0.9998676039577777,0.9999338005250403,0.7668677445389971,0.0027464270705573066,5.314316773547242,9.0
artificial_perturbation,preamble_missing,4.0,2_1_30_11_2_16.bin,2,1_30,1_30;0_34;0_33;1_31;1_27,1,1_30,1_30,1_30,0.9999713380469821,0.9703925700709753,0.9999713380469821,0.9999856621046186,0.550748235937881,0.007369242588239695,5.805836250643992,10.0
artificial_perturbation,preamble_missing,4.0,2_1_30_11_2_16.bin,5,1_30,1_30;0_34;0_33;1_31;1_27,1,1_30,1_30,1_30,0.9998871421516603,0.9618937955261658,0.9998871421516603,0.9999434265188492,0.5847942753691673,0.006414257594311451,7.43641397681197,10.0
artificial_perturbation,preamble_missing,4.0,2_1_30_11_2_16.bin,13,1_30,1_30;0_34;1_31;0_33;1_29,1,1_30,1_30,1_30,0.9999998721914637,0.970329551945135,0.9999998721914637,0.9999999360952664,0.7648200604638141,0.0027779676296965723,0.613709382339855,8.0
artificial_perturbation,preamble_missing,4.0,2_1_31_11_2_16.bin,2,1_31,1_31;1_30;0_34;0_33;1_29,1,1_31,1_31,1_31,1.0,0.9837429309451331,1.0,1.0,0.7699946679612095,0.002698586623035877,-0.13215493463339634,10.0
artificial_perturbation,preamble_missing,4.0,2_1_31_11_2_16.bin,3,1_31,1_31;1_30;0_34;0_33;1_29,1,1_31,1_31,1_31,0.9999999994882935,0.9842080800437311,0.9999999994882935,0.9999999997437876,0.8014902328948142,0.002237534923249384,0.7110427790163101,8.0
artificial_perturbation,preamble_missing,4.0,2_1_31_11_2_16.bin,6,1_31,1_31;1_30;0_34;0_33;1_29,1,1_31,1_31,1_31,0.9999999999899132,0.9828666428463242,0.9999999999899132,0.9999999999949307,0.819374850889939,0.0019915066712951034,2.194944593690016,8.0
artificial_perturbation,preamble_missing,4.0,2_1_31_11_2_16.bin,7,1_31,1_31;1_30;0_33;0_34;1_29,1,1_31,1_31,1_31,0.9999990357993278,0.9691428807345184,0.9999990357993278,0.9999995154148008,0.82381453107422,0.0019320876101584445,3.5303693071900994,7.0
artificial_perturbation,preamble_missing,4.0,2_1_32_11_2_16.bin,4,1_32,1_32;0_33;1_29;0_34;0_35,1,1_32,1_32,1_32,1.0,0.9896870845303888,1.0,1.0,0.724222777671492,0.003440110479328971,0.09301875862906472,9.0
artificial_perturbation,preamble_missing,4.0,2_1_32_11_2_16.bin,5,1_32,1_32;0_33;1_29;0_34;0_35,1,1_32,1_32,1_32,1.0,0.9933854101922112,1.0,1.0,0.7333562903921482,0.003284751337491761,9.619304838404533,8.0
artificial_perturbation,preamble_missing,4.0,2_1_32_11_2_16.bin,9,1_32,1_32;0_33;1_29;0_34;1_28,1,1_32,1_32,1_32,1.0,0.992763398100332,1.0,1.0,0.7072087150308293,0.00374021630129134,2.618360811517352,9.0
artificial_perturbation,preamble_missing,4.0,2_1_32_11_2_16.bin,17,1_32,1_32;0_33;1_29;0_34;1_28,1,1_32,1_32,1_32,1.0,0.9728601897793039,1.0,1.0,0.8996292034993846,0.0010079291432531817,3.1043149761710005,9.0
artificial_perturbation,preamble_missing,4.0,2_2_15_11_2_16.bin,3,2_15,2_15;0_48;1_16;1_17;1_18,1,2_15,2_15,2_15,0.9999999992717108,0.9679144762596777,0.9999999992717108,0.9999999996358551,0.6924345656844959,0.004012776425554919,0.20927058149008637,2.0
artificial_perturbation,preamble_missing,4.0,2_2_15_11_2_16.bin,10,2_15,2_15;1_16;0_48;1_17;1_18,1,2_15,2_15,2_15,1.0,0.9753228556991493,1.0,1.0,0.6168585893404727,0.00561125046618534,0.403802433439306,0.0
artificial_perturbation,preamble_missing,4.0,2_2_15_11_2_16.bin,16,2_15,2_15;1_16;1_17;0_48;1_18,1,2_15,2_15,2_15,1.0,0.9700786787048701,1.0,1.0,0.7755623244699378,0.0026143590688808985,0.021945746965398527,0.0
artificial_perturbation,preamble_missing,4.0,2_2_15_11_2_16.bin,20,2_15,2_15;0_48;1_16;1_17;1_18,1,2_15,2_15,2_15,0.9999577584295315,0.869017185366598,0.9999577584295315,0.9999788791284979,0.7240296530068662,0.0034434378055804016,0.3885060793730708,3.0
artificial_perturbation,amplitude_noise,0.05,2_0_33_11_2_16.bin,0,0_33,0_33;1_30;1_29;0_34;0_35,1,0_33,0_33,0_33,0.9999999996409035,0.9753584509506593,0.9999999996409035,0.999999999820451,0.6978258887136595,0.003911977543763706,8.69333470629378,9.908366144035712
artificial_perturbation,amplitude_noise,0.05,2_0_33_11_2_16.bin,3,0_33,0_33;1_30;1_29;0_34;0_35,1,0_33,0_33,0_33,0.9999999603520964,0.9698293108971331,0.9999999603520964,0.9999999801760362,0.8152541135867546,0.0020472362137253517,6.794435599609911,9.715012549059997
artificial_perturbation,amplitude_noise,0.05,2_0_33_11_2_16.bin,17,0_33,0_33;1_29;1_30;0_34;0_35,1,0_33,0_33,0_33,0.9999999995182621,0.9838266266803035,0.9999999995182621,0.9999999997591298,0.3648149656850919,0.0157294590852755,5.3078869620489915,9.850045748609693
artificial_perturbation,amplitude_noise,0.05,2_0_33_11_2_16.bin,18,0_33,0_33;1_30;0_34;1_29;1_28,1,0_33,0_33,0_33,0.999999882183993,0.9714549772209702,0.999999882183993,0.9999999410919965,0.9020352763495677,0.0009811431421374009,11.856862202956538,7.767726681237197
artificial_perturbation,amplitude_noise,0.05,2_0_34_11_2_16.bin,4,0_34,0_34;1_30;1_29;0_35;0_33,1,0_34,0_34,0_34,0.9999977190598518,0.9727479646219243,0.9999977190598518,0.9999988588747987,0.6815435701429258,0.004221264583863147,14.342452964759934,9.94480776026343
artificial_perturbation,amplitude_noise,0.05,2_0_34_11_2_16.bin,8,0_34,1_31;0_34;1_30;0_35;0_37,1,0_34,0_34,0_34,0.40360761020939623,0.76108723855889,0.40360761020939623,0.7018038051046395,0.9743902363439351,0.0002374427010202581,2.992917442503961,8.722342195505133
artificial_perturbation,amplitude_noise,0.05,2_0_34_11_2_16.bin,16,0_34,0_34;1_30;0_35;1_29;0_36,1,0_34,0_34,0_34,0.9999997261671714,0.9723318180848624,0.9999997261671714,0.9999998629397945,0.8184207840641622,0.0020043597063539565,1.2836874224615515,8.767892841500723
artificial_perturbation,amplitude_noise,0.05,2_0_34_11_2_16.bin,18,0_34,0_34;1_30;0_35;1_29;0_36,1,0_34,0_34,0_34,0.9999995513893972,0.9717961535889112,0.9999995513893972,0.9999997384947685,0.7578109684147116,0.002887219223937963,3.7489459909132004,8.807435465471555
artificial_perturbation,amplitude_noise,0.05,2_0_35_11_2_16.bin,11,0_35,0_35;1_31;0_42;1_18;0_34,1,0_35,0_35,0_35,0.979226687332317,0.9749331395184552,0.979226687332317,0.989606993078675,0.8643994903649127,0.0014172060464653043,14.719206152403062,8.941454602839707
artificial_perturbation,amplitude_noise,0.05,2_0_35_11_2_16.bin,12,0_35,0_35;0_36;1_27;0_37;0_34,1,0_35,0_35,0_35,0.9985473866700977,0.964967302083337,0.9985473866700977,0.9992736390490169,0.8430805411550258,0.0016814885450766,9.420173525448227,9.021668388268758
artificial_perturbation,amplitude_noise,0.05,2_0_35_11_2_16.bin,13,0_35,0_35;0_36;1_27;1_26;0_37,1,0_35,0_35,0_35,0.9879806524779008,0.9640833785292479,0.9879806524779008,0.9939878834759985,0.5421157518828841,0.007630444782266875,9.105625706349455,6.836262038336378
artificial_perturbation,amplitude_noise,0.05,2_0_35_11_2_16.bin,17,0_35,0_35;0_36;0_37;1_27;0_34,1,0_35,0_35,0_35,0.9923506590204089,0.9586110684438282,0.9923506590204089,0.9961744485988059,0.830716727411686,0.0018409723578305828,4.535608491634088,7.817551233382523
artificial_perturbation,amplitude_noise,0.05,2_0_36_11_2_16.bin,6,0_36,0_36;1_27;0_37;0_35;1_26,1,0_36,0_36,0_36,0.9911268930727133,0.9896481583684892,0.9911268930727133,0.9955293150853042,0.45259773518006935,0.010926482902053784,14.976324425750482,8.933881530316407
artificial_perturbation,amplitude_noise,0.05,2_0_36_11_2_16.bin,11,0_36,0_36;1_27;0_37;0_35;1_26,1,0_36,0_36,0_36,0.9990410043552653,0.9754785491785898,0.9990410043552653,0.9994062854215588,0.7996861225688874,0.002262964051687,12.94131824755054,8.874438954349033
artificial_perturbation,amplitude_noise,0.05,2_0_36_11_2_16.bin,12,0_36,0_36;0_37;1_26;1_27;0_35,1,0_36,0_36,0_36,0.9872249693276731,0.9714474628526926,0.9872249693276731,0.9913964189675202,0.7778745903326726,0.0025797334411445066,-0.28014735742220975,8.80615265300446
artificial_perturbation,amplitude_noise,0.05,2_0_36_11_2_16.bin,13,0_36,0_36;0_37;1_26;1_27;0_38,1,0_36,0_36,0_36,0.8127995944361898,0.9285361277758484,0.8127995944361898,0.905841121757185,1.0,0.0,8.06305844414066,9.775929288424733
artificial_perturbation,amplitude_noise,0.05,2_0_37_11_2_16.bin,2,0_37,0_37;0_36;0_38;1_27;1_26,1,0_37,0_37,0_37,0.6906710195685496,0.8655561823259565,0.6906710195685496,0.8446618394918505,0.7470348080382648,0.0030591875635274934,3.946048715810066,7.722930647357429
artificial_perturbation,amplitude_noise,0.05,2_0_37_11_2_16.bin,9,0_37,0_37;0_38;0_36;1_23;1_24,1,0_37,0_37,0_37,0.7738161560951933,0.9059853236203365,0.7738161560951933,0.8838924496428532,0.6538054593566239,0.004783632956014203,6.5657553714024335,9.81385063938471
artificial_perturbation,amplitude_noise,0.05,2_0_37_11_2_16.bin,11,0_37,0_37;0_38;0_36;1_23;1_22,1,0_37,0_37,0_37,0.9883858255325291,0.9684376865424209,0.9883858255325291,0.9941798808625673,0.7811607428472636,0.0025308767672158647,3.7771476781044693,10.876090546752744
artificial_perturbation,amplitude_noise,0.05,2_0_37_11_2_16.bin,16,0_37,0_37;0_38;0_36;1_23;1_24,1,0_37,0_37,0_37,0.9196963560234717,0.9296747496544714,0.9196963560234717,0.9597761865187427,0.6371060550595261,0.0051458149712436535,2.862292397134655,9.795162052182969
artificial_perturbation,amplitude_noise,0.05,2_0_38_11_2_16.bin,4,0_38,0_38;0_37;1_24;1_23;0_40,1,0_38,0_38,0_38,0.9725834955978292,0.9628096903753882,0.9725834955978292,0.9859373829223665,0.9964021649788836,3.262066117512742e-05,6.8069220579631216,7.691147047200382
artificial_perturbation,amplitude_noise,0.05,2_0_38_11_2_16.bin,5,0_38,0_38;0_37;1_24;1_23;0_40,1,0_38,0_38,0_38,0.7516508866343783,0.9005540848110049,0.7516508866343783,0.8747743814564483,0.5004074326396843,0.009019415492930082,8.771511838389273,7.817029563571032
artificial_perturbation,amplitude_noise,0.05,2_0_38_11_2_16.bin,8,0_38,0_38;1_21;1_23;0_40;0_39,1,0_38,0_38,0_38,0.9007354335868972,0.9594567656450111,0.9007354335868972,0.9351247698764843,0.8011309804697643,0.0022425894921904942,-0.7565199076405906,7.757814433502281
artificial_perturbation,amplitude_noise,0.05,2_0_38_11_2_16.bin,15,0_38,0_38;1_23;0_40;1_24;0_37,1,0_38,0_38,0_38,0.9438258510617017,0.9720986562827862,0.9438258510617017,0.9654900166923875,0.7192957190019745,0.0035255569748449383,9.900692097030348,7.8475851273502135
artificial_perturbation,amplitude_noise,0.05,2_0_39_11_2_16.bin,1,0_39,0_39;1_20;0_38;1_23;1_21,1,0_39,0_39,0_39,0.9996937251004041,0.9774118325092592,0.9996937251004041,0.9998323280607027,0.6708904711220347,0.004431747519544499,2.347930917113186,8.774479020624943
artificial_perturbation,amplitude_noise,0.05,2_0_39_11_2_16.bin,12,0_39,0_39;0_38;1_23;1_20;1_21,1,0_39,0_39,0_39,0.9887523436957097,0.9770670302962743,0.9887523436957097,0.9918791731641797,0.7858795470685457,0.002461434843994136,4.957460072090829,8.813035890097082
artificial_perturbation,amplitude_noise,0.05,2_0_39_11_2_16.bin,15,0_39,0_39;1_20;1_21;0_38;1_23,1,0_39,0_39,0_39,0.760908280516881,0.9045274054832766,0.760908280516881,0.8717596529953551,1.0,0.0,1.2398332366637526,7.651750757411853
artificial_perturbation,amplitude_noise,0.05,2_0_39_11_2_16.bin,20,0_39,0_39;1_20;1_23;0_38;1_19,1,0_39,0_39,0_39,0.9574520819666729,0.9555307035951527,0.9574520819666729,0.9784046464635985,0.5825205168588202,0.006474557436528731,6.9877755052367005,7.871208878159416
artificial_perturbation,amplitude_noise,0.05,2_0_40_11_2_16.bin,9,0_40,0_40;1_21;1_22;0_38;1_23,1,0_40,0_40,0_40,0.6423343893050739,0.8862769457024278,0.6423343893050739,0.8026609116272557,0.7300548511650959,0.0033404595176559234,0.48592474103810923,7.728369039630475
artificial_perturbation,amplitude_noise,0.05,2_0_40_11_2_16.bin,10,0_40,0_40;1_21;1_22;1_23;0_38,1,0_40,0_40,0_40,0.8480467099593636,0.906728636967408,0.8480467099593636,0.901578253034873,0.8550783791835845,0.0015311348240748953,9.042567644419716,7.895644084717275
artificial_perturbation,amplitude_noise,0.05,2_0_40_11_2_16.bin,15,0_40,0_40;1_22;1_21;0_38;1_23,1,0_40,0_40,0_40,0.9387535103255688,0.08583664837496863,0.9387535103255688,0.9602565216442291,0.6052134149656913,0.005893048533841767,10.230210531383799,8.003490289603398
artificial_perturbation,amplitude_noise,0.05,2_0_40_11_2_16.bin,18,0_40,1_21;0_40;1_22;0_38;1_20,1,1_21,1_21,1_21,0.4851900574372059,0.8313872939767334,0.4851900574372059,0.7320751541677768,1.0,0.0,-0.34518828245506394,7.653724490074353
artificial_perturbation,amplitude_noise,0.05,2_0_42_11_2_16.bin,1,0_42,0_42;0_44;0_43;1_20;1_19,1,0_42,0_42,0_42,0.25126404614484404,0.7443004793226962,0.25126404614484404,0.5417017608397473,0.944372189544927,0.0005321510873854612,1.9724166534197725,7.757443815546295
artificial_perturbation,amplitude_noise,0.05,2_0_42_11_2_16.bin,7,0_42,1_19;0_42;1_20;0_43;0_44,1,1_19,0_42,0_42,0.06435717539789226,0.3109855784749329,0.3109855784749329,0.3911809089552179,0.9550442627092224,0.0004252534069135005,8.22319680077488,8.927399394158932
artificial_perturbation,amplitude_noise,0.05,2_0_42_11_2_16.bin,11,0_42,1_19;1_20;0_42;0_44;0_43,1,1_20,0_42,1_20,0.16203638551756272,0.1186889772806311,0.16203638551756272,0.4955461378806305,0.752951839936086,0.00296415289804381,2.3041094845863466,7.838568079469147
artificial_perturbation,amplitude_noise,0.05,2_0_42_11_2_16.bin,18,0_42,0_42;0_43;1_19;1_20;1_21,1,0_42,0_42,0_42,0.3438617902352185,0.7877290858005375,0.3438617902352185,0.5478859924783036,0.9248938644775236,0.0007336175210360786,9.607684761724812,7.717141461888123
artificial_perturbation,amplitude_noise,0.05,2_0_43_11_2_16.bin,10,0_43,0_43;0_42;0_44;1_21;1_20,1,0_43,0_43,0_43,0.9459386995669097,0.9630982130802108,0.9459386995669097,0.9637797115979537,0.7998294890575416,0.0022609390897983775,6.921664643680567,8.974380559202423
artificial_perturbation,amplitude_noise,0.05,2_0_43_11_2_16.bin,13,0_43,0_43;0_42;0_44;1_19;1_20,1,0_43,0_43,0_43,0.8907252019618579,0.9449854872757326,0.8907252019618579,0.9304882261087996,0.8937758795672288,0.0010736944062517215,10.83508914409911,8.778428399303447
artificial_perturbation,amplitude_noise,0.05,2_0_43_11_2_16.bin,15,0_43,0_43;0_42;0_44;1_21;1_20,1,0_43,0_43,0_43,0.8475828924801634,0.9313679273101743,0.8475828924801634,0.903470360503821,0.8324331999630201,0.0018185479650714197,5.292893037745247,8.803248353365953
artificial_perturbation,amplitude_noise,0.05,2_0_43_11_2_16.bin,19,0_43,0_43;0_42;0_44;1_20;1_21,1,0_43,0_43,0_43,0.4285004052757132,0.777688705694848,0.4285004052757132,0.6558957431494519,0.5744008444661104,0.006693786630957296,2.700124755181992,8.955550002912192
artificial_perturbation,amplitude_noise,0.05,2_0_44_11_2_16.bin,3,0_44,0_44;0_42;1_19;0_43;1_20,1,0_44,0_44,0_44,0.9689458976738249,0.9640204430865498,0.9689458976738249,0.9807874421294418,0.8140451402208898,0.0020636936212515204,0.08178461041237836,8.885118936857868
artificial_perturbation,amplitude_noise,0.05,2_0_44_11_2_16.bin,9,0_44,0_43;0_44;0_42;1_19;1_20,1,0_43,0_43,0_43,0.8249672504467146,0.9190012300886504,0.8249672504467146,0.9091071110365017,0.6739188323284193,0.004371236477067092,10.028278159114365,7.620258511827831
artificial_perturbation,amplitude_noise,0.05,2_0_44_11_2_16.bin,11,0_44,0_44;0_42;1_19;0_43;0_45,1,0_44,0_44,0_44,0.9964495519595618,0.9696307358726235,0.9964495519595618,0.9981036813409357,0.8426468614981024,0.0016870034820620874,3.05872504803584,9.709170812476678
artificial_perturbation,amplitude_noise,0.05,2_0_44_11_2_16.bin,16,0_44,0_44;0_42;0_43;1_19;1_20,1,0_44,0_44,0_44,0.9282417062101078,0.9259972180025311,0.9282417062101078,0.9536917160890138,0.8802639486492377,0.0012288480743039556,7.424050578057262,8.636532234038455
artificial_perturbation,amplitude_noise,0.05,2_0_45_11_2_16.bin,3,0_45,0_45;0_48;1_17;1_18;0_44,1,0_45,0_45,0_45,0.9963306394041064,0.9647296818036021,0.9963306394041064,0.9978907453715358,0.6630592961701204,0.004590788524601331,4.049153574636281,6.884261010869978
artificial_perturbation,amplitude_noise,0.05,2_0_45_11_2_16.bin,6,0_45,0_45;1_18;1_17;0_48;0_44,1,0_45,0_45,0_45,0.8052602628701168,0.9285330814163008,0.8052602628701168,0.8784590919929198,0.8614300127730556,0.0014532333474978406,0.500295752897968,6.854009735407976
artificial_perturbation,amplitude_noise,0.05,2_0_45_11_2_16.bin,7,0_45,0_45;1_17;0_48;1_18;0_44,1,0_45,0_45,0_45,0.9977486622249787,0.9678150708017957,0.9977486622249787,0.9986166087970513,0.8655220634388296,0.0014036507770843552,0.9342468404217655,6.688881472309486
artificial_perturbation,amplitude_noise,0.05,2_0_45_11_2_16.bin,16,0_45,0_45;0_48;1_17;0_44;1_18,1,0_45,0_45,0_45,0.9994928160960864,0.9670250381756518,0.9994928160960864,0.99968346219629,0.8840031361615467,0.001185437383168865,2.1888163653406174,6.8211382750878595
artificial_perturbation,amplitude_noise,0.05,2_0_48_11_2_16.bin,2,0_48,0_48;0_45;0_50;0_44;1_17,1,0_48,0_48,0_48,0.9986831708626535,0.9683405784034433,0.9986831708626535,0.9992852441506704,0.6389895731767148,0.005104017455047535,3.6879705569043195,6.850262867748025
artificial_perturbation,amplitude_noise,0.05,2_0_48_11_2_16.bin,5,0_48,0_48;0_45;0_50;0_44;1_17,1,0_48,0_48,0_48,0.9916140640421853,0.9694535702445992,0.9916140640421853,0.995491067176778,0.6836958428326716,0.00417953664746258,2.9519516613357935,6.774359379713755
artificial_perturbation,amplitude_noise,0.05,2_0_48_11_2_16.bin,7,0_48,0_48;0_45;0_50;0_44;1_17,1,0_48,0_48,0_48,0.998280335788307,0.9635117199276125,0.998280335788307,0.9988581395123796,0.7440712330032854,0.0031073542479051063,2.4217754215568217,6.823187195832958
artificial_perturbation,amplitude_noise,0.05,2_0_48_11_2_16.bin,13,0_48,0_48;1_16;0_45;1_17;1_18,1,0_48,0_48,0_48,0.9962437813799608,0.9864414572642367,0.9962437813799608,0.9979604082026836,0.5849420781080799,0.006410354107802994,3.4337507272910557,4.880564285159822
artificial_perturbation,amplitude_noise,0.05,2_0_50_11_2_16.bin,10,0_50,0_50;0_44;0_48;0_43;0_45,1,0_50,0_50,0_50,0.9999997344839331,0.9738202201947082,0.9999997344839331,0.9999998622472251,0.9689224809130708,0.0002897633715906587,0.2155823650318663,8.787065844190485
artificial_perturbation,amplitude_noise,0.05,2_0_50_11_2_16.bin,11,0_50,0_50;0_48;0_44;0_45;0_43,1,0_50,0_50,0_50,0.9999904262294519,0.9638009601795966,0.9999904262294519,0.9999952108279127,0.962559473147758,0.0003513990279510553,2.2453023135260888,8.904467205105636
artificial_perturbation,amplitude_noise,0.05,2_0_50_11_2_16.bin,14,0_50,0_50;0_44;0_48;0_43;0_45,1,0_50,0_50,0_50,0.9999984397596516,0.9689214694831595,0.9999984397596516,0.9999992059323143,0.9340731987295096,0.0006376278392927203,4.2595686646948145,8.753812002371985
artificial_perturbation,amplitude_noise,0.05,2_0_50_11_2_16.bin,18,0_50,0_50;0_48;0_44;0_45;0_43,1,0_50,0_50,0_50,0.9999794349259366,0.9753169859903423,0.9999794349259366,0.9999877297488173,0.6978235215020271,0.003912021460552992,6.4404021278006995,9.710915369397744
artificial_perturbation,amplitude_noise,0.05,2_1_16_11_2_16.bin,2,1_16,1_16;1_17;1_18;0_48;0_45,1,1_16,1_16,1_16,0.9943772988698892,0.9542412275303997,0.9943772988698892,0.9968114715307085,0.6001260087275545,0.0060195896323543465,3.734961055008273,2.917069572161317
artificial_perturbation,amplitude_noise,0.05,2_1_16_11_2_16.bin,5,1_16,1_16;1_18;1_17;0_48;0_45,1,1_16,1_16,1_16,0.9965119372436988,0.06799682039772903,0.9965119372436988,0.9982026189387592,0.9234819121157194,0.0007485518574189631,-1.1130136628218144,2.6301428287499076
artificial_perturbation,amplitude_noise,0.05,2_1_16_11_2_16.bin,14,1_16,1_16;1_17;1_18;0_48;0_45,1,1_16,1_16,1_16,0.998741433828745,0.9684814582919001,0.998741433828745,0.9993349868289438,0.498345192766999,0.009094124219108138,8.004179933024991,2.778910735801582
artificial_perturbation,amplitude_noise,0.05,2_1_16_11_2_16.bin,18,1_16,1_16;1_17;1_18;0_48;0_45,1,1_16,1_16,1_16,0.9720812256047311,0.9478150827273009,0.9720812256047311,0.9845080970871922,0.6075400470725069,0.005835883503610497,2.2034945206587215,3.815498826019761
artificial_perturbation,amplitude_noise,0.05,2_1_17_11_2_16.bin,1,1_17,1_18;1_17;0_45;1_16;0_48,1,1_18,1_17,1_18,0.47777353375599174,0.1551917744671748,0.47777353375599174,0.7211559541314506,0.645214959311252,0.00496760492259459,0.21858188597041536,5.643402571752577
artificial_perturbation,amplitude_noise,0.05,2_1_17_11_2_16.bin,11,1_17,1_18;1_17;0_45;1_16;0_48,1,1_18,1_18,1_18,0.835637240112106,0.942462415519645,0.835637240112106,0.8934079371291834,0.5048269116471973,0.008861366765967221,1.8309540838510665,5.846317346939071
artificial_perturbation,amplitude_noise,0.05,2_1_17_11_2_16.bin,19,1_17,1_17;1_16;0_45;0_48;1_18,1,1_17,1_17,1_17,0.7317661235355919,0.912486260736244,0.7317661235355919,0.82123666905047,0.7110673096049468,0.0036708965478478277,0.8359758903769327,4.824260449485033
artificial_perturbation,amplitude_noise,0.05,2_1_17_11_2_16.bin,20,1_17,1_18;1_16;1_17;1_19;1_20,1,1_18,1_18,1_18,0.7212612004135691,0.8875513248868103,0.7212612004135691,0.8564947713834846,0.8343564789174229,0.0017935314148256067,0.9709314073970409,4.518192633784236
artificial_perturbation,amplitude_noise,0.05,2_1_18_11_2_16.bin,9,1_18,1_18;1_17;1_16;1_20;1_19,1,1_18,1_18,1_18,0.9658810976705028,0.9329806976412917,0.9658810976705028,0.9814975746638236,0.6519257548713999,0.00482347384986235,3.913620066101521,4.826363102573211
artificial_perturbation,amplitude_noise,0.05,2_1_18_11_2_16.bin,10,1_18,1_18;1_17;1_16;0_45;1_19,1,1_18,1_18,1_18,0.8369512963425227,0.9347780280800394,0.8369512963425227,0.8932899090874992,0.9065801537387204,0.0009309344835281106,8.581575536208579,4.58948743651123
artificial_perturbation,amplitude_noise,0.05,2_1_18_11_2_16.bin,11,1_18,1_18;1_16;1_17;0_45;0_48,1,1_18,1_18,1_18,0.658098000548384,0.8844139670413536,0.658098000548384,0.78841528445838,0.7313159476521827,0.0033191205228543606,5.108160064262836,4.7017957952517095
artificial_perturbation,amplitude_noise,0.05,2_1_18_11_2_16.bin,14,1_18,1_18;1_17;1_16;0_45;1_19,1,1_18,1_18,1_18,0.9579856113471528,0.9574023939416774,0.9579856113471528,0.9784906588409303,0.637025506699332,0.0051476079466222895,7.197649907514362,5.7149190013980204
artificial_perturbation,amplitude_noise,0.05,2_1_19_11_2_16.bin,4,1_19,1_19;0_42;1_20;0_43;0_44,1,1_19,1_19,1_19,0.8931702578929079,0.9334982069932913,0.8931702578929079,0.9403699361707836,0.7823161794687095,0.0025137959131045426,14.341005117363416,7.67750809411323
artificial_perturbation,amplitude_noise,0.05,2_1_19_11_2_16.bin,11,1_19,1_19;1_20;0_42;0_44;0_43,1,1_19,1_19,1_19,0.1538696727493718,0.6163950301431835,0.1538696727493718,0.5347464297723551,0.8543585212209462,0.001540036810120388,3.404807906704741,8.758800443983285
artificial_perturbation,amplitude_noise,0.05,2_1_19_11_2_16.bin,14,1_19,1_19;1_20;0_42;0_44;0_43,1,1_19,1_19,1_19,0.2671634280119245,0.6933151734725589,0.2671634280119245,0.5948407495724106,0.7488888608351559,0.0030292476828560444,6.176926722646999,8.771523496976636
artificial_perturbation,amplitude_noise,0.05,2_1_19_11_2_16.bin,17,1_19,1_19;1_20;0_42;1_21;0_44,1,1_19,1_19,1_19,0.19709249737339157,0.6420098626930802,0.19709249737339157,0.5727405025753355,0.9825546283549697,0.00016040196970251494,2.0434011438115522,7.880351246473627
artificial_perturbation,amplitude_noise,0.05,2_1_20_11_2_16.bin,0,1_20,1_20;1_19;0_42;0_43;1_21,1,1_20,1_20,1_20,0.7028105874776467,0.9145187383979749,0.7028105874776467,0.7987281926849434,0.8532201248052397,0.0015541452324212169,5.804122379665572,7.7727780313295405
artificial_perturbation,amplitude_noise,0.05,2_1_20_11_2_16.bin,4,1_20,0_42;1_20;1_19;1_21;0_39,1,0_42,0_42,0_42,0.31908111832985786,0.7544209105033794,0.31908111832985786,0.5758992568083025,0.4881420860774388,0.00947303946422647,-1.9163052058188998,6.847044322292874
artificial_perturbation,amplitude_noise,0.05,2_1_20_11_2_16.bin,19,1_20,1_20;1_19;0_42;1_21;0_39,1,1_20,1_20,1_20,0.6412933343668338,0.9013957929693925,0.6412933343668338,0.7970780485802232,0.831662506145768,0.0018286050365413796,-0.5685489190766843,8.817790716517381
artificial_perturbation,amplitude_noise,0.05,2_1_20_11_2_16.bin,20,1_20,1_20;1_19;0_42;0_43;1_21,1,1_19,0_42,1_19,0.008862279813874774,0.237494202754315,0.008862279813874774,0.35875525434949573,0.6417996010848747,0.005042115609718467,10.54182439402876,6.908516452818132
artificial_perturbation,amplitude_noise,0.05,2_1_21_11_2_16.bin,3,1_21,1_21;1_20;0_40;0_39;1_23,1,1_21,1_21,1_21,0.60914580776732,0.8665025209777479,0.60914580776732,0.7760342307826662,0.4746278534940761,0.01,2.828196143130273,8.671783202577982
artificial_perturbation,amplitude_noise,0.05,2_1_21_11_2_16.bin,5,1_21,1_21;0_40;1_20;0_42;1_22,1,1_21,1_21,1_21,0.8901203619585365,0.9788830576535423,0.8901203619585365,0.9317519886044403,0.6270709839951132,0.005372737801303183,0.018668099348243344,8.894497071219488
artificial_perturbation,amplitude_noise,0.05,2_1_21_11_2_16.bin,6,1_21,1_21;0_42;0_40;1_23;1_22,1,1_21,1_21,1_21,0.3997301438052555,0.016183210322206265,0.3997301438052555,0.6048161939141096,1.0,0.0,8.689756994506684,9.86901491444087
artificial_perturbation,amplitude_noise,0.05,2_1_21_11_2_16.bin,7,1_21,1_21;0_42;0_40;1_20;1_22,1,1_21,1_21,1_21,0.9143725902432038,0.976718441716577,0.9143725902432038,0.9422531205884507,0.5786497619931701,0.006578299490038534,0.33449588629527505,9.795329715375685
artificial_perturbation,amplitude_noise,0.05,2_1_22_11_2_16.bin,0,1_22,1_22;0_40;1_21;1_23;1_24,1,0_40,1_22,0_40,0.11524883238072842,0.3633067653112302,0.11524883238072842,0.5413701326283981,0.6910650764283888,0.004038631579088386,9.084610260406494,8.842879162184964
artificial_perturbation,amplitude_noise,0.05,2_1_22_11_2_16.bin,8,1_22,1_22;0_40;1_21;1_23;0_38,1,0_40,1_22,1_22,0.06632387679229368,0.41305333788678356,0.41305333788678356,0.5189077684747438,0.8723543839625164,0.0013219016134723852,9.163049036522372,8.75162854608654
artificial_perturbation,amplitude_noise,0.05,2_1_22_11_2_16.bin,10,1_22,1_22;0_40;1_21;1_23;0_38,1,1_22,1_22,1_22,0.004021661668638987,0.46126164788854673,0.004021661668638987,0.477355290245028,0.7516023164323061,0.0029856961529876555,7.162679435332576,8.511291724704849
artificial_perturbation,amplitude_noise,0.05,2_1_22_11_2_16.bin,13,1_22,1_22;0_40;1_21;1_23;0_38,1,1_22,1_22,1_22,0.5687827421383351,0.8467783174861907,0.5687827421383351,0.7727660541544507,0.6982587510465482,0.0039039520362060083,14.683287320766217,8.815301837654484
artificial_perturbation,amplitude_noise,0.05,2_1_23_11_2_16.bin,0,1_23,0_39;1_23;1_19;1_20;1_18,1,1_23,0_39,1_23,0.7051653553047141,0.05264465369028015,0.7051653553047141,0.8489353369311156,0.514142367902363,0.008537128389727412,11.854919299078658,8.861752712358243
artificial_perturbation,amplitude_noise,0.05,2_1_23_11_2_16.bin,3,1_23,1_23;1_24;0_38;0_40;1_22,1,1_23,1_23,1_23,0.3865920663241594,0.7546624462118101,0.3865920663241594,0.6879055576493568,0.6298800474563038,0.005308487795579533,13.451592882297556,8.85893726558004
artificial_perturbation,amplitude_noise,0.05,2_1_23_11_2_16.bin,12,1_23,1_23;1_24;0_38;1_21;0_39,1,1_23,1_23,1_23,0.9219399904002756,0.9714108979254709,0.9219399904002756,0.945792701664826,0.6658278881661588,0.0045341344974850015,11.06532986290973,7.785753179127556
artificial_perturbation,amplitude_noise,0.05,2_1_23_11_2_16.bin,20,1_23,1_23;0_38;1_24;0_40;1_21,1,1_23,1_23,1_23,0.4617216100946664,0.7603908233372846,0.4617216100946664,0.7243115012441146,0.4078886511160188,0.01311438533601524,8.95677553443983,9.054403815505713
artificial_perturbation,amplitude_noise,0.05,2_1_24_11_2_16.bin,0,1_24,1_24;1_23;0_38;1_25;1_26,1,1_24,1_24,1_24,0.9914819964142549,0.9746318175736575,0.9914819964142549,0.9941706021848471,0.59417012118259,0.0061704862163440245,12.774567795284437,8.006256688521502
artificial_perturbation,amplitude_noise,0.05,2_1_24_11_2_16.bin,2,1_24,1_24;0_38;1_23;1_25;1_26,1,1_24,1_24,1_24,0.9777606624808625,0.9724128536758806,0.9777606624808625,0.9841094826538795,0.7726530447472336,0.0026582192512371416,3.644206344207601,7.658688615918825
artificial_perturbation,amplitude_noise,0.05,2_1_24_11_2_16.bin,10,1_24,1_24;1_25;1_23;0_38;1_26,1,1_24,1_24,1_24,0.9731320902494828,0.9558971574128506,0.9731320902494828,0.9826310242121395,0.7455548003267978,0.0030831941132215784,7.230591683978748,7.841471957835023
artificial_perturbation,amplitude_noise,0.05,2_1_24_11_2_16.bin,17,1_24,1_23;1_24;1_25;0_38;1_26,1,1_23,1_23,1_23,0.3824782241041435,0.6905490942922546,0.3824782241041435,0.6778768177400464,0.6613611299896934,0.004625772997066382,5.652375223282905,9.080531484580707
artificial_perturbation,amplitude_noise,0.05,2_1_25_11_2_16.bin,2,1_25,1_25;1_26;1_24;1_23;0_38,1,1_25,1_25,1_25,0.7678218812432837,0.9134143857126915,0.7678218812432837,0.8583372594540365,0.6648446297451219,0.00455420100096874,12.114451774380052,8.885347435916659
artificial_perturbation,amplitude_noise,0.05,2_1_25_11_2_16.bin,3,1_25,1_25;1_26;1_24;1_23;0_38,1,1_25,1_25,1_25,0.9652210682313201,0.9621221371871157,0.9652210682313201,0.9768947827905066,0.5847828677504638,0.006414558952793898,14.652395997423191,8.72873375813786
artificial_perturbation,amplitude_noise,0.05,2_1_25_11_2_16.bin,14,1_25,1_25;1_24;1_23;1_26;0_38,1,1_25,1_25,1_25,0.9646735777866619,0.9567999334271529,0.9646735777866619,0.9823367867273558,0.8125950047283687,0.0020834984970388307,5.809019084666926,9.788694564848203
artificial_perturbation,amplitude_noise,0.05,2_1_25_11_2_16.bin,16,1_25,1_26;1_25;1_24;1_23;0_38,1,1_26,1_26,1_26,0.6938307060043913,0.8654236321305862,0.6938307060043913,0.8469025419568615,0.9394335066190304,0.0005824418343392004,3.884884060320576,8.807968271085084
artificial_perturbation,amplitude_noise,0.05,2_1_26_11_2_16.bin,3,1_26,1_26;1_25;1_24;1_27;0_36,1,1_26,1_26,1_26,0.3681902511342496,0.7106917515692175,0.3681902511342496,0.654332924911202,0.7968125458930808,0.0023037051979566325,11.270674932985854,7.727226654068769
artificial_perturbation,amplitude_noise,0.05,2_1_26_11_2_16.bin,12,1_26,1_26;1_25;1_24;1_27;0_37,1,1_26,1_26,1_26,0.787470031150809,0.8875487425501886,0.787470031150809,0.8936386346071273,0.7342773590978137,0.0032692986847489315,7.954956105733631,9.704587333140392
artificial_perturbation,amplitude_noise,0.05,2_1_26_11_2_16.bin,13,1_26,1_26;1_25;1_24;1_27;0_37,1,1_26,1_26,1_26,0.9652552381158941,0.949231815364787,0.9652552381158941,0.9826176275734696,0.7901145241780302,0.0023998191686715013,4.566803486605799,9.792792583834707
artificial_perturbation,amplitude_noise,0.05,2_1_26_11_2_16.bin,17,1_26,1_26;1_25;1_24;0_35;1_27,1,1_26,1_26,1_26,0.9884988849277665,0.97380799119007,0.9884988849277665,0.9941831925300358,0.40051838575636245,0.013521958163667684,10.882232846044028,8.657832530072378
artificial_perturbation,amplitude_noise,0.05,2_1_27_11_2_16.bin,1,1_27,1_27;0_36;1_26;0_35;0_37,1,1_27,1_27,1_27,0.9931349252682825,0.9694484217160504,0.9931349252682825,0.9965641154129413,0.7518021973300433,0.0029825004547168123,5.3045782911059725,8.784233687145802
artificial_perturbation,amplitude_noise,0.05,2_1_27_11_2_16.bin,5,1_27,1_27;0_36;1_26;0_37;0_35,1,1_27,1_27,1_27,0.9753644757952343,0.9656931579319389,0.9753644757952343,0.9874815205825139,0.6333146505679521,0.005230704677309057,9.98357413454812,8.888015732317143
artificial_perturbation,amplitude_noise,0.05,2_1_27_11_2_16.bin,10,1_27,1_27;0_36;1_26;0_35;0_37,1,1_27,1_27,1_27,0.8538875757326712,0.9224269641840727,0.8538875757326712,0.9266684776574333,0.5535035125474067,0.007287588508931752,14.993277852894948,8.926316731518812
artificial_perturbation,amplitude_noise,0.05,2_1_27_11_2_16.bin,11,1_27,1_27;0_36;1_26;0_35;1_28,1,1_27,1_27,1_27,0.8474235584967726,0.9275040441986944,0.8474235584967726,0.9232293140112983,0.9757724243040025,0.0002243094629059649,6.791473822831159,8.821757176697211
artificial_perturbation,amplitude_noise,0.05,2_1_28_11_2_16.bin,5,1_28,1_28;1_29;1_27;1_26;0_35,1,1_28,1_28,1_28,0.03154832564968241,0.47514151606254884,0.03154832564968241,0.5157741555147237,0.47915658281817214,0.009820099710981469,8.812117308590702,7.65498884978415
artificial_perturbation,amplitude_noise,0.05,2_1_28_11_2_16.bin,10,1_28,0_35;1_28;1_31;1_18;1_26,1,1_28,1_28,1_28,0.9393574613331933,0.028227487383502226,0.9393574613331933,0.9687890862369413,0.6073642131689322,0.005840188419644714,15.59753783484587,8.774135127870034
artificial_perturbation,amplitude_noise,0.05,2_1_28_11_2_16.bin,14,1_28,1_28;1_29;1_27;1_26;1_25,1,1_28,1_28,1_28,0.9999326099104147,0.9516595051920144,0.9999326099104147,0.9999627998090321,0.6719354283468477,0.004410806128514885,4.112586567253078,7.731075615920849
artificial_perturbation,amplitude_noise,0.05,2_1_28_11_2_16.bin,18,1_28,1_28;1_27;1_29;1_26;0_35,1,1_28,1_28,1_28,0.9999999858518771,0.9784357027469041,0.9999999858518771,0.9999999925814158,0.8921822416263474,0.001091749245789242,6.152901225406917,9.932985474541129
artificial_perturbation,amplitude_noise,0.05,2_1_29_11_2_16.bin,6,1_29,1_29;1_28;0_34;0_35;1_26,1,1_29,1_29,1_29,0.9999989977150225,0.9941909047319583,0.9999989977150225,0.9999994926563927,0.7391877025659017,0.0031875683688200192,14.175020767473038,10.745272300497575
artificial_perturbation,amplitude_noise,0.05,2_1_29_11_2_16.bin,7,1_29,1_29;1_28;0_34;1_27;0_35,1,1_29,1_29,1_29,0.9999964530841603,0.989740069334802,0.9999964530841603,0.999997940805533,1.0,0.0,15.629248030740264,9.69951749233498
artificial_perturbation,amplitude_noise,0.05,2_1_29_11_2_16.bin,9,1_29,1_29;1_28;0_34;0_35;0_33,1,1_29,1_29,1_29,0.9998747612116181,0.9914314551339316,0.9998747612116181,0.9999373709540587,0.9596884876108799,0.00037947658536890267,6.73739740139781,9.72547957247929
artificial_perturbation,amplitude_noise,0.05,2_1_29_11_2_16.bin,15,1_29,1_29;1_28;0_35;0_34;0_33,1,1_29,1_29,1_29,0.9999944988452143,0.9880478856897804,0.9999944988452143,0.9999972494224454,0.9832400913803687,0.00015399203026587134,2.0191354562442156,10.031248691921252
artificial_perturbation,amplitude_noise,0.05,2_1_30_11_2_16.bin,1,1_30,1_30;0_34;0_33;1_31;1_29,1,1_30,1_30,1_30,0.9998453525118526,0.9608836790922464,0.9998453525118526,0.9999226760776228,0.791307984857976,0.002382574347351379,7.931608902392593,8.656968913989061
artificial_perturbation,amplitude_noise,0.05,2_1_30_11_2_16.bin,2,1_30,1_30;0_34;0_33;1_31;1_27,1,1_30,1_30,1_30,0.9999992478362247,0.9733828139011391,0.9999992478362247,0.9999996215322495,0.4746278534940761,0.01,8.207508783106265,9.61239571733595
artificial_perturbation,amplitude_noise,0.05,2_1_30_11_2_16.bin,5,1_30,1_30;0_34;0_33;1_29;1_31,1,1_30,1_30,1_30,0.9999984381918053,0.9711210894317771,0.9999984381918053,0.9999991469358146,0.7594687837723634,0.0028611965739292434,10.629632138834287,9.780969964625971
artificial_perturbation,amplitude_noise,0.05,2_1_30_11_2_16.bin,13,1_30,1_30;0_34;1_31;0_33;1_29,1,1_30,1_30,1_30,0.9999999996941816,0.9703788500340963,0.9999999996941816,0.9999999998466877,0.963844683765011,0.00033888417206794704,3.202387307836102,7.769838421589803
artificial_perturbation,amplitude_noise,0.05,2_1_31_11_2_16.bin,2,1_31,1_31;1_30;0_34;0_33;1_29,1,1_31,1_31,1_31,1.0,0.9897441959582621,1.0,1.0,0.6820678802099254,0.0042110750773747775,2.9236110966006073,9.805436889767217
artificial_perturbation,amplitude_noise,0.05,2_1_31_11_2_16.bin,3,1_31,1_31;1_30;0_34;0_33;1_29,1,1_31,1_31,1_31,1.0,0.9907609356653851,1.0,1.0,0.7772601925349136,0.0025889138033466062,3.441745700185334,7.715951811311112
artificial_perturbation,amplitude_noise,0.05,2_1_31_11_2_16.bin,6,1_31,1_31;1_30;0_34;0_33;1_29,1,1_31,1_31,1_31,1.0,0.9901354023200002,1.0,1.0,0.8854188885666273,0.0011690966741405206,4.751505045965136,7.825519025547261
artificial_perturbation,amplitude_noise,0.05,2_1_31_11_2_16.bin,7,1_31,1_31;1_30;0_34;0_33;1_29,1,1_31,1_31,1_31,1.0,0.9899938286538642,1.0,1.0,0.8248015225285299,0.0019189649867002107,6.92338916399773,6.7988295009942155
artificial_perturbation,amplitude_noise,0.05,2_1_32_11_2_16.bin,4,1_32,1_32;0_33;1_29;0_34;0_35,1,1_32,1_32,1_32,1.0,0.9807796003168122,1.0,1.0,1.0,0.0,2.820534801427725,8.707521307819423
artificial_perturbation,amplitude_noise,0.05,2_1_32_11_2_16.bin,5,1_32,1_32;0_33;1_29;0_34;1_28,1,1_32,1_32,1_32,1.0,0.9956786581415732,1.0,1.0,0.8250126138466238,0.0019161624809905479,12.262144842674036,7.708093640804598
artificial_perturbation,amplitude_noise,0.05,2_1_32_11_2_16.bin,9,1_32,1_32;0_33;1_29;0_34;1_28,1,1_32,1_32,1_32,1.0,0.9852901838218909,1.0,1.0,0.8333157761027238,0.0018070537488523728,5.543992831772737,9.023385504743391
artificial_perturbation,amplitude_noise,0.05,2_1_32_11_2_16.bin,17,1_32,1_32;0_33;1_29;0_34;1_28,1,1_32,1_32,1_32,1.0,0.9735174090488287,1.0,1.0,0.8403050818228657,0.0017168813505808744,5.747979228365864,8.71961951001062
artificial_perturbation,amplitude_noise,0.05,2_2_15_11_2_16.bin,3,2_15,2_15;0_48;1_16;1_17;1_18,1,2_15,2_15,2_15,0.9999999998723637,0.9763226618657928,0.9999999998723637,0.999999999936181,0.5294498641983643,0.008029106874653314,2.974396302177106,1.810399702948749
artificial_perturbation,amplitude_noise,0.05,2_2_15_11_2_16.bin,10,2_15,2_15;1_16;0_48;1_17;1_18,1,2_15,2_15,2_15,1.0,0.9768293072385416,1.0,1.0,0.5268931835334301,0.00811190399695229,3.4680766460617902,-0.16805024469515992
artificial_perturbation,amplitude_noise,0.05,2_2_15_11_2_16.bin,16,2_15,2_15;1_16;1_17;0_48;1_18,1,2_15,2_15,2_15,1.0,0.9803382757513197,1.0,1.0,0.47101858724173346,0.010145852484367703,2.8109067991298162,-0.19612500582833456
artificial_perturbation,amplitude_noise,0.05,2_2_15_11_2_16.bin,20,2_15,2_15;0_48;1_16;1_17;1_18,1,2_15,2_15,2_15,0.9999995017898772,0.9134928602842468,0.9999995017898772,0.9999997508948134,0.7260009331477164,0.0034095579936017674,3.3232012553087587,2.74645965238097
artificial_perturbation,amplitude_noise,0.1,2_0_33_11_2_16.bin,0,0_33,0_33;1_29;0_34;0_35;1_28,1,0_33,0_33,0_33,0.9999999999926569,0.975373654164585,0.9999999999926569,0.9999999999963285,0.8011865459552029,0.0022418074069041095,8.375722860170647,9.552510454434305
artificial_perturbation,amplitude_noise,0.1,2_0_33_11_2_16.bin,3,0_33,0_33;1_30;1_29;0_34;0_35,1,0_33,0_33,0_33,0.9999999829771218,0.9701476115701796,0.9999999829771218,0.9999999914884253,0.8518519228861635,0.0015711515847991215,6.06993291421153,9.64358970048912
artificial_perturbation,amplitude_noise,0.1,2_0_33_11_2_16.bin,17,0_33,0_33;1_29;0_34;1_30;0_35,1,0_33,0_33,0_33,0.9999999999676299,0.98171093997052,0.9999999999676299,0.999999999983815,0.4482998944640127,0.011117844804463784,5.403701746735978,9.346875610058243
artificial_perturbation,amplitude_noise,0.1,2_0_33_11_2_16.bin,18,0_33,0_33;1_30;0_34;1_29;1_28,1,0_33,0_33,0_33,0.9999978737434202,0.9703299296595393,0.9999978737434202,0.9999989368717093,0.8555158274797524,0.001525732521156839,11.870583884397803,7.486049061892846
artificial_perturbation,amplitude_noise,0.1,2_0_34_11_2_16.bin,4,0_34,0_34;1_30;1_29;1_27;0_36,1,0_34,0_34,0_34,0.9999882334145987,0.9738793303098117,0.9999882334145987,0.9999941166986042,0.6783502725592786,0.00428366362851864,14.143533715740714,9.598741799373867
artificial_perturbation,amplitude_noise,0.1,2_0_34_11_2_16.bin,8,0_34,1_31;1_30;0_34;0_35;0_33,1,1_30,1_30,1_30,0.9885508604053249,0.934734254497319,0.9885508604053249,0.9942754301949822,0.911271802421689,0.0008796297399356459,2.529213799008544,8.53202064513927
artificial_perturbation,amplitude_noise,0.1,2_0_34_11_2_16.bin,16,0_34,0_34;1_30;0_35;1_29;1_27,1,0_34,0_34,0_34,0.9999985659407369,0.9751315689493223,0.9999985659407369,0.9999992828189638,0.9294597391817335,0.0006856344892110892,0.7702094223341716,9.018801496741752
artificial_perturbation,amplitude_noise,0.1,2_0_34_11_2_16.bin,18,0_34,0_34;0_35;1_27;1_30;1_29,1,0_34,0_34,0_34,0.999987009280344,0.9726778661045499,0.999987009280344,0.9999934949251895,0.8507382369691464,0.001585034761263915,3.5725050035731853,8.675087788946378
artificial_perturbation,amplitude_noise,0.1,2_0_35_11_2_16.bin,11,0_35,0_35;1_31;0_42;0_36;1_18,1,0_35,0_35,0_35,0.9954243711925894,0.980263309300354,0.9954243711925894,0.9976748073475915,0.6420808541018002,0.00503594974199227,14.434608019560699,8.132605660756104
artificial_perturbation,amplitude_noise,0.1,2_0_35_11_2_16.bin,12,0_35,0_35;0_36;1_27;0_37;0_34,1,0_35,0_35,0_35,0.9948842135626981,0.9639292029716248,0.9948842135626981,0.9974419245138152,0.8483531505278192,0.0016148898021724272,8.999083013707668,8.936237511625825
artificial_perturbation,amplitude_noise,0.1,2_0_35_11_2_16.bin,13,0_35,0_35;0_36;1_27;0_34;1_28,1,0_35,0_35,0_35,0.9996172596628077,0.9612577368180858,0.9996172596628077,0.9998077210940214,0.7679809244462915,0.002729351287378182,8.812163226731407,6.376606225011802
artificial_perturbation,amplitude_noise,0.1,2_0_35_11_2_16.bin,17,0_35,0_35;0_36;0_34;0_37;1_27,1,0_35,0_35,0_35,0.9989137544672173,0.9653100769902364,0.9989137544672173,0.9994544948081746,0.8318158922346331,0.0018266019587561966,3.6984689772927233,7.780695782009531
artificial_perturbation,amplitude_noise,0.1,2_0_36_11_2_16.bin,6,0_36,0_36;1_27;0_37;1_26;0_35,1,0_36,0_36,0_36,0.8074345066512996,0.9339326192239571,0.8074345066512996,0.9037091117474243,0.46015454365338027,0.010598683240318903,14.250611483496625,8.77768451505103
artificial_perturbation,amplitude_noise,0.1,2_0_36_11_2_16.bin,11,0_36,0_36;0_37;1_27;1_26;0_38,1,0_36,0_36,0_36,0.982264112669405,0.9662674220962044,0.982264112669405,0.9910783435567945,1.0,0.0,12.748828455684283,8.571247852285861
artificial_perturbation,amplitude_noise,0.1,2_0_36_11_2_16.bin,12,0_36,0_36;0_35;1_27;1_26;0_37,1,0_36,0_36,0_36,0.9801278797570508,0.9459278877449283,0.9801278797570508,0.9881265252825417,0.8635967348332046,0.001426921072976684,0.2005116244736031,8.36765182422993
artificial_perturbation,amplitude_noise,0.1,2_0_36_11_2_16.bin,13,0_36,0_37;0_36;1_26;1_27;0_38,1,0_37,0_36,0_36,0.4190966113717092,0.15369589723451438,0.15369589723451438,0.7060585708574223,1.0,0.0,7.962122018378278,9.478607012760175
artificial_perturbation,amplitude_noise,0.1,2_0_37_11_2_16.bin,2,0_37,0_37;0_36;0_38;1_27;1_24,1,0_37,0_37,0_37,0.956970165079794,0.9543403656747734,0.956970165079794,0.9747566378788985,0.8179706150176015,0.002010434722752739,3.2103347291682285,7.689298461070086
artificial_perturbation,amplitude_noise,0.1,2_0_37_11_2_16.bin,9,0_37,0_37;0_36;0_38;1_27;1_23,1,0_37,0_37,0_37,0.887888462992976,0.9410315252349901,0.887888462992976,0.9424280283657291,0.728834894818199,0.003361172651866283,6.802057599433733,9.766561977879737
artificial_perturbation,amplitude_noise,0.1,2_0_37_11_2_16.bin,11,0_37,0_37;0_36;0_38;1_27;1_26,1,0_37,0_37,0_37,0.9977049045412266,0.9691623571368366,0.9977049045412266,0.9986810190483472,0.8425926702705308,0.0016876930100225027,3.2929080037200595,10.863823277456799
artificial_perturbation,amplitude_noise,0.1,2_0_37_11_2_16.bin,16,0_37,0_37;0_38;0_36;1_23;1_26,1,0_37,0_37,0_37,0.9144880207206909,0.9303607934003604,0.9144880207206909,0.9561162597307832,0.5938795179846057,0.0061779262929978025,3.558715086670338,9.67560579862183
artificial_perturbation,amplitude_noise,0.1,2_0_38_11_2_16.bin,4,0_38,0_38;0_37;1_24;1_23;0_40,1,0_38,0_38,0_38,0.8358370992271886,0.9240103742947519,0.8358370992271886,0.917513083817101,0.998561577741677,1.3013607989775318e-05,6.247261879066217,7.368566837290882
artificial_perturbation,amplitude_noise,0.1,2_0_38_11_2_16.bin,5,0_38,0_38;1_24;0_37;1_23;0_40,1,0_38,0_38,0_38,0.9688224318812612,0.9743404768148455,0.9688224318812612,0.9786172104822175,0.6719698402430835,0.004410117607087881,8.203870450595328,7.647163043788881
artificial_perturbation,amplitude_noise,0.1,2_0_38_11_2_16.bin,8,0_38,0_38;1_21;1_23;0_40;0_39,1,0_38,0_38,0_38,0.9841569451534589,0.9766481869193172,0.9841569451534589,0.988552253582312,0.7292396366466417,0.0033542930256492,-0.46463299067475183,7.538174003389753
artificial_perturbation,amplitude_noise,0.1,2_0_38_11_2_16.bin,15,0_38,0_38;0_37;1_24;0_36;1_23,1,0_37,0_38,0_37,0.13054131567097033,0.3489032719861761,0.13054131567097033,0.5628419580799995,0.738573276705616,0.0031977357086659043,10.021173281893649,7.6293827922133985
artificial_perturbation,amplitude_noise,0.1,2_0_39_11_2_16.bin,1,0_39,0_39;1_20;0_42;1_21;0_38,1,0_39,0_39,0_39,0.9948076066727749,0.973455765348237,0.9948076066727749,0.997322158507696,0.7102686764247005,0.003685182202637947,0.9620143320330068,8.747174802565308
artificial_perturbation,amplitude_noise,0.1,2_0_39_11_2_16.bin,12,0_39,0_39;1_20;0_42;1_21;1_19,1,0_39,0_39,0_39,0.6467307098628394,0.8632417559421629,0.6467307098628394,0.8223330260741256,0.6993238391707794,0.003884247010811597,4.842052750940873,8.671554372089899
artificial_perturbation,amplitude_noise,0.1,2_0_39_11_2_16.bin,15,0_39,0_39;0_38;1_20;1_23;1_21,1,0_39,0_39,0_39,0.8376664643886986,0.9394144730990498,0.8376664643886986,0.9137618423893512,0.7238317772136753,0.0034468488301456226,1.109227237465045,7.445240120363506
artificial_perturbation,amplitude_noise,0.1,2_0_39_11_2_16.bin,20,0_39,0_39;1_20;0_38;1_23;1_21,1,0_39,0_39,0_39,0.9813961953345167,0.9697649545606035,0.9813961953345167,0.9870395516136413,0.5583408246485131,0.00714618163521941,7.376503863009185,7.235104569397901
artificial_perturbation,amplitude_noise,0.1,2_0_40_11_2_16.bin,9,0_40,0_40;1_21;1_22;0_42;0_43,1,0_40,0_40,0_40,0.7766349998769077,0.9116748462354436,0.7766349998769077,0.880266113517756,0.7506806555942164,0.003000453693254126,0.7786071343391379,7.557700817279686
artificial_perturbation,amplitude_noise,0.1,2_0_40_11_2_16.bin,10,0_40,0_40;1_21;1_22;0_42;0_43,1,0_40,0_40,0_40,0.5988358963458696,0.8675881915186683,0.5988358963458696,0.7946291308116913,0.8229296379208871,0.0019438795392758108,9.208326422221282,7.65808681014571
artificial_perturbation,amplitude_noise,0.1,2_0_40_11_2_16.bin,15,0_40,0_40;0_38;1_22;1_21;1_24,1,0_40,0_40,0_40,0.8563162038092401,0.08595982708727679,0.8563162038092401,0.9043903740818499,0.7226425472505827,0.003467388376457597,10.000500050625817,7.525818717995005
artificial_perturbation,amplitude_noise,0.1,2_0_40_11_2_16.bin,18,0_40,1_21;0_40;1_22;0_38;1_20,1,1_21,1_21,1_21,0.5653774220503542,0.8732452194765743,0.5653774220503542,0.7574039160137662,1.0,0.0,-0.14699062429077142,7.9143344520752965
artificial_perturbation,amplitude_noise,0.1,2_0_42_11_2_16.bin,1,0_42,0_42;0_44;0_43;1_20;1_19,1,0_42,0_42,0_42,0.11714613836051901,0.6049673867752904,0.11714613836051901,0.5034712612865837,0.9381718400088032,0.0005953743301830712,1.8541501172081432,7.249274854695782
artificial_perturbation,amplitude_noise,0.1,2_0_42_11_2_16.bin,7,0_42,0_42;1_19;1_20;0_44;0_43,1,0_42,0_42,0_42,0.03865523776588564,0.5234984504899266,0.03865523776588564,0.38402414871381724,0.9268888923831415,0.0007125935100124118,6.920669066661544,8.69553832044468
artificial_perturbation,amplitude_noise,0.1,2_0_42_11_2_16.bin,11,0_42,1_20;1_19;0_42;0_44;0_43,1,1_20,1_20,1_20,0.353784709657133,0.7643293484761757,0.353784709657133,0.5955648027138115,0.7542011500538214,0.002944278131089101,2.248087740054129,7.383839589452003
artificial_perturbation,amplitude_noise,0.1,2_0_42_11_2_16.bin,18,0_42,0_43;0_42;0_44;1_19;1_20,1,0_43,0_43,0_43,0.1500697987524931,0.5860896503374906,0.1500697987524931,0.545796182150697,0.969969318106819,0.00027970058431205764,9.412388367305889,7.44527735453076
artificial_perturbation,amplitude_noise,0.1,2_0_43_11_2_16.bin,10,0_43,0_43;0_42;0_44;1_21;1_19,1,0_43,0_43,0_43,0.9839027398169045,0.973060243042997,0.9839027398169045,0.9901156900418111,0.6281143140818181,0.005348807260556327,6.983940986181109,8.903025431158895
artificial_perturbation,amplitude_noise,0.1,2_0_43_11_2_16.bin,13,0_43,0_42;0_43;0_44;1_19;1_21,1,0_42,0_42,0_42,0.21433015300001285,0.6398013453330496,0.21433015300001285,0.5926449324982594,0.8846793194596677,0.001177626305873949,10.563449621891637,8.404678733327428
artificial_perturbation,amplitude_noise,0.1,2_0_43_11_2_16.bin,15,0_43,0_43;0_44;0_42;1_20;1_19,1,0_43,0_43,0_43,0.8180221696551894,0.9539507064642685,0.8180221696551894,0.9012323679481362,0.8185443778363833,0.0020026929816030175,5.908255777869409,8.950558007510473
artificial_perturbation,amplitude_noise,0.1,2_0_43_11_2_16.bin,19,0_43,0_43;0_42;0_44;1_20;1_21,1,0_43,0_43,0_43,0.6842699520480309,0.9200162803553162,0.6842699520480309,0.8125991844548691,0.6578075025105641,0.004699566918132896,2.347492943716702,8.992110535802194
artificial_perturbation,amplitude_noise,0.1,2_0_44_11_2_16.bin,3,0_44,0_44;0_42;1_19;0_43;1_20,1,0_44,0_44,0_44,0.8489079317426432,0.9318758732966266,0.8489079317426432,0.9170775075308841,0.658742443808515,0.004680074933890092,0.1844594326056575,8.4030580618306
artificial_perturbation,amplitude_noise,0.1,2_0_44_11_2_16.bin,9,0_44,0_43;0_42;0_44;1_19;1_20,1,0_43,0_43,0_43,0.5024285811632568,0.8309610793316172,0.5024285811632568,0.6885194276269304,0.6302306460182722,0.005300508970608141,9.419134970454168,7.881826094680962
artificial_perturbation,amplitude_noise,0.1,2_0_44_11_2_16.bin,11,0_44,0_44;0_42;0_43;0_50;0_45,1,0_44,0_44,0_44,0.9994532506324186,0.9801181612322749,0.9994532506324186,0.9996284805171851,0.5240332213306929,0.008205480124795788,2.4536369372539313,9.33806174914546
artificial_perturbation,amplitude_noise,0.1,2_0_44_11_2_16.bin,16,0_44,0_44;0_42;0_43;1_19;1_20,1,0_44,0_44,0_44,0.9563406373064914,0.8165483676895062,0.9563406373064914,0.9706676191492649,0.6773110277216784,0.004304098029079413,7.008682495265439,8.557296298112522
artificial_perturbation,amplitude_noise,0.1,2_0_45_11_2_16.bin,3,0_45,0_45;1_17;0_48;1_18;1_16,1,0_45,0_45,0_45,0.9864893577779749,0.9624649424385313,0.9864893577779749,0.9931713672197426,0.6802442538990198,0.004246583350045524,3.8311328148234365,6.5502524309235595
artificial_perturbation,amplitude_noise,0.1,2_0_45_11_2_16.bin,6,0_45,0_45;1_18;1_17;0_48;1_16,1,0_45,1_17,0_45,0.4903446236229253,0.006823705616514908,0.4903446236229253,0.6705416508334008,0.5713692978624562,0.006777235115872786,-0.1617797282702969,6.5891863660168
artificial_perturbation,amplitude_noise,0.1,2_0_45_11_2_16.bin,7,0_45,0_45;0_48;1_17;0_44;1_16,1,0_45,0_45,0_45,0.5684272037930828,0.8273087416714848,0.5684272037930828,0.784211470290608,0.7375064889960513,0.0032154288417770246,1.2746369888693703,6.759757865732183
artificial_perturbation,amplitude_noise,0.1,2_0_45_11_2_16.bin,16,0_45,0_45;0_48;1_17;0_44;1_18,1,0_45,0_45,0_45,0.9936810454809435,0.9656597162538861,0.9936810454809435,0.9968023543536843,0.7452539531176294,0.0030880856835826505,2.962253278001286,6.624862802861752
artificial_perturbation,amplitude_noise,0.1,2_0_48_11_2_16.bin,2,0_48,0_48;0_45;1_17;1_16;1_18,1,0_48,0_48,0_48,0.8026014670324434,0.9281696497842231,0.8026014670324434,0.9008757452668394,0.5589426016560102,0.00712876135360181,3.5946223361391496,6.258357315437978
artificial_perturbation,amplitude_noise,0.1,2_0_48_11_2_16.bin,5,0_48,0_48;0_45;0_44;1_17;1_18,1,0_48,0_48,0_48,0.8020212949092196,0.8904127554394669,0.8020212949092196,0.8998830860095776,0.8367032143587334,0.0017631626429566382,3.0423091177161883,6.82778925420867
artificial_perturbation,amplitude_noise,0.1,2_0_48_11_2_16.bin,7,0_48,0_48;0_45;0_44;0_50;1_17,1,0_48,0_48,0_48,0.8196094615036464,0.9204220332715842,0.8196094615036464,0.9095948970967908,0.5187939752152172,0.008379581111684188,1.8949428832761315,6.922413870894011
artificial_perturbation,amplitude_noise,0.1,2_0_48_11_2_16.bin,13,0_48,0_48;1_16;1_17;0_45;1_18,1,0_48,0_48,0_48,0.7033933313355601,0.891861250582606,0.7033933313355601,0.8505579216528987,0.5784694728027352,0.0065831653504001214,3.542330144924897,4.533916238977877
artificial_perturbation,amplitude_noise,0.1,2_0_50_11_2_16.bin,10,0_50,0_50;0_44;0_48;0_43;0_45,1,0_50,0_50,0_50,0.9999982936356789,0.9734346373812358,0.9999982936356789,0.9999991187642251,0.974657064170147,0.0002349044618804007,1.0021834249096433,8.576533042055527
artificial_perturbation,amplitude_noise,0.1,2_0_50_11_2_16.bin,11,0_50,0_50;0_48;0_45;0_44;0_43,1,0_50,0_50,0_50,0.999814707824022,0.958032818220749,0.999814707824022,0.9999072929800137,0.9889660524548258,0.00010079423843789482,1.4725206396205255,8.539329228537712
artificial_perturbation,amplitude_noise,0.1,2_0_50_11_2_16.bin,14,0_50,0_50;0_44;0_48;0_43;0_45,1,0_50,0_50,0_50,0.9999968915835746,0.9582339859610578,0.9999968915835746,0.999998377488241,0.9583679035926229,0.0003924480694963875,4.179442957175253,8.494718070659783
artificial_perturbation,amplitude_noise,0.1,2_0_50_11_2_16.bin,18,0_50,0_50;0_43;0_44;0_45;0_48,1,0_50,0_50,0_50,0.5674203513790839,0.8512572133730096,0.5674203513790839,0.7606216128190002,0.6000748304919167,0.006020873509968293,6.591382930296019,9.897030026262614
artificial_perturbation,amplitude_noise,0.1,2_1_16_11_2_16.bin,2,1_16,1_16;1_17;1_18;0_48;0_45,1,1_16,1_16,1_16,0.9999709924606769,0.9565075096328665,0.9999709924606769,0.999984999097759,0.5706657899340267,0.006796727117305622,3.198436202262006,2.1398208090882185
artificial_perturbation,amplitude_noise,0.1,2_1_16_11_2_16.bin,5,1_16,1_16;1_17;1_18;0_48;0_45,1,1_16,1_16,1_16,0.9994161183312614,0.0828725536734124,0.9994161183312614,0.9996264217511095,0.9087602598958648,0.0009070284081899846,-2.2453974812472888,2.2792220229980655
artificial_perturbation,amplitude_noise,0.1,2_1_16_11_2_16.bin,14,1_16,1_16;1_17;1_18;0_48;0_45,1,1_16,1_16,1_16,0.9836975300543598,0.9685918996134146,0.9836975300543598,0.9915538260293014,0.3621654355775128,0.01591062454077736,7.322018011018721,2.82842034217602
artificial_perturbation,amplitude_noise,0.1,2_1_16_11_2_16.bin,18,1_16,1_16;1_17;1_18;0_48;0_45,1,1_16,1_16,1_16,0.9902187053353607,0.961387546074746,0.9902187053353607,0.9945074112143799,0.8294050282394692,0.001858171263001323,1.9558929393460531,3.429358404197084
artificial_perturbation,amplitude_noise,0.1,2_1_17_11_2_16.bin,1,1_17,1_18;1_17;0_45;1_16;1_20,1,1_18,1_17,1_17,0.565655509951192,0.07422979111347572,0.07422979111347572,0.7805483131514023,0.8524118688646333,0.0015641850195250964,0.4954908392306047,5.72323734334921
artificial_perturbation,amplitude_noise,0.1,2_1_17_11_2_16.bin,11,1_17,1_18;1_17;0_45;1_16;1_19,1,1_18,1_18,1_18,0.4506479893412948,0.7679555420322066,0.4506479893412948,0.7065769799458971,0.8179526129241792,0.002010677799458353,1.029619098745177,5.686640654506941
artificial_perturbation,amplitude_noise,0.1,2_1_17_11_2_16.bin,19,1_17,1_17;1_16;0_45;1_18;0_48,1,1_17,1_17,1_17,0.8979893567367023,0.9523063241306277,0.8979893567367023,0.9314617421915432,0.6816558797041528,0.0042190806267917835,0.8420002361357264,4.996936391078823
artificial_perturbation,amplitude_noise,0.1,2_1_17_11_2_16.bin,20,1_17,1_16;1_18;1_17;0_48;0_45,1,1_16,1_16,1_16,0.5016132260456149,0.03499686004777958,0.5016132260456149,0.7395590097044781,0.6678129167137674,0.004493803762424872,0.7919033063068026,4.360038266430678
artificial_perturbation,amplitude_noise,0.1,2_1_18_11_2_16.bin,9,1_18,1_18;1_16;1_17;0_45;1_19,1,1_18,1_18,1_18,0.6674417186044688,0.8086049039043908,0.6674417186044688,0.8254149198283404,0.5774168344933247,0.006611635874494618,4.0217990883506,4.184822856252518
artificial_perturbation,amplitude_noise,0.1,2_1_18_11_2_16.bin,10,1_18,1_16;1_17;1_18;0_45;0_48,1,1_16,1_16,1_16,0.43018255883162115,0.7808015028714296,0.43018255883162115,0.6409634039858682,0.7125532372091542,0.0036444020436245408,7.569402074192598,4.736604588967965
artificial_perturbation,amplitude_noise,0.1,2_1_18_11_2_16.bin,11,1_18,1_18;1_16;1_17;0_45;0_48,1,1_18,1_18,1_18,0.18100828522626589,0.6304073567642362,0.18100828522626589,0.5501651776863371,0.8001635912445366,0.002256222921475893,4.931156303515461,4.559187943710103
artificial_perturbation,amplitude_noise,0.1,2_1_18_11_2_16.bin,14,1_18,1_18;1_17;1_16;0_45;1_19,1,1_18,1_18,1_18,0.8940182807325319,0.938704222169788,0.8940182807325319,0.9464013491588634,0.6241684873353736,0.005439732333923683,6.88129233446376,5.467254995442488
artificial_perturbation,amplitude_noise,0.1,2_1_19_11_2_16.bin,4,1_19,1_19;1_20;0_42;1_23;1_21,1,1_19,1_19,1_19,0.5571667498435818,0.8709857578567471,0.5571667498435818,0.7552939854359881,0.7252847329298996,0.0034218458155862463,14.953771817899309,7.677149745520904
artificial_perturbation,amplitude_noise,0.1,2_1_19_11_2_16.bin,11,1_19,1_19;1_20;0_42;0_44;1_21,1,1_19,1_19,1_19,0.24227057985959838,0.6744358541174302,0.24227057985959838,0.5939575096524532,0.6650937571849055,0.004549111154230711,2.306308634563591,8.508033469184157
artificial_perturbation,amplitude_noise,0.1,2_1_19_11_2_16.bin,14,1_19,1_19;1_20;0_42;0_44;0_43,1,1_19,1_19,1_19,0.34022342482556434,0.777220511304146,0.34022342482556434,0.550884618390627,0.7922317033915252,0.0023692628144979314,6.084515987232107,9.06375782788117
artificial_perturbation,amplitude_noise,0.1,2_1_19_11_2_16.bin,17,1_19,1_20;1_19;0_42;1_21;0_44,1,1_20,1_19,1_20,0.18852848630489932,0.25799781395422583,0.18852848630489932,0.5046083983831539,0.7805716756609639,0.0025396044270362345,1.3172318224687518,7.497733548587078
artificial_perturbation,amplitude_noise,0.1,2_1_20_11_2_16.bin,0,1_20,1_20;1_19;0_42;1_21;0_43,1,1_20,1_20,1_20,0.7309754514133073,0.9259562542806579,0.7309754514133073,0.8155782289977399,0.7524692724681582,0.002971847537035492,5.274237363749636,7.72287426366881
artificial_perturbation,amplitude_noise,0.1,2_1_20_11_2_16.bin,4,1_20,0_39;1_20;1_21;0_40;0_42,1,0_39,0_39,0_39,0.43058126531777985,0.848749837494483,0.43058126531777985,0.5924080094455769,0.5250363650542951,0.008172541828456068,-1.1064207934942798,6.6414362218076475
artificial_perturbation,amplitude_noise,0.1,2_1_20_11_2_16.bin,19,1_20,1_20;1_19;0_42;0_44;1_21,1,1_20,1_20,1_20,0.7866930058998981,0.9471182062575705,0.7866930058998981,0.8683469014841156,1.0,0.0,-1.3042509999713805,8.30901744837922
artificial_perturbation,amplitude_noise,0.1,2_1_20_11_2_16.bin,20,1_20,1_20;1_19;0_42;1_21;0_40,1,1_20,1_20,1_20,0.2942265270626494,0.7706469907445006,0.2942265270626494,0.5289584990200893,0.6737273582689851,0.004375046296089202,11.13436425610092,6.5758266505098035
artificial_perturbation,amplitude_noise,0.1,2_1_21_11_2_16.bin,3,1_21,1_21;1_23;0_40;0_38;0_39,1,1_21,1_21,1_21,0.6713608100521077,0.9312398400880187,0.6713608100521077,0.7790100589714127,0.8213730125915579,0.001964684511331058,2.578647213680894,8.560822144340106
artificial_perturbation,amplitude_noise,0.1,2_1_21_11_2_16.bin,5,1_21,1_21;0_40;1_20;0_42;1_22,1,1_21,1_21,1_21,0.7375940994421566,0.9360177548314983,0.7375940994421566,0.8474652710229895,0.8243235662636446,0.0019253157681222667,-0.06124699388739435,8.393472937268443
artificial_perturbation,amplitude_noise,0.1,2_1_21_11_2_16.bin,6,1_21,0_42;1_21;0_40;0_43;1_22,1,1_21,0_42,0_42,0.2863565843282131,0.17638448491758962,0.17638448491758962,0.5072668051556053,0.8908199567130867,0.0011072342244623388,8.598946555514159,9.691096275816744
artificial_perturbation,amplitude_noise,0.1,2_1_21_11_2_16.bin,7,1_21,1_21;0_39;0_42;1_20;0_40,1,1_21,1_21,1_21,0.848598151974432,0.969538039923415,0.848598151974432,0.8891227962061593,0.5864789741297302,0.006369881111918449,-0.4654095045735637,9.529966275970875
artificial_perturbation,amplitude_noise,0.1,2_1_22_11_2_16.bin,0,1_22,1_22;0_40;1_21;1_23;1_24,1,0_40,1_22,0_40,0.15181375404501923,0.33499075823584956,0.15181375404501923,0.5662059406406807,0.6639740462416279,0.004572017621966853,8.885302794374788,8.588134006887714
artificial_perturbation,amplitude_noise,0.1,2_1_22_11_2_16.bin,8,1_22,1_22;0_40;1_21;1_23;0_38,1,1_22,1_22,1_22,0.1844462102892822,0.6346762931905732,0.1844462102892822,0.5798045374279877,0.7594169438531557,0.0028620085818813154,9.01646039680856,8.637577465085927
artificial_perturbation,amplitude_noise,0.1,2_1_22_11_2_16.bin,10,1_22,1_22;0_40;1_21;1_23;0_43,1,1_22,1_22,1_22,0.2840301761326937,0.702791067068602,0.2840301761326937,0.5803666198801005,0.7660259232987652,0.0027593732647814523,7.882151141821823,8.741397890243842
artificial_perturbation,amplitude_noise,0.1,2_1_22_11_2_16.bin,13,1_22,1_22;0_40;1_21;0_38;1_23,1,1_22,1_22,1_22,0.3738284131417467,0.7550805862444585,0.3738284131417467,0.6775419554430666,0.666375687005861,0.004522980612545325,14.620115217582399,8.206309290557758
artificial_perturbation,amplitude_noise,0.1,2_1_23_11_2_16.bin,0,1_23,0_39;1_23;1_19;1_20;1_24,1,1_23,1_23,1_23,0.9293745826099826,0.07388764025495043,0.9293745826099826,0.9635982094796535,0.6655043635762949,0.004540730496517563,12.702616449301841,8.381501593268323
artificial_perturbation,amplitude_noise,0.1,2_1_23_11_2_16.bin,3,1_23,1_23;1_24;0_38;0_40;1_21,1,1_23,1_23,1_23,0.6580686647651847,0.8758804286365494,0.6580686647651847,0.8136265050429176,0.48866226502114607,0.009453338663010168,13.61143759782228,8.208116116714507
artificial_perturbation,amplitude_noise,0.1,2_1_23_11_2_16.bin,12,1_23,0_38;1_23;0_39;1_24;1_21,1,0_38,1_23,0_38,0.3327225510253681,0.189951944023667,0.3327225510253681,0.6566580266081296,0.6630965900068875,0.0045900222329751635,10.138268599243572,7.661694252133181
artificial_perturbation,amplitude_noise,0.1,2_1_23_11_2_16.bin,20,1_23,0_38;1_23;1_24;0_37;0_39,1,0_38,0_38,0_38,0.6962363225802722,0.8317987819662307,0.6962363225802722,0.8319385619957926,0.7340689981599756,0.0032727909358284874,9.229223573016577,8.8140844934759
artificial_perturbation,amplitude_noise,0.1,2_1_24_11_2_16.bin,0,1_24,1_24;0_40;1_23;0_38;1_22,1,1_24,1_24,1_24,0.9843311106092345,0.9761626572463683,0.9843311106092345,0.9901916825273991,0.4351843288093465,0.011725184011805681,12.320632266602383,7.458754816454755
artificial_perturbation,amplitude_noise,0.1,2_1_24_11_2_16.bin,2,1_24,1_24;0_38;1_23;1_25;0_40,1,1_24,1_24,1_24,0.966779633070689,0.9782980923124713,0.966779633070689,0.9788652945615005,0.4753269045828296,0.009972006997998297,3.053765738975253,7.710557893708485
artificial_perturbation,amplitude_noise,0.1,2_1_24_11_2_16.bin,10,1_24,1_24;1_25;1_23;1_26;0_38,1,1_24,1_24,1_24,0.9878021825622811,0.9574599127079694,0.9878021825622811,0.992626453879461,0.75361443806129,0.002953603687248145,7.516448446784851,7.770779945651896
artificial_perturbation,amplitude_noise,0.1,2_1_24_11_2_16.bin,17,1_24,1_24;1_25;1_23;0_38;1_26,1,1_24,1_24,1_24,0.5103162280180165,0.6606224848892814,0.5103162280180165,0.7372784738588323,0.8387332491962227,0.0017370293359333976,5.919554447761285,8.665810006297859
artificial_perturbation,amplitude_noise,0.1,2_1_25_11_2_16.bin,2,1_25,1_26;1_25;1_24;1_23;1_27,1,1_26,1_26,1_26,0.3444115364632548,0.7280720062035843,0.3444115364632548,0.6611022258831227,0.7443297581214017,0.003103137195232816,12.139743577770988,9.074378011034158
artificial_perturbation,amplitude_noise,0.1,2_1_25_11_2_16.bin,3,1_25,1_25;1_26;1_24;1_27;0_36,1,1_25,1_25,1_25,0.09793776498961315,0.5547443219171311,0.09793776498961315,0.5489001549940691,0.5290758565264012,0.008041169001824323,15.59400333572079,8.770844455766698
artificial_perturbation,amplitude_noise,0.1,2_1_25_11_2_16.bin,14,1_25,1_25;1_24;1_26;1_23;0_38,1,1_25,1_25,1_25,0.9705234632679087,0.9584093231152132,0.9705234632679087,0.9852617109032723,0.8523407563904264,0.0015650692576223257,5.932460917793076,9.424002871668824
artificial_perturbation,amplitude_noise,0.1,2_1_25_11_2_16.bin,16,1_25,1_26;1_25;1_24;1_23;0_38,1,1_25,1_26,1_25,0.2265732666751949,0.2305724116399257,0.2265732666751949,0.6105307610750548,0.7193335847421813,0.003524895832741875,3.122822437908755,8.634257120696384
artificial_perturbation,amplitude_noise,0.1,2_1_26_11_2_16.bin,3,1_26,1_25;1_26;1_24;0_38;0_36,1,1_25,1_25,1_25,0.021511490646690334,0.36979178086332853,0.021511490646690334,0.4145844623672356,0.8832059614328982,0.001194661481033649,11.309103461581063,7.412446820562335
artificial_perturbation,amplitude_noise,0.1,2_1_26_11_2_16.bin,12,1_26,1_25;1_26;1_24;1_23;0_38,1,1_26,1_25,1_26,0.12611621218152275,0.3279637618553004,0.12611621218152275,0.5619999914061664,0.729619033221257,0.0033478511377681274,6.917498257187616,9.628102548165641
artificial_perturbation,amplitude_noise,0.1,2_1_26_11_2_16.bin,13,1_26,1_26;1_25;1_24;1_23;0_38,1,1_26,1_26,1_26,0.34239455400326546,0.7128815459613017,0.34239455400326546,0.671134287872454,0.7315388235780171,0.0033153568929244243,3.805315452477891,9.735429994173389
artificial_perturbation,amplitude_noise,0.1,2_1_26_11_2_16.bin,17,1_26,1_26;1_25;1_24;1_23;0_36,1,1_25,1_26,1_25,0.10162855383247077,0.37495974533187026,0.10162855383247077,0.5501534005615676,0.805211625346485,0.0021854414422894175,11.826175123448266,8.580100664590297
artificial_perturbation,amplitude_noise,0.1,2_1_27_11_2_16.bin,1,1_27,1_27;0_36;1_26;0_35;0_37,1,1_27,1_27,1_27,0.9932542350312886,0.9684382466233074,0.9932542350312886,0.9966267517262886,0.7375092528679189,0.003215382935638474,5.528634134097499,8.388262095207255
artificial_perturbation,amplitude_noise,0.1,2_1_27_11_2_16.bin,5,1_27,1_27;0_36;1_26;0_37;0_35,1,1_27,1_27,1_27,0.8590817205314352,0.9278964751019709,0.8590817205314352,0.9282726079054321,0.5545141240895226,0.007257841901842234,9.655000950208024,8.605261070168508
artificial_perturbation,amplitude_noise,0.1,2_1_27_11_2_16.bin,10,1_27,1_27;0_36;1_26;0_35;1_28,1,1_27,1_27,1_27,0.9648811138820695,0.9704058769784212,0.9648811138820695,0.9823550596991387,0.7248009680429549,0.003430159493961861,14.603255077275206,8.675947861838981
artificial_perturbation,amplitude_noise,0.1,2_1_27_11_2_16.bin,11,1_27,1_27;0_36;1_26;0_35;1_28,1,1_27,1_27,1_27,0.9751830210207918,0.9633026602047645,0.9751830210207918,0.987418069323932,0.9486603929623518,0.0004889089056794813,5.96597127606929,8.43142229874059
artificial_perturbation,amplitude_noise,0.1,2_1_28_11_2_16.bin,5,1_28,1_28;1_29;1_27;0_35;0_36,1,1_29,1_29,1_29,0.38392362652578516,0.7201596951933489,0.38392362652578516,0.6919618128856525,0.6487880871607618,0.004890491951219715,9.266591923632243,7.337343496283639
artificial_perturbation,amplitude_noise,0.1,2_1_28_11_2_16.bin,10,1_28,0_35;1_28;1_31;1_18;2_15,1,1_28,1_28,1_28,0.4119500918651017,0.03199734863353909,0.4119500918651017,0.7059670722238306,0.7463578378646892,0.0030701565821927273,15.335606332550825,9.319040819500298
artificial_perturbation,amplitude_noise,0.1,2_1_28_11_2_16.bin,14,1_28,1_28;1_29;1_27;1_26;1_25,1,1_28,1_28,1_28,0.9872306253944928,0.9411649363150666,0.9872306253944928,0.9933520833589717,0.4082906864194857,0.013092576159237597,4.213525278937442,7.6351065429495755
artificial_perturbation,amplitude_noise,0.1,2_1_28_11_2_16.bin,18,1_28,1_28;1_29;1_27;0_35;1_26,1,1_28,1_28,1_28,0.9999999956388588,0.9762298666033394,0.9999999956388588,0.9999999978004477,0.5657722988765018,0.006933651709991075,6.260701365706369,10.048252050523944
artificial_perturbation,amplitude_noise,0.1,2_1_29_11_2_16.bin,6,1_29,1_29;0_34;1_28;0_33;1_26,1,1_29,1_29,1_29,0.9999999847602149,0.9896720085965377,0.9999999847602149,0.9999999910089373,0.7839344748656496,0.002489957249792309,15.190232483105541,10.634549489737816
artificial_perturbation,amplitude_noise,0.1,2_1_29_11_2_16.bin,7,1_29,1_29;1_28;0_34;1_27;0_35,1,1_29,1_29,1_29,0.999961820226786,0.9839809014765624,0.999961820226786,0.9999809098211355,0.3401222027128372,0.017527287481079085,15.580587858240722,9.628560926886431
artificial_perturbation,amplitude_noise,0.1,2_1_29_11_2_16.bin,9,1_29,1_29;1_28;0_34;0_35;0_33,1,1_29,1_29,1_29,0.9996589892402152,0.9840217497324653,0.9996589892402152,0.9998294935327919,0.756559206685978,0.0029069436347279438,6.805966887707668,9.746026298413975
artificial_perturbation,amplitude_noise,0.1,2_1_29_11_2_16.bin,15,1_29,1_29;1_28;0_35;1_27;0_34,1,1_29,1_29,1_29,0.9999993461012424,0.9937871961203522,0.9999993461012424,0.9999996730466069,0.8481182042917589,0.0016178397993918156,1.7146079810501114,9.35364119024641
artificial_perturbation,amplitude_noise,0.1,2_1_30_11_2_16.bin,1,1_30,1_30;0_34;0_33;1_31;1_29,1,1_30,1_30,1_30,0.9999964910206961,0.9669272295808301,0.9999964910206961,0.9999982453257756,0.5918706019297948,0.006229558756884113,8.763327067567669,8.310706727178765
artificial_perturbation,amplitude_noise,0.1,2_1_30_11_2_16.bin,2,1_30,1_30;0_34;0_33;1_31;1_29,1,1_30,1_30,1_30,0.9999484194326012,0.96977441171494,0.9999484194326012,0.9999742005585087,0.6407755415824448,0.005064611645783993,9.130399895682311,9.897934389063813
artificial_perturbation,amplitude_noise,0.1,2_1_30_11_2_16.bin,5,1_30,1_30;0_34;0_33;1_29;1_31,1,1_30,1_30,1_30,0.9999994345642443,0.9718814032745335,0.9999994345642443,0.999999684857248,0.6133119590788689,0.0056959410336410955,10.437139629748588,9.89286455229808
artificial_perturbation,amplitude_noise,0.1,2_1_30_11_2_16.bin,13,1_30,1_30;0_34;1_31;0_33;1_29,1,1_30,1_30,1_30,0.9999999973630593,0.9701991416412131,0.9999999973630593,0.999999998681439,0.8805087360153,0.0012259948981120257,2.8633487949645717,7.869701417151257
artificial_perturbation,amplitude_noise,0.1,2_1_31_11_2_16.bin,2,1_31,1_31;1_30;0_34;0_33;1_29,1,1_31,1_31,1_31,1.0,0.9898236173295846,1.0,1.0,0.7055002450464626,0.0037711512042015796,2.5244868938680876,10.124832436851847
artificial_perturbation,amplitude_noise,0.1,2_1_31_11_2_16.bin,3,1_31,1_31;1_30;0_34;0_33;1_29,1,1_31,1_31,1_31,1.0,0.9905678467666137,1.0,1.0,0.8019919361941925,0.0022304836929695556,3.4605645285289075,7.5886477617526875
artificial_perturbation,amplitude_noise,0.1,2_1_31_11_2_16.bin,6,1_31,1_31;1_30;0_34;0_33;1_29,1,1_31,1_31,1_31,1.0,0.9900503485757572,1.0,1.0,0.8446024476739771,0.0016621798576138041,4.855478676024095,7.501518431852503
artificial_perturbation,amplitude_noise,0.1,2_1_31_11_2_16.bin,7,1_31,1_31;1_30;0_34;0_33;1_29,1,1_31,1_31,1_31,1.0,0.9901818714038692,1.0,1.0,0.7974075793476235,0.0022952447952032822,6.626582415825796,6.562149021493654
artificial_perturbation,amplitude_noise,0.1,2_1_32_11_2_16.bin,4,1_32,1_32;0_33;1_29;0_34;0_35,1,1_32,1_32,1_32,1.0,0.9819479198443041,1.0,1.0,1.0,0.0,2.9059620267685284,8.85997198529563
artificial_perturbation,amplitude_noise,0.1,2_1_32_11_2_16.bin,5,1_32,1_32;0_33;1_29;0_34;1_28,1,1_32,1_32,1_32,1.0,0.9956727836090798,1.0,1.0,0.857769198603046,0.0014979916301707597,12.675938274041721,7.542624877752248
artificial_perturbation,amplitude_noise,0.1,2_1_32_11_2_16.bin,9,1_32,1_32;0_33;1_29;0_34;1_28,1,1_32,1_32,1_32,1.0,0.986826898068708,1.0,1.0,0.8227615809449967,0.0019461219027650742,5.065355238373825,8.443089169780116
artificial_perturbation,amplitude_noise,0.1,2_1_32_11_2_16.bin,17,1_32,1_32;0_33;1_29;0_34;1_28,1,1_32,1_32,1_32,1.0,0.9736737846135506,1.0,1.0,0.8299049392713227,0.0018516100538132731,6.491138887790187,8.370215468774402
artificial_perturbation,amplitude_noise,0.1,2_2_15_11_2_16.bin,3,2_15,2_15;0_48;1_16;1_17;1_18,1,2_15,2_15,2_15,0.9999999999589434,0.9736583440588901,0.9999999999589434,0.9999999999794718,0.5506057472328066,0.007373487540022613,2.553766333930132,2.142690988984732
artificial_perturbation,amplitude_noise,0.1,2_2_15_11_2_16.bin,10,2_15,2_15;1_16;0_48;1_17;1_18,1,2_15,2_15,2_15,1.0,0.9678678121380588,1.0,1.0,0.6216503364141066,0.005498362337511935,3.3613068570795215,-0.17259823198847024
artificial_perturbation,amplitude_noise,0.1,2_2_15_11_2_16.bin,16,2_15,2_15;1_16;1_17;0_48;1_18,1,2_15,2_15,2_15,1.0,0.9813030887802409,1.0,1.0,0.4870743984948475,0.009513607951424793,2.9489625921148157,-0.5349682657072048
artificial_perturbation,amplitude_noise,0.1,2_2_15_11_2_16.bin,20,2_15,2_15;0_48;1_16;1_17;1_18,1,2_15,2_15,2_15,0.999999990888102,0.9722268794235652,0.999999990888102,0.9999999954440455,0.6381977312833802,0.005121559314388809,2.7424636174074593,2.7943559862163982
artificial_perturbation,amplitude_noise,0.25,2_0_33_11_2_16.bin,0,0_33,0_33;1_30;1_29;0_34;0_35,1,0_33,0_33,0_33,0.9999999969926674,0.9741286506394176,0.9999999969926674,0.9999999984963337,0.6463591009355869,0.00494281999431513,8.36199667568744,8.637836252884817
artificial_perturbation,amplitude_noise,0.25,2_0_33_11_2_16.bin,3,0_33,0_33;0_34;1_30;1_29;0_35,1,0_33,0_33,0_33,0.9999991052997643,0.969968958234723,0.9999991052997643,0.9999994944958128,0.8915585419837454,0.0010988329143421683,6.419620833733007,8.433544024012352
artificial_perturbation,amplitude_noise,0.25,2_0_33_11_2_16.bin,17,0_33,0_34;0_33;1_30;1_29;0_35,1,0_34,0_34,0_34,0.9997160450535097,0.9699322252788274,0.9997160450535097,0.999845995081521,0.23113393989674044,0.0300519837267699,5.169122068043952,8.11544761225251
artificial_perturbation,amplitude_noise,0.25,2_0_33_11_2_16.bin,18,0_33,0_33;1_30;0_34;1_29;1_27,1,1_30,1_30,1_30,0.8909229338875108,0.009115034693358393,0.8909229338875108,0.9454574878759506,0.5405909398352792,0.0076774495274231,12.056886921876314,6.066598230681948
artificial_perturbation,amplitude_noise,0.25,2_0_34_11_2_16.bin,4,0_34,0_34;1_30;1_29;0_35;0_33,1,0_34,0_34,0_34,0.9999864396059879,0.9716806792499046,0.9999864396059879,0.9999932158138839,0.7126103791162964,0.003643385393666492,12.169600899516182,9.2712223769946
artificial_perturbation,amplitude_noise,0.25,2_0_34_11_2_16.bin,8,0_34,1_31;1_30;0_34;0_35;0_37,1,1_30,1_30,1_30,0.9464013994863822,0.8971780969002461,0.9464013994863822,0.9732006997414061,0.8275187876206952,0.0018829990918705693,1.6984398197650963,8.081744342210424
artificial_perturbation,amplitude_noise,0.25,2_0_34_11_2_16.bin,16,0_34,0_34;1_30;0_35;0_36;1_27,1,0_34,0_34,0_34,0.9999984410414885,0.9716496393287567,0.9999984410414885,0.999999220331475,0.9092936824293361,0.0009011965892247305,2.888413484683431,7.764734628988116
artificial_perturbation,amplitude_noise,0.25,2_0_34_11_2_16.bin,18,0_34,0_34;1_30;0_33;1_29;1_27,1,1_30,1_30,1_30,0.9286679325875882,0.03981663863707119,0.9286679325875882,0.9643284805325396,0.5801261250882053,0.0065385674234229646,2.4710640636363026,7.583237200424694
artificial_perturbation,amplitude_noise,0.25,2_0_35_11_2_16.bin,11,0_35,0_35;0_37;1_26;0_36;1_31,1,0_36,0_36,0_36,0.3988682282310197,0.02040120990458516,0.3988682282310197,0.6980354927198846,0.66576705018694,0.004535374368987191,14.441632434160786,8.298164301796708
artificial_perturbation,amplitude_noise,0.25,2_0_35_11_2_16.bin,12,0_35,0_35;0_34;0_36;1_29;1_28,1,0_35,0_35,0_35,0.053041701949193554,0.5022119474811497,0.053041701949193554,0.526520850345369,0.8906868650219644,0.0011087496064988405,7.73348118417597,7.210482508266491
artificial_perturbation,amplitude_noise,0.25,2_0_35_11_2_16.bin,13,0_35,0_35;0_36;1_27;1_26;0_37,1,0_35,0_35,0_35,0.896163184615076,0.9389247058569556,0.896163184615076,0.9479929617974517,0.5566803696050832,0.007194443934453336,10.110575960080372,5.913308676502321
artificial_perturbation,amplitude_noise,0.25,2_0_35_11_2_16.bin,17,0_35,0_35;0_36;0_34;1_28;1_27,1,0_35,0_35,0_35,0.9999974386921995,0.9674084959404745,0.9999974386921995,0.999998714791021,0.8604762851026032,0.001464857241890054,3.7415407653985637,6.955568166968063
artificial_perturbation,amplitude_noise,0.25,2_0_36_11_2_16.bin,6,0_36,0_36;1_27;0_37;0_35;1_26,1,0_36,0_36,0_36,0.9949381194138224,0.9836960239358733,0.9949381194138224,0.99739835419571,0.6144978851875764,0.00566751331675772,14.013583196707716,8.79846898396608
artificial_perturbation,amplitude_noise,0.25,2_0_36_11_2_16.bin,11,0_36,0_36;0_37;1_27;0_38;1_26,1,0_36,0_36,0_36,0.7767528732847383,0.9077138588280331,0.7767528732847383,0.888366882180519,0.6535206144289945,0.0047896555950276394,10.482289654140212,7.819511387745809
artificial_perturbation,amplitude_noise,0.25,2_0_36_11_2_16.bin,12,0_36,0_36;1_24;1_26;0_37;0_38,1,0_36,0_36,0_36,0.883639188190065,0.9507970994515014,0.883639188190065,0.9396740137348423,0.7360824734475875,0.0032391266720869735,2.9002477864400396,7.641794328256559
artificial_perturbation,amplitude_noise,0.25,2_0_36_11_2_16.bin,13,0_36,0_35;0_34;1_27;1_29;0_36,1,0_35,0_35,0_35,0.9995748363052397,0.9746568555555932,0.9995748363052397,0.9997873989107505,0.6499490723509486,0.004865618808510488,8.161934554294165,9.20176415166244
artificial_perturbation,amplitude_noise,0.25,2_0_37_11_2_16.bin,2,0_37,0_36;0_37;1_27;0_38;1_26,1,0_36,0_36,0_36,0.238991177480259,0.6490209458652779,0.238991177480259,0.6159798554625852,0.5902289101946484,0.006272013922711704,3.7161477264458913,6.490131008687493
artificial_perturbation,amplitude_noise,0.25,2_0_37_11_2_16.bin,9,0_37,0_37;0_38;0_36;1_24;1_23,1,0_37,0_37,0_37,0.6549465468818405,0.8698725820214817,0.6549465468818405,0.8213015400320685,0.7029619459145477,0.003817389305667887,8.05657791889113,7.897781523461658
artificial_perturbation,amplitude_noise,0.25,2_0_37_11_2_16.bin,11,0_37,0_37;0_36;0_38;1_27;1_23,1,0_37,0_37,0_37,0.9922779210566366,0.9487670943784163,0.9922779210566366,0.9960153286024422,0.5647824463486408,0.006961637257210705,4.689239258970472,10.208399220069445
artificial_perturbation,amplitude_noise,0.25,2_0_37_11_2_16.bin,16,0_37,0_38;0_37;1_23;0_39;0_40,1,0_38,0_38,0_38,0.9882412426107209,0.9745467391947716,0.9882412426107209,0.9922906887535754,0.7430091162011849,0.0031247102542224553,2.057088773334422,8.625773235552924
artificial_perturbation,amplitude_noise,0.25,2_0_38_11_2_16.bin,4,0_38,0_37;0_38;0_36;1_24;0_39,1,0_37,0_37,0_37,0.7762777570400335,0.8913065090209891,0.7762777570400335,0.8881142025367168,0.9687569940011664,0.00029135611547178203,5.156280033798261,7.3447992800622295
artificial_perturbation,amplitude_noise,0.25,2_0_38_11_2_16.bin,5,0_38,0_37;0_38;0_36;0_35;1_24,1,0_37,0_37,0_37,0.9751310318600206,0.9564787377724973,0.9751310318600206,0.9843391462570018,0.7380978297992243,0.0032056148825446054,8.769533102954925,8.107937605416321
artificial_perturbation,amplitude_noise,0.25,2_0_38_11_2_16.bin,8,0_38,0_38;0_40;1_21;1_24;1_23,1,0_38,0_38,0_38,0.9534975313714065,0.9622229364382714,0.9534975313714065,0.976281227685103,0.705956769347559,0.0037628703564240567,-1.728239889504978,6.968245166975698
artificial_perturbation,amplitude_noise,0.25,2_0_38_11_2_16.bin,15,0_38,0_38;0_37;1_24;1_23;0_36,1,0_38,0_38,0_38,0.566596233174266,0.8298353273573866,0.566596233174266,0.7820172536337157,0.7469188114279666,0.0030610656571570887,8.364691358141465,7.851835861526821
artificial_perturbation,amplitude_noise,0.25,2_0_39_11_2_16.bin,1,0_39,0_39;0_38;1_23;0_37;1_20,1,0_39,0_39,0_39,0.9267492261944785,0.95215685065575,0.9267492261944785,0.9633044948551653,0.521577624396199,0.008286644507017965,1.0045561225815238,8.569634794442386
artificial_perturbation,amplitude_noise,0.25,2_0_39_11_2_16.bin,12,0_39,0_38;0_37;0_39;1_23;1_24,1,0_38,0_38,0_38,0.489416056011195,0.08475831542027679,0.489416056011195,0.7427864459285575,0.8715424928404842,0.0013315488395277608,5.253002888974408,7.6296471572316396
artificial_perturbation,amplitude_noise,0.25,2_0_39_11_2_16.bin,15,0_39,0_39;0_38;1_23;1_24;0_37,1,0_38,0_39,0_39,0.11653459911693936,0.3679575145225632,0.3679575145225632,0.5574878628897737,1.0,0.0,-1.1670742834351826,7.694822441011141
artificial_perturbation,amplitude_noise,0.25,2_0_39_11_2_16.bin,20,0_39,0_39;1_20;0_38;1_21;1_23,1,0_39,0_39,0_39,0.8468988019463807,0.9213876594709111,0.8468988019463807,0.9223317396603986,0.5604628686418954,0.007084919189427062,6.555940997224595,7.1201878618206536
artificial_perturbation,amplitude_noise,0.25,2_0_40_11_2_16.bin,9,0_40,0_40;1_21;1_22;0_38;0_39,1,0_40,0_40,0_40,0.782276234508088,0.9230888916815039,0.782276234508088,0.8630384823331277,0.7925643977795591,0.0023644760189947774,-0.9159224643821525,7.456169087518425
artificial_perturbation,amplitude_noise,0.25,2_0_40_11_2_16.bin,10,0_40,0_40;1_21;1_22;0_42;0_38,1,0_40,0_40,0_40,0.9650680871930487,0.9351481254986469,0.9650680871930487,0.9820531495327456,0.7236120657515581,0.0034506384482457697,8.32033027233279,7.426493783895554
artificial_perturbation,amplitude_noise,0.25,2_0_40_11_2_16.bin,15,0_40,0_38;0_40;1_24;1_22;0_37,1,0_38,0_40,0_38,0.4191750849365103,0.0630384162325035,0.4191750849365103,0.6213055379131324,0.5510926996477178,0.007358989566485559,9.71621527257432,6.768742262103164
artificial_perturbation,amplitude_noise,0.25,2_0_40_11_2_16.bin,18,0_40,0_40;1_21;1_22;0_38;0_37,1,0_40,1_21,0_40,0.4358978491626516,0.1653790630083093,0.4358978491626516,0.6963272040872004,0.6049972726304528,0.005898381441375412,-1.7141653217571342,6.721245744633204
artificial_perturbation,amplitude_noise,0.25,2_0_42_11_2_16.bin,1,0_42,0_44;0_43;0_42;1_19;1_20,1,0_44,0_43,0_44,0.7733716469050843,0.02975409361838044,0.7733716469050843,0.8835217400629611,0.8215310473772331,0.0019625687120832544,2.5506327179915784,7.363511105716466
artificial_perturbation,amplitude_noise,0.25,2_0_42_11_2_16.bin,7,0_42,1_20;0_42;1_19;1_21;0_43,1,1_20,0_42,1_20,0.42546188721659284,0.13870217418982211,0.42546188721659284,0.6187544394539429,0.7522262814089062,0.0029757258173731182,6.986504318952642,7.80379046663427
artificial_perturbation,amplitude_noise,0.25,2_0_42_11_2_16.bin,11,0_42,1_20;1_23;1_21;0_39;1_24,0,1_21,1_21,1_21,0.2367104840623947,0.6655519523589801,0.2367104840623947,0.5967075161935878,0.9114758211755957,0.0008774107098879627,3.4744884672975065,6.724440085760048
artificial_perturbation,amplitude_noise,0.25,2_0_42_11_2_16.bin,18,0_42,1_20;0_43;1_19;0_42;1_21,1,0_43,0_42,0_42,0.07400129063792343,0.21753569851140808,0.21753569851140808,0.32145179869313023,0.9272790228024124,0.0007084928111422572,8.320362999026816,6.98296051538032
artificial_perturbation,amplitude_noise,0.25,2_0_43_11_2_16.bin,10,0_43,0_43;0_42;1_21;0_40;0_44,1,0_43,0_43,0_43,0.5999024514035652,0.8628998582508095,0.5999024514035652,0.7765477226442625,0.6482629518400662,0.0049017718015628075,5.530033495946579,8.318026241424699
artificial_perturbation,amplitude_noise,0.25,2_0_43_11_2_16.bin,13,0_43,1_21;0_42;0_43;1_20;0_40,1,1_19,0_42,0_42,0.12782096995720527,0.2910775960914578,0.2910775960914578,0.3603660413363257,0.8836323333131125,0.0011897258675622646,10.877786501943831,8.14773700176133
artificial_perturbation,amplitude_noise,0.25,2_0_43_11_2_16.bin,15,0_43,0_43;0_50;0_44;0_42;0_48,1,0_50,0_43,0_50,0.27225790214169254,0.16837942410962725,0.27225790214169254,0.5200224583716299,0.7500238488672312,0.003010992549277325,5.1049256235700025,7.594634138676632
artificial_perturbation,amplitude_noise,0.25,2_0_43_11_2_16.bin,19,0_43,0_43;0_44;0_50;0_42;1_20,1,0_43,0_43,0_43,0.6011575841558991,0.8781791094086382,0.6011575841558991,0.7948149883497047,0.7464696807702372,0.0030683430079157456,4.045993813875721,8.821116136645257
artificial_perturbation,amplitude_noise,0.25,2_0_44_11_2_16.bin,3,0_44,0_44;0_48;0_50;0_45;0_43,1,0_50,0_48,0_50,0.6048725206571938,0.07705673049556105,0.6048725206571938,0.7777903382999373,0.7735166193287895,0.0026451656044144513,-0.9761170706052954,7.442972139912857
artificial_perturbation,amplitude_noise,0.25,2_0_44_11_2_16.bin,9,0_44,0_43;0_44;0_48;0_50;0_45,1,0_43,0_43,0_43,0.20888892667596332,0.6792569841393159,0.20888892667596332,0.47880173630154427,0.38540993438202564,0.014406179043621823,10.856977679587638,7.171074686603827
artificial_perturbation,amplitude_noise,0.25,2_0_44_11_2_16.bin,11,0_44,0_44;0_42;1_19;0_43;1_20,1,0_44,0_44,0_44,0.9888324311036032,0.9655146253905454,0.9888324311036032,0.9937050280783984,0.584400517220605,0.006424666426983268,3.5201217361594246,9.185751727312088
artificial_perturbation,amplitude_noise,0.25,2_0_44_11_2_16.bin,16,0_44,0_42;0_44;1_20;1_19;0_43,1,0_42,0_42,0_42,0.6838308783863103,0.9319353710993206,0.6838308783863103,0.7811615694410967,0.6641714340544055,0.0045679739565367,5.563220974069861,7.404602577404477
artificial_perturbation,amplitude_noise,0.25,2_0_45_11_2_16.bin,3,0_45,0_48;0_45;1_17;1_16;0_50,1,0_48,0_48,0_48,0.9980790793945762,0.9599766514818483,0.9980790793945762,0.9990389903699917,0.4257307072067586,0.012186157732647133,4.094671020294174,6.109437467800761
artificial_perturbation,amplitude_noise,0.25,2_0_45_11_2_16.bin,6,0_45,0_45;0_48;1_18;1_17;1_19,1,0_45,0_45,0_45,0.5394208611389959,0.8372676692039905,0.5394208611389959,0.7131914236224091,0.74250964320056,0.003132889287090331,0.4961120283419137,6.828447781111567
artificial_perturbation,amplitude_noise,0.25,2_0_45_11_2_16.bin,7,0_45,0_45;0_48;1_17;1_16;0_44,1,0_48,0_45,0_48,0.011908274008163466,0.4525860826485526,0.011908274008163466,0.5059481967874616,0.7587952135791646,0.0028717558592947826,0.7464108687953828,6.8391438196792365
artificial_perturbation,amplitude_noise,0.25,2_0_45_11_2_16.bin,16,0_45,0_45;0_48;1_17;0_50;1_20,1,0_45,0_45,0_45,0.9548407178622622,0.935993162359785,0.9548407178622622,0.9774199096133565,0.5283357679165885,0.008065087942437002,0.18231963013198116,5.871671120319286
artificial_perturbation,amplitude_noise,0.25,2_0_48_11_2_16.bin,2,0_48,0_48;0_50;0_45;1_16;2_15,1,0_48,0_48,0_48,0.9943261864600118,0.9385983773972232,0.9943261864600118,0.997162762966776,0.8884058278539182,0.0011347920716822404,3.006307772939173,5.445399141445716
artificial_perturbation,amplitude_noise,0.25,2_0_48_11_2_16.bin,5,0_48,0_45;0_44;1_20;1_17;1_19,0,0_44,0_45,0_44,0.0016351836240298678,0.29697400377841465,0.0016351836240298678,0.2534669788298984,0.7715298751175979,0.002675240611384683,2.0723381666123655,6.831764653138173
artificial_perturbation,amplitude_noise,0.25,2_0_48_11_2_16.bin,7,0_48,0_45;0_44;1_17;1_19;1_18,0,0_45,0_45,0_45,0.3422569589432275,0.7948406157330777,0.3422569589432275,0.5599393826976267,0.6844469907341669,0.004165035282671586,3.750702017639452,6.636663472525172
artificial_perturbation,amplitude_noise,0.25,2_0_48_11_2_16.bin,13,0_48,1_16;0_48;1_17;1_18;0_45,1,1_16,1_16,1_16,0.9694240691740287,0.32580542751041586,0.9694240691740287,0.9844962769620066,0.38397050413095046,0.014494052160997795,4.975212073853951,3.3537820585574556
artificial_perturbation,amplitude_noise,0.25,2_0_50_11_2_16.bin,10,0_50,0_50;0_48;0_43;0_42;0_44,1,0_50,0_50,0_50,0.9999990489604496,0.9728035484921643,0.9999990489604496,0.9999995244802132,0.8609998055118014,0.0014584734630169374,1.0812421184911858,8.14819787695134
artificial_perturbation,amplitude_noise,0.25,2_0_50_11_2_16.bin,11,0_50,0_44;0_43;0_42;1_19;1_20,0,0_44,0_44,0_44,0.9578055485781469,0.928725251800562,0.9578055485781469,0.9775194187307624,0.6772591924794473,0.004305118893937827,2.65936378763967,9.62206437142842
artificial_perturbation,amplitude_noise,0.25,2_0_50_11_2_16.bin,14,0_50,0_50;0_44;0_48;0_43;0_40,1,0_50,0_50,0_50,0.999997086761815,0.9664665501923009,0.999997086761815,0.9999985405848804,0.8972573663051259,0.0010344746166532084,3.9661848605964716,8.519056117150898
artificial_perturbation,amplitude_noise,0.25,2_0_50_11_2_16.bin,18,0_50,0_50;0_44;0_43;0_48;0_45,1,0_50,0_50,0_50,0.9998151123446287,0.9867224990935345,0.9998151123446287,0.9998962691745041,0.16845540956762556,0.044595060520628796,6.060955385960904,8.134895967936332
artificial_perturbation,amplitude_noise,0.25,2_1_16_11_2_16.bin,2,1_16,1_16;0_48;1_17;1_18;2_15,1,1_16,1_16,1_16,0.9998576415433604,0.968896527692845,0.9998576415433604,0.9999250466493831,0.607469988531537,0.00583759843807405,-0.6135667038328427,2.7450631947403394
artificial_perturbation,amplitude_noise,0.25,2_1_16_11_2_16.bin,5,1_16,1_16;1_18;1_17;1_19;0_48,1,1_16,1_16,1_16,0.2316858063524765,0.6553461827486642,0.2316858063524765,0.6134183883959393,0.8604310596848718,0.001465409082655303,-3.373623297214066,2.8644281181215256
artificial_perturbation,amplitude_noise,0.25,2_1_16_11_2_16.bin,14,1_16,1_16;1_18;1_17;0_48;2_15,1,1_16,1_16,1_16,0.9935594322165296,0.9697399233980891,0.9935594322165296,0.996703127437829,0.9018470300669915,0.000983233671077982,11.871717398564867,2.2322281202014134
artificial_perturbation,amplitude_noise,0.25,2_1_16_11_2_16.bin,18,1_16,0_48;2_15;1_16;0_45;1_17,1,0_48,0_48,0_48,0.9927429729057147,0.982523021479859,0.9927429729057147,0.9963714433706266,0.718815032622782,0.003533955893334855,0.5712684662075864,3.716744508993113
artificial_perturbation,amplitude_noise,0.25,2_1_17_11_2_16.bin,1,1_17,0_45;1_16;1_17;0_48;1_18,1,0_45,0_45,0_45,0.006902626226071018,0.47952859606200515,0.006902626226071018,0.4158856209408568,0.401118812319579,0.013488194420614663,1.8436300869511326,4.982074289485391
artificial_perturbation,amplitude_noise,0.25,2_1_17_11_2_16.bin,11,1_17,1_18;1_17;1_20;1_19;1_16,1,1_18,1_18,1_18,0.9903265943074202,0.9715697859206378,0.9903265943074202,0.9931346097581433,0.52085998458379,0.00831050902985709,0.3531208453377498,4.479702583188203
artificial_perturbation,amplitude_noise,0.25,2_1_17_11_2_16.bin,19,1_17,0_48;0_45;1_16;1_17;2_15,1,0_48,0_48,0_48,0.9826473180370718,0.8849162308259182,0.9826473180370718,0.990187422036527,0.5184999714851238,0.00838945516246963,0.4150948810762518,4.019456669530385
artificial_perturbation,amplitude_noise,0.25,2_1_17_11_2_16.bin,20,1_17,1_16;1_17;1_18;0_45;0_48,1,1_16,1_16,1_16,0.9048417253085799,0.040026712870096626,0.9048417253085799,0.9389397452336548,0.9804419046776591,0.00018021497272136466,-0.4799564753625467,3.4819555194133134
artificial_perturbation,amplitude_noise,0.25,2_1_18_11_2_16.bin,9,1_18,1_17;1_18;1_16;0_45;1_20,1,1_17,1_17,1_17,0.24791043774851917,0.6984092668348125,0.24791043774851917,0.5242876526011018,0.5712393118298171,0.0067808330058467346,4.400072913378703,4.879469106385081
artificial_perturbation,amplitude_noise,0.25,2_1_18_11_2_16.bin,10,1_18,1_16;1_18;1_17;0_45;0_48,1,1_16,1_16,1_16,0.8474302781418734,0.9409460116235292,0.8474302781418734,0.9069056675417002,0.6705176097934845,0.004439235620792506,9.86121529595824,4.490857534785087
artificial_perturbation,amplitude_noise,0.25,2_1_18_11_2_16.bin,11,1_18,1_16;1_18;1_17;0_45;0_48,1,1_16,1_16,1_16,0.9597103297749043,0.9273182853865616,0.9597103297749043,0.9780425236032709,0.7966206181938661,0.0023064367918171308,5.309456821445433,3.296379297280139
artificial_perturbation,amplitude_noise,0.25,2_1_18_11_2_16.bin,14,1_18,1_18;1_17;1_16;0_45;1_19,1,1_18,1_18,1_18,0.2710514650540603,0.6294145599338388,0.2710514650540603,0.6348969860487095,0.651791597865236,0.004826326133027946,5.58687607274244,5.435648444351415
artificial_perturbation,amplitude_noise,0.25,2_1_19_11_2_16.bin,4,1_19,1_19;1_20;0_42;0_43;0_44,1,1_19,1_19,1_19,0.8625100889151519,0.9424095059952465,0.8625100889151519,0.9171858359851344,0.8186937543938152,0.0020006792345580063,14.04085156338028,6.915585857560479
artificial_perturbation,amplitude_noise,0.25,2_1_19_11_2_16.bin,11,1_19,1_20;1_19;0_39;0_42;1_21,1,1_20,1_20,1_20,0.9372865866170922,0.00450043202784256,0.9372865866170922,0.9580637602305007,0.6885368288356616,0.004086633615085952,3.5277245116806535,8.255477111187977
artificial_perturbation,amplitude_noise,0.25,2_1_19_11_2_16.bin,14,1_19,0_44;1_19;0_42;0_45;1_20,1,0_44,1_19,1_19,0.38951139318992295,0.17528517487940287,0.17528517487940287,0.6333149419088141,0.9001749057483018,0.0010018414680456973,6.122877117132838,6.920926319023483
artificial_perturbation,amplitude_noise,0.25,2_1_19_11_2_16.bin,17,1_19,1_20;1_19;0_42;1_18;0_44,1,1_18,1_19,1_18,0.017886408121054576,0.3515533713820458,0.017886408121054576,0.35513588913026783,0.5105647285817929,0.008660254037844387,3.511221409800843,6.227580146607432
artificial_perturbation,amplitude_noise,0.25,2_1_20_11_2_16.bin,0,1_20,1_19;1_20;0_42;1_21;1_23,1,1_19,1_20,1_19,0.406491047146078,0.15064724417348763,0.406491047146078,0.6839178819902926,0.6582213724907751,0.004690931580930959,7.128340222614682,8.15011326876959
artificial_perturbation,amplitude_noise,0.25,2_1_20_11_2_16.bin,4,1_20,1_17;1_20;0_42;1_19;0_44,1,1_17,1_17,1_17,0.9993498049746147,0.9818403095483453,0.9993498049746147,0.9996545065234915,0.5711071334472553,0.006784493257437827,-3.4029536004076313,5.513157961710599
artificial_perturbation,amplitude_noise,0.25,2_1_20_11_2_16.bin,19,1_20,1_19;0_42;1_20;0_44;1_18,1,1_19,0_42,1_19,0.34786648333563946,0.19655728703363473,0.34786648333563946,0.6546425226558218,0.5476638660225893,0.007461624178250734,-2.630085849013186,7.530243347444737
artificial_perturbation,amplitude_noise,0.25,2_1_20_11_2_16.bin,20,1_20,1_19;1_20;0_42;0_43;0_44,1,1_19,0_42,1_19,0.09489207764528984,0.05739536325679784,0.09489207764528984,0.4382199643589371,0.5711574116859738,0.0067831007650460216,11.319382101023788,5.656878160449452
artificial_perturbation,amplitude_noise,0.25,2_1_21_11_2_16.bin,3,1_21,0_39;1_21;0_40;1_20;1_23,1,0_39,0_39,0_39,0.13472601648876908,0.6199786534986598,0.13472601648876908,0.3877429231299842,0.6086445620775853,0.005808898707530372,1.5161137579699924,7.869546830367385
artificial_perturbation,amplitude_noise,0.25,2_1_21_11_2_16.bin,5,1_21,1_21;0_40;1_20;1_22;0_38,1,1_21,1_21,1_21,0.4924374911746734,0.8221360381262902,0.4924374911746734,0.7407352509146614,0.5188444600901722,0.008377886713981451,0.4973626751823019,7.4662971714722435
artificial_perturbation,amplitude_noise,0.25,2_1_21_11_2_16.bin,6,1_21,0_38;1_23;1_21;0_40;0_39,1,0_38,0_38,0_38,0.4776146386287323,0.8212913244000293,0.4776146386287323,0.7105169796506348,0.6871669845607793,0.004112789409529374,8.021042825538878,8.866915755624206
artificial_perturbation,amplitude_noise,0.25,2_1_21_11_2_16.bin,7,1_21,1_21;1_23;0_40;0_39;1_20,1,1_21,1_21,1_21,0.8661971261377375,0.9747848091546467,0.8661971261377375,0.9099422228328482,0.5198424802808747,0.008344458239770989,-0.1424505068078089,8.991179475176205
artificial_perturbation,amplitude_noise,0.25,2_1_22_11_2_16.bin,0,1_22,0_40;1_22;1_21;0_43;1_23,1,0_40,0_40,0_40,0.9368881960257247,0.07016920899676904,0.9368881960257247,0.9644287422126151,0.5928610044414677,0.006204060044203931,9.118515817577752,8.471407400628955
artificial_perturbation,amplitude_noise,0.25,2_1_22_11_2_16.bin,8,1_22,0_38;0_37;1_22;0_40;1_24,1,0_38,0_38,0_38,0.7856439154480649,0.0659430292206501,0.7856439154480649,0.8391747005501674,0.621723604598575,0.005496649729080249,10.254971150616143,7.547968547308464
artificial_perturbation,amplitude_noise,0.25,2_1_22_11_2_16.bin,10,1_22,0_40;1_22;1_21;0_38;1_23,1,0_40,0_40,0_40,0.852549232854538,0.045768942783208755,0.852549232854538,0.9222598094545915,0.7108971056619562,0.0036739384016336203,8.001946244883362,7.490044824216982
artificial_perturbation,amplitude_noise,0.25,2_1_22_11_2_16.bin,13,1_22,1_22;0_40;1_24;1_21;1_23,1,0_40,1_22,0_40,0.17224822776452514,0.3110897740533459,0.17224822776452514,0.5358982464197153,0.6087094475286609,0.005807316513590968,15.277683632394403,7.139444182368926
artificial_perturbation,amplitude_noise,0.25,2_1_23_11_2_16.bin,0,1_23,1_18;1_19;1_20;0_39;0_42,0,1_19,1_19,1_19,0.5933937823691503,0.8138210079343092,0.5933937823691503,0.795589648711914,0.842415073080246,0.0016899533744386542,9.132779284624284,7.549417613660939
artificial_perturbation,amplitude_noise,0.25,2_1_23_11_2_16.bin,3,1_23,1_24;1_23;0_38;0_37;1_25,1,1_24,1_24,1_24,0.2259954905418386,0.6573291075576625,0.2259954905418386,0.5864021358983178,0.5932925637333091,0.00619297583131936,13.323791043485276,7.830447120549644
artificial_perturbation,amplitude_noise,0.25,2_1_23_11_2_16.bin,12,1_23,0_39;1_23;1_20;1_19;1_21,1,0_39,0_39,0_39,0.6204921670932353,0.8648876003829729,0.6204921670932353,0.8014681613123754,0.3992003039733647,0.013596433970062388,10.498048858836567,7.567559267680089
artificial_perturbation,amplitude_noise,0.25,2_1_23_11_2_16.bin,20,1_23,1_23;1_24;0_38;0_40;1_21,1,1_23,1_23,1_23,0.38902730777158445,0.7934425021426629,0.38902730777158445,0.6373288577491548,0.348958694569034,0.01685468718845962,8.587381782229492,7.815962699416225
artificial_perturbation,amplitude_noise,0.25,2_1_24_11_2_16.bin,0,1_24,0_40;1_21;0_43;1_22;1_19,0,0_43,0_40,0_43,0.5769804651724543,0.06856395877975352,0.5769804651724543,0.7216446807698659,0.7573673759540286,0.0028942015938417903,14.438083186443418,6.449830563490792
artificial_perturbation,amplitude_noise,0.25,2_1_24_11_2_16.bin,2,1_24,1_24;0_40;1_23;1_22;0_38,1,1_24,1_24,1_24,0.9377284143510223,0.9450565301304311,0.9377284143510223,0.9627897158161277,0.5444855279897942,0.007557915208394166,3.353089603671877,6.411960448409159
artificial_perturbation,amplitude_noise,0.25,2_1_24_11_2_16.bin,10,1_24,1_25;1_24;0_38;1_26;1_23,1,1_25,1_25,1_25,0.7225000869052516,0.8573995328857913,0.7225000869052516,0.8583030333865761,0.8082743134980683,0.0021429286000102885,6.774342521403688,7.019414471400591
artificial_perturbation,amplitude_noise,0.25,2_1_24_11_2_16.bin,17,1_24,1_23;0_40;0_39;1_22;1_21,0,1_23,1_23,1_23,0.7313833986838219,0.9067758102234484,0.7313833986838219,0.8550974456868151,0.6739484914871169,0.004370646533178474,5.979262623739169,8.008902836922887
artificial_perturbation,amplitude_noise,0.25,2_1_25_11_2_16.bin,2,1_25,1_25;1_24;1_23;1_26;0_38,1,1_25,1_25,1_25,0.791548072281612,0.9067259907695585,0.791548072281612,0.8957366034023255,0.6788910405698002,0.004273055394577047,11.916614961877077,8.60629463634694
artificial_perturbation,amplitude_noise,0.25,2_1_25_11_2_16.bin,3,1_25,1_25;1_26;1_24;1_23;0_38,1,1_25,1_25,1_25,0.7180245812973425,0.8860554422149172,0.7180245812973425,0.8559561950069684,0.6232975984532129,0.005459955615617408,13.752880153665798,8.603939917632005
artificial_perturbation,amplitude_noise,0.25,2_1_25_11_2_16.bin,14,1_25,1_25;1_24;1_23;1_26;0_39,1,1_25,1_25,1_25,0.908070065696178,0.9401364574318609,0.908070065696178,0.9540350314235861,0.7916853427892796,0.0023771325607528466,4.51503770361921,9.125452874339036
artificial_perturbation,amplitude_noise,0.25,2_1_25_11_2_16.bin,16,1_25,1_26;1_25;1_24;1_23;1_27,1,1_25,1_26,1_25,0.1577017028235737,0.3411256993731788,0.1577017028235737,0.5765507888987278,0.7270719492461472,0.0033912277765690184,3.833309417309671,8.319566117037287
artificial_perturbation,amplitude_noise,0.25,2_1_26_11_2_16.bin,3,1_26,1_25;1_24;1_26;1_23;1_27,1,1_25,1_24,1_25,0.4646975710382096,0.13662655343160168,0.4646975710382096,0.7315714372950053,0.6378893088770478,0.005128403653496483,12.257474228764082,6.790501357729125
artificial_perturbation,amplitude_noise,0.25,2_1_26_11_2_16.bin,12,1_26,1_26;1_25;1_27;0_36;0_35,1,1_26,1_26,1_26,0.6246538207870755,0.8658448395039848,0.6246538207870755,0.8071331910598192,0.559151664705058,0.007122718158399681,7.497357503368785,9.392089946589852
artificial_perturbation,amplitude_noise,0.25,2_1_26_11_2_16.bin,13,1_26,1_26;1_25;0_37;0_35;1_24,1,1_26,1_26,1_26,0.9594653833930317,0.9539567929191867,0.9594653833930317,0.979176097936427,0.5406355139998366,0.007676071696094266,4.52515295090391,8.974087221321165
artificial_perturbation,amplitude_noise,0.25,2_1_26_11_2_16.bin,17,1_26,1_25;1_26;1_24;1_23;0_38,1,1_25,1_25,1_25,0.33182329705886315,0.6588485856415377,0.33182329705886315,0.6415596871127479,0.7745988354831741,0.0026288481014412252,11.755826307320554,8.878224157416732
artificial_perturbation,amplitude_noise,0.25,2_1_27_11_2_16.bin,1,1_27,1_27;0_36;0_35;0_37;0_34,1,1_27,1_27,1_27,0.9546343513551205,0.9609641493509947,0.9546343513551205,0.9755444730741245,0.5770007686275243,0.006622917779311074,2.994762535038085,8.491105208922761
artificial_perturbation,amplitude_noise,0.25,2_1_27_11_2_16.bin,5,1_27,1_27;0_36;0_35;1_28;1_26,1,1_27,1_27,1_27,0.9575629561048836,0.9729768704877649,0.9575629561048836,0.9719218122032961,0.3437610765727196,0.017246122327944098,9.16155269270886,8.430867944852013
artificial_perturbation,amplitude_noise,0.25,2_1_27_11_2_16.bin,10,1_27,1_26;1_24;1_25;1_27;0_36,1,1_25,1_26,1_25,0.1659868933385027,0.24945169579868942,0.1659868933385027,0.46002020110223213,0.6942029983421976,0.003979540369790238,14.413862945636753,7.998522741166175
artificial_perturbation,amplitude_noise,0.25,2_1_27_11_2_16.bin,11,1_27,1_27;0_36;1_26;0_37;1_24,1,1_27,1_27,1_27,0.5674963384627844,0.21975346335387091,0.5674963384627844,0.7512875287875355,0.7293153982009849,0.0033530061120088106,5.718420231931031,7.498149748996044
artificial_perturbation,amplitude_noise,0.25,2_1_28_11_2_16.bin,5,1_28,1_28;1_29;1_27;1_26;0_36,1,1_28,1_28,1_28,0.9977272699295037,0.9526967881920718,0.9977272699295037,0.998858347550449,0.5896426523747739,0.006287232198721137,7.530708614197398,7.121761930957241
artificial_perturbation,amplitude_noise,0.25,2_1_28_11_2_16.bin,10,1_28,0_35;1_28;1_31;1_18;2_15,1,1_28,1_28,1_28,0.9978877549660257,0.032145813201950535,0.9978877549660257,0.9989438015337998,0.6842508368290804,0.004168819080990789,13.854534410268315,7.944367997249847
artificial_perturbation,amplitude_noise,0.25,2_1_28_11_2_16.bin,14,1_28,1_28;1_27;1_26;1_29;1_25,1,1_28,1_28,1_28,0.9976430682172496,0.03172188060553893,0.9976430682172496,0.9987607690818047,0.6734057827766068,0.004381449658694825,5.013130327850075,7.195127938946236
artificial_perturbation,amplitude_noise,0.25,2_1_28_11_2_16.bin,18,1_28,1_28;1_29;0_35;0_36;1_27,1,1_28,1_28,1_28,0.9999524728994227,0.9661651216011853,0.9999524728994227,0.9999762364496477,0.5978689199976442,0.006076420774324078,7.86220823447573,7.979085018011709
artificial_perturbation,amplitude_noise,0.25,2_1_29_11_2_16.bin,6,1_29,1_29;1_28;0_34;0_33;1_27,1,1_29,1_29,1_29,0.9999963496466361,0.9954429524974866,0.9999963496466361,0.9999981747421747,0.46497374365186384,0.01039519984170783,15.019493890258882,10.378795300786031
artificial_perturbation,amplitude_noise,0.25,2_1_29_11_2_16.bin,7,1_29,1_29;1_27;1_28;0_35;0_34,1,1_29,1_29,1_29,0.35817656418663957,0.7347719787021729,0.35817656418663957,0.6768529649344673,0.37247222743413133,0.015220370771521862,16.51388085218987,8.89274082950147
artificial_perturbation,amplitude_noise,0.25,2_1_29_11_2_16.bin,9,1_29,1_29;0_34;1_28;1_30;0_35,1,1_29,1_29,1_29,0.9608085496347478,0.9742472364728234,0.9608085496347478,0.9804037470611842,0.7523306133070234,0.0029740603119598925,6.703698254311204,8.117933354394346
artificial_perturbation,amplitude_noise,0.25,2_1_29_11_2_16.bin,15,1_29,1_29;1_28;1_27;0_34;0_37,1,1_29,1_29,1_29,0.9404363819746807,0.9545849888343167,0.9404363819746807,0.9702181906131435,0.6752717006857883,0.0043443795961409844,2.537985513307322,8.494339128648859
artificial_perturbation,amplitude_noise,0.25,2_1_30_11_2_16.bin,1,1_30,1_30;0_34;1_31;0_36;1_27,1,1_30,1_30,1_30,0.9755661131977174,0.9569232728251964,0.9755661131977174,0.987783056598786,0.58617843476124,0.006377778896116507,8.73213253715949,7.949234440067151
artificial_perturbation,amplitude_noise,0.25,2_1_30_11_2_16.bin,2,1_30,1_30;0_34;1_31;1_27;1_29,1,1_30,1_30,1_30,0.9994265888562108,0.968985283845245,0.9994265888562108,0.9997132944269912,0.5236239909860626,0.008218953476595322,8.176363019082888,9.083101936114481
artificial_perturbation,amplitude_noise,0.25,2_1_30_11_2_16.bin,5,1_30,1_30;0_33;0_34;1_29;1_31,1,0_33,1_30,0_33,0.07085139296869103,0.37881165804314365,0.07085139296869103,0.5354256280059431,0.7008408798175906,0.003856283890264886,10.64624326561409,9.130961161660595
artificial_perturbation,amplitude_noise,0.25,2_1_30_11_2_16.bin,13,1_30,1_30;0_34;1_31;0_33;1_29,1,1_30,1_30,1_30,0.999999999825007,0.9776487034646785,0.999999999825007,0.9999999998851643,0.6756388600568387,0.004337109374952107,2.6559259980689367,6.850589229739267
artificial_perturbation,amplitude_noise,0.25,2_1_31_11_2_16.bin,2,1_31,1_31;1_30;0_34;0_33;1_27,1,1_31,1_31,1_31,1.0,0.9806213158849801,1.0,1.0,0.7289172695170565,0.0033597718631981264,2.4398826715008286,8.518569059639605
artificial_perturbation,amplitude_noise,0.25,2_1_31_11_2_16.bin,3,1_31,1_31;1_30;0_34;0_33;1_29,1,1_31,1_31,1_31,1.0,0.9907944254303362,1.0,1.0,0.6974031184647228,0.003919825555291017,1.2821759002662045,7.349454558001071
artificial_perturbation,amplitude_noise,0.25,2_1_31_11_2_16.bin,6,1_31,1_31;1_30;0_34;0_33;1_29,1,1_31,1_31,1_31,1.0,0.9921374252287195,1.0,1.0,0.8879590695637389,0.00113990835340971,4.282537111146785,7.254545290692478
artificial_perturbation,amplitude_noise,0.25,2_1_31_11_2_16.bin,7,1_31,1_31;1_30;0_34;0_33;1_29,1,1_31,1_31,1_31,1.0,0.9900879158282351,1.0,1.0,0.7074982104379458,0.003734989272342629,6.140052933908828,5.857665571802853
artificial_perturbation,amplitude_noise,0.25,2_1_32_11_2_16.bin,4,1_32,1_32;0_33;1_29;0_34;1_28,1,1_32,1_32,1_32,1.0,0.9827767675162177,1.0,1.0,0.8977041548400941,0.0010294634605767503,1.1632538097456542,7.7330243804979375
artificial_perturbation,amplitude_noise,0.25,2_1_32_11_2_16.bin,5,1_32,1_32;0_33;1_29;0_34;1_28,1,1_32,1_32,1_32,1.0,0.9932048091621642,1.0,1.0,0.80735044620931,0.002155718728290538,10.559239960927252,7.363903894635358
artificial_perturbation,amplitude_noise,0.25,2_1_32_11_2_16.bin,9,1_32,1_32;0_33;1_29;0_34;1_28,1,1_32,1_32,1_32,1.0,0.9840396706439754,1.0,1.0,0.6892130616216224,0.004073759964259724,5.613359229234695,8.37755091697005
artificial_perturbation,amplitude_noise,0.25,2_1_32_11_2_16.bin,17,1_32,1_32;0_33;1_29;0_34;1_28,1,1_32,1_32,1_32,1.0,0.973564485630261,1.0,1.0,0.8638665281316579,0.001423653993524708,5.859514576356114,8.034482856203915
artificial_perturbation,amplitude_noise,0.25,2_2_15_11_2_16.bin,3,2_15,2_15;0_48;1_16;1_17;1_18,1,2_15,2_15,2_15,0.9999999939874717,0.9732972146654723,0.9999999939874717,0.9999999964082114,0.5130171410636287,0.008575668325787931,0.9149040576848197,1.2967853865650474
artificial_perturbation,amplitude_noise,0.25,2_2_15_11_2_16.bin,10,2_15,2_15;1_16;1_17;0_48;1_18,1,2_15,2_15,2_15,1.0,0.145930857904345,1.0,1.0,0.8220122766245219,0.0019561309354159608,2.7871085631307944,-2.196654565590575
artificial_perturbation,amplitude_noise,0.25,2_2_15_11_2_16.bin,16,2_15,2_15;1_16;1_17;0_48;1_18,1,2_15,2_15,2_15,0.9999999999749638,0.9798206490841621,0.9999999999749638,0.9999999999874818,0.5159377260520367,0.00847598400266644,2.355561562841638,-0.9191786061043133
artificial_perturbation,amplitude_noise,0.25,2_2_15_11_2_16.bin,20,2_15,2_15;0_48;1_16;1_17;1_18,1,2_15,2_15,2_15,0.9999978626706167,0.10184476728062064,0.9999978626706167,0.9999989036348659,0.6985513862064054,0.003898532053061917,3.0525744645700605,1.840607005807139
artificial_perturbation,amplitude_noise,0.5,2_0_33_11_2_16.bin,0,0_33,0_33;1_29;0_34;0_35;1_28,1,0_33,0_33,0_33,0.9999999999906269,0.9777388222894768,0.9999999999906269,0.9999999999953109,0.6520473026425908,0.0048208906623332,3.8694355556206093,9.202387400101367
artificial_perturbation,amplitude_noise,0.5,2_0_33_11_2_16.bin,3,0_33,0_33;1_29;0_34;0_35;1_28,1,0_33,0_33,0_33,0.9999999999999946,0.975683567749179,0.9999999999999946,0.9999999999999973,0.736373508565099,0.003234275943896514,0.6741273298557724,8.332805654363984
artificial_perturbation,amplitude_noise,0.5,2_0_33_11_2_16.bin,17,0_33,0_34;0_33;1_29;1_30;0_35,1,0_34,0_34,0_34,0.9999533878731781,0.9721830485868591,0.9999533878731781,0.9999766649041758,0.5128931357956301,0.008579925952180007,-0.28781043782184224,7.721384165931642
artificial_perturbation,amplitude_noise,0.5,2_0_33_11_2_16.bin,18,0_33,0_33;1_29;0_34;1_28;0_35,1,0_33,0_33,0_33,0.9999999999980114,0.9766170529677036,0.9999999999980114,0.9999999999990057,0.87907553820532,0.0012427224524143188,10.44269690095433,7.443176562708073
artificial_perturbation,amplitude_noise,0.5,2_0_34_11_2_16.bin,4,0_34,0_34;1_30;1_29;0_35;1_27,1,0_34,0_34,0_34,0.9999988811494622,0.9791402945647052,0.9999988811494622,0.9999993976671904,0.7193578534797922,0.003524472133159025,13.439702388839375,9.047936302527852
artificial_perturbation,amplitude_noise,0.5,2_0_34_11_2_16.bin,8,0_34,1_31;1_30;0_34;0_35;0_37,1,1_30,1_30,1_30,0.9050093808530463,0.9040595773208584,0.9050093808530463,0.9525046904265202,0.5660035446394018,0.006927127932649639,0.6699154159638825,6.349260410274644
artificial_perturbation,amplitude_noise,0.5,2_0_34_11_2_16.bin,16,0_34,1_30;0_34;0_33;1_27;0_36,1,1_30,1_30,1_30,0.9643851505971909,0.11350743072062941,0.9643851505971909,0.9815109232514619,0.6591305250593196,0.004672000319954607,-0.9723176631069146,5.587550143833949
artificial_perturbation,amplitude_noise,0.5,2_0_34_11_2_16.bin,18,0_34,0_34;1_30;0_35;1_29;0_33,1,0_34,0_34,0_34,0.9982089541286303,0.9705940873349026,0.9982089541286303,0.9991044770564328,0.5722122043320447,0.006753943932873352,5.259371399509357,5.266733205525261
artificial_perturbation,amplitude_noise,0.5,2_0_35_11_2_16.bin,11,0_35,0_35;0_42;1_18;2_15;1_23,1,0_34,0_35,0_34,0.998442093038574,0.9707307228020012,0.998442093038574,0.9992210210229053,0.8278431747260581,0.0018787212588922259,14.789915129582612,7.253904565399129
artificial_perturbation,amplitude_noise,0.5,2_0_35_11_2_16.bin,12,0_35,0_36;0_35;1_27;1_26;0_37,1,0_36,0_36,0_36,0.7585820361387071,0.868736766295553,0.7585820361387071,0.8792908071730109,0.5521646782328675,0.007327163790097178,9.819356876757844,6.457094394823482
artificial_perturbation,amplitude_noise,0.5,2_0_35_11_2_16.bin,13,0_35,0_36;0_38;0_37;1_24;1_27,0,0_36,0_36,0_36,0.9336066035276676,0.961370743000704,0.9336066035276676,0.9599123566972199,0.6225739712805246,0.005476802307398423,7.944116975269321,3.5896780103837163
artificial_perturbation,amplitude_noise,0.5,2_0_35_11_2_16.bin,17,0_35,0_35;0_34;0_36;1_27;1_29,1,0_35,0_35,0_35,0.9998417722185374,0.9731704714066007,0.9998417722185374,0.9999207452572049,0.6090771353654657,0.00579835702745606,3.630418851178619,6.110809157371762
artificial_perturbation,amplitude_noise,0.5,2_0_36_11_2_16.bin,6,0_36,1_27;0_36;0_35;1_26;0_34,1,1_27,0_36,1_27,0.7124646944395048,0.05541862733890268,0.7124646944395048,0.8552653954300157,0.4978093468422313,0.009113637612013519,17.301570818153323,8.396956331970168
artificial_perturbation,amplitude_noise,0.5,2_0_36_11_2_16.bin,11,0_36,0_36;0_35;1_27;0_37;0_34,1,0_36,0_36,0_36,0.9752051713888371,0.9640457085947786,0.9752051713888371,0.9875633032777423,0.8088114041943099,0.0021355064835804132,10.97127164033364,7.058774512272848
artificial_perturbation,amplitude_noise,0.5,2_0_36_11_2_16.bin,12,0_36,1_26;0_36;0_37;0_38;1_25,1,1_26,1_26,1_26,0.9895141834204589,0.9811814560780174,0.9895141834204589,0.9945743965528538,0.7718636697996281,0.002670176861540487,1.4053330552796455,7.373075222089632
artificial_perturbation,amplitude_noise,0.5,2_0_36_11_2_16.bin,13,0_36,0_34;0_35;1_23;1_26;1_25,0,0_34,0_34,0_34,0.9999995219379675,0.9604381920694893,0.9999995219379675,0.9999997609575134,0.3665357550314194,0.015613200537488152,4.39496880639905,8.326593021578734
artificial_perturbation,amplitude_noise,0.5,2_0_37_11_2_16.bin,2,0_37,0_36;0_37;1_27;0_35;0_38,1,0_37,0_36,0_36,0.5222396631428754,0.05124836295706636,0.05124836295706636,0.7577825743710862,1.0,0.0,3.148055158307228,6.384299464648583
artificial_perturbation,amplitude_noise,0.5,2_0_37_11_2_16.bin,9,0_37,0_37;1_24;0_38;1_23;0_39,1,1_24,0_37,1_24,0.4181238012963115,0.07750847414324402,0.4181238012963115,0.5837996868959284,0.6565409570922583,0.004726060842902644,7.511683997344626,7.6079630147429125
artificial_perturbation,amplitude_noise,0.5,2_0_37_11_2_16.bin,11,0_37,0_37;0_38;0_40;1_22;1_21,1,0_38,0_37,0_38,0.5296741240676646,0.12135230447487899,0.5296741240676646,0.7622217444055589,0.46057697902096956,0.010580676275879261,-0.6831294303762498,7.870949880004847
artificial_perturbation,amplitude_noise,0.5,2_0_37_11_2_16.bin,16,0_37,0_37;0_38;1_24;0_36;1_23,1,0_37,0_37,0_37,0.720950878057757,0.8700763583784965,0.720950878057757,0.8604617701170426,0.5769831421876581,0.006623396091297641,0.4503034201348881,7.952330202437432
artificial_perturbation,amplitude_noise,0.5,2_0_38_11_2_16.bin,4,0_38,0_36;0_37;0_38;1_24;0_35,1,0_36,0_37,0_36,0.6088340766071865,0.07053822674442967,0.6088340766071865,0.7975897877837199,0.8223658595309423,0.0019514055845381681,7.31213444953992,6.444328254170006
artificial_perturbation,amplitude_noise,0.5,2_0_38_11_2_16.bin,5,0_38,0_36;1_26;0_37;0_38;1_27,1,0_36,0_36,0_36,0.9924784373999367,0.972150042764915,0.9924784373999367,0.9949406928815474,0.6389405145915923,0.005105102997962013,9.640808334063278,5.409246726911798
artificial_perturbation,amplitude_noise,0.5,2_0_38_11_2_16.bin,8,0_38,0_36;1_27;0_37;0_38;1_24,1,0_36,0_36,0_36,0.9131826086863533,0.9563909529621913,0.9131826086863533,0.9532653715132463,0.8135803539257263,0.002070033640114457,-2.1897594021175837,4.5367100940787735
artificial_perturbation,amplitude_noise,0.5,2_0_38_11_2_16.bin,15,0_38,0_36;1_27;1_26;0_37;0_35,0,0_36,0_36,0_36,0.38735172569557563,0.7801588356089808,0.38735172569557563,0.6921223699362572,0.5137802668009266,0.008549512226226954,8.051313211629216,6.211390813633413
artificial_perturbation,amplitude_noise,0.5,2_0_39_11_2_16.bin,1,0_39,0_39;0_38;0_37;1_23;1_20,1,0_39,0_39,0_39,0.9999021871437078,0.9758997060395734,0.9999021871437078,0.9999354051020022,0.6827140467983367,0.0041985389256961785,0.6945326694521152,7.953094101942751
artificial_perturbation,amplitude_noise,0.5,2_0_39_11_2_16.bin,12,0_39,1_20;0_43;0_44;0_42;0_45,0,0_45,1_20,0_45,0.3031536930430938,0.1468549848355023,0.3031536930430938,0.5490431356698727,0.12522219028271336,0.06311064794043053,9.081193930048343,6.666784736291511
artificial_perturbation,amplitude_noise,0.5,2_0_39_11_2_16.bin,15,0_39,1_20;1_21;0_38;0_40;1_19,0,0_40,1_20,0_40,0.5049126150425398,0.004005884441406593,0.5049126150425398,0.6731237709510113,0.5545492258946063,0.0072568106543361415,0.8558890126336305,6.205005606701713
artificial_perturbation,amplitude_noise,0.5,2_0_39_11_2_16.bin,20,0_39,0_38;0_37;0_39;1_24;0_36,1,0_37,0_38,0_37,0.5813687437166556,0.10090147959549156,0.5813687437166556,0.7900558779730558,0.5422788127514944,0.007625433818466273,4.863266185999452,6.252320274490444
artificial_perturbation,amplitude_noise,0.5,2_0_40_11_2_16.bin,9,0_40,0_40;1_21;1_22;1_24;0_38,1,0_40,0_40,0_40,0.9582604471180287,0.9702957061659402,0.9582604471180287,0.9764636045277248,0.7998666361216401,0.002260414529185577,-0.08395028032129215,5.7244482327341295
artificial_perturbation,amplitude_noise,0.5,2_0_40_11_2_16.bin,10,0_40,0_40;1_24;0_38;1_21;1_22,1,0_40,0_40,0_40,0.9706686773528952,0.9828359696072989,0.9706686773528952,0.9794983831174507,0.4946248698772841,0.009230475929148056,4.657672982605965,6.900840481484288
artificial_perturbation,amplitude_noise,0.5,2_0_40_11_2_16.bin,15,0_40,0_40;1_21;0_43;0_42;1_22,1,0_40,0_40,0_40,0.9503628925875658,0.3694189815040705,0.9503628925875658,0.9662052618825907,0.6602994129687076,0.004647737196527976,9.81742000567447,6.817542982370377
artificial_perturbation,amplitude_noise,0.5,2_0_40_11_2_16.bin,18,0_40,1_21;0_40;1_20;1_22;0_39,1,1_21,1_21,1_21,0.4686311838819952,0.8336832689907234,0.4686311838819952,0.6939234972527604,0.6955091576277751,0.003955100832376374,-1.101538349780046,6.102557821519378
artificial_perturbation,amplitude_noise,0.5,2_0_42_11_2_16.bin,1,0_42,1_21;0_40;0_38;0_39;1_20,0,0_40,1_21,0_40,0.5642761932677269,0.12940273191003138,0.5642761932677269,0.7777790740541152,0.7964516574303159,0.00230884260044141,1.6373812268203185,5.669258064530913
artificial_perturbation,amplitude_noise,0.5,2_0_42_11_2_16.bin,7,0_42,0_39;1_20;1_21;1_19;1_23,0,0_39,0_39,0_39,0.9530680112100176,0.9731341088245259,0.9530680112100176,0.9764376392160408,0.52144725823498,0.00829097484420096,7.091515911014435,6.274863841858359
artificial_perturbation,amplitude_noise,0.5,2_0_42_11_2_16.bin,11,0_42,0_42;1_21;0_40;1_20;1_19,1,0_40,0_42,0_40,0.6786442904627624,0.04909270349142025,0.6786442904627624,0.7960380996919861,0.49042492317474545,0.00938689203679393,0.876769049547399,6.935116679002029
artificial_perturbation,amplitude_noise,0.5,2_0_42_11_2_16.bin,18,0_42,0_43;1_19;0_44;0_42;1_20,1,1_19,0_43,1_19,0.209119197789545,0.2374203619822679,0.209119197789545,0.4346453591212994,0.6539752193001679,0.004780046119648724,10.360911437434632,5.79501311667391
artificial_perturbation,amplitude_noise,0.5,2_0_43_11_2_16.bin,10,0_43,0_44;0_42;0_43;1_19;1_20,1,0_44,0_42,0_44,0.7513431872965383,0.02311112276401095,0.7513431872965383,0.8463875567426483,0.5922909531183732,0.006218726060066593,5.204175394072006,6.131022767082481
artificial_perturbation,amplitude_noise,0.5,2_0_43_11_2_16.bin,13,0_43,0_40;1_21;0_43;1_20;0_42,1,0_40,1_21,0_40,0.06593125167713548,0.351739895831511,0.06593125167713548,0.4609550164052007,0.5849633664671858,0.0064097920424285824,9.475560438394451,5.780377092030911
artificial_perturbation,amplitude_noise,0.5,2_0_43_11_2_16.bin,15,0_43,0_40;1_21;1_22;0_42;1_20,0,0_40,0_40,0_40,0.7593275058437607,0.029570500586820203,0.7593275058437607,0.8779968357181117,0.6211619633395571,0.005509788143935739,7.3993514225599135,6.014037390347124
artificial_perturbation,amplitude_noise,0.5,2_0_43_11_2_16.bin,19,0_43,0_42;1_20;1_19;0_44;0_43,1,1_20,0_42,1_20,0.2068976146281432,0.10477365119879156,0.2068976146281432,0.5260953523428842,0.7635156174003743,0.002798148231322563,0.24767287892036194,7.380381081809412
artificial_perturbation,amplitude_noise,0.5,2_0_44_11_2_16.bin,3,0_44,0_38;0_39;1_21;1_20;1_23,0,0_38,0_38,0_38,0.9555081999764189,0.18119131851866965,0.9555081999764189,0.9756815386148459,0.5583131150208847,0.007146984679795572,-3.500905281175939,7.594811438118395
artificial_perturbation,amplitude_noise,0.5,2_0_44_11_2_16.bin,9,0_44,0_42;0_43;1_19;0_44;1_20,1,0_42,0_42,0_42,0.026624521342970775,0.49124031041091953,0.026624521342970775,0.4374324715163757,0.553469745885262,0.007288584281233852,8.255725188819838,4.4358721991052885
artificial_perturbation,amplitude_noise,0.5,2_0_44_11_2_16.bin,11,0_44,0_50;0_48;1_23;1_21;0_42,0,0_50,0_50,0_50,0.9999830272672862,0.9733805844982698,0.9999830272672862,0.9999915136336295,0.5076233170599859,0.008762783716086919,4.154073389460615,9.769281430207778
artificial_perturbation,amplitude_noise,0.5,2_0_44_11_2_16.bin,16,0_44,1_20;1_19;0_42;0_44;0_39,1,1_20,1_20,1_20,0.38156104964187254,0.7886673586593128,0.38156104964187254,0.6334395458478134,0.6403470663814793,0.005074045529473335,4.584813730891811,7.8444904395380295
artificial_perturbation,amplitude_noise,0.5,2_0_45_11_2_16.bin,3,0_45,1_17;1_18;0_45;1_20;1_16,1,1_17,1_17,1_17,0.9921414404246864,0.9709206761202013,0.9921414404246864,0.9949888432510767,0.6519992551050038,0.0048219116749527065,-3.132349340680957,5.291735417540986
artificial_perturbation,amplitude_noise,0.5,2_0_45_11_2_16.bin,6,0_45,0_48;0_45;0_50;1_17;1_16,1,0_48,0_48,0_48,0.9862475445318167,0.9753004545150611,0.9862475445318167,0.9931088126063815,0.30098947418743466,0.02098063286171839,0.6229331982938309,7.3529805146874985
artificial_perturbation,amplitude_noise,0.5,2_0_45_11_2_16.bin,7,0_45,0_45;0_48;1_17;0_50;1_16,1,0_45,0_48,0_45,0.692227599274885,0.017192096787161604,0.692227599274885,0.846113758695356,0.5465345831432442,0.007495708698463414,1.0798570142664716,7.1992678659537095
artificial_perturbation,amplitude_noise,0.5,2_0_45_11_2_16.bin,16,0_45,0_48;0_45;1_17;0_50;1_16,1,0_48,0_48,0_48,0.9844070572501752,0.9682170202751144,0.9844070572501752,0.9922008243243292,0.4336252379379167,0.01179982369831971,-1.4462718858335886,4.896333363812673
artificial_perturbation,amplitude_noise,0.5,2_0_48_11_2_16.bin,2,0_48,0_45;0_48;1_17;1_16;1_18,1,0_45,1_17,0_45,0.06823897023384307,0.1615059809354894,0.06823897023384307,0.39662975565502734,0.7246407938288212,0.003432914593126135,6.807503837664796,5.494358455584698
artificial_perturbation,amplitude_noise,0.5,2_0_48_11_2_16.bin,5,0_48,0_48;1_16;1_17;0_45;1_18,1,1_16,0_48,1_16,0.8834745220722168,0.004247385024723993,0.8834745220722168,0.9417337522169439,0.7043666110263886,0.003791760498337292,3.3200960299303395,2.505134587574016
artificial_perturbation,amplitude_noise,0.5,2_0_48_11_2_16.bin,7,0_48,1_20;1_19;0_39;1_18;1_17,0,1_20,1_20,1_20,0.9247893911809407,0.9637643583318475,0.9247893911809407,0.9500093767810441,0.6230860708190032,0.005464876121925195,2.642653311380104,4.544498299318669
artificial_perturbation,amplitude_noise,0.5,2_0_48_11_2_16.bin,13,0_48,1_16;1_18;1_17;1_20;1_19,0,1_16,1_16,1_16,0.8795740817323927,0.9354176501241984,0.8795740817323927,0.9396553061160838,0.5678404588150081,0.006875494671166285,5.432806179020371,1.6388904216522517
artificial_perturbation,amplitude_noise,0.5,2_0_50_11_2_16.bin,10,0_50,0_50;0_48;0_45;0_44;1_19,1,0_50,0_50,0_50,0.9865951380966305,0.9633562117628045,0.9865951380966305,0.9932975666098368,0.9189912790206793,0.0007963547268044696,-3.7916913707195365,7.529653088891584
artificial_perturbation,amplitude_noise,0.5,2_0_50_11_2_16.bin,11,0_50,0_50;0_48;0_43;0_44;0_42,1,0_50,0_50,0_50,0.9442248140533247,0.9396407152533555,0.9442248140533247,0.9720886187542218,1.0,0.0,2.8223187446098335,5.660177353820375
artificial_perturbation,amplitude_noise,0.5,2_0_50_11_2_16.bin,14,0_50,0_50;0_44;0_48;0_43;1_21,1,0_50,0_50,0_50,0.9999999874300936,0.9703770362256122,0.9999999874300936,0.999999993633506,0.9969717130464818,2.7441027319889535e-05,2.2343310915754158,7.7936033525294075
artificial_perturbation,amplitude_noise,0.5,2_0_50_11_2_16.bin,18,0_50,0_50;0_48;0_43;0_42;0_44,1,0_50,0_50,0_50,0.9998973412624782,0.9730832708394779,0.9998973412624782,0.9999454478709973,0.5673014955908109,0.006890609563151109,8.954769378041432,6.034418895851742
artificial_perturbation,amplitude_noise,0.5,2_1_16_11_2_16.bin,2,1_16,1_16;1_17;1_18;1_20;0_48,1,1_16,1_16,1_16,0.8757652511410592,0.8537336951730261,0.8757652511410592,0.9260413360076605,0.6882380240163213,0.004092330112922516,4.113891700111858,2.1059643004923947
artificial_perturbation,amplitude_noise,0.5,2_1_16_11_2_16.bin,5,1_16,1_16;1_17;2_15;1_18;0_48,1,1_16,1_16,1_16,0.9999994634986392,0.9647572117409299,0.9999994634986392,0.9999996437045539,0.677568195675397,0.004299035566022409,-1.5786977577605636,-1.1740254333968863
artificial_perturbation,amplitude_noise,0.5,2_1_16_11_2_16.bin,14,1_16,1_18;1_16;1_17;1_20;1_19,1,1_18,1_18,1_18,0.9430070517274314,0.9417361329970725,0.9430070517274314,0.9695055599639197,0.7159667843930344,0.0035839540493546045,5.805944968098452,2.843600136599205
artificial_perturbation,amplitude_noise,0.5,2_1_16_11_2_16.bin,18,1_16,1_16;1_17;1_18;0_48;2_15,1,1_16,1_16,1_16,0.9999670517090864,0.9493226882305568,0.9999670517090864,0.9999834705484333,0.4191384265429756,0.012519913985643307,4.076381982123544,-0.5808572693462213
artificial_perturbation,amplitude_noise,0.5,2_1_17_11_2_16.bin,1,1_17,1_16;1_17;1_18;0_48;0_45,1,1_16,1_16,1_16,0.979681386908892,0.07386436687412723,0.979681386908892,0.9898366257225667,0.48522661405302475,0.009584239311129717,-0.2162468279666374,2.6079001954661436
artificial_perturbation,amplitude_noise,0.5,2_1_17_11_2_16.bin,11,1_17,1_16;0_48;1_17;1_18;0_45,1,1_16,1_16,1_16,0.9999997668661883,0.9223442431197222,0.9999997668661883,0.9999998643468262,0.5244976443634407,0.008190215098212933,3.3238958201427726,1.6018240027522421
artificial_perturbation,amplitude_noise,0.5,2_1_17_11_2_16.bin,19,1_17,0_45;1_17;1_16;0_48;1_18,1,0_45,1_17,0_45,0.5349725263359972,0.08254889806633048,0.5349725263359972,0.7337931006468132,0.798234723163575,0.0022835051160124604,-1.9847961930269307,5.222480666576775
artificial_perturbation,amplitude_noise,0.5,2_1_17_11_2_16.bin,20,1_17,0_48;1_16;1_17;0_45;1_18,1,0_48,0_48,0_48,0.9979949542000983,0.979119439001961,0.9979949542000983,0.9987616879621019,0.6657845580750867,0.0045350175368798675,-0.5640786559565867,5.024610341207691
artificial_perturbation,amplitude_noise,0.5,2_1_18_11_2_16.bin,9,1_18,1_16;1_18;1_17;0_48;0_45,1,1_16,1_16,1_16,0.9999480698298744,0.8856473849609335,0.9999480698298744,0.9999738836656303,0.7017878685802753,0.0038388896397802963,4.610320204219381,2.592260381306933
artificial_perturbation,amplitude_noise,0.5,2_1_18_11_2_16.bin,10,1_18,1_16;1_17;1_18;0_45;0_48,1,1_16,1_16,1_16,0.9874648942433749,0.969607097876793,0.9874648942433749,0.9930566445430675,0.6312567126787799,0.005277208954221325,7.207384805081944,3.025320237615783
artificial_perturbation,amplitude_noise,0.5,2_1_18_11_2_16.bin,11,1_18,1_18;1_16;1_17;0_45;1_20,1,1_16,1_17,1_17,0.6148182058965188,0.0667144161040728,0.0667144161040728,0.7597149341739955,0.8831773692721379,0.0011949926298675793,4.555575631647183,2.8800915558039684
artificial_perturbation,amplitude_noise,0.5,2_1_18_11_2_16.bin,14,1_18,1_17;1_18;1_16;0_45;0_48,1,1_17,1_17,1_17,0.016138376734774862,0.5022253394239815,0.016138376734774862,0.3920756710866269,0.8944588226424633,0.0010659768162924511,8.657464903108504,5.27955027796488
artificial_perturbation,amplitude_noise,0.5,2_1_19_11_2_16.bin,4,1_19,1_19;1_20;1_23;0_40;1_24,1,0_40,1_19,0_40,0.7176798035041023,0.029268021146658496,0.7176798035041023,0.794281549894482,0.7294287358627441,0.0033510814158739842,16.446900111586476,5.868714467878352
artificial_perturbation,amplitude_noise,0.5,2_1_19_11_2_16.bin,11,1_19,1_20;1_19;0_43;0_42;1_21,1,1_19,1_19,1_19,0.19321671914454264,0.6657750529044821,0.19321671914454264,0.5351268249327659,0.7351375582568431,0.003254902200651179,5.277549074066037,6.812603487544978
artificial_perturbation,amplitude_noise,0.5,2_1_19_11_2_16.bin,14,1_19,1_20;0_39;1_19;1_23;0_42,1,1_20,1_19,1_20,0.5597773522401541,0.002083500490272061,0.5597773522401541,0.7177975356206892,0.8272786006109119,0.0018861687034099866,4.892857365903856,8.43554015171383
artificial_perturbation,amplitude_noise,0.5,2_1_19_11_2_16.bin,17,1_19,1_19;1_20;0_42;1_21;0_43,1,1_19,1_19,1_19,0.9829423412872955,0.9688722173072588,0.9829423412872955,0.9910571059806136,0.6493984715290757,0.004877403885986087,5.208246040405885,6.922398257648576
artificial_perturbation,amplitude_noise,0.5,2_1_20_11_2_16.bin,0,1_20,0_39;1_21;1_20;1_23;0_38,1,0_39,0_39,0_39,0.5695788960708154,0.8527006246016031,0.5695788960708154,0.7688186658949951,0.6141278821767061,0.005676370838501847,5.538300769982839,6.744652312573038
artificial_perturbation,amplitude_noise,0.5,2_1_20_11_2_16.bin,4,1_20,0_38;0_39;1_24;0_37;1_23,0,0_39,0_38,0_39,0.05894163533838592,0.40996697942403126,0.05894163533838592,0.5286877545349907,0.6184439650577503,0.005573707169398994,-0.1386337534618005,6.227780930174346
artificial_perturbation,amplitude_noise,0.5,2_1_20_11_2_16.bin,19,1_20,1_26;1_25;0_35;1_24;0_36,0,1_26,1_26,1_26,0.9998109370924496,0.9742623149803119,0.9998109370924496,0.9998742478225916,0.6739264127579476,0.004371085691448776,-2.1366878623566246,6.474326136815458
artificial_perturbation,amplitude_noise,0.5,2_1_20_11_2_16.bin,20,1_20,1_19;0_42;1_20;1_18;1_21,1,0_40,0_42,0_42,0.03955600104636936,0.4245246468002737,0.4245246468002737,0.2580059228309551,0.8662425398321194,0.0013949694067716008,8.76597454970478,3.2245620370201102
artificial_perturbation,amplitude_noise,0.5,2_1_21_11_2_16.bin,3,1_21,0_39;1_20;1_21;0_38;0_40,1,0_40,0_39,0_40,0.41887459055123055,0.10601559210092082,0.41887459055123055,0.5657835890024219,0.5438040055275468,0.007578709187729674,-2.515171982867641,5.572575505167909
artificial_perturbation,amplitude_noise,0.5,2_1_21_11_2_16.bin,5,1_21,0_50;0_44;0_43;0_42;0_48,0,0_50,0_50,0_50,0.7865459310865579,0.9405308921300518,0.7865459310865579,0.8927411761667406,0.5729620745202322,0.006733281128088711,-2.900506377214938,6.408970689764265
artificial_perturbation,amplitude_noise,0.5,2_1_21_11_2_16.bin,6,1_21,0_43;0_42;1_21;1_20;0_44,1,0_43,0_43,0_43,0.746693167668701,0.912458186640549,0.746693167668701,0.8402653878842863,0.6165930145576123,0.0056175584242198285,9.849558307296807,6.831006396704602
artificial_perturbation,amplitude_noise,0.5,2_1_21_11_2_16.bin,7,1_21,1_21;0_40;0_39;1_20;1_22,1,1_21,1_21,1_21,0.18984499839839208,0.6509504486251982,0.18984499839839208,0.540834593256712,0.4746278534940761,0.01,-4.16634007197593,6.559581530186245
artificial_perturbation,amplitude_noise,0.5,2_1_22_11_2_16.bin,0,1_22,0_37;0_38;1_24;1_27;0_36,0,0_37,0_37,0_37,0.6760169790022703,0.7861862830993341,0.6760169790022703,0.8100525185951848,0.5975270501309219,0.006085066141674738,6.9702394028973,8.064351245024504
artificial_perturbation,amplitude_noise,0.5,2_1_22_11_2_16.bin,8,1_22,0_40;1_21;1_24;1_22;1_23,1,0_40,0_40,0_40,0.9608936093692315,0.958946682360154,0.9608936093692315,0.9731293435426065,0.4664857598263324,0.010332223737147962,11.314194063859787,6.099178962468747
artificial_perturbation,amplitude_noise,0.5,2_1_22_11_2_16.bin,10,1_22,0_40;0_38;1_22;1_21;1_23,1,0_38,0_40,0_38,0.3004376505207715,0.24220603762354354,0.3004376505207715,0.6243673279292268,0.6700926447582258,0.0044477802719500616,4.809649354454676,7.379621921989344
artificial_perturbation,amplitude_noise,0.5,2_1_22_11_2_16.bin,13,1_22,0_43;0_44;0_42;0_40;0_50,0,0_43,0_43,0_43,0.9710213720810043,0.973632862995064,0.9710213720810043,0.9850733283596773,0.7194096764193789,0.003523567469891579,11.357660578300898,7.521612906693296
artificial_perturbation,amplitude_noise,0.5,2_1_23_11_2_16.bin,0,1_23,1_18;0_45;1_19;1_20;1_17,0,1_18,1_18,1_18,0.9592387265124811,0.9661790661832627,0.9592387265124811,0.9725491740608658,0.480896000508289,0.009751903313186632,10.230758913269149,7.52675795007009
artificial_perturbation,amplitude_noise,0.5,2_1_23_11_2_16.bin,3,1_23,0_40;1_22;0_43;1_21;1_23,1,0_40,0_40,0_40,0.8079823933325205,0.05133061844422315,0.8079823933325205,0.8719951738737062,0.5932929860234668,0.006192964993073032,17.254906961906624,8.592747596083111
artificial_perturbation,amplitude_noise,0.5,2_1_23_11_2_16.bin,12,1_23,1_24;0_40;0_38;1_21;1_23,1,1_24,1_24,1_24,0.4032124659981602,0.7210204534760489,0.4032124659981602,0.6959304648024355,0.4707904642872698,0.010155146201741894,8.284898747419419,5.5039052120750815
artificial_perturbation,amplitude_noise,0.5,2_1_23_11_2_16.bin,20,1_23,0_36;1_24;0_37;0_38;1_25,0,0_36,0_36,0_36,0.9537789468058515,0.931749651320924,0.9537789468058515,0.9722291272786208,0.5604789687154003,0.007084456160771045,9.810199621415165,7.018259105771309
artificial_perturbation,amplitude_noise,0.5,2_1_24_11_2_16.bin,0,1_24,0_38;0_40;1_24;1_21;1_23,1,0_38,0_38,0_38,0.9272588564622485,0.15528412799233404,0.9272588564622485,0.9612487061898359,0.7679121573527978,0.0027304047154072357,9.359869106372106,4.907973123325247
artificial_perturbation,amplitude_noise,0.5,2_1_24_11_2_16.bin,2,1_24,1_24;0_40;1_23;0_38;1_25,1,1_24,1_24,1_24,0.9939928477080419,0.9822970705592452,0.9939928477080419,0.9967432392635899,0.5830005704707345,0.006461787294934136,5.075755366220181,4.351455675358963
artificial_perturbation,amplitude_noise,0.5,2_1_24_11_2_16.bin,10,1_24,0_40;1_21;1_22;1_24;0_38,1,0_40,0_40,0_40,0.9984559271549296,0.9658399203947661,0.9984559271549296,0.9991798274608616,0.7794228296888784,0.0025566637610435284,2.816766706321666,4.7650559855725465
artificial_perturbation,amplitude_noise,0.5,2_1_24_11_2_16.bin,17,1_24,1_24;0_38;1_23;0_40;1_21,1,0_40,1_24,0_40,0.19380455267110955,0.12615972956869104,0.19380455267110955,0.42502510016377726,0.497826657035772,0.009113006586518816,3.820021815537327,6.760222089177898
artificial_perturbation,amplitude_noise,0.5,2_1_25_11_2_16.bin,2,1_25,1_29;0_35;1_27;0_34;1_26,0,1_29,1_29,1_29,0.91249386431907,0.9748296210830671,0.91249386431907,0.9516676797574829,0.5164438043267817,0.008458825336922833,6.775768484186467,5.594167604189118
artificial_perturbation,amplitude_noise,0.5,2_1_25_11_2_16.bin,3,1_25,1_29;1_28;0_44;1_19;1_20,0,1_29,1_29,1_29,0.9999988225035065,0.9711126488144928,0.9999988225035065,0.9999994112514117,0.9811285828043194,0.0001737659842936498,16.57115266542849,6.4732827242273405
artificial_perturbation,amplitude_noise,0.5,2_1_25_11_2_16.bin,14,1_25,1_24;1_25;1_26;1_28;1_27,1,1_24,1_24,1_24,0.7539230745443587,0.027426651676741187,0.7539230745443587,0.8769191016920769,0.47471703067166515,0.009996424375813178,3.141649626532102,8.099894516620989
artificial_perturbation,amplitude_noise,0.5,2_1_25_11_2_16.bin,16,1_25,1_19;1_20;1_18;0_42;1_23,0,1_19,1_19,1_19,0.9931229970068142,0.9830863151186128,0.9931229970068142,0.9964878666921914,0.5708387142808092,0.006791931471904444,2.806937977183292,7.28925464006476
artificial_perturbation,amplitude_noise,0.5,2_1_26_11_2_16.bin,3,1_26,1_25;1_26;1_24;1_27;0_36,1,1_25,1_26,1_25,0.25259593967354527,0.02181358325365046,0.25259593967354527,0.5452649331224654,0.5458958461487401,0.007515049782399181,11.792159478384878,5.993040840553398
artificial_perturbation,amplitude_noise,0.5,2_1_26_11_2_16.bin,12,1_26,1_28;1_29;0_35;1_26;1_27,1,1_29,1_29,1_29,0.6787305604651732,0.862728105323003,0.6787305604651732,0.8393521068624306,0.8975966806999935,0.0010306684290462573,7.3931481842293785,8.282612124776644
artificial_perturbation,amplitude_noise,0.5,2_1_26_11_2_16.bin,13,1_26,1_26;1_25;1_23;0_38;1_24,1,1_26,1_26,1_26,0.9395372658843554,0.956765810025515,0.9395372658843554,0.9697676745479752,0.6633451345588465,0.004584917487624112,0.49957829337186377,8.173903137022032
artificial_perturbation,amplitude_noise,0.5,2_1_26_11_2_16.bin,17,1_26,1_28;1_29;0_35;1_26;0_36,1,1_28,1_28,1_28,0.8647874194762604,0.7551520325830574,0.8647874194762604,0.9323551760148094,0.5250357304360834,0.008172562626402905,9.79453569238995,5.531585983292846
artificial_perturbation,amplitude_noise,0.5,2_1_27_11_2_16.bin,1,1_27,1_27;1_28;0_36;1_26;0_34,1,1_27,1_27,1_27,0.6826195473939178,0.8869956297009678,0.6826195473939178,0.8412572362289965,0.7797043452148159,0.002552478857506655,6.439588415966899,7.46223683443962
artificial_perturbation,amplitude_noise,0.5,2_1_27_11_2_16.bin,5,1_27,0_34;1_30;1_29;0_33;1_27,1,1_30,1_30,1_30,0.6559196104992944,0.7047560451909323,0.6559196104992944,0.8279096514326216,0.5903548593310561,0.006268748437279682,7.046476559769406,6.80926499573534
artificial_perturbation,amplitude_noise,0.5,2_1_27_11_2_16.bin,10,1_27,0_34;1_29;1_30;0_33;0_35,0,0_34,0_34,0_34,0.9519104469964429,0.9045647943312692,0.9519104469964429,0.9758407064870762,0.419460592754084,0.012503359430242974,13.212074042914132,7.296828546587658
artificial_perturbation,amplitude_noise,0.5,2_1_27_11_2_16.bin,11,1_27,0_37;0_36;0_38;1_22;1_26,0,0_37,0_37,0_37,0.926710257451195,0.06350369261853195,0.926710257451195,0.9490845712868423,0.5836871485189814,0.006443559800270577,3.4312999752902167,9.76521902561952
artificial_perturbation,amplitude_noise,0.5,2_1_28_11_2_16.bin,5,1_28,1_29;1_28;0_37;0_40;1_21,1,1_29,1_29,1_29,0.9999999978046038,0.978997154716319,0.9999999978046038,0.9999999989023018,0.5454249217585816,0.007529338478295871,8.345956309564807,6.075753810373136
artificial_perturbation,amplitude_noise,0.5,2_1_28_11_2_16.bin,10,1_28,1_31;1_28;0_35;1_18;2_15,1,1_28,1_28,1_28,0.999998685026854,0.886771794231614,0.999998685026854,0.9999993425069305,0.8080661685840537,0.002145807630595048,13.023037953381124,7.045091007319876
artificial_perturbation,amplitude_noise,0.5,2_1_28_11_2_16.bin,14,1_28,1_26;1_25;1_27;1_28;0_36,1,1_26,1_26,1_26,0.9984025528696322,0.9758868877399489,0.9984025528696322,0.9992011174809572,0.7919130167922735,0.0023738518379721025,4.472595596258572,7.021472675612102
artificial_perturbation,amplitude_noise,0.5,2_1_28_11_2_16.bin,18,1_28,1_28;1_26;1_25;1_27;1_24,1,1_28,1_28,1_28,0.9763903170212318,0.10751331217544502,0.9763903170212318,0.9880013461229662,0.5621624151801966,0.0070361875988790065,7.124932522638723,6.964814615637126
artificial_perturbation,amplitude_noise,0.5,2_1_29_11_2_16.bin,6,1_29,1_29;0_33;1_30;0_34;1_28,1,1_30,1_30,1_30,0.6331002507425451,0.008634510920851435,0.6331002507425451,0.8057910173350699,0.3414186061210237,0.017426430915999772,14.196636578859815,7.510902690851564
artificial_perturbation,amplitude_noise,0.5,2_1_29_11_2_16.bin,7,1_29,1_25;1_26;1_27;1_24;0_36,0,1_25,1_25,1_25,0.8096263402575746,0.8170025993399509,0.8096263402575746,0.9041165779133606,0.4563600714100293,0.010761923096378969,13.066783135477346,8.440130191783986
artificial_perturbation,amplitude_noise,0.5,2_1_29_11_2_16.bin,9,1_29,1_29;0_34;0_35;1_28;1_27,1,1_29,1_29,1_29,0.8139811216329147,0.9264941222786298,0.8139811216329147,0.906985447957855,0.6313428961494524,0.005275255339816288,5.824673554761289,7.433124734020435
artificial_perturbation,amplitude_noise,0.5,2_1_29_11_2_16.bin,15,1_29,1_29;0_34;1_30;1_28;1_27,1,1_29,1_29,1_29,0.8345802619853405,0.883624887076149,0.8345802619853405,0.9141037237819692,0.5350302783135004,0.007851135807713353,2.0981554103671933,7.117599218958416
artificial_perturbation,amplitude_noise,0.5,2_1_30_11_2_16.bin,1,1_30,1_30;0_34;1_29;1_27;1_31,1,1_30,1_30,1_30,0.024572395037183392,0.47593553007757783,0.024572395037183392,0.5122858008783366,0.6246150924008651,0.005429383402494798,1.5118158543659055,7.44804506487953
artificial_perturbation,amplitude_noise,0.5,2_1_30_11_2_16.bin,2,1_30,1_30;0_34;1_29;0_33;1_31,1,1_30,1_30,1_30,0.999997172358869,0.9698334841912617,0.999997172358869,0.9999985605427614,0.7344178987707557,0.0032669442767447117,8.167174971850365,7.326777337465394
artificial_perturbation,amplitude_noise,0.5,2_1_30_11_2_16.bin,5,1_30,0_33;1_30;0_34;1_31;1_29,1,0_33,0_33,0_33,0.9999989828140059,0.9680467483513422,0.9999989828140059,0.999999491407003,0.5412420378337086,0.007657346000590106,8.677376990069597,9.521993988846615
artificial_perturbation,amplitude_noise,0.5,2_1_30_11_2_16.bin,13,1_30,1_30;0_33;1_31;0_34;1_27,1,0_33,0_33,0_33,0.9885034051164187,0.030389182840568796,0.9885034051164187,0.9942517025582093,0.5409123850070894,0.007667518426491086,3.2520619262032433,6.823144210571385
artificial_perturbation,amplitude_noise,0.5,2_1_31_11_2_16.bin,2,1_31,1_31;1_30;0_34;0_33;1_27,1,1_31,1_31,1_31,1.0,0.9798259992712833,1.0,1.0,0.7578201568462455,0.0028870746797874797,2.589127169872639,9.43327268650079
artificial_perturbation,amplitude_noise,0.5,2_1_31_11_2_16.bin,3,1_31,1_31;1_30;0_34;0_33;1_27,1,1_31,1_31,1_31,1.0,0.9799202677108472,1.0,1.0,0.7196438173629401,0.0035194817398534746,4.911669811814756,7.15535793241823
artificial_perturbation,amplitude_noise,0.5,2_1_31_11_2_16.bin,6,1_31,1_31;1_30;0_34;0_33;1_29,1,1_31,1_31,1_31,1.0,0.9877969252296817,1.0,1.0,0.6942589654210513,0.003978491284409688,2.742933358315879,5.537516236303975
artificial_perturbation,amplitude_noise,0.5,2_1_31_11_2_16.bin,7,1_31,1_31;1_30;0_34;0_33;1_29,1,1_31,1_31,1_31,1.0,0.985081572482269,1.0,1.0,0.8030204689312195,0.002216055641624852,3.933864593450936,2.920013507773863
artificial_perturbation,amplitude_noise,0.5,2_1_32_11_2_16.bin,4,1_32,1_32;0_33;1_29;0_34;1_31,1,1_32,1_32,1_32,1.0,0.9745593788297763,1.0,1.0,0.8909411234814665,0.001105855013314129,0.9937667965869794,8.150102735417924
artificial_perturbation,amplitude_noise,0.5,2_1_32_11_2_16.bin,5,1_32,1_32;0_33;1_29;0_34;0_35,1,1_32,1_32,1_32,1.0,0.9943344348061528,1.0,1.0,0.8304777627489793,0.0018441015980032367,11.797214365830703,5.629174473285806
artificial_perturbation,amplitude_noise,0.5,2_1_32_11_2_16.bin,9,1_32,1_32;0_33;1_29;0_34;1_28,1,1_32,1_32,1_32,1.0,0.9895648177761476,1.0,1.0,0.8644907392649805,0.0014161028852932697,2.33082924367573,6.880839879084604
artificial_perturbation,amplitude_noise,0.5,2_1_32_11_2_16.bin,17,1_32,1_32;0_33;1_29;0_34;1_28,1,1_32,1_32,1_32,1.0,0.9736794123441945,1.0,1.0,0.8161190489145845,0.0020354920174891723,5.9534889352568845,8.804398590024224
artificial_perturbation,amplitude_noise,0.5,2_2_15_11_2_16.bin,3,2_15,1_16;2_15;1_17;0_48;1_18,1,1_16,1_16,1_16,0.9997326179494109,0.9290578240632841,0.9997326179494109,0.9998661072024945,0.5752528607196653,0.006670491765854503,4.607105617176975,-0.1565598848007097
artificial_perturbation,amplitude_noise,0.5,2_2_15_11_2_16.bin,10,2_15,2_15;1_16;0_48;1_17;1_18,1,2_15,2_15,2_15,1.0,0.9763824808431467,1.0,1.0,0.5181640291140718,0.008400751429816306,2.5216975108309776,-1.7685055967064316
artificial_perturbation,amplitude_noise,0.5,2_2_15_11_2_16.bin,16,2_15,2_15;1_16;1_17;0_48;1_18,1,2_15,2_15,2_15,1.0,0.9816814903873343,1.0,1.0,0.50526853643556,0.0088457253932246,5.495038836836933,-2.4976195231030984
artificial_perturbation,amplitude_noise,0.5,2_2_15_11_2_16.bin,20,2_15,0_48;2_15;1_16;1_17;0_45,1,0_48,0_48,0_48,0.5287657641497255,0.8461372460607912,0.5287657641497255,0.7334367225876266,0.6821632546732439,0.004209223242052101,5.484222315273913,2.2682205099622372
artificial_perturbation,amplitude_noise,1.0,2_0_33_11_2_16.bin,0,0_33,1_30;0_34;0_33;1_29;0_35,1,1_30,1_30,1_30,0.9985353594116854,0.9198992170017882,0.9985353594116854,0.9992676797033633,0.6732508499591364,0.004384536937445383,9.967007525394301,7.057290156510431
artificial_perturbation,amplitude_noise,1.0,2_0_33_11_2_16.bin,3,0_33,0_33;0_35;1_28;1_29;1_26,1,0_33,0_33,0_33,0.9999999921004732,0.9779074930606239,0.9999999921004732,0.9999999960502366,0.759315404751135,0.0028635993870806315,2.6757772064710776,0.3417606831600546
artificial_perturbation,amplitude_noise,1.0,2_0_33_11_2_16.bin,17,0_33,0_33;1_29;0_34;1_28;0_35,1,0_33,0_33,0_33,1.0,0.9775997508660024,1.0,1.0,0.649685045012968,0.004871267565293123,3.043216732188071,7.487329662675409
artificial_perturbation,amplitude_noise,1.0,2_0_33_11_2_16.bin,18,0_33,1_29;0_34;0_35;0_36;1_26,0,0_34,0_34,0_34,0.2323914596575128,0.037879079870217436,0.2323914596575128,0.5759087465675934,0.6627259806816025,0.004597641123421501,18.59105404544656,5.989549075148178
artificial_perturbation,amplitude_noise,1.0,2_0_34_11_2_16.bin,4,0_34,0_34;1_30;1_28;0_35;1_29,1,1_30,1_30,1_30,0.9999998552937379,0.01803054531500381,0.9999998552937379,0.9999999276374524,0.3352302977112659,0.017914889424449822,14.769220070899362,3.8132010615614025
artificial_perturbation,amplitude_noise,1.0,2_0_34_11_2_16.bin,8,0_34,1_21;1_31;0_40;0_35;1_22,0,0_40,1_21,0_40,0.04316179088818528,0.4419281880793362,0.04316179088818528,0.5111979176886947,0.5565111069636771,0.007199379848035399,3.503654652135209,2.7210049730047876
artificial_perturbation,amplitude_noise,1.0,2_0_34_11_2_16.bin,16,0_34,0_36;0_37;1_27;0_38;1_30,0,0_37,0_37,0_37,0.9474790085888896,0.01884186375927699,0.9474790085888896,0.9737227283558797,0.6320318851540857,0.005259656432358485,-2.2058418032603173,6.625854035234594
artificial_perturbation,amplitude_noise,1.0,2_0_34_11_2_16.bin,18,0_34,0_33;0_34;1_30;1_31;1_27,1,0_33,0_33,0_33,1.0,0.9779666248460891,1.0,1.0,0.5560804493557884,0.007211951919405112,-8.557893872125803,7.302383005335663
artificial_perturbation,amplitude_noise,1.0,2_0_35_11_2_16.bin,11,0_35,1_26;0_35;1_31;0_37;0_42,1,1_26,1_26,1_26,0.9999239007384598,0.970984143611817,0.9999239007384598,0.9999601565320904,0.6162194536802438,0.00562644048127979,11.26868611619599,5.083117774099708
artificial_perturbation,amplitude_noise,1.0,2_0_35_11_2_16.bin,12,0_35,1_27;1_28;1_26;0_36;1_25,0,1_27,1_27,1_27,0.9999503169859342,0.8975932860399306,0.9999503169859342,0.9999663014654073,0.9575991728031693,0.0004000154301086187,8.98830841610604,7.3021457358908375
artificial_perturbation,amplitude_noise,1.0,2_0_35_11_2_16.bin,13,0_35,0_33;1_30;1_29;1_32;1_28,0,0_33,0_33,0_33,0.9999289923613242,0.9569223527660486,0.9999289923613242,0.9999644961806621,0.9244341986669854,0.0007384744357519975,3.386089974821272,3.35989950369141
artificial_perturbation,amplitude_noise,1.0,2_0_35_11_2_16.bin,17,0_35,0_36;0_35;0_37;1_27;0_33,1,0_36,0_36,0_36,0.9998126076674712,0.954581038397191,0.9998126076674712,0.9998863354555485,0.5830046743019415,0.006461678217566104,4.241095799356881,2.896930491370755
artificial_perturbation,amplitude_noise,1.0,2_0_36_11_2_16.bin,6,0_36,1_24;1_25;1_26;0_33;1_29,0,1_24,1_24,1_24,0.864291114591323,0.9129573688337417,0.864291114591323,0.9320628532391789,0.2611752203534742,0.02555616362701798,14.943105832904266,1.6782015901828853
artificial_perturbation,amplitude_noise,1.0,2_0_36_11_2_16.bin,11,0_36,0_36;1_27;0_34;0_35;1_22,1,0_36,0_36,0_36,0.9995347810829601,0.9497212108797513,0.9995347810829601,0.9997648344957555,0.4481861066880991,0.011122961089826671,9.944906299760314,0.9834156915978687
artificial_perturbation,amplitude_noise,1.0,2_0_36_11_2_16.bin,12,0_36,1_19;0_43;0_42;0_40;1_20,0,1_19,1_19,1_19,0.739898153778821,0.7840276765051805,0.739898153778821,0.8644037550566723,0.5650197907924452,0.006954918013458618,-0.8852493450161738,5.414748317146509
artificial_perturbation,amplitude_noise,1.0,2_0_36_11_2_16.bin,13,0_36,0_50;1_27;0_36;0_34;1_22,1,0_50,0_50,0_50,0.9999741895541263,0.9783032091944,0.9999741895541263,0.9999870947770472,0.5274425572369957,0.0080940450315448,3.0088406676629305,7.390345068847127
artificial_perturbation,amplitude_noise,1.0,2_0_37_11_2_16.bin,2,0_37,1_30;0_34;1_22;0_37;0_40,1,1_30,1_30,1_30,0.9999997176616016,0.8512551106698178,0.9999997176616016,0.9999998588305208,0.6075247931926755,0.0058362568634325864,0.02520068423279609,7.99057214542753
artificial_perturbation,amplitude_noise,1.0,2_0_37_11_2_16.bin,9,0_37,0_36;0_37;0_35;1_26;1_24,1,0_36,0_36,0_36,0.9900774123964297,0.9667951293246424,0.9900774123964297,0.9939910168181522,0.6199522575290879,0.005538167520052437,8.613465654780924,4.65086941709483
artificial_perturbation,amplitude_noise,1.0,2_0_37_11_2_16.bin,11,0_37,0_33;0_35;1_28;1_29;0_37,1,0_33,0_33,0_33,0.9999999999725463,0.9741502857570312,0.9999999999725463,0.999999999986273,0.8424230146855606,0.0016898522774721537,0.9750817748597722,5.835975574347774
artificial_perturbation,amplitude_noise,1.0,2_0_37_11_2_16.bin,16,0_37,1_22;0_40;1_21;0_38;0_37,1,1_22,1_22,1_22,0.4639316992686345,0.8049110113700912,0.4639316992686345,0.7312570343732511,0.5170723368912652,0.008437561600268945,-5.827625499475251,10.147466429590313
artificial_perturbation,amplitude_noise,1.0,2_0_38_11_2_16.bin,4,0_38,0_35;1_27;1_28;0_34;0_36,0,0_35,0_35,0_35,0.5923253607100112,0.857774534330605,0.5923253607100112,0.7668808197613449,0.7823663980142547,0.0025130546748828434,-3.1825493447796207,0.6438035903657742
artificial_perturbation,amplitude_noise,1.0,2_0_38_11_2_16.bin,5,0_38,1_20;1_24;0_40;0_39;1_21,0,1_16,0_40,1_16,0.9570351127757907,0.024565224034501565,0.9570351127757907,0.9742975372342981,0.5247964502159809,0.008180407992748266,7.4482108182611135,2.432802351716769
artificial_perturbation,amplitude_noise,1.0,2_0_38_11_2_16.bin,8,0_38,0_50;0_44;0_42;1_19;1_20,0,2_15,0_50,2_15,0.9999999985911785,0.9830787634726714,0.9999999985911785,0.9999999992955892,0.5545091870008614,0.007257986957858124,-10.067380358281767,2.5568979709133863
artificial_perturbation,amplitude_noise,1.0,2_0_38_11_2_16.bin,15,0_38,0_35;0_36;0_34;1_27;1_23,0,0_35,0_35,0_35,0.9919756809788586,0.974437449879331,0.9919756809788586,0.9959854360318818,0.7683847076225271,0.0027231696254356127,7.856784559221724,2.705719733182894
artificial_perturbation,amplitude_noise,1.0,2_0_39_11_2_16.bin,1,0_39,1_17;0_45;1_16;1_25;1_20,0,1_17,1_17,1_17,0.9837473640869299,0.9687171756645935,0.9837473640869299,0.9918736751396343,0.5523347628072798,0.007322125535551516,-0.4609986682253475,6.101090031211616
artificial_perturbation,amplitude_noise,1.0,2_0_39_11_2_16.bin,12,0_39,0_39;0_38;1_26;1_24;0_37,1,0_37,0_37,0_37,0.44617985744030064,0.01553680886268316,0.44617985744030064,0.6158155966287887,0.8533264912272366,0.0015528254133227734,5.830173914420583,6.8181865648265365
artificial_perturbation,amplitude_noise,1.0,2_0_39_11_2_16.bin,15,0_39,1_26;1_28;1_27;1_25;0_36,0,1_27,1_27,1_27,0.955914563277698,0.026012119343018503,0.955914563277698,0.977263883420217,0.8422283854868028,0.0016923304644715302,-2.324346304692254,4.210495846645495
artificial_perturbation,amplitude_noise,1.0,2_0_39_11_2_16.bin,20,0_39,0_45;1_17;0_44;0_42;1_20,0,1_17,1_17,1_17,0.9890169298841469,0.03513717375775027,0.9890169298841469,0.9929631174772008,0.47391399338088913,0.010028671244210054,-0.06200540862805681,4.411128891434757
artificial_perturbation,amplitude_noise,1.0,2_0_40_11_2_16.bin,9,0_40,1_19;1_18;0_42;1_24;1_21,0,1_19,1_19,1_19,0.9999681822714186,0.9794598981581097,0.9999681822714186,0.9999786678976906,0.6288137680460427,0.005332808564781111,0.2302570626343865,5.362040235566862
artificial_perturbation,amplitude_noise,1.0,2_0_40_11_2_16.bin,10,0_40,0_43;1_19;0_42;1_16;1_20,0,1_16,0_43,1_16,0.92012044639951,0.007076014415693721,0.92012044639951,0.9590933235957265,0.6432761893080781,0.005009804739265847,11.992364265888403,2.478071663963865
artificial_perturbation,amplitude_noise,1.0,2_0_40_11_2_16.bin,15,0_40,1_27;0_35;0_34;0_36;1_22,0,1_27,0_35,0_35,0.8499809795780422,0.028279936148964513,0.028279936148964513,0.924984237874799,0.8598824533266125,0.0014721078030042886,2.880121852722887,4.218250555307458
artificial_perturbation,amplitude_noise,1.0,2_0_40_11_2_16.bin,18,0_40,1_26;0_38;1_24;1_25;1_23,0,1_26,1_26,1_26,0.46073411593780395,0.7903402678247825,0.46073411593780395,0.7163994342339233,0.5419928639524019,0.007634223198622035,-1.4459679475500797,3.603372196229474
artificial_perturbation,amplitude_noise,1.0,2_0_42_11_2_16.bin,1,0_42,0_48;0_45;1_17;1_16;1_18,0,0_48,0_48,0_48,0.7618889438934863,0.9236520831453007,0.7618889438934863,0.8751264081451691,0.7689846048641775,0.0027139975697288254,-1.7346318307736313,5.616227947132831
artificial_perturbation,amplitude_noise,1.0,2_0_42_11_2_16.bin,7,0_42,1_19;1_18;1_20;0_42;1_17,1,1_19,1_18,1_19,0.6547044985980227,0.03579290819127823,0.6547044985980227,0.8206234501751855,0.6341461806143501,0.005211999785191641,8.551919452670006,6.592382343771382
artificial_perturbation,amplitude_noise,1.0,2_0_42_11_2_16.bin,11,0_42,1_19;1_18;1_20;1_21;0_42,1,1_19,1_19,1_19,0.7740709368783398,0.13061799938084495,0.7740709368783398,0.882533265516586,0.5466359171295369,0.007492644439308539,2.030627781964749,3.556039783056364
artificial_perturbation,amplitude_noise,1.0,2_0_42_11_2_16.bin,18,0_42,1_17;0_45;1_20;0_44;0_42,1,1_17,1_17,1_17,0.9978927916440197,0.97074923750782,0.9978927916440197,0.9989046497053214,0.8414115206386221,0.0017027439964785414,5.6381881337290345,6.076321595087894
artificial_perturbation,amplitude_noise,1.0,2_0_43_11_2_16.bin,10,0_43,0_43;0_40;1_21;0_42;0_44,1,0_44,0_43,0_44,0.4336560458689398,0.17132525300004497,0.4336560458689398,0.6656591293923266,0.5766012176600925,0.006633767196683569,-4.404773843649943,5.975601647132292
artificial_perturbation,amplitude_noise,1.0,2_0_43_11_2_16.bin,13,0_43,0_40;0_38;0_42;1_21;1_22,0,0_40,0_40,0_40,0.9980989752999665,0.8695135662732731,0.9980989752999665,0.9990247118768559,0.3028238629552649,0.020798815163246824,5.626239670356203,4.796848608518355
artificial_perturbation,amplitude_noise,1.0,2_0_43_11_2_16.bin,15,0_43,0_39;0_37;0_38;1_23;0_36,0,0_39,0_39,0_39,0.9993467100910316,0.9603578568764417,0.9993467100910316,0.9996514078359732,0.6388435889646852,0.005107248208035187,2.952878281076118,6.9878548721920986
artificial_perturbation,amplitude_noise,1.0,2_0_43_11_2_16.bin,19,0_43,0_44;0_42;1_19;0_43;0_35,1,0_44,0_44,0_44,0.6984803922874498,0.0405961985630392,0.6984803922874498,0.8174363217125717,0.6950434394850153,0.003963804344383684,2.978282504038555,8.385573967601744
artificial_perturbation,amplitude_noise,1.0,2_0_44_11_2_16.bin,3,0_44,0_50;0_44;0_48;0_43;0_42,1,0_50,0_50,0_50,0.998714663628336,0.9797716528656897,0.998714663628336,0.9992714600000148,0.596340901611254,0.006115138887241006,-4.2600827538362305,3.4675148261017856
artificial_perturbation,amplitude_noise,1.0,2_0_44_11_2_16.bin,9,0_44,2_15;0_48;0_50;1_16;1_24,0,2_15,0_48,2_15,0.23640451495438253,0.26512388304609036,0.23640451495438253,0.6162979882503753,0.6898664898533894,0.004061344426862769,6.993800605822159,3.8932455614344645
artificial_perturbation,amplitude_noise,1.0,2_0_44_11_2_16.bin,11,0_44,0_38;1_19;0_42;1_21;1_20,0,0_38,0_38,0_38,0.4726520752628054,0.9639725831520192,0.4726520752628054,0.7347270455589658,0.8516468944108805,0.0015737047368747875,6.202006444136517,3.9514633526294514
artificial_perturbation,amplitude_noise,1.0,2_0_44_11_2_16.bin,16,0_44,0_50;0_48;1_20;1_19;1_25,0,0_50,0_50,0_50,0.9999484742978868,0.9772131289279922,0.9999484742978868,0.9999742371054866,0.5922571759366086,0.006219595949703993,6.468353863989682,6.570536995528622
artificial_perturbation,amplitude_noise,1.0,2_0_45_11_2_16.bin,3,0_45,1_16;1_17;0_45;0_48;1_18,1,1_16,1_16,1_16,0.9999912787555473,0.962821136851488,0.9999912787555473,0.999995638977841,0.5091421583958469,0.008709693075798686,4.109299182701452,1.3943399150825373
artificial_perturbation,amplitude_noise,1.0,2_0_45_11_2_16.bin,6,0_45,1_18;1_17;1_16;1_20;0_39,0,1_18,1_17,1_18,0.18278924538739255,0.22121568435301675,0.18278924538739255,0.4640574276723667,0.5885300385528592,0.006316197170025767,0.7710782650554306,1.2946587319665905
artificial_perturbation,amplitude_noise,1.0,2_0_45_11_2_16.bin,7,0_45,2_15;0_48;1_16;0_45;1_18,1,2_15,2_15,2_15,0.9999999774741464,0.9576065558808577,0.9999999774741464,0.9999999880961928,0.4746278534940761,0.01,-1.5013431695453718,1.2762546434926563
artificial_perturbation,amplitude_noise,1.0,2_0_45_11_2_16.bin,16,0_45,2_15;0_48;0_39;1_18;1_17,0,2_15,2_15,2_15,0.9999996017395093,0.09108223793224657,0.9999996017395093,0.9999998008687411,0.5789699888448177,0.006569664296192594,1.8709814361637118,2.082967244653311
artificial_perturbation,amplitude_noise,1.0,2_0_48_11_2_16.bin,2,0_48,2_15;0_48;0_45;1_17;1_18,1,2_15,2_15,2_15,1.0,0.0448502888299388,1.0,1.0,0.9099253235915377,0.0008942998044171711,13.524254781297579,1.2292076630246385
artificial_perturbation,amplitude_noise,1.0,2_0_48_11_2_16.bin,5,0_48,1_20;0_45;1_18;0_42;1_19,0,1_18,0_45,1_18,0.9260705519236867,0.007048325437701508,0.9260705519236867,0.9611951214629496,0.5555031364442312,0.007228835840183351,2.576859048652949,7.055598496943155
artificial_perturbation,amplitude_noise,1.0,2_0_48_11_2_16.bin,7,0_48,0_44;1_18;0_42;1_17;0_45,0,0_44,1_18,0_44,0.8902263602849919,0.004216488099397675,0.8902263602849919,0.926704571447796,0.6382415120169826,0.005120588292751103,-4.807815013387012,5.922069915237502
artificial_perturbation,amplitude_noise,1.0,2_0_48_11_2_16.bin,13,0_48,0_48;0_45;2_15;0_50;1_16,1,0_48,0_48,0_48,0.9994821438740662,0.9758782186864372,0.9994821438740662,0.9996808182257139,0.5941294040867444,0.006171528224494195,2.290225892628544,4.507478881795617
artificial_perturbation,amplitude_noise,1.0,2_0_50_11_2_16.bin,10,0_50,0_44;0_43;0_50;0_42;1_23,1,2_15,0_43,2_15,1.0,0.3161913768510562,1.0,1.0,0.5105647285817929,0.008660254037844387,1.1333169201602522,3.1866674847261462
artificial_perturbation,amplitude_noise,1.0,2_0_50_11_2_16.bin,11,0_50,0_39;1_20;0_42;1_19;1_17,0,1_17,1_17,1_17,0.9521257291710638,0.00914228006465545,0.9521257291710638,0.9757552113003355,0.6856212633595382,0.0041424289029986985,-3.6434266169846388,5.706979315176177
artificial_perturbation,amplitude_noise,1.0,2_0_50_11_2_16.bin,14,0_50,2_15;0_50;0_43;0_42;0_44,1,2_15,2_15,2_15,1.0,0.9708382943628204,1.0,1.0,0.5513515178417113,0.0073512942276534226,3.0359322064914913,0.915471875058854
artificial_perturbation,amplitude_noise,1.0,2_0_50_11_2_16.bin,18,0_50,0_50;0_48;0_43;0_44;0_42,1,0_50,0_50,0_50,0.39778274035471445,0.9777701406668404,0.39778274035471445,0.698891359847747,0.5544828830063645,0.007258759835941597,7.590719063962819,3.987720533565172
artificial_perturbation,amplitude_noise,1.0,2_1_16_11_2_16.bin,2,1_16,1_16;2_15;0_48;1_17;1_18,1,2_15,2_15,2_15,0.9647021597324692,0.004167519761213323,0.9647021597324692,0.9823270359891736,0.5430244063895971,0.007602559593683312,-4.687048198405554,1.6765678162013842
artificial_perturbation,amplitude_noise,1.0,2_1_16_11_2_16.bin,5,1_16,1_16;1_18;1_17;1_20;1_19,1,1_18,1_16,1_18,0.03248969513145755,0.4270704512527148,0.03248969513145755,0.5162371009601016,0.6996139449364905,0.0038788902069291785,-1.523678380371472,4.4220568687944635
artificial_perturbation,amplitude_noise,1.0,2_1_16_11_2_16.bin,14,1_16,2_15;1_17;0_48;1_18;0_45,0,2_15,2_15,2_15,1.0,0.9474292424452356,1.0,1.0,0.5328663123263132,0.007919706728601135,12.161559752687786,-0.26187135317659216
artificial_perturbation,amplitude_noise,1.0,2_1_16_11_2_16.bin,18,1_16,2_15;1_17;1_18;0_48;1_16,1,2_15,2_15,2_15,1.0,0.9590785349453782,1.0,1.0,0.810704989848337,0.002109417268122834,2.9004701381809923,-1.1609972838313514
artificial_perturbation,amplitude_noise,1.0,2_1_17_11_2_16.bin,1,1_17,0_48;2_15;0_45;0_39;1_18,0,2_15,2_15,2_15,0.9999593734153047,0.013978609726595481,0.9999593734153047,0.9999796867075058,0.5236066093960744,0.008219526208031938,-1.128266261796118,3.833329877698512
artificial_perturbation,amplitude_noise,1.0,2_1_17_11_2_16.bin,11,1_17,1_23;0_39;1_25;0_38;0_43,0,1_16,1_23,1_16,0.9999996613972444,0.4765920481721001,0.9999996613972444,0.9999998305114509,0.7455829684535056,0.0030827363208062457,4.844516520910203,0.7270776024045009
artificial_perturbation,amplitude_noise,1.0,2_1_17_11_2_16.bin,19,1_17,0_48;0_45;1_16;1_17;1_18,1,0_48,0_48,0_48,0.9688465842505412,0.9644726546171035,0.9688465842505412,0.9844223963281573,0.5374117643859876,0.007776310468650088,1.7375736254071086,5.675609000764766
artificial_perturbation,amplitude_noise,1.0,2_1_17_11_2_16.bin,20,1_17,0_48;1_16;2_15;1_17;1_18,1,0_48,0_48,0_48,0.9998064085694747,0.9782995453014859,0.9998064085694747,0.9999009735404738,0.6668980622051811,0.004512361453434352,3.5850646265617296,2.8394542769978983
artificial_perturbation,amplitude_noise,1.0,2_1_18_11_2_16.bin,9,1_18,2_15;0_48;1_17;1_16;0_50,0,2_15,2_15,2_15,0.9999999999999023,0.9721549653457843,0.9999999999999023,0.9999999999999512,0.5178361747399464,0.008411789865011177,-1.627386346194787,2.42724042037149
artificial_perturbation,amplitude_noise,1.0,2_1_18_11_2_16.bin,10,1_18,1_17;1_16;0_38;1_24;1_18,1,0_38,0_38,0_38,0.9796531109303473,0.011604460083874946,0.9796531109303473,0.9883488734188197,0.6221809296609434,0.005485969092759191,-0.9174923604275511,-0.271979991901929
artificial_perturbation,amplitude_noise,1.0,2_1_18_11_2_16.bin,11,1_18,1_16;1_17;1_18;0_48;0_45,1,1_16,1_16,1_16,0.9999999040588343,0.9208531658660761,0.9999999040588343,0.9999999513277992,0.6493625293740868,0.004878173887896807,8.65175793112957,0.8129294298195475
artificial_perturbation,amplitude_noise,1.0,2_1_18_11_2_16.bin,14,1_18,1_16;2_15;0_48;1_18;1_17,1,2_15,2_15,2_15,0.9919577480003483,0.015863764747329978,0.9919577480003483,0.9959788441861227,0.5605252102819077,0.007083126428392233,8.293608884462248,0.32050307923716215
artificial_perturbation,amplitude_noise,1.0,2_1_19_11_2_16.bin,4,1_19,0_38;1_24;0_37;1_26;1_23,0,0_38,0_38,0_38,0.9680418028507058,0.9759184519965323,0.9680418028507058,0.9803717714536264,0.7552961586535104,0.002926912153322991,7.30905259259465,3.3126877127796517
artificial_perturbation,amplitude_noise,1.0,2_1_19_11_2_16.bin,11,1_19,0_50;0_43;0_44;0_42;0_48,0,0_50,0_50,0_50,0.907363426609544,0.9468373611103775,0.907363426609544,0.9481974738245512,0.7032939291217761,0.003811322869823844,3.122067597896823,7.551237660791042
artificial_perturbation,amplitude_noise,1.0,2_1_19_11_2_16.bin,14,1_19,0_48;0_50;2_15;1_20;0_39,0,0_50,0_50,0_50,0.9343586781842967,0.016038557511624862,0.9343586781842967,0.9645247722055555,0.5243129689861526,0.008196281917093718,7.210607508753494,5.908563066968336
artificial_perturbation,amplitude_noise,1.0,2_1_19_11_2_16.bin,17,1_19,1_21;1_20;0_43;0_40;1_19,1,1_16,1_21,1_16,0.9647240126943221,0.9694216243160408,0.9647240126943221,0.9815493012262708,0.5545989303107608,0.007255350623518493,4.181086577239748,1.3972952841620936
artificial_perturbation,amplitude_noise,1.0,2_1_20_11_2_16.bin,0,1_20,0_38;1_21;1_24;0_39;0_40,0,0_38,0_38,0_38,0.999853130214023,0.9743018209674658,0.999853130214023,0.9999039567470668,0.563994330313753,0.006983989464290656,-4.750243601745968,4.273376814389692
artificial_perturbation,amplitude_noise,1.0,2_1_20_11_2_16.bin,4,1_20,0_39;0_38;0_40;0_37;1_21,0,0_39,0_39,0_39,0.7785240568590786,0.9254756258907781,0.7785240568590786,0.8835973327791039,1.0,0.0,-4.502872444432836,5.499102912768283
artificial_perturbation,amplitude_noise,1.0,2_1_20_11_2_16.bin,19,1_20,0_48;0_45;0_50;0_39;1_20,1,0_48,0_48,0_48,0.3715965426867858,0.7466813157452423,0.3715965426867858,0.685455814448063,0.4404854782665142,0.01147535010324736,2.408502687966009,6.853299991686505
artificial_perturbation,amplitude_noise,1.0,2_1_20_11_2_16.bin,20,1_20,1_16;1_17;0_48;1_18;1_19,0,1_16,1_16,1_16,0.999392072798865,0.9553922542054119,0.999392072798865,0.9996929640431877,0.49930406142296385,0.009059310539559877,7.8078573926271435,3.2797362732397337
artificial_perturbation,amplitude_noise,1.0,2_1_21_11_2_16.bin,3,1_21,0_50;0_43;0_44;1_19;0_42,0,0_43,0_50,0_43,0.35199327000931474,0.19045639564256645,0.35199327000931474,0.63943428702026,0.6013994972591248,0.0059877127598409515,4.5468619252764935,11.153373406077568
artificial_perturbation,amplitude_noise,1.0,2_1_21_11_2_16.bin,5,1_21,1_24;0_38;0_36;0_37;0_40,0,0_36,0_36,0_36,0.8553850261464304,0.006609609268363292,0.8553850261464304,0.9053734097290278,0.5248646553644877,0.008178170997204689,-3.256892921645913,2.9372647724815
artificial_perturbation,amplitude_noise,1.0,2_1_21_11_2_16.bin,6,1_21,0_50;0_35;1_28;1_25;1_29,0,0_50,0_50,0_50,0.9999999298013182,0.9716686081235618,0.9999999298013182,0.9999999648775942,0.8206892333346991,0.0019738484660283035,6.631992477239665,4.999486594936171
artificial_perturbation,amplitude_noise,1.0,2_1_21_11_2_16.bin,7,1_21,1_27;1_26;1_24;0_36;1_25,0,1_27,1_27,1_27,0.999253194344511,0.049051654296892844,0.999253194344511,0.9995439548766277,0.40217784273835583,0.013428887764128369,-0.33249450249513246,9.043157452742303
artificial_perturbation,amplitude_noise,1.0,2_1_22_11_2_16.bin,0,1_22,0_35;0_34;1_29;0_50;0_43,0,0_34,0_34,0_34,0.69093728663122,0.018118720712756664,0.69093728663122,0.8358496736524842,0.5498109919414434,0.007397204850926084,15.85656626918884,5.701691357509803
artificial_perturbation,amplitude_noise,1.0,2_1_22_11_2_16.bin,8,1_22,0_40;0_43;1_21;1_22;1_20,1,0_40,0_40,0_40,0.9618793972516161,0.9448320981389444,0.9618793972516161,0.9807721528183243,0.5929563026223197,0.0062016110079603564,9.51465115613573,5.080140194926013
artificial_perturbation,amplitude_noise,1.0,2_1_22_11_2_16.bin,10,1_22,1_26;1_27;1_25;0_36;1_28,0,1_26,1_26,1_26,0.9593635314923189,0.9683861072183578,0.9593635314923189,0.9794853777157968,0.7566555433452918,0.0029054233090862833,14.176626747569976,8.095442189549608
artificial_perturbation,amplitude_noise,1.0,2_1_22_11_2_16.bin,13,1_22,0_35;0_36;1_27;0_50;0_44,0,0_35,0_35,0_35,0.9000627712222194,0.9400609054409075,0.9000627712222194,0.950030745818623,0.7486057722244792,0.0030338095016666264,12.492367820018291,4.262967746561905
artificial_perturbation,amplitude_noise,1.0,2_1_23_11_2_16.bin,0,1_23,0_38;0_37;0_39;1_24;1_23,1,0_38,0_38,0_38,0.5685289556962834,0.8082609168567606,0.5685289556962834,0.7842427401606239,0.48923405574429113,0.009431731497557225,3.200561287001981,5.771607019028458
artificial_perturbation,amplitude_noise,1.0,2_1_23_11_2_16.bin,3,1_23,0_36;0_35;1_27;0_37;1_26,0,0_36,0_36,0_36,0.9076961238434521,0.9499752561756988,0.9076961238434521,0.9538442709828908,0.4473852539201828,0.011159043771153928,16.03073421766583,6.2181793937608365
artificial_perturbation,amplitude_noise,1.0,2_1_23_11_2_16.bin,12,1_23,0_37;0_38;0_35;1_26;0_36,0,0_37,0_37,0_37,0.8084112122000726,0.8450042368600512,0.8084112122000726,0.9007406192660381,0.6225011838889016,0.005478499031355965,1.3342563885358567,3.287041783003744
artificial_perturbation,amplitude_noise,1.0,2_1_23_11_2_16.bin,20,1_23,1_27;1_28;1_26;0_35;0_36,0,1_27,1_27,1_27,0.997268400896446,0.9830934184050001,0.997268400896446,0.9981937071876704,0.6049211963432992,0.005900259388096361,5.35365507900167,2.479034163298304
artificial_perturbation,amplitude_noise,1.0,2_1_24_11_2_16.bin,0,1_24,0_36;1_24;0_38;0_37;1_23,1,0_36,0_36,0_36,0.9964237920447766,0.9665086823052054,0.9964237920447766,0.9980134933914198,0.549983829112198,0.007392041163002446,7.7747822637352115,6.193657944681092
artificial_perturbation,amplitude_noise,1.0,2_1_24_11_2_16.bin,2,1_24,0_50;0_44;1_21;0_43;0_40,0,0_50,0_50,0_50,0.9999992253946864,0.9897316418799186,0.9999992253946864,0.9999996126739784,0.5105647285817929,0.008660254037844387,-5.9843009337493305,5.057979241912584
artificial_perturbation,amplitude_noise,1.0,2_1_24_11_2_16.bin,10,1_24,1_21;0_40;1_22;1_19;0_42,0,0_40,0_40,0_40,0.24747840780844466,0.6607556929024228,0.24747840780844466,0.621284462859082,0.7498040026121259,0.003014524238024656,3.6675792318325637,5.561587652588155
artificial_perturbation,amplitude_noise,1.0,2_1_24_11_2_16.bin,17,1_24,0_34;0_35;1_25;1_28;1_26,0,0_34,0_34,0_34,0.9999996728115951,0.8405389410745836,0.9999996728115951,0.9999998364055734,0.691493684555135,0.00403052869895869,-2.8971464671809875,3.1373044660977953
artificial_perturbation,amplitude_noise,1.0,2_1_25_11_2_16.bin,2,1_25,1_25;1_24;0_40;0_38;1_21,1,1_24,1_24,1_24,0.03379238471102325,0.47511630586205933,0.03379238471102325,0.5167422890823379,0.5996585409012904,0.006031324857603365,14.434330541113955,3.306011287948232
artificial_perturbation,amplitude_noise,1.0,2_1_25_11_2_16.bin,3,1_25,1_24;1_25;0_40;0_35;1_23,1,1_24,1_24,1_24,0.999951669904854,0.982983966950106,0.999951669904854,0.9999757556917461,0.5071430428347266,0.00877963773288104,12.735013918225528,2.1375510318254802
artificial_perturbation,amplitude_noise,1.0,2_1_25_11_2_16.bin,14,1_25,1_19;1_20;1_18;0_42;0_40,0,1_18,1_19,1_18,0.8047067096546041,0.0008390437403250628,0.8047067096546041,0.9004868107092016,0.6816410089642688,0.004219369759922208,-0.7564464243665938,5.498734449139988
artificial_perturbation,amplitude_noise,1.0,2_1_25_11_2_16.bin,16,1_25,1_28;1_27;1_25;0_39;1_26,1,1_28,1_28,1_28,0.9999994140768946,0.9709443009799947,0.9999994140768946,0.9999997070384424,0.7444538938479374,0.0031011133384379946,-5.166664181031919,4.922685516613946
artificial_perturbation,amplitude_noise,1.0,2_1_26_11_2_16.bin,3,1_26,0_43;0_38;1_17;1_28;0_48,0,1_16,0_43,1_16,0.9999897721374539,0.042090852167189885,0.9999897721374539,0.9999929810540245,0.6991818049391625,0.0038868712943247786,13.67432458803611,1.257440447218432
artificial_perturbation,amplitude_noise,1.0,2_1_26_11_2_16.bin,12,1_26,1_19;1_24;1_20;0_42;1_23,0,1_19,1_19,1_19,0.8647624885478087,0.957984992459034,0.8647624885478087,0.931835921666713,0.6614075540223585,0.004624814212084607,8.336873604818422,6.0841990534692805
artificial_perturbation,amplitude_noise,1.0,2_1_26_11_2_16.bin,13,1_26,1_26;0_37;1_24;0_38;1_25,1,0_37,0_37,0_37,0.8533372422075044,0.014875500430450939,0.8533372422075044,0.9213407783304399,0.6641209246054185,0.0045690084588143045,6.539799337915511,7.023306744865614
artificial_perturbation,amplitude_noise,1.0,2_1_26_11_2_16.bin,17,1_26,1_19;1_18;0_42;1_17;1_20,0,1_18,1_18,1_18,0.8689840086234177,0.04281375451526226,0.8689840086234177,0.9314367260021031,0.5212046846957541,0.00829903810863785,7.748601315406807,6.085588953307866
artificial_perturbation,amplitude_noise,1.0,2_1_27_11_2_16.bin,1,1_27,0_34;1_28;1_30;1_27;0_36,1,0_34,0_34,0_34,0.9721933268760927,0.970266808230502,0.9721933268760927,0.9860964141860944,0.750131750136404,0.0030092599421001954,2.6587130693863417,6.792419942928948
artificial_perturbation,amplitude_noise,1.0,2_1_27_11_2_16.bin,5,1_27,0_36;1_24;0_37;0_38;1_26,0,0_36,0_36,0_36,0.8477425044180322,0.9393865336887718,0.8477425044180322,0.9231127741278898,0.41984426130582025,0.01248367771282466,13.248257291354815,5.333605911354546
artificial_perturbation,amplitude_noise,1.0,2_1_27_11_2_16.bin,10,1_27,0_40;1_23;1_24;1_22;1_21,0,0_40,0_40,0_40,0.745969530279943,0.1343717740324828,0.745969530279943,0.7984907686578739,0.5105120676811679,0.008662079268009397,17.865105402889707,3.105926289458946
artificial_perturbation,amplitude_noise,1.0,2_1_27_11_2_16.bin,11,1_27,1_29;1_27;1_22;0_40;1_21,1,1_29,1_29,1_29,0.9999990808520496,0.9735376573932187,0.9999990808520496,0.999999540249441,0.5285832164665384,0.00805708319363652,-5.239392569919181,4.57704372928921
artificial_perturbation,amplitude_noise,1.0,2_1_28_11_2_16.bin,5,1_28,1_28;1_27;0_36;0_37;1_29,1,1_28,1_28,1_28,1.0,0.8034655442215242,1.0,1.0,0.8000115449254751,0.0022583687106353004,2.203994297506899,4.625472289254811
artificial_perturbation,amplitude_noise,1.0,2_1_28_11_2_16.bin,10,1_28,1_28;1_18;0_35;2_15;1_26,1,1_28,1_28,1_28,0.9999998072814883,0.9624791218328944,0.9999998072814883,0.9999998808679842,0.6232272205884436,0.005461592358255241,10.984765073795462,5.773271751473571
artificial_perturbation,amplitude_noise,1.0,2_1_28_11_2_16.bin,14,1_28,1_26;1_27;0_36;1_24;1_28,1,1_27,1_26,1_26,0.6630879339882123,0.03332020957072679,0.03332020957072679,0.7805501335129679,0.8665724218537759,0.0013909993158476236,-2.069396979603101,3.9493207867230407
artificial_perturbation,amplitude_noise,1.0,2_1_28_11_2_16.bin,18,1_28,1_25;1_26;1_24;1_28;1_27,1,1_25,1_26,1_26,0.5837254824796664,0.06550352974341622,0.06550352974341622,0.7917869621438169,0.8842055223726618,0.001183098222418082,8.915592934344904,3.4596991959878327
artificial_perturbation,amplitude_noise,1.0,2_1_29_11_2_16.bin,6,1_29,1_25;1_24;1_26;0_33;1_29,1,1_25,1_25,1_25,0.9997100135687138,0.984484557594375,0.9997100135687138,0.9998548523900803,0.2187048570420383,0.03227326272122559,19.404040652131577,3.060719769251847
artificial_perturbation,amplitude_noise,1.0,2_1_29_11_2_16.bin,7,1_29,0_35;1_28;1_26;0_36;1_29,1,0_35,0_35,0_35,0.9819783696886327,0.9798028144723101,0.9819783696886327,0.9885578056957472,0.5580939068812484,0.007153340297154153,20.981889712761888,3.6509304694537192
artificial_perturbation,amplitude_noise,1.0,2_1_29_11_2_16.bin,9,1_29,0_33;1_29;0_37;1_26;0_36,1,0_33,0_33,0_33,0.9999999999967332,0.9843732434663416,0.9999999999967332,0.9999999999983666,0.539145167185531,0.0077222633202768745,14.725123964854568,6.042262106905378
artificial_perturbation,amplitude_noise,1.0,2_1_29_11_2_16.bin,15,1_29,1_24;1_25;0_40;1_22;1_23,0,1_25,1_24,1_25,0.11079504127489298,0.37577497780782065,0.11079504127489298,0.5547757250166393,0.5535144187609273,0.0072872669127726775,-1.3024074530756262,7.157331908502529
artificial_perturbation,amplitude_noise,1.0,2_1_30_11_2_16.bin,1,1_30,0_33;1_30;1_29;1_27;0_37,1,0_33,0_33,0_33,0.9988648194400245,0.9714417532324104,0.9988648194400245,0.999432409720009,0.4628090309360351,0.010486077303918604,-1.1630923588711921,5.602525841669834
artificial_perturbation,amplitude_noise,1.0,2_1_30_11_2_16.bin,2,1_30,0_33;0_34;1_30;1_27;1_29,1,0_33,0_33,0_33,0.9999999999999176,0.9885804667304147,0.9999999999999176,0.9999999999999534,0.6357097145600626,0.005176961304827656,6.638373887999469,6.763588200859445
artificial_perturbation,amplitude_noise,1.0,2_1_30_11_2_16.bin,5,1_30,1_30;0_33;1_31;0_34;1_29,1,1_30,1_30,1_30,0.9999999861465017,0.9872847127115743,0.9999999861465017,0.9999999930732508,0.12758130614519983,0.061776613297059975,17.298890168526878,8.338639250245876
artificial_perturbation,amplitude_noise,1.0,2_1_30_11_2_16.bin,13,1_30,1_30;1_31;0_33;0_34;1_29,1,1_30,1_30,1_30,0.9999999999987247,0.9902289811246033,0.9999999999987247,0.9999999999993567,0.3476364103331413,0.016953158952262303,-3.434518275066517,7.007417617451036
artificial_perturbation,amplitude_noise,1.0,2_1_31_11_2_16.bin,2,1_31,1_31;1_30;0_34;0_33;1_29,1,1_31,1_31,1_31,1.0,0.9907344424558238,1.0,1.0,0.5422049333334605,0.007627703806361925,2.4562494540220676,2.7803594020931817
artificial_perturbation,amplitude_noise,1.0,2_1_31_11_2_16.bin,3,1_31,1_31;1_30;0_34;0_33;1_29,1,1_31,1_31,1_31,1.0,0.9884404317283089,1.0,1.0,0.7070765205870596,0.0037426045819343792,9.862016977601424,5.128589642926244
artificial_perturbation,amplitude_noise,1.0,2_1_31_11_2_16.bin,6,1_31,1_31;1_28;1_30;0_34;0_33,1,1_31,1_31,1_31,0.3701612134843377,0.7701588760807299,0.3701612134843377,0.6850806067421689,0.8624195858885041,0.001441199750716763,-5.272257996654494,2.8621882455064362
artificial_perturbation,amplitude_noise,1.0,2_1_31_11_2_16.bin,7,1_31,1_31;1_30;0_34;0_33;0_36,1,1_31,1_31,1_31,1.0,0.9838176142287794,1.0,1.0,0.3557322537870776,0.016361733816715872,6.242088626451277,6.692744521631699
artificial_perturbation,amplitude_noise,1.0,2_1_32_11_2_16.bin,4,1_32,1_32;0_33;1_29;0_35;1_28,1,1_32,1_32,1_32,0.9999999999998783,0.990759746751832,0.9999999999998783,0.9999999999999392,0.9696939304204449,0.00028234565949093304,1.5748432588777463,1.8404023799982392
artificial_perturbation,amplitude_noise,1.0,2_1_32_11_2_16.bin,5,1_32,1_32;0_33;1_28;0_35;1_29,1,1_32,1_32,1_32,1.0,0.984995698232234,1.0,1.0,0.9137656793662072,0.0008525728158559796,3.1799046469077767,3.9985634496520417
artificial_perturbation,amplitude_noise,1.0,2_1_32_11_2_16.bin,9,1_32,1_32;0_33;1_28;0_35;1_29,1,1_32,1_32,1_32,1.0,0.9854432859513522,1.0,1.0,0.730413296437336,0.003334386775077944,6.034199145586433,5.682190102294026
artificial_perturbation,amplitude_noise,1.0,2_1_32_11_2_16.bin,17,1_32,1_32;0_33;0_35;1_29;1_28,1,1_32,1_32,1_32,1.0,0.9759265030034815,1.0,1.0,0.7458366223599623,0.003078615459016298,-3.9463405013488,7.461723821222687
artificial_perturbation,amplitude_noise,1.0,2_2_15_11_2_16.bin,3,2_15,2_15;0_45;0_48;1_18;1_17,1,2_15,2_15,2_15,1.0,0.9675108732449881,1.0,1.0,0.8545321855791748,0.0015378878503148148,-0.6720248522337167,-6.549443162487308
artificial_perturbation,amplitude_noise,1.0,2_2_15_11_2_16.bin,10,2_15,2_15;1_16;1_17;0_48;1_18,1,2_15,2_15,2_15,0.9999999999997249,0.9765952621110761,0.9999999999997249,0.9999999999998617,0.549281652096374,0.007413039638895063,9.770836255995238,-0.4525425705632067
artificial_perturbation,amplitude_noise,1.0,2_2_15_11_2_16.bin,16,2_15,2_15;0_48;1_16;1_17;1_18,1,2_15,2_15,2_15,0.9999999999609681,0.9753506355400099,0.9999999999609681,0.9999999999804656,0.4962960894314198,0.009168971996901965,0.1473247662327073,1.0863916195221988
artificial_perturbation,amplitude_noise,1.0,2_2_15_11_2_16.bin,20,2_15,2_15;1_16;0_48;1_17;1_18,1,2_15,2_15,2_15,1.0,0.8989804115554324,1.0,1.0,0.724871432050576,0.0034289478534993414,-2.156700545499915,-3.0831162320170393
artificial_perturbation,cfo_shift,0.25,2_0_33_11_2_16.bin,0,0_33,0_33;1_30;1_29;0_34;0_35,1,0_33,0_33,0_33,0.9999999995233819,0.9748731549764704,0.9999999995233819,0.9999999997616902,0.6840017551372338,0.00417362698103958,8.683007436180906,10.0
artificial_perturbation,cfo_shift,0.25,2_0_33_11_2_16.bin,3,0_33,0_33;1_30;1_29;0_34;0_35,1,0_33,0_33,0_33,0.9999999903090215,0.9727407664411734,0.9999999903090215,0.9999999951545093,0.6469366646680934,0.004930341836960131,6.881146774828008,10.0
artificial_perturbation,cfo_shift,0.25,2_0_33_11_2_16.bin,17,0_33,0_33;1_30;1_29;0_34;0_35,1,0_33,0_33,0_33,0.9999999957117811,0.9837601082595351,0.9999999957117811,0.9999999978558627,0.31175774335260986,0.01994390797916262,5.314295190295731,10.0
artificial_perturbation,cfo_shift,0.25,2_0_33_11_2_16.bin,18,0_33,0_33;1_30;0_34;1_29;1_28,1,0_33,0_33,0_33,0.9999961754485864,0.9677379185888904,0.9999961754485864,0.9999980877242831,0.7894483270541716,0.00240946801026055,12.026055774261469,8.0
artificial_perturbation,cfo_shift,0.25,2_0_34_11_2_16.bin,4,0_34,0_34;1_30;1_29;0_35;1_27,1,0_34,0_34,0_34,0.9999997183177314,0.9770905684481517,0.9999997183177314,0.9999998589532105,0.6802718682747179,0.00424604424423519,14.003012798338439,10.0
artificial_perturbation,cfo_shift,0.25,2_0_34_11_2_16.bin,8,0_34,1_31;0_34;1_30;0_35;0_37,1,0_34,0_34,0_34,0.8028498453583615,0.9225762712593626,0.8028498453583615,0.9014249226791778,0.957984173921746,0.00039622397366198233,3.1158637647520475,9.0
artificial_perturbation,cfo_shift,0.25,2_0_34_11_2_16.bin,16,0_34,0_34;1_30;0_35;1_29;1_27,1,0_34,0_34,0_34,0.9999993987351282,0.9762358518504478,0.9999993987351282,0.9999996992688297,0.9460327102758187,0.000515359910498079,1.1292877312328677,9.0
artificial_perturbation,cfo_shift,0.25,2_0_34_11_2_16.bin,18,0_34,0_34;1_30;0_35;1_29;0_36,1,0_34,0_34,0_34,0.9999995960547731,0.9736212903656591,0.9999995960547731,0.9999997961382232,0.6389864521340773,0.005104086510894602,3.94032212100167,9.0
artificial_perturbation,cfo_shift,0.25,2_0_35_11_2_16.bin,11,0_35,0_35;1_31;0_42;1_18;0_34,1,0_35,0_35,0_35,0.9785675200495253,0.976907591894835,0.9785675200495253,0.9892780371686041,0.629751396004147,0.005311417837805697,15.093855585932053,9.0
artificial_perturbation,cfo_shift,0.25,2_0_35_11_2_16.bin,12,0_35,0_35;0_36;1_27;0_34;0_37,1,0_35,0_35,0_35,0.9992591149068503,0.9690862518335351,0.9992591149068503,0.9996295312309951,0.8207661344414734,0.0019728170815231363,9.514333756076915,9.0
artificial_perturbation,cfo_shift,0.25,2_0_35_11_2_16.bin,13,0_35,0_35;0_36;1_27;0_34;1_28,1,0_35,0_35,0_35,0.9988876103766541,0.9638269060953928,0.9988876103766541,0.999441754180685,0.9292292606336622,0.0006880453005585676,9.017259583259403,7.0
artificial_perturbation,cfo_shift,0.25,2_0_35_11_2_16.bin,17,0_35,0_35;0_36;0_34;1_27;0_37,1,0_35,0_35,0_35,0.999886028989709,0.9687939278415629,0.999886028989709,0.9999361845771849,0.9721502328429928,0.0002588060121737939,4.49258739634812,8.0
artificial_perturbation,cfo_shift,0.25,2_0_36_11_2_16.bin,6,0_36,0_36;1_27;0_37;1_26;0_35,1,0_36,0_36,0_36,0.9928049675296764,0.9919164644223238,0.9928049675296764,0.996087455125643,0.46388235518202925,0.010440911739832009,15.1644659801616,9.0
artificial_perturbation,cfo_shift,0.25,2_0_36_11_2_16.bin,11,0_36,0_36;0_37;1_27;0_35;1_26,1,0_36,0_36,0_36,0.9979005491122201,0.9724062999206939,0.9979005491122201,0.9988141501811425,0.7491550591317171,0.00302496118746137,13.035849297808575,9.0
artificial_perturbation,cfo_shift,0.25,2_0_36_11_2_16.bin,12,0_36,0_36;0_35;0_37;1_27;1_26,1,0_36,0_36,0_36,0.9939400764273494,0.9694888296167496,0.9939400764273494,0.9956178712393489,0.7070499346603843,0.003743085002374712,0.36570109541472595,9.0
artificial_perturbation,cfo_shift,0.25,2_0_36_11_2_16.bin,13,0_36,0_36;0_37;1_27;0_35;1_26,1,0_36,0_36,0_36,0.9251961336433647,0.9591188834512585,0.9251961336433647,0.9592906736517711,1.0,0.0,8.575364177959502,10.0
artificial_perturbation,cfo_shift,0.25,2_0_37_11_2_16.bin,2,0_37,0_37;0_38;0_36;1_27;1_24,1,0_37,0_37,0_37,0.9397280379821908,0.9425294321463198,0.9397280379821908,0.9672265982852526,0.9982802913959222,1.5562828943081506e-05,4.073681491183223,8.0
artificial_perturbation,cfo_shift,0.25,2_0_37_11_2_16.bin,9,0_37,0_37;0_36;0_38;1_23;1_26,1,0_37,0_37,0_37,0.9374841586981962,0.9627306248214565,0.9374841586981962,0.9619484859871668,0.6085124161382696,0.00581212205266259,6.55223787720578,10.0
artificial_perturbation,cfo_shift,0.25,2_0_37_11_2_16.bin,11,0_37,0_37;0_38;0_36;1_23;1_22,1,0_37,0_37,0_37,0.9942771591315769,0.9687371999950648,0.9942771591315769,0.9970910093262735,0.9301146763974243,0.0006787903510736867,3.632689534853344,11.0
artificial_perturbation,cfo_shift,0.25,2_0_37_11_2_16.bin,16,0_37,0_37;0_38;0_36;1_23;1_24,1,0_37,0_37,0_37,0.8803882518828687,0.9179537446234515,0.8803882518828687,0.9401160516064175,0.6699017028978961,0.004451623015424852,3.1719134458851688,10.0
artificial_perturbation,cfo_shift,0.25,2_0_38_11_2_16.bin,4,0_38,0_38;0_37;1_23;1_24;0_40,1,0_38,0_38,0_38,0.9600256746055823,0.9606585429207197,0.9600256746055823,0.9797766176457975,0.76874851618844,0.0027176055104822378,6.687563181955305,8.0
artificial_perturbation,cfo_shift,0.25,2_0_38_11_2_16.bin,5,0_38,0_38;0_37;1_24;1_23;0_40,1,0_38,0_38,0_38,0.9675611624114543,0.9640338582909462,0.9675611624114543,0.981547260482444,0.8141730908429508,0.002061949553522811,8.769075881819303,8.0
artificial_perturbation,cfo_shift,0.25,2_0_38_11_2_16.bin,8,0_38,0_38;1_23;0_37;1_24;0_39,1,0_38,0_38,0_38,0.9937920836956909,0.9718285223854471,0.9937920836956909,0.9957022706771274,0.9735808911229669,0.0002451502273820558,-0.2630510939684605,8.0
artificial_perturbation,cfo_shift,0.25,2_0_38_11_2_16.bin,15,0_38,0_38;0_37;1_23;1_24;0_40,1,0_38,0_38,0_38,0.959135736697748,0.9675951151029213,0.959135736697748,0.9739116074787239,0.6764294384715763,0.004321481712972714,10.012235564344856,8.0
artificial_perturbation,cfo_shift,0.25,2_0_39_11_2_16.bin,1,0_39,0_39;0_38;1_23;1_20;1_21,1,0_39,0_39,0_39,0.9998611443841412,0.9775339785815499,0.9998611443841412,0.9999188459531331,0.7673721422719636,0.002738683650792067,2.508644107709082,9.0
artificial_perturbation,cfo_shift,0.25,2_0_39_11_2_16.bin,12,0_39,0_39;0_38;1_23;1_20;1_21,1,0_39,0_39,0_39,0.9790561323151913,0.9793972563180637,0.9790561323151913,0.9859436741422581,0.7586143198691125,0.002874594850348283,5.633606921312971,9.0
artificial_perturbation,cfo_shift,0.25,2_0_39_11_2_16.bin,15,0_39,0_39;1_20;0_38;1_23;1_21,1,0_39,0_39,0_39,0.9664709156541297,0.9646889824941753,0.9664709156541297,0.9784418022230292,1.0,0.0,0.6614593655084151,8.0
artificial_perturbation,cfo_shift,0.25,2_0_39_11_2_16.bin,20,0_39,0_39;1_20;0_38;1_23;1_21,1,0_39,0_39,0_39,0.9966178923338125,0.9642730219624424,0.9966178923338125,0.9978253517305475,0.7538205670485,0.002950325694007847,7.1936507066966495,8.0
artificial_perturbation,cfo_shift,0.25,2_0_40_11_2_16.bin,9,0_40,0_40;1_21;1_22;0_38;1_23,1,0_40,0_40,0_40,0.705805379572946,0.9156378504325247,0.705805379572946,0.8223443587334751,0.7585806338122001,0.0028751236772836665,0.9290725501742841,8.0
artificial_perturbation,cfo_shift,0.25,2_0_40_11_2_16.bin,10,0_40,0_40;1_21;1_22;1_23;0_38,1,0_40,0_40,0_40,0.8743303075261204,0.9166399463798275,0.8743303075261204,0.9177098052795183,0.6417563973753759,0.005043063237020616,9.190779489305655,8.0
artificial_perturbation,cfo_shift,0.25,2_0_40_11_2_16.bin,15,0_40,0_40;1_21;1_22;0_38;0_42,1,0_40,0_40,0_40,0.9603980859107005,0.11672643909486036,0.9603980859107005,0.9749850488777929,0.6321766181694939,0.0052563839571125905,10.508861754727757,8.0
artificial_perturbation,cfo_shift,0.25,2_0_40_11_2_16.bin,18,0_40,1_21;0_40;1_22;0_38;1_20,1,1_21,1_21,1_21,0.35656574190317525,0.7697755430789641,0.35656574190317525,0.6608927795592605,1.0,0.0,-0.20031286304770257,8.0
artificial_perturbation,cfo_shift,0.25,2_0_42_11_2_16.bin,1,0_42,0_42;1_20;0_43;0_44;1_19,1,0_42,0_42,0_42,0.6627118079192214,0.9277086828966364,0.6627118079192214,0.7665344675640697,0.7558410642514721,0.002918289127483854,2.118687560177241,8.0
artificial_perturbation,cfo_shift,0.25,2_0_42_11_2_16.bin,7,0_42,0_42;1_19;1_20;0_43;0_44,1,0_42,0_42,0_42,0.2794087131411666,0.7346485050225391,0.2794087131411666,0.5062006805108705,0.7661149872662426,0.0027580022226865227,7.996689990215371,9.0
artificial_perturbation,cfo_shift,0.25,2_0_42_11_2_16.bin,11,0_42,1_20;1_19;0_42;0_44;0_43,1,1_20,1_20,1_20,0.4513950985077724,0.03952344646254835,0.4513950985077724,0.6456784240449699,0.9197660726090265,0.0007880737147027599,2.463884871679198,8.0
artificial_perturbation,cfo_shift,0.25,2_0_42_11_2_16.bin,18,0_42,0_42;0_43;1_19;1_20;1_21,1,0_42,0_42,0_42,0.44982551962795037,0.8138952365115812,0.44982551962795037,0.6564334911211379,0.5735966117097324,0.006715838544846086,9.563133000902269,8.0
artificial_perturbation,cfo_shift,0.25,2_0_43_11_2_16.bin,10,0_43,0_43;0_42;0_44;1_21;1_20,1,0_43,0_43,0_43,0.9626828654905202,0.9615669616503645,0.9626828654905202,0.9788919628172863,0.9612649434157367,0.0003640384591355977,7.289416987778528,9.0
artificial_perturbation,cfo_shift,0.25,2_0_43_11_2_16.bin,13,0_43,0_43;0_42;0_44;1_19;1_20,1,0_43,0_43,0_43,0.8181545858634346,0.9121766463101074,0.8181545858634346,0.8975842761759694,0.8961783512359832,0.0010465973961516408,10.888502241864412,9.0
artificial_perturbation,cfo_shift,0.25,2_0_43_11_2_16.bin,15,0_43,0_43;0_42;0_44;1_21;1_20,1,0_43,0_43,0_43,0.7961481805509326,0.9205669318084073,0.7961481805509326,0.8704057527292132,0.7557711393535358,0.0029193949800536923,5.822229104247192,9.0
artificial_perturbation,cfo_shift,0.25,2_0_43_11_2_16.bin,19,0_43,0_43;0_42;0_44;1_20;1_21,1,0_43,0_42,0_42,0.5086820671519914,0.049949334042272975,0.049949334042272975,0.6817931793332288,0.9126049742404654,0.0008651473066004835,2.6604926024051183,9.0
artificial_perturbation,cfo_shift,0.25,2_0_44_11_2_16.bin,3,0_44,0_44;0_42;1_19;0_43;1_20,1,0_44,0_44,0_44,0.9009845902375095,0.9463293721805008,0.9009845902375095,0.9432712255431055,0.998877254565194,1.015442534191989e-05,0.46811705196262055,9.0
artificial_perturbation,cfo_shift,0.25,2_0_44_11_2_16.bin,9,0_44,0_43;0_44;0_42;1_19;1_20,1,0_43,0_43,0_43,0.6972720342886527,0.877729731514462,0.6972720342886527,0.8421288521339687,0.6487172164563707,0.004892013180357751,9.82263939381829,8.0
artificial_perturbation,cfo_shift,0.25,2_0_44_11_2_16.bin,11,0_44,0_44;0_42;1_19;0_43;1_20,1,0_44,0_44,0_44,0.9849733583788847,0.9640530650351918,0.9849733583788847,0.9923313109401033,0.834831962845104,0.0017873644523277261,2.8773546285993974,10.0
artificial_perturbation,cfo_shift,0.25,2_0_44_11_2_16.bin,16,0_44,0_44;0_42;0_43;1_19;1_20,1,0_44,0_44,0_44,0.9568158384980248,0.9084032984177192,0.9568158384980248,0.9724954848013412,0.7735324560929226,0.002644926490727658,7.268427085801014,9.0
artificial_perturbation,cfo_shift,0.25,2_0_45_11_2_16.bin,3,0_45,0_45;0_48;1_17;1_18;0_44,1,0_45,0_45,0_45,0.9925855091699822,0.964532399968914,0.9925855091699822,0.9962051661636349,0.8557464704346327,0.0015228864011698005,4.074820862568159,7.0
artificial_perturbation,cfo_shift,0.25,2_0_45_11_2_16.bin,6,0_45,0_45;0_48;1_18;1_17;0_44,1,0_45,0_45,0_45,0.8641693514477451,0.92820727295137,0.8641693514477451,0.9170601403155729,0.9852401462492013,0.00013533998724153743,0.5336753654292975,7.0
artificial_perturbation,cfo_shift,0.25,2_0_45_11_2_16.bin,7,0_45,0_45;0_48;1_17;1_18;0_44,1,0_45,0_45,0_45,0.9970919804363044,0.9672176631819288,0.9970919804363044,0.9984938281818986,0.9132723396633954,0.0008579135025142128,1.4606417735384922,7.0
artificial_perturbation,cfo_shift,0.25,2_0_45_11_2_16.bin,16,0_45,0_45;0_48;1_17;0_44;1_18,1,0_45,0_45,0_45,0.9994826007755451,0.9692094701815877,0.9994826007755451,0.9997139281942798,0.9317451143200535,0.0006617939557589489,2.3611635974793637,7.0
artificial_perturbation,cfo_shift,0.25,2_0_48_11_2_16.bin,2,0_48,0_48;0_45;0_50;0_44;1_17,1,0_48,0_48,0_48,0.9965377656317796,0.9684922403896542,0.9965377656317796,0.9981985757656588,0.8720073580357258,0.001326022920809317,3.79249476354926,7.0
artificial_perturbation,cfo_shift,0.25,2_0_48_11_2_16.bin,5,0_48,0_48;0_45;0_50;0_44;1_17,1,0_48,0_48,0_48,0.9941985824689288,0.9685076797601746,0.9941985824689288,0.9962223236457395,0.8398365129864535,0.001722879645788943,2.684351804853517,7.0
artificial_perturbation,cfo_shift,0.25,2_0_48_11_2_16.bin,7,0_48,0_48;0_45;0_50;0_44;1_17,1,0_48,0_48,0_48,0.9768487271525046,0.9643524141157204,0.9768487271525046,0.9881153635362135,0.8298583949828864,0.001852220602401157,2.4859324173969317,7.0
artificial_perturbation,cfo_shift,0.25,2_0_48_11_2_16.bin,13,0_48,0_48;1_16;0_45;1_17;1_18,1,0_48,0_48,0_48,0.9984925945419743,0.9850836811899862,0.9984925945419743,0.9991533618558222,0.9070537069643175,0.0009257319394787571,3.7860882673701832,5.0
artificial_perturbation,cfo_shift,0.25,2_0_50_11_2_16.bin,10,0_50,0_50;0_44;0_48;0_43;0_45,1,0_50,0_50,0_50,0.9999999097336824,0.9684293944159732,0.9999999097336824,0.9999999541931156,0.8430368901994731,0.0016820433806361303,0.17147958884606862,9.0
artificial_perturbation,cfo_shift,0.25,2_0_50_11_2_16.bin,11,0_50,0_50;0_48;0_44;0_45;0_43,1,0_50,0_50,0_50,0.9999932906857864,0.9612874068147824,0.9999932906857864,0.9999966411618664,0.9740497620799784,0.00024068353212522,2.261642222464013,9.0
artificial_perturbation,cfo_shift,0.25,2_0_50_11_2_16.bin,14,0_50,0_50;0_44;0_48;0_43;0_45,1,0_50,0_50,0_50,0.999999465749065,0.9626457134005254,0.999999465749065,0.9999997115523812,0.9752040591611074,0.0002297054334640596,4.287947529838885,9.0
artificial_perturbation,cfo_shift,0.25,2_0_50_11_2_16.bin,18,0_50,0_50;0_48;0_44;0_45;0_43,1,0_50,0_50,0_50,0.9999990012749388,0.9720121682737872,0.9999990012749388,0.999999481982314,0.7573843091700756,0.0028939349062994243,6.338250022951282,10.0
artificial_perturbation,cfo_shift,0.25,2_1_16_11_2_16.bin,2,1_16,1_16;1_17;1_18;0_48;0_45,1,1_16,1_16,1_16,0.9980060677332521,0.96301063058983,0.9980060677332521,0.9989491723342812,0.6844783455088663,0.004164430651783219,3.5309619605427356,3.0
artificial_perturbation,cfo_shift,0.25,2_1_16_11_2_16.bin,5,1_16,1_16;1_18;1_17;0_48;0_45,1,1_16,1_16,1_16,0.9896543988823274,0.05375232038750677,0.9896543988823274,0.9945835945804975,0.9452462095436452,0.0005233056479507583,-1.5024658142246856,3.0
artificial_perturbation,cfo_shift,0.25,2_1_16_11_2_16.bin,14,1_16,1_16;1_17;1_18;0_48;0_45,1,1_16,1_16,1_16,0.9983157544453969,0.9730120747872995,0.9983157544453969,0.9991114260922046,0.37524848922930487,0.015040924786747775,8.126967156584936,3.0
artificial_perturbation,cfo_shift,0.25,2_1_16_11_2_16.bin,18,1_16,1_16;1_17;1_18;0_48;0_45,1,1_16,1_16,1_16,0.9504524934627634,0.9510928671076774,0.9504524934627634,0.9715941373536496,0.5909623394903875,0.006253017835845421,2.561756729049349,4.0
artificial_perturbation,cfo_shift,0.25,2_1_17_11_2_16.bin,1,1_17,1_18;1_17;0_45;1_16;0_48,1,1_18,1_17,1_18,0.607030729453039,0.0942484512678381,0.607030729453039,0.7913023196838135,0.5469709872207326,0.00748252027030981,0.4101534464530157,6.0
artificial_perturbation,cfo_shift,0.25,2_1_17_11_2_16.bin,11,1_17,1_18;1_17;0_45;1_19;1_16,1,1_18,1_18,1_18,0.8854069813387775,0.9375475563072,0.8854069813387775,0.9356616682538127,0.8517523571071923,0.001572391291134638,1.781269614908342,6.0
artificial_perturbation,cfo_shift,0.25,2_1_17_11_2_16.bin,19,1_17,1_17;1_16;0_45;1_18;0_48,1,1_17,1_17,1_17,0.8726147051682523,0.9397882110612662,0.8726147051682523,0.9235081445207644,1.0,0.0,0.9007040780637297,5.0
artificial_perturbation,cfo_shift,0.25,2_1_17_11_2_16.bin,20,1_17,1_18;1_17;1_16;1_19;1_20,1,1_18,1_18,1_18,0.936767234365784,0.9556387211483193,0.936767234365784,0.9609138499834929,0.9111216461399579,0.0008812635643661817,0.8384037866493026,5.0
artificial_perturbation,cfo_shift,0.25,2_1_18_11_2_16.bin,9,1_18,1_18;1_17;1_16;0_45;1_19,1,1_18,1_18,1_18,0.9184705301723833,0.8959276677217776,0.9184705301723833,0.9528088278421872,0.6772175310424684,0.004305939504914487,3.8887869006190003,5.0
artificial_perturbation,cfo_shift,0.25,2_1_18_11_2_16.bin,10,1_18,1_18;1_17;1_16;0_45;1_19,1,1_18,1_18,1_18,0.7018485915921124,0.8952803669009507,0.7018485915921124,0.8150741339924168,0.5874076252390604,0.006345528433597925,8.509373334173567,5.0
artificial_perturbation,cfo_shift,0.25,2_1_18_11_2_16.bin,11,1_18,1_18;1_17;1_16;0_45;1_19,1,1_18,1_18,1_18,0.905024262194477,0.942466392892967,0.905024262194477,0.9371127970917289,0.6837298459509361,0.0041788795081551585,5.176070778711371,5.0
artificial_perturbation,cfo_shift,0.25,2_1_18_11_2_16.bin,14,1_18,1_18;1_17;1_16;0_45;1_19,1,1_18,1_18,1_18,0.96694076991619,0.9588591081488275,0.96694076991619,0.983139359408356,0.6541617063029718,0.004776108005173225,7.282338097566562,6.0
artificial_perturbation,cfo_shift,0.25,2_1_19_11_2_16.bin,4,1_19,1_19;0_42;1_20;0_43;0_44,1,1_19,1_19,1_19,0.5414305852294219,0.8119368333734948,0.5414305852294219,0.761358821414626,0.7081342359669632,0.003723520424591191,14.720963773827982,8.0
artificial_perturbation,cfo_shift,0.25,2_1_19_11_2_16.bin,11,1_19,1_19;1_20;0_42;0_44;0_43,1,1_19,1_19,1_19,0.03204162192756005,0.508455469137808,0.03204162192756005,0.4245088429732895,0.81693888993729,0.002024383074531321,3.403573850847077,9.0
artificial_perturbation,cfo_shift,0.25,2_1_19_11_2_16.bin,14,1_19,1_19;1_20;0_42;0_44;0_43,1,1_19,1_19,1_19,0.10362571414576532,0.5972856229173056,0.10362571414576532,0.4060503158138853,0.9872328522881566,0.00011683163676009361,6.3946392291578125,9.0
artificial_perturbation,cfo_shift,0.25,2_1_19_11_2_16.bin,17,1_19,1_19;1_20;0_42;0_44;1_21,1,1_19,1_19,1_19,0.20274363619944435,0.6661741018305203,0.20274363619944435,0.5101984913659668,0.7512310258573551,0.002991636864677409,2.0020648175538103,8.0
artificial_perturbation,cfo_shift,0.25,2_1_20_11_2_16.bin,0,1_20,1_20;0_42;1_19;1_21;0_43,1,1_20,1_20,1_20,0.7318417858459436,0.916374885302931,0.7318417858459436,0.8292993782062755,0.586949398279044,0.006357535214144163,5.529703921115489,8.0
artificial_perturbation,cfo_shift,0.25,2_1_20_11_2_16.bin,4,1_20,0_42;1_20;1_21;1_19;0_40,1,0_42,0_42,0_42,0.4816196283468249,0.8564815903565002,0.4816196283468249,0.6479460372146988,0.5517054910819419,0.0073407813713719135,-1.4258530125888869,7.0
artificial_perturbation,cfo_shift,0.25,2_1_20_11_2_16.bin,19,1_20,1_20;1_19;0_42;0_39;1_21,1,1_20,1_20,1_20,0.8760921964564218,0.9685908948461107,0.8760921964564218,0.9289143871233349,0.9162447487084409,0.0008258225248509727,-0.23276312315494305,9.0
artificial_perturbation,cfo_shift,0.25,2_1_20_11_2_16.bin,20,1_20,1_20;1_19;0_42;1_21;0_43,1,1_20,0_42,1_20,0.06648609656143256,0.3309662762321276,0.06648609656143256,0.3742718367697478,0.6355192514172439,0.005181220323697324,10.453678973884863,7.0
artificial_perturbation,cfo_shift,0.25,2_1_21_11_2_16.bin,3,1_21,1_21;1_20;0_40;0_42;0_39,1,1_21,1_21,1_21,0.6314296381068749,0.8755629750983923,0.6314296381068749,0.781758852166055,0.6277323790601956,0.005357558356366518,2.7035446621188344,9.0
artificial_perturbation,cfo_shift,0.25,2_1_21_11_2_16.bin,5,1_21,1_21;0_40;1_20;0_42;1_22,1,1_21,1_21,1_21,0.8143285111253503,0.9520734015330103,0.8143285111253503,0.8946607358547151,0.5086875057999692,0.008725552072980243,-0.15757317251341102,9.0
artificial_perturbation,cfo_shift,0.25,2_1_21_11_2_16.bin,6,1_21,1_21;0_42;0_40;1_23;1_22,1,1_21,0_42,0_42,0.43214590091152677,0.012218289831000595,0.012218289831000595,0.6002557784188829,1.0,0.0,8.818214062115024,10.0
artificial_perturbation,cfo_shift,0.25,2_1_21_11_2_16.bin,7,1_21,1_21;0_40;0_42;1_22;1_20,1,1_21,1_21,1_21,0.8252258434655252,0.9689336066962231,0.8252258434655252,0.886760808088326,0.5615376395881189,0.007054067682815752,0.38274116991378415,10.0
artificial_perturbation,cfo_shift,0.25,2_1_22_11_2_16.bin,0,1_22,1_22;0_40;1_21;1_23;0_38,1,1_22,1_22,1_22,0.0990707865094334,0.5590027493784018,0.0990707865094334,0.5471326739092868,0.6429525071802648,0.005016874887619873,9.406619634325233,9.0
artificial_perturbation,cfo_shift,0.25,2_1_22_11_2_16.bin,8,1_22,1_22;0_40;1_21;1_23;0_38,1,1_22,1_22,1_22,0.2700003054059007,0.690921722723648,0.2700003054059007,0.6279270495180029,0.80748790113307,0.0021538139327539757,9.49665727308918,9.0
artificial_perturbation,cfo_shift,0.25,2_1_22_11_2_16.bin,10,1_22,1_22;0_40;1_21;1_23;0_38,1,1_22,1_22,1_22,0.432913857625161,0.7649282389715689,0.432913857625161,0.7084764004566777,0.9400661283903436,0.0005759703208627324,7.3456312473437055,9.0
artificial_perturbation,cfo_shift,0.25,2_1_22_11_2_16.bin,13,1_22,1_22;0_40;1_21;1_23;0_38,1,1_22,1_22,1_22,0.4956452228897781,0.8122614506029279,0.4956452228897781,0.7424338634262649,0.7253900268897544,0.0034200377694026205,14.964693684350229,9.0
artificial_perturbation,cfo_shift,0.25,2_1_23_11_2_16.bin,0,1_23,0_39;1_23;1_19;1_20;1_18,1,1_23,0_39,1_23,0.7337300526299952,0.03099026780819314,0.7337300526299952,0.8649352976163369,0.6083230685799726,0.005816743118500679,12.068016118885328,9.0
artificial_perturbation,cfo_shift,0.25,2_1_23_11_2_16.bin,3,1_23,1_23;0_38;1_24;0_40;1_22,1,1_23,1_23,1_23,0.9377226124803065,0.9705660429368251,0.9377226124803065,0.9576318749159679,0.6790972260513768,0.004269015107497591,13.718084997091314,9.0
artificial_perturbation,cfo_shift,0.25,2_1_23_11_2_16.bin,12,1_23,1_23;0_38;1_24;0_39;1_21,1,1_23,1_23,1_23,0.7952012723955099,0.924846355823744,0.7952012723955099,0.8896295021105042,0.9079488531058503,0.000915912521789399,10.753070049128542,8.0
artificial_perturbation,cfo_shift,0.25,2_1_23_11_2_16.bin,20,1_23,1_23;0_38;0_40;1_21;0_39,1,1_23,1_23,1_23,0.5393100473866264,0.7980353395300404,0.5393100473866264,0.7554573104353399,0.4910205278519876,0.009364547461984021,9.462294252525417,9.0
artificial_perturbation,cfo_shift,0.25,2_1_24_11_2_16.bin,0,1_24,1_24;0_38;1_23;0_37;0_40,1,1_24,1_24,1_24,0.8607341064874393,0.9519269237898361,0.8607341064874393,0.907035239782836,0.579182286140746,0.006563944779706181,13.247131552314135,8.0
artificial_perturbation,cfo_shift,0.25,2_1_24_11_2_16.bin,2,1_24,1_24;0_38;1_23;0_37;0_40,1,1_24,1_24,1_24,0.2150360653357739,0.6823584487836283,0.2150360653357739,0.5496347780902535,0.837275295561179,0.0017557852292172582,3.9225506306550413,8.0
artificial_perturbation,cfo_shift,0.25,2_1_24_11_2_16.bin,10,1_24,1_24;1_23;0_38;1_25;0_37,1,1_24,1_24,1_24,0.32341152974349296,0.7212611913767805,0.32341152974349296,0.5952869093775133,0.7896574401758966,0.0024064375749206514,7.312886332626378,8.0
artificial_perturbation,cfo_shift,0.25,2_1_24_11_2_16.bin,17,1_24,1_23;1_24;0_38;1_25;1_26,1,1_23,1_23,1_23,0.6687873106573375,0.8716706379768291,0.6687873106573375,0.7902545181366153,0.7717774981014939,0.0026714836885931696,6.229496670861862,9.0
artificial_perturbation,cfo_shift,0.25,2_1_25_11_2_16.bin,2,1_25,1_25;1_26;1_24;1_23;0_38,1,1_25,1_25,1_25,0.10171736756036298,0.5669109252856354,0.10171736756036298,0.4996799467879366,0.6208865617908285,0.005516239268695779,12.550312099040305,9.0
artificial_perturbation,cfo_shift,0.25,2_1_25_11_2_16.bin,3,1_25,1_25;1_26;1_24;1_23;0_38,1,1_25,1_25,1_25,0.5095514979157401,0.8161645459741499,0.5095514979157401,0.7299444264718046,0.6097548327632395,0.00578187181883957,14.995735847402832,9.0
artificial_perturbation,cfo_shift,0.25,2_1_25_11_2_16.bin,14,1_25,1_25;1_24;1_26;1_23;1_27,1,1_25,1_25,1_25,0.24374979095874377,0.6637113231201885,0.24374979095874377,0.621874270933052,0.7953399899362773,0.002324696965133363,5.876927565078488,10.0
artificial_perturbation,cfo_shift,0.25,2_1_25_11_2_16.bin,16,1_25,1_26;1_25;1_24;1_23;0_38,1,1_26,1_26,1_26,0.24356483075936863,0.6101816874031654,0.24356483075936863,0.6203860971491754,0.7392399795483059,0.0031867040847504136,3.7595923856207336,9.0
artificial_perturbation,cfo_shift,0.25,2_1_26_11_2_16.bin,3,1_26,1_26;1_24;1_25;1_27;0_36,1,1_26,1_26,1_26,0.6377761671360493,0.8744215611676869,0.6377761671360493,0.7589492720957751,0.5956823015046205,0.006131888265062732,11.502650614646047,8.0
artificial_perturbation,cfo_shift,0.25,2_1_26_11_2_16.bin,12,1_26,1_26;1_25;0_37;1_24;1_27,1,1_26,1_26,1_26,0.9699115185206127,0.9396753712077404,0.9699115185206127,0.9834736812442083,0.6981582947570024,0.0039058136647123413,8.033018969142452,10.0
artificial_perturbation,cfo_shift,0.25,2_1_26_11_2_16.bin,13,1_26,1_26;1_25;0_37;0_38;0_35,1,1_26,1_26,1_26,0.9966080652183599,0.9705459770002727,0.9966080652183599,0.9981477479127325,0.595023585575706,0.006148677676232739,4.457485335387997,10.0
artificial_perturbation,cfo_shift,0.25,2_1_26_11_2_16.bin,17,1_26,1_26;1_25;1_24;0_35;1_23,1,1_26,1_26,1_26,0.9729940959560777,0.9647405288316953,0.9729940959560777,0.9861162375006652,0.5748937209786738,0.006680302540266415,11.346215538321493,9.0
artificial_perturbation,cfo_shift,0.25,2_1_27_11_2_16.bin,1,1_27,1_27;0_36;1_26;0_37;0_35,1,1_27,1_27,1_27,0.8878761701862419,0.9396147027382932,0.8878761701862419,0.943928732323102,0.7933588619596307,0.0023530615355933353,5.33267323306734,9.0
artificial_perturbation,cfo_shift,0.25,2_1_27_11_2_16.bin,5,1_27,1_27;0_36;1_26;0_35;0_37,1,1_27,1_27,1_27,0.9853308616213672,0.9658036038379678,0.9853308616213672,0.9926585259650392,0.7983824127226696,0.002281411512714196,9.608228371581074,9.0
artificial_perturbation,cfo_shift,0.25,2_1_27_11_2_16.bin,10,1_27,1_27;0_36;1_26;0_35;0_37,1,1_27,1_27,1_27,0.9515950748685501,0.946684250406439,0.9515950748685501,0.9757781397662444,0.5513413605331715,0.007351596094677752,14.877902700348788,9.0
artificial_perturbation,cfo_shift,0.25,2_1_27_11_2_16.bin,11,1_27,1_27;0_36;1_26;0_35;0_37,1,1_27,1_27,1_27,0.979711881721579,0.9610818324934001,0.979711881721579,0.9898226606153473,0.9346443744789383,0.0006317172793013887,6.8017395097292415,9.0
artificial_perturbation,cfo_shift,0.25,2_1_28_11_2_16.bin,5,1_28,1_29;1_27;1_28;0_35;0_36,1,1_29,1_29,1_29,0.9999999984201308,0.9768263930000968,0.9999999984201308,0.9999999992038773,0.7104972148559132,0.003681090911579522,9.478038974712504,8.0
artificial_perturbation,cfo_shift,0.25,2_1_28_11_2_16.bin,10,1_28,0_35;1_31;1_18;1_28;1_26,1,1_29,0_35,1_29,0.6939561191985637,0.9811573841819385,0.6939561191985637,0.8454405329745922,0.6450463740589276,0.004971264326868614,15.696411268761928,9.0
artificial_perturbation,cfo_shift,0.25,2_1_28_11_2_16.bin,14,1_28,1_29;1_27;1_28;1_26;0_35,1,1_29,1_29,1_29,0.9968290241775745,0.9632029250576913,0.9968290241775745,0.9983320485680816,0.49063928026577536,0.009378844014247548,4.252701382897017,8.0
artificial_perturbation,cfo_shift,0.25,2_1_28_11_2_16.bin,18,1_28,1_28;1_29;1_27;1_26;0_35,1,1_28,1_28,1_28,0.9999275245165866,0.9748018945796081,0.9999275245165866,0.9999518770055763,1.0,0.0,6.30958081220996,10.0
artificial_perturbation,cfo_shift,0.25,2_1_29_11_2_16.bin,6,1_29,1_29;0_34;0_35;1_27;0_33,1,1_29,1_29,1_29,0.9999992713840491,0.9907992004472517,0.9999992713840491,0.9999996356872737,0.6786176042331793,0.004278417275995012,14.790921145407875,11.0
artificial_perturbation,cfo_shift,0.25,2_1_29_11_2_16.bin,7,1_29,1_29;0_34;0_35;1_27;0_33,1,1_29,1_29,1_29,0.9999950578381726,0.9915901763439384,0.9999950578381726,0.9999975289083628,0.7295010135074826,0.003349854311791241,15.853714444305895,10.0
artificial_perturbation,cfo_shift,0.25,2_1_29_11_2_16.bin,9,1_29,1_29;0_34;1_28;0_35;0_33,1,1_29,1_29,1_29,0.9999995229280081,0.9918787620301192,0.9999995229280081,0.9999997614618846,0.9721440556025854,0.0002588650617345119,6.3817369467383465,10.0
artificial_perturbation,cfo_shift,0.25,2_1_29_11_2_16.bin,15,1_29,1_29;0_34;1_28;1_30;0_35,1,1_29,1_29,1_29,0.9999998735822686,0.9829267134470238,0.9999998735822686,0.9999999243614888,0.98802374782496,0.00010950645644931993,2.290262148426855,10.0
artificial_perturbation,cfo_shift,0.25,2_1_30_11_2_16.bin,1,1_30,1_30;0_34;0_33;1_31;1_29,1,1_30,1_30,1_30,0.9999663748772066,0.9660038815965355,0.9999663748772066,0.9999831866653148,0.7497931523324443,0.0030146985944215264,8.314316773547242,9.0
artificial_perturbation,cfo_shift,0.25,2_1_30_11_2_16.bin,2,1_30,1_30;0_34;0_33;1_31;1_27,1,1_30,1_30,1_30,0.9999982062078155,0.9720946687701463,0.9999982062078155,0.9999991006637735,0.5222158917279656,0.00826547456064895,8.805836250643992,10.0
artificial_perturbation,cfo_shift,0.25,2_1_30_11_2_16.bin,5,1_30,1_30;0_34;0_33;1_31;1_29,1,1_30,1_30,1_30,0.9999920772264158,0.968379672850964,0.9999920772264158,0.9999959940137902,0.4746278534940761,0.01,10.43641397681197,10.0
artificial_perturbation,cfo_shift,0.25,2_1_30_11_2_16.bin,13,1_30,1_30;0_34;1_31;0_33;1_29,1,1_30,1_30,1_30,0.9999999980289183,0.9705908213472163,0.9999999980289183,0.9999999990144046,0.9705786623327389,0.00027385322016144995,3.613709382339855,8.0
artificial_perturbation,cfo_shift,0.25,2_1_31_11_2_16.bin,2,1_31,1_31;1_30;0_34;0_33;1_29,1,1_31,1_31,1_31,1.0,0.9886496511022359,1.0,1.0,0.8720481194646399,0.0013255386648459298,2.8678450653666037,10.0
artificial_perturbation,cfo_shift,0.25,2_1_31_11_2_16.bin,3,1_31,1_31;1_30;0_34;0_33;1_29,1,1_31,1_31,1_31,1.0,0.9898561405378181,1.0,1.0,0.8637236887924739,0.0014253834615277725,3.71104277901631,8.0
artificial_perturbation,cfo_shift,0.25,2_1_31_11_2_16.bin,6,1_31,1_31;1_30;0_34;0_33;1_29,1,1_31,1_31,1_31,1.0,0.989283357599287,1.0,1.0,0.936601380633521,0.0006115207297945994,5.194944593690016,8.0
artificial_perturbation,cfo_shift,0.25,2_1_31_11_2_16.bin,7,1_31,1_31;1_30;0_34;0_33;1_29,1,1_31,1_31,1_31,1.0,0.9894999960379035,1.0,1.0,0.9359720158144119,0.0006180066407468297,6.5303693071900994,7.0
artificial_perturbation,cfo_shift,0.25,2_1_32_11_2_16.bin,4,1_32,1_32;0_33;1_29;0_34;0_35,1,1_32,1_32,1_32,1.0,0.9801868315231508,1.0,1.0,1.0,0.0,3.0930187586290647,9.0
artificial_perturbation,cfo_shift,0.25,2_1_32_11_2_16.bin,5,1_32,1_32;0_33;1_29;0_34;0_35,1,1_32,1_32,1_32,1.0,0.9919893099303889,1.0,1.0,1.0,0.0,12.619304838404533,8.0
artificial_perturbation,cfo_shift,0.25,2_1_32_11_2_16.bin,9,1_32,1_32;0_33;1_29;0_34;1_28,1,1_32,1_32,1_32,1.0,0.9854427101168005,1.0,1.0,0.8807710983304693,0.0012229386338217013,5.618360811517352,9.0
artificial_perturbation,cfo_shift,0.25,2_1_32_11_2_16.bin,17,1_32,1_32;0_33;1_29;0_34;1_28,1,1_32,1_32,1_32,1.0,0.9731240848562719,1.0,1.0,0.8939869483887348,0.001071307966614951,6.1043149761710005,9.0
artificial_perturbation,cfo_shift,0.25,2_2_15_11_2_16.bin,3,2_15,2_15;0_48;1_16;1_17;1_18,1,2_15,2_15,2_15,0.9999999999415602,0.9729953424954918,0.9999999999415602,0.99999999997078,0.5417628079551746,0.007641301303285565,3.2092705814900864,2.0
artificial_perturbation,cfo_shift,0.25,2_2_15_11_2_16.bin,10,2_15,2_15;1_16;0_48;1_17;1_18,1,2_15,2_15,2_15,1.0,0.9796198710364664,1.0,1.0,0.5932887267242992,0.006193074310402085,3.403802433439306,0.0
artificial_perturbation,cfo_shift,0.25,2_2_15_11_2_16.bin,16,2_15,2_15;1_16;1_17;0_48;1_18,1,2_15,2_15,2_15,1.0,0.9790222538506672,1.0,1.0,0.5560186173144832,0.00721375856431378,3.0219457469653985,0.0
artificial_perturbation,cfo_shift,0.25,2_2_15_11_2_16.bin,20,2_15,2_15;0_48;1_16;1_17;1_18,1,2_15,2_15,2_15,0.9999943345005032,0.9603228897176589,0.9999943345005032,0.9999971672472987,0.66861289864432,0.004477617864803455,3.388506079373071,3.0
artificial_perturbation,cfo_shift,0.5,2_0_33_11_2_16.bin,0,0_33,0_33;1_30;1_29;0_34;0_35,1,0_33,0_33,0_33,0.9999999993255723,0.9768492070832308,0.9999999993255723,0.9999999996627824,0.6026452820012768,0.00595665970267102,8.683007436180906,10.0
artificial_perturbation,cfo_shift,0.5,2_0_33_11_2_16.bin,3,0_33,0_33;1_30;1_29;0_34;0_35,1,0_33,0_33,0_33,0.999999984510901,0.974829019673865,0.999999984510901,0.9999999922554393,0.5896689820102262,0.006286548076261449,6.881146774828008,10.0
artificial_perturbation,cfo_shift,0.5,2_0_33_11_2_16.bin,17,0_33,0_33;1_30;1_29;0_34;0_35,1,0_33,0_33,0_33,0.9999999916671172,0.9832689303073426,0.9999999916671172,0.9999999958334171,0.3075433829622353,0.02034100279016616,5.314295190295731,10.0
artificial_perturbation,cfo_shift,0.5,2_0_33_11_2_16.bin,18,0_33,0_33;1_30;0_34;1_29;1_28,1,0_33,0_33,0_33,0.9999904147390554,0.9686825182575207,0.9999904147390554,0.9999952073690479,0.8520244810804395,0.001569003726714234,12.026055774261469,8.0
artificial_perturbation,cfo_shift,0.5,2_0_34_11_2_16.bin,4,0_34,0_34;1_30;1_29;0_35;1_27,1,0_34,0_34,0_34,0.9999999153500989,0.9785028980478698,0.9999999153500989,0.9999999575122427,0.5974208465916022,0.0060877538814821976,14.003012798338439,10.0
artificial_perturbation,cfo_shift,0.5,2_0_34_11_2_16.bin,8,0_34,1_31;0_34;1_30;0_35;0_37,1,0_34,0_34,0_34,0.885639071988091,0.9549943876252442,0.885639071988091,0.9428195359940441,0.9713447352373608,0.0002665122721405173,3.1158637647520475,9.0
artificial_perturbation,cfo_shift,0.5,2_0_34_11_2_16.bin,16,0_34,0_34;1_30;0_35;1_29;1_27,1,0_34,0_34,0_34,0.999999405152199,0.9771087317566567,0.999999405152199,0.9999997024897448,0.7892375155288207,0.0024125246840861103,1.1292877312328677,9.0
artificial_perturbation,cfo_shift,0.5,2_0_34_11_2_16.bin,18,0_34,0_34;1_30;0_35;1_29;0_36,1,0_34,0_34,0_34,0.9999998750471057,0.9744340522209113,0.9999998750471057,0.9999999358909045,0.6540456560648167,0.004778558416717704,3.94032212100167,9.0
artificial_perturbation,cfo_shift,0.5,2_0_35_11_2_16.bin,11,0_35,0_35;1_31;0_42;1_18;0_34,1,0_35,0_35,0_35,0.9749078722406874,0.9707913272125106,0.9749078722406874,0.987450998788656,0.8753765974615253,0.0012861477120673281,15.093855585932053,9.0
artificial_perturbation,cfo_shift,0.5,2_0_35_11_2_16.bin,12,0_35,0_35;0_36;1_27;0_34;0_37,1,0_35,0_35,0_35,0.9992916048756126,0.9709497635242499,0.9992916048756126,0.9996457772375308,0.8458348693828625,0.0016465948292817437,9.514333756076915,9.0
artificial_perturbation,cfo_shift,0.5,2_0_35_11_2_16.bin,13,0_35,0_35;0_36;1_27;0_34;1_28,1,0_35,0_35,0_35,0.9990212929367248,0.9647873427488554,0.9990212929367248,0.9995090860112145,0.8862711572501726,0.0011592849052706438,9.017259583259403,7.0
artificial_perturbation,cfo_shift,0.5,2_0_35_11_2_16.bin,17,0_35,0_35;0_36;0_34;1_27;0_37,1,0_35,0_35,0_35,0.999875126049859,0.9666449886579814,0.999875126049859,0.9999312093812928,0.9721502328429928,0.0002588060121737939,4.49258739634812,8.0
artificial_perturbation,cfo_shift,0.5,2_0_36_11_2_16.bin,6,0_36,0_36;1_27;0_37;0_35;1_26,1,0_36,0_36,0_36,0.9939568158401786,0.9886559527726718,0.9939568158401786,0.9963026789139533,0.5187208821753662,0.008382034879948775,15.1644659801616,9.0
artificial_perturbation,cfo_shift,0.5,2_0_36_11_2_16.bin,11,0_36,0_36;0_37;1_27;0_35;1_26,1,0_36,0_36,0_36,0.996965038766738,0.9722512783261978,0.996965038766738,0.9983622830484111,0.7250743411695744,0.0034254601125414974,13.035849297808575,9.0
artificial_perturbation,cfo_shift,0.5,2_0_36_11_2_16.bin,12,0_36,0_36;0_37;0_35;1_27;1_26,1,0_36,0_36,0_36,0.9953896514334211,0.9654266729778548,0.9953896514334211,0.9968251968486515,0.6897962173847656,0.004062678518092203,0.36570109541472595,9.0
artificial_perturbation,cfo_shift,0.5,2_0_36_11_2_16.bin,13,0_36,0_36;0_37;1_27;0_35;1_26,1,0_36,0_36,0_36,0.8203220208630121,0.9289567830878378,0.8203220208630121,0.905237987824789,1.0,0.0,8.575364177959502,10.0
artificial_perturbation,cfo_shift,0.5,2_0_37_11_2_16.bin,2,0_37,0_37;0_38;0_36;1_27;1_24,1,0_37,0_37,0_37,0.9450651505568093,0.9439814743205166,0.9450651505568093,0.9694990066458438,0.9982802913959222,1.5562828943081506e-05,4.073681491183223,8.0
artificial_perturbation,cfo_shift,0.5,2_0_37_11_2_16.bin,9,0_37,0_37;0_36;0_38;1_23;1_26,1,0_37,0_37,0_37,0.9349228001579606,0.9622867597159906,0.9349228001579606,0.960326314023359,0.5846469000135809,0.006418151758683497,6.55223787720578,10.0
artificial_perturbation,cfo_shift,0.5,2_0_37_11_2_16.bin,11,0_37,0_37;0_38;0_36;1_23;1_22,1,0_37,0_37,0_37,0.9958387580616538,0.9689882098656118,0.9958387580616538,0.9978580778763239,0.962264919205534,0.00035427198273423126,3.632689534853344,11.0
artificial_perturbation,cfo_shift,0.5,2_0_37_11_2_16.bin,16,0_37,0_37;0_38;0_36;1_23;1_26,1,0_37,0_37,0_37,0.8816307152848206,0.9194497730957165,0.8816307152848206,0.9407556824530481,0.608645952850124,0.005808864790814047,3.1719134458851688,10.0
artificial_perturbation,cfo_shift,0.5,2_0_38_11_2_16.bin,4,0_38,0_38;0_37;1_23;0_40;1_24,1,0_38,0_38,0_38,0.962314701812457,0.9609119676890471,0.962314701812457,0.9809384955583075,0.8365434396150292,0.0017652248599980928,6.687563181955305,8.0
artificial_perturbation,cfo_shift,0.5,2_0_38_11_2_16.bin,5,0_38,0_38;0_37;1_23;1_24;0_40,1,0_38,0_38,0_38,0.968171346352706,0.9631804989301748,0.968171346352706,0.982469885085812,0.8619195529506468,0.0014472768935789343,8.769075881819303,8.0
artificial_perturbation,cfo_shift,0.5,2_0_38_11_2_16.bin,8,0_38,0_38;1_23;0_37;1_24;0_39,1,0_38,0_38,0_38,0.9936766765772239,0.9715087290375876,0.9936766765772239,0.9959566227506839,0.9735808911229669,0.0002451502273820558,-0.2630510939684605,8.0
artificial_perturbation,cfo_shift,0.5,2_0_38_11_2_16.bin,15,0_38,0_38;0_37;1_23;1_24;0_40,1,0_38,0_38,0_38,0.9614699820121776,0.9669167534487163,0.9614699820121776,0.9768630682985939,0.6026217073549128,0.005957246144353739,10.012235564344856,8.0
artificial_perturbation,cfo_shift,0.5,2_0_39_11_2_16.bin,1,0_39,0_39;0_38;1_20;1_23;1_21,1,0_39,0_39,0_39,0.9998565829047257,0.9766297725937465,0.9998565829047257,0.9999167063964065,0.767927815007712,0.0027301648426360046,2.508644107709082,9.0
artificial_perturbation,cfo_shift,0.5,2_0_39_11_2_16.bin,12,0_39,0_39;0_38;1_23;1_20;1_21,1,0_39,0_39,0_39,0.9779317143645164,0.9770078751926532,0.9779317143645164,0.9854452375899777,0.8484682328892736,0.001613445418141935,5.633606921312971,9.0
artificial_perturbation,cfo_shift,0.5,2_0_39_11_2_16.bin,15,0_39,0_39;1_20;0_38;1_23;1_21,1,0_39,0_39,0_39,0.9652659028826418,0.962962182849458,0.9652659028826418,0.9776532853817709,1.0,0.0,0.6614593655084151,8.0
artificial_perturbation,cfo_shift,0.5,2_0_39_11_2_16.bin,20,0_39,0_39;1_20;0_38;1_23;1_21,1,0_39,0_39,0_39,0.996557335550401,0.9655515977175358,0.996557335550401,0.9977803515797267,0.5752716379880201,0.006669979156130981,7.1936507066966495,8.0
artificial_perturbation,cfo_shift,0.5,2_0_40_11_2_16.bin,9,0_40,0_40;1_21;1_22;0_38;1_23,1,0_40,0_40,0_40,0.6511279480742428,0.9022430962783543,0.6511279480742428,0.7835416482330239,0.7585806338122001,0.0028751236772836665,0.9290725501742841,8.0
artificial_perturbation,cfo_shift,0.5,2_0_40_11_2_16.bin,10,0_40,0_40;1_21;1_22;0_38;1_23,1,0_40,0_40,0_40,0.8675748560783832,0.9134274462975216,0.8675748560783832,0.9146173429064725,0.6311584722887408,0.005279436526626905,9.190779489305655,8.0
artificial_perturbation,cfo_shift,0.5,2_0_40_11_2_16.bin,15,0_40,0_40;1_21;1_22;0_42;0_38,1,0_40,0_40,0_40,0.965601836290384,0.09280356211713614,0.965601836290384,0.9776829508627837,0.7667304538972216,0.002748536494774233,10.508861754727757,8.0
artificial_perturbation,cfo_shift,0.5,2_0_40_11_2_16.bin,18,0_40,1_21;0_40;1_22;0_38;1_20,1,1_21,1_21,1_21,0.38470447193927915,0.7849857734814945,0.38470447193927915,0.6749971059098091,1.0,0.0,-0.20031286304770257,8.0
artificial_perturbation,cfo_shift,0.5,2_0_42_11_2_16.bin,1,0_42,0_42;1_20;0_43;0_44;1_19,1,0_42,0_42,0_42,0.6923195266746789,0.93215012152649,0.6923195266746789,0.7871076277273691,0.8629945940677732,0.0014342201028374826,2.118687560177241,8.0
artificial_perturbation,cfo_shift,0.5,2_0_42_11_2_16.bin,7,0_42,0_42;1_19;1_20;0_43;0_44,1,0_42,0_42,0_42,0.3315784913436664,0.7815805545174506,0.3315784913436664,0.5338411640357877,0.9017964938649469,0.0009837950386936167,7.996689990215371,9.0
artificial_perturbation,cfo_shift,0.5,2_0_42_11_2_16.bin,11,0_42,1_20;1_19;0_42;0_44;0_43,1,1_20,1_20,1_20,0.4801518149211773,0.07536755700676467,0.4801518149211773,0.6519098884645369,0.8505797558493428,0.0015870133371561897,2.463884871679198,8.0
artificial_perturbation,cfo_shift,0.5,2_0_42_11_2_16.bin,18,0_42,0_42;0_43;1_19;1_20;0_44,1,0_42,0_42,0_42,0.4660655331991921,0.8079482996856356,0.4660655331991921,0.6800667546292394,0.7994150694853678,0.002266794491466395,9.563133000902269,8.0
artificial_perturbation,cfo_shift,0.5,2_0_43_11_2_16.bin,10,0_43,0_43;0_42;0_44;1_21;1_20,1,0_43,0_43,0_43,0.9651980780778053,0.9622790546753562,0.9651980780778053,0.9804032934982838,0.8821287992322457,0.0012071517930993337,7.289416987778528,9.0
artificial_perturbation,cfo_shift,0.5,2_0_43_11_2_16.bin,13,0_43,0_43;0_42;0_44;1_19;1_20,1,0_43,0_43,0_43,0.822695765318417,0.9158442049771093,0.822695765318417,0.9007745048102903,0.7156645950091707,0.003589282034102018,10.888502241864412,9.0
artificial_perturbation,cfo_shift,0.5,2_0_43_11_2_16.bin,15,0_43,0_43;0_42;0_44;1_21;1_20,1,0_43,0_43,0_43,0.7983098690204739,0.9198634918718536,0.7983098690204739,0.8740318685948499,0.7394632908785292,0.0031830135026591744,5.822229104247192,9.0
artificial_perturbation,cfo_shift,0.5,2_0_43_11_2_16.bin,19,0_43,0_43;0_42;0_44;1_20;1_21,1,0_43,0_42,0_42,0.5031691327890209,0.056107644772900755,0.056107644772900755,0.6845428437286636,0.9194813998341532,0.0007911146821951359,2.6604926024051183,9.0
artificial_perturbation,cfo_shift,0.5,2_0_44_11_2_16.bin,3,0_44,0_44;0_42;1_19;0_43;1_20,1,0_44,0_44,0_44,0.89120721215578,0.9435446248652192,0.89120721215578,0.9380565515329056,0.998877254565194,1.015442534191989e-05,0.46811705196262055,9.0
artificial_perturbation,cfo_shift,0.5,2_0_44_11_2_16.bin,9,0_44,0_43;0_44;0_42;1_19;1_20,1,0_43,0_43,0_43,0.7051556722559456,0.8807835686043701,0.7051556722559456,0.846358801821075,0.5178309110135842,0.008411967201915886,9.82263939381829,8.0
artificial_perturbation,cfo_shift,0.5,2_0_44_11_2_16.bin,11,0_44,0_44;0_42;1_19;0_43;1_20,1,0_44,0_44,0_44,0.9850700892593169,0.9637491948510482,0.9850700892593169,0.9923804985268546,0.8470987514373979,0.001630659057632395,2.8773546285993974,10.0
artificial_perturbation,cfo_shift,0.5,2_0_44_11_2_16.bin,16,0_44,0_44;0_42;0_43;1_19;1_20,1,0_44,0_44,0_44,0.9559277877114618,0.9087251232820892,0.9559277877114618,0.9720268091327698,0.7639324783124768,0.002791691622840584,7.268427085801014,9.0
artificial_perturbation,cfo_shift,0.5,2_0_45_11_2_16.bin,3,0_45,0_45;0_48;1_17;1_18;0_44,1,0_45,0_45,0_45,0.9925185639509374,0.960167596509081,0.9925185639509374,0.9961779723472362,0.7836948281624324,0.0024934812091529637,4.074820862568159,7.0
artificial_perturbation,cfo_shift,0.5,2_0_45_11_2_16.bin,6,0_45,0_45;0_48;1_18;1_17;0_44,1,0_45,0_45,0_45,0.8628257495323446,0.9248614444929235,0.8628257495323446,0.9167358175335243,0.9852401462492013,0.00013533998724153743,0.5336753654292975,7.0
artificial_perturbation,cfo_shift,0.5,2_0_45_11_2_16.bin,7,0_45,0_45;0_48;1_17;1_18;0_44,1,0_45,0_45,0_45,0.9970764432959839,0.9601918548343172,0.9970764432959839,0.998488689351787,0.943313983386937,0.0005428825026294079,1.4606417735384922,7.0
artificial_perturbation,cfo_shift,0.5,2_0_45_11_2_16.bin,16,0_45,0_45;0_48;1_17;0_44;1_18,1,0_45,0_45,0_45,0.9994875384797918,0.966121528109662,0.9994875384797918,0.9997181046503552,0.8367480575581224,0.001762583992077932,2.3611635974793637,7.0
artificial_perturbation,cfo_shift,0.5,2_0_48_11_2_16.bin,2,0_48,0_48;0_45;0_50;0_44;1_17,1,0_48,0_48,0_48,0.9966569320751032,0.9682110764044097,0.9966569320751032,0.9982694948554572,0.9406273199013533,0.000570236801590377,3.79249476354926,7.0
artificial_perturbation,cfo_shift,0.5,2_0_48_11_2_16.bin,5,0_48,0_48;0_45;0_50;0_44;1_17,1,0_48,0_48,0_48,0.9940970715764962,0.9668349958033787,0.9940970715764962,0.996174840809362,0.9496670331373239,0.00047881455693251875,2.684351804853517,7.0
artificial_perturbation,cfo_shift,0.5,2_0_48_11_2_16.bin,7,0_48,0_48;0_45;0_50;0_44;1_17,1,0_48,0_48,0_48,0.9780275903244691,0.9644783810690981,0.9780275903244691,0.9886830453472532,0.8500559605010628,0.0015935579695123608,2.4859324173969317,7.0
artificial_perturbation,cfo_shift,0.5,2_0_48_11_2_16.bin,13,0_48,0_48;1_16;0_45;1_17;1_18,1,0_48,0_48,0_48,0.9984402674265317,0.9849951403429957,0.9984402674265317,0.9991242746910196,0.9070537069643175,0.0009257319394787571,3.7860882673701832,5.0
artificial_perturbation,cfo_shift,0.5,2_0_50_11_2_16.bin,10,0_50,0_50;0_44;0_48;0_43;0_45,1,0_50,0_50,0_50,0.9999998932919747,0.9707374107947976,0.9999998932919747,0.9999999459151276,0.8657448459185976,0.0014009648194837478,0.17147958884606862,9.0
artificial_perturbation,cfo_shift,0.5,2_0_50_11_2_16.bin,11,0_50,0_50;0_48;0_44;0_45;0_43,1,0_50,0_50,0_50,0.9999932174810862,0.9629264228024127,0.9999932174810862,0.9999966043237795,0.9740497620799784,0.00024068353212522,2.261642222464013,9.0
artificial_perturbation,cfo_shift,0.5,2_0_50_11_2_16.bin,14,0_50,0_50;0_44;0_48;0_43;0_45,1,0_50,0_50,0_50,0.9999994646941477,0.9642560533772618,0.9999994646941477,0.9999997093520768,0.9752040591611074,0.0002297054334640596,4.287947529838885,9.0
artificial_perturbation,cfo_shift,0.5,2_0_50_11_2_16.bin,18,0_50,0_50;0_48;0_44;0_45;0_43,1,0_50,0_50,0_50,0.9999990069938021,0.9687303639829026,0.9999990069938021,0.9999994852693803,0.7382607661230439,0.003202913535555727,6.338250022951282,10.0
artificial_perturbation,cfo_shift,0.5,2_1_16_11_2_16.bin,2,1_16,1_16;1_17;1_18;0_48;0_45,1,1_16,1_16,1_16,0.9981605709080725,0.9525990102763088,0.9981605709080725,0.9990295384285974,0.6906551703500656,0.004046390303424528,3.5309619605427356,3.0
artificial_perturbation,cfo_shift,0.5,2_1_16_11_2_16.bin,5,1_16,1_16;1_18;1_17;0_48;0_45,1,1_16,1_16,1_16,0.990474025538345,0.053794395140811746,0.990474025538345,0.9949942464491162,0.9452462095436452,0.0005233056479507583,-1.5024658142246856,3.0
artificial_perturbation,cfo_shift,0.5,2_1_16_11_2_16.bin,14,1_16,1_16;1_17;1_18;0_48;0_45,1,1_16,1_16,1_16,0.9983629233728721,0.9717545637756146,0.9983629233728721,0.9991353203114047,0.3245095023966629,0.018805201984300874,8.126967156584936,3.0
artificial_perturbation,cfo_shift,0.5,2_1_16_11_2_16.bin,18,1_16,1_16;1_17;1_18;0_48;0_45,1,1_16,1_16,1_16,0.9550507532305507,0.9523564581480232,0.9550507532305507,0.9740098413742635,0.5803045986510716,0.0065337780176356,2.561756729049349,4.0
artificial_perturbation,cfo_shift,0.5,2_1_17_11_2_16.bin,1,1_17,1_18;1_17;0_45;1_16;0_48,1,1_18,1_17,1_18,0.5959201956181215,0.0987250691060898,0.5959201956181215,0.7853510237215281,0.5469709872207326,0.00748252027030981,0.4101534464530157,6.0
artificial_perturbation,cfo_shift,0.5,2_1_17_11_2_16.bin,11,1_17,1_18;1_17;0_45;1_19;1_16,1,1_18,1_18,1_18,0.880118965510201,0.9362875601863884,0.880118965510201,0.9327116498084252,0.8469373150614353,0.001632691893276933,1.781269614908342,6.0
artificial_perturbation,cfo_shift,0.5,2_1_17_11_2_16.bin,19,1_17,1_17;1_16;0_45;1_18;0_48,1,1_17,1_17,1_17,0.8680503992383517,0.9386560594627739,0.8680503992383517,0.9211651582744357,1.0,0.0,0.9007040780637297,5.0
artificial_perturbation,cfo_shift,0.5,2_1_17_11_2_16.bin,20,1_17,1_18;1_17;1_16;1_19;1_20,1,1_18,1_18,1_18,0.9316952831770889,0.9544650859897011,0.9316952831770889,0.9578372550823564,0.9111216461399579,0.0008812635643661817,0.8384037866493026,5.0
artificial_perturbation,cfo_shift,0.5,2_1_18_11_2_16.bin,9,1_18,1_18;1_17;1_16;0_45;1_19,1,1_18,1_18,1_18,0.9212285137071806,0.9233497485223389,0.9212285137071806,0.9542406022226628,0.8272791241005886,0.00188616179321276,3.8887869006190003,5.0
artificial_perturbation,cfo_shift,0.5,2_1_18_11_2_16.bin,10,1_18,1_18;1_17;1_16;0_45;1_19,1,1_18,1_18,1_18,0.7086269198907333,0.8989354529180708,0.7086269198907333,0.8188522528134784,0.879558770388269,0.0012370763211769248,8.509373334173567,5.0
artificial_perturbation,cfo_shift,0.5,2_1_18_11_2_16.bin,11,1_18,1_18;1_17;1_16;0_45;1_19,1,1_18,1_18,1_18,0.906189909206601,0.9458249914218624,0.906189909206601,0.9381834127635187,0.9135132964393666,0.0008553042858518027,5.176070778711371,5.0
artificial_perturbation,cfo_shift,0.5,2_1_18_11_2_16.bin,14,1_18,1_18;1_17;1_16;0_45;1_19,1,1_18,1_18,1_18,0.9673814417547444,0.9585515590462574,0.9673814417547444,0.9833521715599811,0.8184692322079669,0.002003706298558475,7.282338097566562,6.0
artificial_perturbation,cfo_shift,0.5,2_1_19_11_2_16.bin,4,1_19,1_19;0_42;1_20;0_43;0_44,1,1_19,1_19,1_19,0.3282661075161311,0.7071223140519214,0.3282661075161311,0.6528031350276914,0.7432856486116408,0.003120186673689297,14.720963773827982,8.0
artificial_perturbation,cfo_shift,0.5,2_1_19_11_2_16.bin,11,1_19,1_19;1_20;0_42;0_44;0_43,1,1_20,1_19,1_19,0.06065088620627329,0.3960376266140374,0.3960376266140374,0.41073183211528974,0.8537301027007571,0.0015478203006670562,3.403573850847077,9.0
artificial_perturbation,cfo_shift,0.5,2_1_19_11_2_16.bin,14,1_19,1_19;0_42;1_20;0_44;0_43,1,1_19,1_19,1_19,0.08973304786802211,0.5775443526063921,0.08973304786802211,0.4078171103784256,0.9911478882170863,8.068533499303172e-05,6.3946392291578125,9.0
artificial_perturbation,cfo_shift,0.5,2_1_19_11_2_16.bin,17,1_19,1_19;1_20;0_42;0_44;0_43,1,1_19,1_19,1_19,0.2841527888623734,0.7211720004036941,0.2841527888623734,0.567097196202534,0.8242521172355552,0.0019262657705501694,2.0020648175538103,8.0
artificial_perturbation,cfo_shift,0.5,2_1_20_11_2_16.bin,0,1_20,1_20;0_42;1_19;1_21;0_43,1,1_20,1_20,1_20,0.7068319357285888,0.9097092410816386,0.7068319357285888,0.8157636230163611,0.5328064600052057,0.007921611221805326,5.529703921115489,8.0
artificial_perturbation,cfo_shift,0.5,2_1_20_11_2_16.bin,4,1_20,0_42;1_20;1_21;1_19;0_40,1,0_42,0_42,0_42,0.49383252909581055,0.8641729972601645,0.49383252909581055,0.6538520850416735,0.5790949624544987,0.006566296865612741,-1.4258530125888869,7.0
artificial_perturbation,cfo_shift,0.5,2_1_20_11_2_16.bin,19,1_20,1_20;1_19;0_42;0_39;1_21,1,1_20,1_20,1_20,0.8911694316883657,0.968115623813163,0.8911694316883657,0.9362493795141151,0.9162447487084409,0.0008258225248509727,-0.23276312315494305,9.0
artificial_perturbation,cfo_shift,0.5,2_1_20_11_2_16.bin,20,1_20,1_20;0_42;1_19;0_43;1_21,1,0_42,0_42,0_42,0.0022461092894065504,0.4204739833767164,0.0022461092894065504,0.35423159653628083,0.500947898246095,0.008999937781451419,10.453678973884863,7.0
artificial_perturbation,cfo_shift,0.5,2_1_21_11_2_16.bin,3,1_21,1_21;1_20;0_40;0_42;0_39,1,1_21,1_21,1_21,0.618601149286951,0.8687570020461092,0.618601149286951,0.7750304032471247,0.6376735973108432,0.005133194539643168,2.7035446621188344,9.0
artificial_perturbation,cfo_shift,0.5,2_1_21_11_2_16.bin,5,1_21,1_21;0_40;1_20;0_42;1_22,1,1_21,1_21,1_21,0.7732102471088654,0.9394189021029595,0.7732102471088654,0.8727891257755065,0.5001842624921282,0.00902747054779027,-0.15757317251341102,9.0
artificial_perturbation,cfo_shift,0.5,2_1_21_11_2_16.bin,6,1_21,1_21;0_42;0_40;1_23;1_22,1,1_21,0_42,0_42,0.408274214307631,0.051978353245064945,0.051978353245064945,0.5723139325208703,1.0,0.0,8.818214062115024,10.0
artificial_perturbation,cfo_shift,0.5,2_1_21_11_2_16.bin,7,1_21,1_21;0_40;0_42;1_22;1_20,1,1_21,1_21,1_21,0.7986132272702627,0.963571801321414,0.7986132272702627,0.8695647301593972,0.5626776380722623,0.007021472612449797,0.38274116991378415,10.0
artificial_perturbation,cfo_shift,0.5,2_1_22_11_2_16.bin,0,1_22,1_22;0_40;1_21;1_23;0_38,1,1_22,1_22,1_22,0.11209219928104219,0.5708758966477208,0.11209219928104219,0.554476871917347,0.9138811773697402,0.0008513233163766019,9.406619634325233,9.0
artificial_perturbation,cfo_shift,0.5,2_1_22_11_2_16.bin,8,1_22,1_22;0_40;1_21;0_38;1_23,1,1_22,1_22,1_22,0.2852007998039115,0.6994901128246238,0.2852007998039115,0.6360510218962598,0.8034199404097944,0.0022104618957551557,9.49665727308918,9.0
artificial_perturbation,cfo_shift,0.5,2_1_22_11_2_16.bin,10,1_22,1_22;0_40;1_21;1_23;0_38,1,1_22,1_22,1_22,0.4446833907974443,0.7703692172899869,0.4446833907974443,0.7154874668399872,0.8977699092997463,0.0010287263831517237,7.3456312473437055,9.0
artificial_perturbation,cfo_shift,0.5,2_1_22_11_2_16.bin,13,1_22,1_22;0_40;1_21;1_23;0_38,1,1_22,1_22,1_22,0.447053875653358,0.7897343791537134,0.447053875653358,0.719027635548704,0.7673693167049705,0.0027387270000159823,14.964693684350229,9.0
artificial_perturbation,cfo_shift,0.5,2_1_23_11_2_16.bin,0,1_23,0_39;1_23;1_19;1_20;1_18,1,1_23,0_39,0_39,0.6605928594432235,0.015239554798600063,0.015239554798600063,0.8277024752725951,0.961077364595468,0.0003658727513557021,12.068016118885328,9.0
artificial_perturbation,cfo_shift,0.5,2_1_23_11_2_16.bin,3,1_23,1_23;0_38;0_40;1_24;1_22,1,1_23,1_23,1_23,0.9213349273778728,0.981605405980335,0.9213349273778728,0.9523891831975082,0.7648476524860573,0.002777541506182486,13.718084997091314,9.0
artificial_perturbation,cfo_shift,0.5,2_1_23_11_2_16.bin,12,1_23,1_23;0_38;0_39;1_24;1_21,1,1_23,1_23,1_23,0.6781934413115986,0.8846537218408772,0.6781934413115986,0.8317905389905352,0.8185198121959605,0.002003024221653183,10.753070049128542,8.0
artificial_perturbation,cfo_shift,0.5,2_1_23_11_2_16.bin,20,1_23,1_23;0_38;0_40;1_21;0_39,1,1_23,1_23,1_23,0.37999938290506796,0.6942895008209352,0.37999938290506796,0.6754810261709395,0.5502835169019636,0.007383095370898431,9.462294252525417,9.0
artificial_perturbation,cfo_shift,0.5,2_1_24_11_2_16.bin,0,1_24,0_38;1_24;1_23;0_37;0_40,1,0_38,1_24,0_38,0.49350275142940103,0.07320951616665605,0.49350275142940103,0.6581161538600315,0.619619729922553,0.005545987945845743,13.247131552314135,8.0
artificial_perturbation,cfo_shift,0.5,2_1_24_11_2_16.bin,2,1_24,0_38;1_23;1_24;0_37;0_40,1,0_38,1_23,0_38,0.7703721496175565,0.01887665356910362,0.7703721496175565,0.8593767740241326,0.8305089740413956,0.0018436927841614641,3.9225506306550413,8.0
artificial_perturbation,cfo_shift,0.5,2_1_24_11_2_16.bin,10,1_24,0_38;1_23;1_24;0_37;0_40,1,0_38,1_23,1_23,0.22328900496235854,0.2812340814125558,0.2812340814125558,0.5882480143188729,0.9450202931547605,0.0005255904460848973,7.312886332626378,8.0
artificial_perturbation,cfo_shift,0.5,2_1_24_11_2_16.bin,17,1_24,1_23;0_38;1_24;0_37;1_25,1,1_23,1_23,1_23,0.48969770282689506,0.8217406308949651,0.48969770282689506,0.7398387649048854,0.7676434440881368,0.0027345228846791165,6.229496670861862,9.0
artificial_perturbation,cfo_shift,0.5,2_1_25_11_2_16.bin,2,1_25,1_26;1_25;1_24;1_23;0_38,1,1_26,1_26,1_26,0.2552836639198101,0.6969119756445983,0.2552836639198101,0.5489626014934011,0.6798385641877932,0.004254508536564712,12.550312099040305,9.0
artificial_perturbation,cfo_shift,0.5,2_1_25_11_2_16.bin,3,1_25,1_26;1_25;1_23;1_24;0_38,1,1_26,1_26,1_26,0.36670358871422665,0.7602020355080618,0.36670358871422665,0.6100132286165397,0.7166302560426735,0.0035722719597722956,14.995735847402832,9.0
artificial_perturbation,cfo_shift,0.5,2_1_25_11_2_16.bin,14,1_25,1_25;1_24;1_23;1_26;0_38,1,1_24,1_25,1_24,0.5650671769320668,0.09127861558721162,0.5650671769320668,0.7825264024092866,0.801202040430361,0.002241589341207755,5.876927565078488,10.0
artificial_perturbation,cfo_shift,0.5,2_1_25_11_2_16.bin,16,1_25,1_26;1_25;1_24;1_23;0_38,1,1_26,1_26,1_26,0.16583736718408704,0.5592372997346036,0.16583736718408704,0.5821070479343827,0.5707291685734126,0.006794969124144674,3.7595923856207336,9.0
artificial_perturbation,cfo_shift,0.5,2_1_26_11_2_16.bin,3,1_26,1_26;1_24;1_25;1_27;0_37,1,1_26,1_26,1_26,0.22850371389484767,0.746462576691028,0.22850371389484767,0.4405211795329222,0.6769479310534674,0.004311252294180098,11.502650614646047,8.0
artificial_perturbation,cfo_shift,0.5,2_1_26_11_2_16.bin,12,1_26,1_26;1_25;0_37;0_38;1_27,1,1_26,1_26,1_26,0.9654950262092892,0.9438465172985386,0.9654950262092892,0.976873505305345,0.8288469453489075,0.0018655053132319971,8.033018969142452,10.0
artificial_perturbation,cfo_shift,0.5,2_1_26_11_2_16.bin,13,1_26,1_26;1_25;0_37;0_38;0_35,1,1_26,1_26,1_26,0.9975640969093809,0.9741699812414364,0.9975640969093809,0.9984804891630518,0.595023585575706,0.006148677676232739,4.457485335387997,10.0
artificial_perturbation,cfo_shift,0.5,2_1_26_11_2_16.bin,17,1_26,1_26;1_25;1_24;0_35;0_37,1,1_26,1_26,1_26,0.9811457141294628,0.9600587938180819,0.9811457141294628,0.9889638600981082,0.823493566853651,0.001936361793430258,11.346215538321493,9.0
artificial_perturbation,cfo_shift,0.5,2_1_27_11_2_16.bin,1,1_27,0_36;1_27;0_37;1_26;0_35,1,0_36,1_27,0_36,0.36919898091515463,0.17603094566765431,0.36919898091515463,0.6845752333362767,0.7633115626314201,0.0028013113330558944,5.33267323306734,9.0
artificial_perturbation,cfo_shift,0.5,2_1_27_11_2_16.bin,5,1_27,1_27;0_36;1_26;0_37;0_35,1,1_27,1_27,1_27,0.9737251323175516,0.9632246786217359,0.9737251323175516,0.9868579036190015,0.9601205301234311,0.0003752405788604038,9.608228371581074,9.0
artificial_perturbation,cfo_shift,0.5,2_1_27_11_2_16.bin,10,1_27,1_27;0_36;1_26;0_35;0_37,1,1_27,1_27,1_27,0.9106393748819251,0.9445001661609477,0.9106393748819251,0.9553118931762666,0.8752406732292715,0.0012877504430859976,14.877902700348788,9.0
artificial_perturbation,cfo_shift,0.5,2_1_27_11_2_16.bin,11,1_27,1_27;0_36;1_26;0_35;0_37,1,1_27,1_27,1_27,0.965051902358705,0.954730585466778,0.965051902358705,0.9825125662431862,0.976670940245212,0.00021579190377921996,6.8017395097292415,9.0
artificial_perturbation,cfo_shift,0.5,2_1_28_11_2_16.bin,5,1_28,1_29;1_27;1_28;0_35;0_36,1,1_29,1_29,1_29,0.9999999994981765,0.9771720251276539,0.9999999994981765,0.9999999997490883,0.7123829768752421,0.003647432226274987,9.478038974712504,8.0
artificial_perturbation,cfo_shift,0.5,2_1_28_11_2_16.bin,10,1_28,0_35;1_31;1_18;2_15;0_42,0,0_35,0_35,0_35,0.5852836445868463,0.9735826278811153,0.5852836445868463,0.7871667199687561,0.7649038686523506,0.0027766734144769015,15.696411268761928,9.0
artificial_perturbation,cfo_shift,0.5,2_1_28_11_2_16.bin,14,1_28,1_29;1_27;1_28;1_26;0_35,1,1_29,1_29,1_29,0.9995170634121677,0.9788255823376006,0.9995170634121677,0.9997585299335847,0.49063928026577536,0.009378844014247548,4.252701382897017,8.0
artificial_perturbation,cfo_shift,0.5,2_1_28_11_2_16.bin,18,1_28,1_28;1_29;1_27;1_26;0_35,1,1_28,1_28,1_28,0.9524940040593198,0.9669580920478058,0.9524940040593198,0.9693149722575156,1.0,0.0,6.30958081220996,10.0
artificial_perturbation,cfo_shift,0.5,2_1_29_11_2_16.bin,6,1_29,1_29;0_34;0_35;1_27;0_33,1,1_29,1_29,1_29,0.9999544875003239,0.989543943765544,0.9999544875003239,0.999977243626578,0.7598292114106343,0.0028555539858201614,14.790921145407875,11.0
artificial_perturbation,cfo_shift,0.5,2_1_29_11_2_16.bin,7,1_29,1_29;0_34;0_35;1_27;0_33,1,1_29,1_29,1_29,0.9999324086805109,0.9912216830897038,0.9999324086805109,0.9999662043046413,0.8214494455598597,0.0019636611108125794,15.853714444305895,10.0
artificial_perturbation,cfo_shift,0.5,2_1_29_11_2_16.bin,9,1_29,1_29;0_34;0_35;0_33;1_28,1,1_29,1_29,1_29,0.9999992977485622,0.9897183488380505,0.9999992977485622,0.999999648874212,0.9898072405511854,9.30309220690159e-05,6.3817369467383465,10.0
artificial_perturbation,cfo_shift,0.5,2_1_29_11_2_16.bin,15,1_29,1_29;0_34;1_30;1_28;0_35,1,1_29,1_29,1_29,0.9977182812434771,0.9776296825965931,0.9977182812434771,0.9988536357602712,0.9919261771230067,7.353363636046206e-05,2.290262148426855,10.0
artificial_perturbation,cfo_shift,0.5,2_1_30_11_2_16.bin,1,1_30,1_30;0_34;0_33;1_31;1_29,1,1_30,1_30,1_30,0.9998896675144664,0.9666590057374432,0.9998896675144664,0.9999448333768161,0.732530547038421,0.003298637764076978,8.314316773547242,9.0
artificial_perturbation,cfo_shift,0.5,2_1_30_11_2_16.bin,2,1_30,1_30;0_34;0_33;1_31;1_27,1,1_30,1_30,1_30,0.9999766691190556,0.9686892873944846,0.9999766691190556,0.9999883333869565,0.5479064600648865,0.007454320429933488,8.805836250643992,10.0
artificial_perturbation,cfo_shift,0.5,2_1_30_11_2_16.bin,5,1_30,1_30;0_34;0_33;1_29;1_31,1,1_30,1_30,1_30,0.9998446820007557,0.9631646010325295,0.9998446820007557,0.9999223219213119,0.5942608508682667,0.006168164828777426,10.43641397681197,10.0
artificial_perturbation,cfo_shift,0.5,2_1_30_11_2_16.bin,13,1_30,1_30;0_34;1_31;0_33;1_29,1,1_30,1_30,1_30,0.999999989784864,0.9703369912983048,0.999999989784864,0.9999999948923859,0.9882646668608954,0.00010727742271139845,3.613709382339855,8.0
artificial_perturbation,cfo_shift,0.5,2_1_31_11_2_16.bin,2,1_31,1_31;1_30;0_34;0_33;1_29,1,1_31,1_31,1_31,1.0,0.9879021326192055,1.0,1.0,0.8941760644866625,0.00106917069136518,2.8678450653666037,10.0
artificial_perturbation,cfo_shift,0.5,2_1_31_11_2_16.bin,3,1_31,1_31;1_30;0_34;0_33;1_29,1,1_31,1_31,1_31,1.0,0.9892268381805579,1.0,1.0,0.988929636439882,0.00010113061971828404,3.71104277901631,8.0
artificial_perturbation,cfo_shift,0.5,2_1_31_11_2_16.bin,6,1_31,1_31;1_30;0_34;0_33;1_29,1,1_31,1_31,1_31,1.0,0.9882580670719556,1.0,1.0,0.9461294252357215,0.0005143837457263655,5.194944593690016,8.0
artificial_perturbation,cfo_shift,0.5,2_1_31_11_2_16.bin,7,1_31,1_31;1_30;0_34;0_33;1_29,1,1_31,1_31,1_31,1.0,0.9882768949107066,1.0,1.0,0.9370833289445111,0.0006065599079098582,6.5303693071900994,7.0
artificial_perturbation,cfo_shift,0.5,2_1_32_11_2_16.bin,4,1_32,1_32;0_33;1_29;0_34;0_35,1,1_32,1_32,1_32,1.0,0.9803198174051114,1.0,1.0,0.9792069287608991,0.00019183610173653974,3.0930187586290647,9.0
artificial_perturbation,cfo_shift,0.5,2_1_32_11_2_16.bin,5,1_32,1_32;0_33;1_29;0_34;0_35,1,1_32,1_32,1_32,1.0,0.9920140715099517,1.0,1.0,0.9405990729155157,0.0005705252287508475,12.619304838404533,8.0
artificial_perturbation,cfo_shift,0.5,2_1_32_11_2_16.bin,9,1_32,1_32;0_33;1_29;0_34;1_28,1,1_32,1_32,1_32,1.0,0.9851093291102723,1.0,1.0,0.9230300983269027,0.0007533403784766667,5.618360811517352,9.0
artificial_perturbation,cfo_shift,0.5,2_1_32_11_2_16.bin,17,1_32,1_32;0_33;1_29;0_34;1_28,1,1_32,1_32,1_32,1.0,0.9733077190862743,1.0,1.0,0.7827480084542544,0.002507425117328269,6.1043149761710005,9.0
artificial_perturbation,cfo_shift,0.5,2_2_15_11_2_16.bin,3,2_15,2_15;0_48;1_16;1_17;1_18,1,2_15,2_15,2_15,0.9999999999414771,0.9672514508368135,0.9999999999414771,0.9999999999707385,0.716810441461708,0.0035691030756528517,3.2092705814900864,2.0
artificial_perturbation,cfo_shift,0.5,2_2_15_11_2_16.bin,10,2_15,2_15;1_16;0_48;1_17;1_18,1,2_15,2_15,2_15,1.0,0.976113225407411,1.0,1.0,0.5834064119391413,0.006451007700537591,3.403802433439306,0.0
artificial_perturbation,cfo_shift,0.5,2_2_15_11_2_16.bin,16,2_15,2_15;1_16;1_17;0_48;1_18,1,2_15,2_15,2_15,1.0,0.9744492396371706,1.0,1.0,0.5903241105724369,0.006269545532308119,3.0219457469653985,0.0
artificial_perturbation,cfo_shift,0.5,2_2_15_11_2_16.bin,20,2_15,2_15;0_48;1_16;1_17;1_18,1,2_15,2_15,2_15,0.9999943145756888,0.9526152221711534,0.9999943145756888,0.9999971572849291,0.9822866248008981,0.00016291057187487788,3.388506079373071,3.0
artificial_perturbation,cfo_shift,1.0,2_0_33_11_2_16.bin,0,0_33,0_33;1_30;1_29;0_34;0_35,1,0_33,0_33,0_33,0.9999999986494267,0.97684454772653,0.9999999986494267,0.9999999993246129,0.6026452820012768,0.00595665970267102,8.683007436180906,10.0
artificial_perturbation,cfo_shift,1.0,2_0_33_11_2_16.bin,3,0_33,0_33;1_30;1_29;0_34;0_35,1,0_33,0_33,0_33,0.9999999604308294,0.9740614680522353,0.9999999604308294,0.9999999802147144,0.6111772503748791,0.005747389944373649,6.881146774828008,10.0
artificial_perturbation,cfo_shift,1.0,2_0_33_11_2_16.bin,17,0_33,0_33;1_30;0_34;1_29;0_35,1,0_33,0_33,0_33,0.9999999685298149,0.9821239886980574,0.9999999685298149,0.9999999842612741,0.30142836963953057,0.020936929803900363,5.314295190295731,10.0
artificial_perturbation,cfo_shift,1.0,2_0_33_11_2_16.bin,18,0_33,0_33;1_30;0_34;1_29;1_28,1,0_33,0_33,0_33,0.9999397915103573,0.9660445843230444,0.9999397915103573,0.9999698946782754,0.9192188971039573,0.0007939204912305736,12.026055774261469,8.0
artificial_perturbation,cfo_shift,1.0,2_0_34_11_2_16.bin,4,0_34,0_34;1_30;1_29;0_35;1_27,1,0_34,0_34,0_34,0.999999992205434,0.9787844056542935,0.999999992205434,0.9999999959949015,0.6847701142664506,0.004158806973705694,14.003012798338439,10.0
artificial_perturbation,cfo_shift,1.0,2_0_34_11_2_16.bin,8,0_34,1_31;0_34;1_30;0_35;0_37,1,0_34,0_34,0_34,0.9633743542273735,0.9787098653953715,0.9633743542273735,0.9816871771136865,0.9713447352373608,0.0002665122721405173,3.1158637647520475,9.0
artificial_perturbation,cfo_shift,1.0,2_0_34_11_2_16.bin,16,0_34,0_34;1_30;0_35;1_29;1_27,1,0_34,0_34,0_34,0.9999994177741937,0.977178223760615,0.9999994177741937,0.9999997088210395,0.7892375155288207,0.0024125246840861103,1.1292877312328677,9.0
artificial_perturbation,cfo_shift,1.0,2_0_34_11_2_16.bin,18,0_34,0_34;1_30;0_35;1_29;0_36,1,0_34,0_34,0_34,0.9999999863081166,0.9756424423078909,0.9999999863081166,0.9999999919344639,0.6218959816413476,0.005492622090466127,3.94032212100167,9.0
artificial_perturbation,cfo_shift,1.0,2_0_35_11_2_16.bin,11,0_35,0_35;1_31;0_42;1_18;0_34,1,0_35,0_35,0_35,0.9656273284196452,0.9698002957391106,0.9656273284196452,0.9828126371694175,0.8850441439043235,0.0011734169145750791,15.093855585932053,9.0
artificial_perturbation,cfo_shift,1.0,2_0_35_11_2_16.bin,12,0_35,0_35;0_36;1_27;0_34;0_37,1,0_35,0_35,0_35,0.9993523730048383,0.9708256097128704,0.9993523730048383,0.9996761625727554,0.9428587059282532,0.0005475069457013858,9.514333756076915,9.0
artificial_perturbation,cfo_shift,1.0,2_0_35_11_2_16.bin,13,0_35,0_35;0_36;1_27;0_34;1_28,1,0_35,0_35,0_35,0.9992422073924615,0.9649835348160314,0.9992422073924615,0.9996201724726811,0.8862711572501726,0.0011592849052706438,9.017259583259403,7.0
artificial_perturbation,cfo_shift,1.0,2_0_35_11_2_16.bin,17,0_35,0_35;0_36;0_34;1_27;0_37,1,0_35,0_35,0_35,0.9998487498510906,0.9671183943800641,0.9998487498510906,0.9999188730517743,0.9721502328429928,0.0002588060121737939,4.49258739634812,8.0
artificial_perturbation,cfo_shift,1.0,2_0_36_11_2_16.bin,6,0_36,0_36;0_37;1_27;0_35;0_38,1,0_36,0_36,0_36,0.9864086889576693,0.9800286826217809,0.9864086889576693,0.9926065064554346,0.631980121862657,0.005260827186368273,15.1644659801616,9.0
artificial_perturbation,cfo_shift,1.0,2_0_36_11_2_16.bin,11,0_36,0_36;0_37;1_27;0_35;0_38,1,0_36,0_36,0_36,0.9932748527312562,0.9674855004695952,0.9932748527312562,0.9965400049948859,0.9434705468979321,0.0005412932530336928,13.035849297808575,9.0
artificial_perturbation,cfo_shift,1.0,2_0_36_11_2_16.bin,12,0_36,0_36;0_37;0_35;1_27;1_26,1,0_36,0_36,0_36,0.9954669512184064,0.9598965197484001,0.9954669512184064,0.9972010848709608,0.6933066290164581,0.003996365612022767,0.36570109541472595,9.0
artificial_perturbation,cfo_shift,1.0,2_0_36_11_2_16.bin,13,0_36,0_37;0_36;0_35;1_27;1_26,1,0_36,0_36,0_36,0.20535270136024059,0.6276272016334856,0.20535270136024059,0.5925582933519318,1.0,0.0,8.575364177959502,10.0
artificial_perturbation,cfo_shift,1.0,2_0_37_11_2_16.bin,2,0_37,0_37;0_36;0_38;1_27;1_24,1,0_37,0_37,0_37,0.9534537096045761,0.9517868843459268,0.9534537096045761,0.9727181997543914,0.9055412863837845,0.0009423667361561346,4.073681491183223,8.0
artificial_perturbation,cfo_shift,1.0,2_0_37_11_2_16.bin,9,0_37,0_37;0_38;0_36;1_23;1_26,1,0_37,0_37,0_37,0.9294815954094087,0.9521519629593289,0.9294815954094087,0.9568666353266072,0.5846469000135809,0.006418151758683497,6.55223787720578,10.0
artificial_perturbation,cfo_shift,1.0,2_0_37_11_2_16.bin,11,0_37,0_37;0_38;0_36;1_23;1_22,1,0_37,0_37,0_37,0.9977176803148267,0.9695089651621364,0.9977176803148267,0.9987569696407891,0.9328685202670236,0.0006501176533790057,3.632689534853344,11.0
artificial_perturbation,cfo_shift,1.0,2_0_37_11_2_16.bin,16,0_37,0_37;0_38;0_36;1_23;1_26,1,0_37,0_37,0_37,0.8840600258097862,0.9204339317746058,0.8840600258097862,0.9419949815088722,0.5827228434903755,0.006469172681398962,3.1719134458851688,10.0
artificial_perturbation,cfo_shift,1.0,2_0_38_11_2_16.bin,4,0_38,0_38;0_37;1_23;0_40;1_24,1,0_38,0_38,0_38,0.9665024896758695,0.9613832403468754,0.9665024896758695,0.9830577736928249,0.8465625257397554,0.001637414296622953,6.687563181955305,8.0
artificial_perturbation,cfo_shift,1.0,2_0_38_11_2_16.bin,5,0_38,0_38;0_37;1_23;1_24;0_40,1,0_38,0_38,0_38,0.9681960837877003,0.9619615479954136,0.9681960837877003,0.9831224513973558,0.8619195529506468,0.0014472768935789343,8.769075881819303,8.0
artificial_perturbation,cfo_shift,1.0,2_0_38_11_2_16.bin,8,0_38,0_38;0_37;1_23;0_39;1_21,1,0_38,0_38,0_38,0.9924935111140674,0.9743244482022945,0.9924935111140674,0.9957391884532909,0.9523877762240113,0.0004516383690408246,-0.2630510939684605,8.0
artificial_perturbation,cfo_shift,1.0,2_0_38_11_2_16.bin,15,0_38,0_38;0_37;1_23;0_40;1_24,1,0_38,0_38,0_38,0.9628016427906393,0.963217192972482,0.9628016427906393,0.9794507736896417,0.5347266583186534,0.00786072332917896,10.012235564344856,8.0
artificial_perturbation,cfo_shift,1.0,2_0_39_11_2_16.bin,1,0_39,0_39;0_38;1_20;1_23;1_21,1,0_39,0_39,0_39,0.9998467929051253,0.9760625445987768,0.9998467929051253,0.9999120694535941,0.8664152082386974,0.001392890985952953,2.508644107709082,9.0
artificial_perturbation,cfo_shift,1.0,2_0_39_11_2_16.bin,12,0_39,0_39;0_38;1_23;1_20;1_21,1,0_39,0_39,0_39,0.9753203871429836,0.9753994990253799,0.9753203871429836,0.9842600051996014,0.9857933926581812,0.00013019390434683631,5.633606921312971,9.0
artificial_perturbation,cfo_shift,1.0,2_0_39_11_2_16.bin,15,0_39,0_39;1_20;0_38;1_23;1_21,1,0_39,0_39,0_39,0.962725787693714,0.9629936310013912,0.962725787693714,0.9759889263089199,0.9737486623861255,0.00024355146163166803,0.6614593655084151,8.0
artificial_perturbation,cfo_shift,1.0,2_0_39_11_2_16.bin,20,0_39,0_39;1_20;0_38;1_23;1_21,1,0_39,0_39,0_39,0.9964224869480919,0.9672216330664433,0.9964224869480919,0.997677203566514,0.5144192586357595,0.008527670505664636,7.1936507066966495,8.0
artificial_perturbation,cfo_shift,1.0,2_0_40_11_2_16.bin,9,0_40,0_40;1_21;1_22;0_38;1_23,1,0_40,0_40,0_40,0.5188459959058027,0.8415097605674662,0.5188459959058027,0.6829735055757536,0.7585806338122001,0.0028751236772836665,0.9290725501742841,8.0
artificial_perturbation,cfo_shift,1.0,2_0_40_11_2_16.bin,10,0_40,0_40;1_21;1_22;0_38;1_23,1,0_40,0_40,0_40,0.8521932502226248,0.9061126234575951,0.8521932502226248,0.9074542805511977,0.6625704334915432,0.004600841361574189,9.190779489305655,8.0
artificial_perturbation,cfo_shift,1.0,2_0_40_11_2_16.bin,15,0_40,0_40;1_21;1_22;0_42;0_38,1,0_40,0_40,0_40,0.9721780762805888,0.06711953771250545,0.9721780762805888,0.9804637536123905,1.0,0.0,10.508861754727757,8.0
artificial_perturbation,cfo_shift,1.0,2_0_40_11_2_16.bin,18,0_40,1_21;0_40;1_22;0_38;1_20,1,1_21,1_21,1_21,0.4387372980616205,0.8124614404073516,0.4387372980616205,0.7021271318105288,1.0,0.0,-0.20031286304770257,8.0
artificial_perturbation,cfo_shift,1.0,2_0_42_11_2_16.bin,1,0_42,0_42;1_20;0_43;0_44;1_19,1,0_42,0_42,0_42,0.7446153182433005,0.9411337295925462,0.7446153182433005,0.8229614727990648,0.9170093165818911,0.0008176016700864223,2.118687560177241,8.0
artificial_perturbation,cfo_shift,1.0,2_0_42_11_2_16.bin,7,0_42,0_42;1_19;0_43;1_20;0_44,1,0_42,0_42,0_42,0.41095681301024717,0.8353063559762741,0.41095681301024717,0.5770815274309458,0.84500202247342,0.001657121911676488,7.996689990215371,9.0
artificial_perturbation,cfo_shift,1.0,2_0_42_11_2_16.bin,11,0_42,1_20;1_19;0_42;0_44;0_43,1,1_20,1_20,1_20,0.45509335383786415,0.06725087139409824,0.45509335383786415,0.6551361269295347,0.926049057498792,0.0007214328210317253,2.463884871679198,8.0
artificial_perturbation,cfo_shift,1.0,2_0_42_11_2_16.bin,18,0_42,0_42;0_43;1_19;1_20;0_44,1,0_42,0_42,0_42,0.48895187996895667,0.8074875986020638,0.48895187996895667,0.7133235332324256,0.8805056637702063,0.0012260306975503841,9.563133000902269,8.0
artificial_perturbation,cfo_shift,1.0,2_0_43_11_2_16.bin,10,0_43,0_43;0_42;0_44;1_21;1_20,1,0_43,0_43,0_43,0.9696830810461826,0.9630607342012613,0.9696830810461826,0.9830581029051058,0.8728401321778572,0.0013161383332510866,7.289416987778528,9.0
artificial_perturbation,cfo_shift,1.0,2_0_43_11_2_16.bin,13,0_43,0_43;0_42;0_44;1_19;1_20,1,0_43,0_43,0_43,0.8310066718995005,0.9177482082479227,0.8310066718995005,0.9063852018487913,0.7469653834935016,0.0030603115417677353,10.888502241864412,9.0
artificial_perturbation,cfo_shift,1.0,2_0_43_11_2_16.bin,15,0_43,0_43;0_42;0_44;1_21;1_20,1,0_43,0_43,0_43,0.8013616825591874,0.9166409187437934,0.8013616825591874,0.8799791029717283,0.8751775287890452,0.0012884951710214116,5.822229104247192,9.0
artificial_perturbation,cfo_shift,1.0,2_0_43_11_2_16.bin,19,0_43,0_43;0_42;0_44;1_20;1_21,1,0_43,0_42,0_42,0.4891464199509787,0.06937692327388123,0.06937692327388123,0.6875058949309343,0.9433105527565657,0.0005429173322817766,2.6604926024051183,9.0
artificial_perturbation,cfo_shift,1.0,2_0_44_11_2_16.bin,3,0_44,0_44;0_42;1_19;0_43;1_20,1,0_44,0_44,0_44,0.8686494133122431,0.9368774831102761,0.8686494133122431,0.9260511791144669,0.998877254565194,1.015442534191989e-05,0.46811705196262055,9.0
artificial_perturbation,cfo_shift,1.0,2_0_44_11_2_16.bin,9,0_44,0_43;0_44;0_42;1_19;1_20,1,0_43,0_43,0_43,0.7203730425211213,0.8851103120829242,0.7203730425211213,0.8544797168548637,0.6050886512140071,0.005896126380997204,9.82263939381829,8.0
artificial_perturbation,cfo_shift,1.0,2_0_44_11_2_16.bin,11,0_44,0_44;0_42;0_43;1_19;1_20,1,0_44,0_44,0_44,0.985256695404459,0.9644882876768535,0.985256695404459,0.9924728941704649,0.6951062789644925,0.003962629296415224,2.8773546285993974,10.0
artificial_perturbation,cfo_shift,1.0,2_0_44_11_2_16.bin,16,0_44,0_44;0_42;0_43;1_19;1_20,1,0_44,0_44,0_44,0.9539998487546425,0.9031201896904705,0.9539998487546425,0.970969461820249,0.7711602025450176,0.0026808537536631917,7.268427085801014,9.0
artificial_perturbation,cfo_shift,1.0,2_0_45_11_2_16.bin,3,0_45,0_45;0_48;1_17;1_18;0_44,1,0_45,0_45,0_45,0.9923794176354426,0.9570778851545824,0.9923794176354426,0.9961196284285238,0.8240431361089146,0.0019290453764543463,4.074820862568159,7.0
artificial_perturbation,cfo_shift,1.0,2_0_45_11_2_16.bin,6,0_45,0_45;0_48;1_18;1_17;0_44,1,0_45,0_45,0_45,0.8599813377959559,0.9230168605223024,0.8599813377959559,0.9159828737550572,0.9852401462492013,0.00013533998724153743,0.5336753654292975,7.0
artificial_perturbation,cfo_shift,1.0,2_0_45_11_2_16.bin,7,0_45,0_45;0_48;1_17;1_18;0_44,1,0_45,0_45,0_45,0.9970441176134032,0.9615396667546103,0.9970441176134032,0.998477390786888,0.9072717928373821,0.0009233378338936147,1.4606417735384922,7.0
artificial_perturbation,cfo_shift,1.0,2_0_45_11_2_16.bin,16,0_45,0_45;0_48;1_17;0_44;1_18,1,0_45,0_45,0_45,0.9994967629262772,0.9636435913946934,0.9994967629262772,0.99972581396009,0.8926801201694706,0.0010861016949491945,2.3611635974793637,7.0
artificial_perturbation,cfo_shift,1.0,2_0_48_11_2_16.bin,2,0_48,0_48;0_45;0_50;0_44;1_17,1,0_48,0_48,0_48,0.996876587819512,0.9680025051162696,0.996876587819512,0.9983967978485847,0.9570951350059598,0.00040498375984168993,3.79249476354926,7.0
artificial_perturbation,cfo_shift,1.0,2_0_48_11_2_16.bin,5,0_48,0_48;0_45;0_50;0_44;1_17,1,0_48,0_48,0_48,0.9938848597913663,0.9666378436976518,0.9938848597913663,0.9960750401780885,0.9230269313466727,0.0007533739600696633,2.684351804853517,7.0
artificial_perturbation,cfo_shift,1.0,2_0_48_11_2_16.bin,7,0_48,0_48;0_45;0_44;0_50;1_17,1,0_48,0_48,0_48,0.9801760237011168,0.9651986479283855,0.9801760237011168,0.9897056869444922,0.8553085205213335,0.0015282919862427745,2.4859324173969317,7.0
artificial_perturbation,cfo_shift,1.0,2_0_48_11_2_16.bin,13,0_48,0_48;1_16;0_45;1_17;1_18,1,0_48,0_48,0_48,0.9983300868135639,0.9848862072517095,0.9983300868135639,0.9990630526173647,0.9070537069643175,0.0009257319394787571,3.7860882673701832,5.0
artificial_perturbation,cfo_shift,1.0,2_0_50_11_2_16.bin,10,0_50,0_50;0_44;0_48;0_45;0_43,1,0_50,0_50,0_50,0.999999850828565,0.9737810204815127,0.999999850828565,0.9999999245515229,0.8626759601903244,0.0014380866414747436,0.17147958884606862,9.0
artificial_perturbation,cfo_shift,1.0,2_0_50_11_2_16.bin,11,0_50,0_50;0_48;0_44;0_45;0_43,1,0_50,0_50,0_50,0.9999930686073075,0.9663290626021152,0.9999930686073075,0.999996529371695,0.9740497620799784,0.00024068353212522,2.261642222464013,9.0
artificial_perturbation,cfo_shift,1.0,2_0_50_11_2_16.bin,14,0_50,0_50;0_44;0_48;0_43;0_45,1,0_50,0_50,0_50,0.9999994617425108,0.9676548388147422,0.9999994617425108,0.9999997041256524,0.9752040591611074,0.0002297054334640596,4.287947529838885,9.0
artificial_perturbation,cfo_shift,1.0,2_0_50_11_2_16.bin,18,0_50,0_50;0_48;0_44;0_45;0_43,1,0_50,0_50,0_50,0.9999990182957178,0.9700709338623466,0.9999990182957178,0.9999994917445457,0.7382607661230439,0.003202913535555727,6.338250022951282,10.0
artificial_perturbation,cfo_shift,1.0,2_1_16_11_2_16.bin,2,1_16,1_16;1_17;1_18;0_48;0_45,1,1_16,1_16,1_16,0.9984344938435655,0.9538472716299615,0.9984344938435655,0.9991721993785184,0.6855563671496119,0.004143676223509952,3.5309619605427356,3.0
artificial_perturbation,cfo_shift,1.0,2_1_16_11_2_16.bin,5,1_16,1_16;1_18;1_17;0_48;0_45,1,1_16,1_16,1_16,0.9919161003851222,0.05391098584475773,0.9919161003851222,0.9957169758859391,0.9452462095436452,0.0005233056479507583,-1.5024658142246856,3.0
artificial_perturbation,cfo_shift,1.0,2_1_16_11_2_16.bin,14,1_16,1_16;1_17;1_18;0_48;0_45,1,1_16,1_16,1_16,0.9984532059565314,0.9715634886521823,0.9984532059565314,0.999181074551047,0.34240790850830904,0.017349979723823437,8.126967156584936,3.0
artificial_perturbation,cfo_shift,1.0,2_1_16_11_2_16.bin,18,1_16,1_16;1_17;1_18;0_48;0_45,1,1_16,1_16,1_16,0.9629451300813939,0.9546651220911407,0.9629451300813939,0.9781812328330516,0.554556920679489,0.00725658460854393,2.561756729049349,4.0
artificial_perturbation,cfo_shift,1.0,2_1_17_11_2_16.bin,1,1_17,1_18;1_17;0_45;1_16;0_48,1,1_18,1_17,1_18,0.5730217442143751,0.10803532902763902,0.5730217442143751,0.7730778875962847,0.5469709872207326,0.00748252027030981,0.4101534464530157,6.0
artificial_perturbation,cfo_shift,1.0,2_1_17_11_2_16.bin,11,1_17,1_18;1_17;0_45;1_19;1_16,1,1_18,1_18,1_18,0.8687861898050744,0.9335861462684538,0.8687861898050744,0.9263562066858514,0.827593829534785,0.001882009183552785,1.781269614908342,6.0
artificial_perturbation,cfo_shift,1.0,2_1_17_11_2_16.bin,19,1_17,1_17;1_16;0_45;1_18;0_48,1,1_17,1_17,1_17,0.8583738866719574,0.9360006880805813,0.8583738866719574,0.9162081411018084,1.0,0.0,0.9007040780637297,5.0
artificial_perturbation,cfo_shift,1.0,2_1_17_11_2_16.bin,20,1_17,1_18;1_17;1_16;1_19;1_20,1,1_18,1_18,1_18,0.9203456032921047,0.9518606493699604,0.9203456032921047,0.9509623868732988,0.9111216461399579,0.0008812635643661817,0.8384037866493026,5.0
artificial_perturbation,cfo_shift,1.0,2_1_18_11_2_16.bin,9,1_18,1_18;1_17;1_16;0_45;1_19,1,1_18,1_18,1_18,0.9264503009912843,0.9258357659283661,0.9264503009912843,0.9569567501826487,0.8546886046111554,0.0015359530353743192,3.8887869006190003,5.0
artificial_perturbation,cfo_shift,1.0,2_1_18_11_2_16.bin,10,1_18,1_18;1_17;1_16;0_45;0_48,1,1_18,1_18,1_18,0.7217717326741352,0.9067566487365842,0.7217717326741352,0.8262000369735983,0.9451285028328831,0.0005244959346909835,8.509373334173567,5.0
artificial_perturbation,cfo_shift,1.0,2_1_18_11_2_16.bin,11,1_18,1_18;1_17;1_16;0_45;1_19,1,1_18,1_18,1_18,0.9084363099059201,0.9433035227778872,0.9084363099059201,0.9402375234681047,0.8079261226305204,0.0021477455609572186,5.176070778711371,5.0
artificial_perturbation,cfo_shift,1.0,2_1_18_11_2_16.bin,14,1_18,1_18;1_17;1_16;0_45;1_19,1,1_18,1_18,1_18,0.9682422868502507,0.9586227543616073,0.9682422868502507,0.9837666904226199,0.970426565348122,0.00027531207931568645,7.282338097566562,6.0
artificial_perturbation,cfo_shift,1.0,2_1_19_11_2_16.bin,4,1_19,1_19;0_42;0_43;1_20;0_44,1,0_42,1_19,0_42,0.18487425830528392,0.2891461288319225,0.18487425830528392,0.5761213327038018,0.8304485859720746,0.0018444837910076704,14.720963773827982,8.0
artificial_perturbation,cfo_shift,1.0,2_1_19_11_2_16.bin,11,1_19,1_20;1_19;0_42;0_44;0_43,1,1_20,1_19,1_19,0.043848276198825364,0.21429289272964924,0.21429289272964924,0.4101940366300785,0.8807161475441561,0.0012235786059702771,3.403573850847077,9.0
artificial_perturbation,cfo_shift,1.0,2_1_19_11_2_16.bin,14,1_19,1_19;0_42;1_20;0_44;0_43,1,0_42,1_19,1_19,0.02474912987467298,0.4334679645270034,0.4334679645270034,0.4153348203140617,0.9642468393723473,0.0003349749978555345,6.3946392291578125,9.0
artificial_perturbation,cfo_shift,1.0,2_1_19_11_2_16.bin,17,1_19,1_19;1_20;0_42;0_44;0_43,1,1_19,1_19,1_19,0.44239519210502776,0.8008017121281477,0.44239519210502776,0.6723495059700516,0.9571912684435906,0.00040403576317021145,2.0020648175538103,8.0
artificial_perturbation,cfo_shift,1.0,2_1_20_11_2_16.bin,0,1_20,1_20;0_42;1_19;1_21;0_43,1,1_20,1_20,1_20,0.6498344355007396,0.8893416543589356,0.6498344355007396,0.7852124675123463,0.6038117073145061,0.005927700951936799,5.529703921115489,8.0
artificial_perturbation,cfo_shift,1.0,2_1_20_11_2_16.bin,4,1_20,0_42;1_20;1_21;1_19;0_40,1,0_42,0_42,0_42,0.516478133954434,0.8796986129205701,0.516478133954434,0.6642393682303114,0.5856517950055946,0.0063916378516684896,-1.4258530125888869,7.0
artificial_perturbation,cfo_shift,1.0,2_1_20_11_2_16.bin,19,1_20,1_20;1_19;0_42;0_39;1_21,1,1_20,1_20,1_20,0.915063617211679,0.9671872602565046,0.915063617211679,0.9477828407519987,0.9162447487084409,0.0008258225248509727,-0.23276312315494305,9.0
artificial_perturbation,cfo_shift,1.0,2_1_20_11_2_16.bin,20,1_20,1_20;0_42;1_19;0_43;1_21,1,0_42,0_42,0_42,0.1527577799169193,0.6040589038599019,0.1527577799169193,0.45394865284961744,0.5872281831397909,0.006350228067712953,10.453678973884863,7.0
artificial_perturbation,cfo_shift,1.0,2_1_21_11_2_16.bin,3,1_21,1_21;1_20;0_40;0_42;1_23,1,1_21,1_21,1_21,0.591683766300136,0.8583187570885278,0.591683766300136,0.7608709935456244,0.9602082097785236,0.0003743813797106358,2.7035446621188344,9.0
artificial_perturbation,cfo_shift,1.0,2_1_21_11_2_16.bin,5,1_21,1_21;0_40;1_20;0_42;1_22,1,1_21,1_21,1_21,0.665512873820773,0.9035798519861574,0.665512873820773,0.8157884633351324,0.4933964283730815,0.009275950510304809,-0.15757317251341102,9.0
artificial_perturbation,cfo_shift,1.0,2_1_21_11_2_16.bin,6,1_21,0_42;1_21;0_40;0_43;1_23,1,1_21,0_42,0_42,0.27538915730200536,0.19037093650683545,0.19037093650683545,0.49700046039212353,0.948908861877057,0.00048641532761723014,8.818214062115024,10.0
artificial_perturbation,cfo_shift,1.0,2_1_21_11_2_16.bin,7,1_21,1_21;0_40;0_42;1_22;1_23,1,1_21,1_21,1_21,0.7349445246114807,0.9372515470302816,0.7349445246114807,0.8283959877941094,0.5924474394007524,0.0062146972432214325,0.38274116991378415,10.0
artificial_perturbation,cfo_shift,1.0,2_1_22_11_2_16.bin,0,1_22,1_22;0_40;1_21;1_23;0_38,1,1_22,1_22,1_22,0.13792058340490043,0.5921247305257693,0.13792058340490043,0.5682402462757677,0.9786742025626665,0.00019685811220158885,9.406619634325233,9.0
artificial_perturbation,cfo_shift,1.0,2_1_22_11_2_16.bin,8,1_22,1_22;0_40;1_21;0_38;1_23,1,1_22,1_22,1_22,0.315044032778788,0.718142122111185,0.315044032778788,0.6516693606218176,0.8034199404097944,0.0022104618957551557,9.49665727308918,9.0
artificial_perturbation,cfo_shift,1.0,2_1_22_11_2_16.bin,10,1_22,1_22;0_40;1_21;1_23;0_38,1,1_22,1_22,1_22,0.4675418310381433,0.7829278942164102,0.4675418310381433,0.7287141177287705,0.9321566705977513,0.000657513112056565,7.3456312473437055,9.0
artificial_perturbation,cfo_shift,1.0,2_1_22_11_2_16.bin,13,1_22,1_22;0_40;1_21;0_38;1_23,1,1_22,1_22,1_22,0.3402159705511853,0.7339755680861395,0.3402159705511853,0.6668149295135082,0.7142010769680149,0.0036151495201861956,14.964693684350229,9.0
artificial_perturbation,cfo_shift,1.0,2_1_23_11_2_16.bin,0,1_23,0_39;1_23;1_19;1_20;0_42,1,1_23,0_39,1_23,0.4687718448783783,0.1252890907396884,0.4687718448783783,0.729765301330188,0.7616919532636722,0.002826477394248696,12.068016118885328,9.0
artificial_perturbation,cfo_shift,1.0,2_1_23_11_2_16.bin,3,1_23,1_23;0_38;0_40;1_22;1_21,1,1_23,1_23,1_23,0.6747819090773729,0.8959184454678121,0.6747819090773729,0.8224333624776883,0.9152390086652065,0.0008366574495683652,13.718084997091314,9.0
artificial_perturbation,cfo_shift,1.0,2_1_23_11_2_16.bin,12,1_23,1_23;0_38;0_39;1_21;1_20,1,1_23,1_23,1_23,0.2784481676764862,0.6625693194206111,0.2784481676764862,0.6312358498887117,0.7854774564958406,0.0024673194901868607,10.753070049128542,8.0
artificial_perturbation,cfo_shift,1.0,2_1_23_11_2_16.bin,20,1_23,1_23;0_38;0_40;1_21;0_39,1,0_38,1_23,0_38,0.010822315318120557,0.3868396708864137,0.010822315318120557,0.49135594234340385,0.7203791272834101,0.003506667941573966,9.462294252525417,9.0
artificial_perturbation,cfo_shift,1.0,2_1_24_11_2_16.bin,0,1_24,0_38;0_37;1_23;0_40;1_22,0,0_38,0_38,0_38,0.8905842303520484,0.01716250114870288,0.8905842303520484,0.9357496853335939,1.0,0.0,13.247131552314135,8.0
artificial_perturbation,cfo_shift,1.0,2_1_24_11_2_16.bin,2,1_24,0_38;0_37;1_23;0_40;1_22,0,0_38,0_38,0_38,0.884883595429055,0.019018189884560055,0.884883595429055,0.9368399416856886,0.9473323714042309,0.0005022588100654182,3.9225506306550413,8.0
artificial_perturbation,cfo_shift,1.0,2_1_24_11_2_16.bin,10,1_24,0_38;1_23;0_37;1_24;0_40,1,0_38,0_38,0_38,0.8846069513921142,0.0012621383299199485,0.8846069513921142,0.9366258248269415,0.8994034546186329,0.0010104496837902268,7.312886332626378,8.0
artificial_perturbation,cfo_shift,1.0,2_1_24_11_2_16.bin,17,1_24,0_38;1_23;0_37;0_39;1_24,1,0_38,1_23,1_23,0.5476384501364506,0.1029906543536181,0.1029906543536181,0.762741069479502,0.868085041725782,0.0013728337536985465,6.229496670861862,9.0
artificial_perturbation,cfo_shift,1.0,2_1_25_11_2_16.bin,2,1_25,1_23;0_38;1_26;0_37;1_24,0,1_23,1_23,1_23,0.43662124304183864,0.8171214269123783,0.43662124304183864,0.6720328698653993,0.8137448607118801,0.0020677888213533253,12.550312099040305,9.0
artificial_perturbation,cfo_shift,1.0,2_1_25_11_2_16.bin,3,1_25,0_38;1_23;0_37;1_26;1_24,0,0_38,1_23,0_38,0.32446318969230326,0.19572612847724424,0.32446318969230326,0.5786622226859616,0.5457050355826454,0.007520836347533557,14.995735847402832,9.0
artificial_perturbation,cfo_shift,1.0,2_1_25_11_2_16.bin,14,1_25,1_24;1_25;1_23;0_38;0_37,1,1_24,1_24,1_24,0.9728248884577095,0.9673745698745578,0.9728248884577095,0.9806051661944246,0.8882983222473546,0.0011360227570871438,5.876927565078488,10.0
artificial_perturbation,cfo_shift,1.0,2_1_25_11_2_16.bin,16,1_25,1_26;1_25;1_23;1_24;0_38,1,1_26,1_26,1_26,0.004406329945352783,0.4220764212222702,0.004406329945352783,0.5017313864642422,0.6168109445333632,0.005612381730434458,3.7595923856207336,9.0
artificial_perturbation,cfo_shift,1.0,2_1_26_11_2_16.bin,3,1_26,0_37;0_38;0_36;1_26;1_27,1,0_37,0_36,0_37,0.01167815252863813,0.11688294921085396,0.01167815252863813,0.43276998676143064,0.8473946252773529,0.0016269353720913468,11.502650614646047,8.0
artificial_perturbation,cfo_shift,1.0,2_1_26_11_2_16.bin,12,1_26,1_26;0_37;0_38;1_25;1_23,1,0_37,1_26,0_37,0.09985577473596269,0.38812417083222517,0.09985577473596269,0.4929480155916265,0.7369900747583444,0.003224012193307513,8.033018969142452,10.0
artificial_perturbation,cfo_shift,1.0,2_1_26_11_2_16.bin,13,1_26,1_26;0_37;0_38;0_35;0_36,1,1_26,1_26,1_26,0.20346308456563705,0.6660198227315732,0.20346308456563705,0.5901358685132745,0.817525563056129,0.002016447261009488,4.457485335387997,10.0
artificial_perturbation,cfo_shift,1.0,2_1_26_11_2_16.bin,17,1_26,1_26;1_25;0_35;0_38;0_37,1,1_26,1_26,1_26,0.7660362422013736,0.9539874446362964,0.7660362422013736,0.8417462339809642,0.729217349695198,0.00335467165090949,11.346215538321493,9.0
artificial_perturbation,cfo_shift,1.0,2_1_27_11_2_16.bin,1,1_27,0_36;1_27;0_37;0_35;1_26,1,0_36,0_36,0_36,0.9992788387122343,0.9184337199889889,0.9992788387122343,0.9996234840370593,0.7817193193890338,0.0025226130087532945,5.33267323306734,9.0
artificial_perturbation,cfo_shift,1.0,2_1_27_11_2_16.bin,5,1_27,1_27;0_36;0_37;0_35;1_26,1,1_27,1_27,1_27,0.9170026647381332,0.9493160305289602,0.9170026647381332,0.9584546625656133,0.9597880628163308,0.000378499951550197,9.608228371581074,9.0
artificial_perturbation,cfo_shift,1.0,2_1_27_11_2_16.bin,10,1_27,1_27;0_36;0_35;0_37;1_26,1,1_27,1_27,1_27,0.7144627429282007,0.8856245714353886,0.7144627429282007,0.8571645371518378,0.9253431945966055,0.0007288744789965798,14.877902700348788,9.0
artificial_perturbation,cfo_shift,1.0,2_1_27_11_2_16.bin,11,1_27,1_27;0_36;1_26;0_37;0_35,1,1_27,1_27,1_27,0.8979002986613964,0.9413457332830679,0.8979002986613964,0.9489454780614588,0.9368669789430265,0.0006087862245677208,6.8017395097292415,9.0
artificial_perturbation,cfo_shift,1.0,2_1_28_11_2_16.bin,5,1_28,1_29;1_27;1_28;0_35;0_36,1,1_29,1_29,1_29,0.9999999999485668,0.976659490222051,0.9999999999485668,0.9999999999742832,0.7013405211045141,0.00384710064597584,9.478038974712504,8.0
artificial_perturbation,cfo_shift,1.0,2_1_28_11_2_16.bin,10,1_28,0_35;1_31;1_18;2_15;0_42,0,0_35,0_35,0_35,0.9261821549337911,0.9747877989836201,0.9261821549337911,0.9628282562299483,0.7776382927218561,0.002583262494984618,15.696411268761928,9.0
artificial_perturbation,cfo_shift,1.0,2_1_28_11_2_16.bin,14,1_28,1_29;1_27;1_28;1_26;0_35,1,1_29,1_29,1_29,0.9999875682909487,0.9844914177516008,0.9999875682909487,0.99999378414334,0.49063928026577536,0.009378844014247548,4.252701382897017,8.0
artificial_perturbation,cfo_shift,1.0,2_1_28_11_2_16.bin,18,1_28,0_35;1_26;0_36;1_29;1_27,0,0_35,0_35,0_35,0.9900953665967069,0.9683669390784639,0.9900953665967069,0.9936265978673549,0.9680590949055728,0.00029807909969401447,6.30958081220996,10.0
artificial_perturbation,cfo_shift,1.0,2_1_29_11_2_16.bin,6,1_29,1_29;0_34;0_35;1_27;0_33,1,1_29,1_29,1_29,0.8368894294411062,0.9432865795792824,0.8368894294411062,0.918444552756996,0.8208447272773204,0.001971763207511564,14.790921145407875,11.0
artificial_perturbation,cfo_shift,1.0,2_1_29_11_2_16.bin,7,1_29,1_29;0_34;0_35;1_27;0_33,1,1_29,1_29,1_29,0.9874354687409339,0.9877381784260206,0.9874354687409339,0.9937177326519877,0.8701046806287566,0.0013486776921841613,15.853714444305895,10.0
artificial_perturbation,cfo_shift,1.0,2_1_29_11_2_16.bin,9,1_29,1_29;0_34;0_35;0_33;1_28,1,1_29,1_29,1_29,0.999998478340552,0.9906629714721511,0.999998478340552,0.9999992391702479,0.9641554611849676,0.000335862957904278,6.3817369467383465,10.0
artificial_perturbation,cfo_shift,1.0,2_1_29_11_2_16.bin,15,1_29,0_34;1_29;1_30;0_35;1_27,1,0_34,0_34,0_34,0.9998830641790668,0.03271001800216766,0.9998830641790668,0.9999406483358699,0.9871772142173741,0.00011734739184459314,2.290262148426855,10.0
artificial_perturbation,cfo_shift,1.0,2_1_30_11_2_16.bin,1,1_30,1_30;0_34;0_33;1_31;1_29,1,1_30,1_30,1_30,0.9988125568430227,0.963400219795231,0.9988125568430227,0.9994062783294884,0.7125888230298549,0.003643768893291624,8.314316773547242,9.0
artificial_perturbation,cfo_shift,1.0,2_1_30_11_2_16.bin,2,1_30,1_30;0_34;0_33;1_31;1_29,1,1_30,1_30,1_30,0.9960405180361753,0.9645509566028355,0.9960405180361753,0.9980202587350308,0.737584646509206,0.0032141308283181757,8.805836250643992,10.0
artificial_perturbation,cfo_shift,1.0,2_1_30_11_2_16.bin,5,1_30,1_30;0_34;0_33;1_29;1_31,1,1_30,1_30,1_30,0.9407798672972618,0.9360896937279106,0.9407798672972618,0.9703899256729421,0.8644611697859643,0.0014164603424644737,10.43641397681197,10.0
artificial_perturbation,cfo_shift,1.0,2_1_30_11_2_16.bin,13,1_30,1_30;0_34;1_31;0_33;1_29,1,1_30,1_30,1_30,0.9999997256155144,0.9694589164958192,0.9999997256155144,0.9999998628077242,0.9838894623379408,0.0001479278353689742,3.613709382339855,8.0
artificial_perturbation,cfo_shift,1.0,2_1_31_11_2_16.bin,2,1_31,1_31;1_30;0_33;0_34;1_29,1,1_31,1_31,1_31,0.7713653539684293,0.9180587622459989,0.7713653539684293,0.8856825250176552,1.0,0.0,2.8678450653666037,10.0
artificial_perturbation,cfo_shift,1.0,2_1_31_11_2_16.bin,3,1_31,1_31;1_30;0_34;0_33;1_29,1,1_31,1_31,1_31,0.9999999999999999,0.9897950670364749,0.9999999999999999,1.0,0.8282194035195601,0.0018737639642394974,3.71104277901631,8.0
artificial_perturbation,cfo_shift,1.0,2_1_31_11_2_16.bin,6,1_31,1_31;1_29;1_30;0_34;0_33,1,1_31,1_31,1_31,0.9978990236928392,0.9887345092261219,0.9978990236928392,0.9989495117527009,0.8880346983455685,0.0011390418896570715,5.194944593690016,8.0
artificial_perturbation,cfo_shift,1.0,2_1_31_11_2_16.bin,7,1_31,1_30;1_29;1_31;0_34;0_33,1,1_29,1_29,1_29,0.999926311541913,0.02344375850953706,0.999926311541913,0.9999631557709554,0.914725059600097,0.0008422034660802208,6.5303693071900994,7.0
artificial_perturbation,cfo_shift,1.0,2_1_32_11_2_16.bin,4,1_32,1_32;0_33;1_29;0_34;0_35,1,1_32,1_32,1_32,1.0,0.981988068064904,1.0,1.0,0.9792543504955954,0.0001913893218371522,3.0930187586290647,9.0
artificial_perturbation,cfo_shift,1.0,2_1_32_11_2_16.bin,5,1_32,1_32;0_33;1_29;0_34;0_35,1,1_32,1_32,1_32,1.0,0.99165718686532,1.0,1.0,0.9587566114219573,0.0003886262617798755,12.619304838404533,8.0
artificial_perturbation,cfo_shift,1.0,2_1_32_11_2_16.bin,9,1_32,1_32;0_33;1_29;0_34;1_28,1,1_32,1_32,1_32,1.0,0.9847140707768565,1.0,1.0,0.979121452166008,0.0001926415216187592,5.618360811517352,9.0
artificial_perturbation,cfo_shift,1.0,2_1_32_11_2_16.bin,17,1_32,1_32;0_33;1_29;0_34;1_28,1,1_32,1_32,1_32,1.0,0.9740783716316298,1.0,1.0,0.7857327912871237,0.00246358193539166,6.1043149761710005,9.0
artificial_perturbation,cfo_shift,1.0,2_2_15_11_2_16.bin,3,2_15,2_15;0_48;1_16;1_17;1_18,1,2_15,2_15,2_15,0.9999999999413106,0.9694360078005594,0.9999999999413106,0.9999999999706553,0.7576063841716237,0.002890438467575435,3.2092705814900864,2.0
artificial_perturbation,cfo_shift,1.0,2_2_15_11_2_16.bin,10,2_15,2_15;1_16;0_48;1_17;1_18,1,2_15,2_15,2_15,1.0,0.9731962225772834,1.0,1.0,0.718484111023169,0.0035397445390839563,3.403802433439306,0.0
artificial_perturbation,cfo_shift,1.0,2_2_15_11_2_16.bin,16,2_15,2_15;1_16;1_17;0_48;1_18,1,2_15,2_15,2_15,1.0,0.9740852761176912,1.0,1.0,0.7557941018054395,0.002919031809494478,3.0219457469653985,0.0
artificial_perturbation,cfo_shift,1.0,2_2_15_11_2_16.bin,20,2_15,2_15;0_48;1_16;1_17;1_18,1,2_15,2_15,2_15,0.99999427451559,0.9527582411897533,0.99999427451559,0.9999971372549533,0.9822866248008981,0.00016291057187487788,3.388506079373071,3.0
artificial_perturbation,segment_anomaly,0.25,2_0_33_11_2_16.bin,0,0_33,0_33;1_29;1_30;0_34;0_35,1,0_33,0_33,0_33,0.9999999997904089,0.9760772410623137,0.9999999997904089,0.9999999998952043,0.6903730285721282,0.004051736051549493,8.536460097854055,10.0
artificial_perturbation,segment_anomaly,0.25,2_0_33_11_2_16.bin,3,0_33,0_33;1_30;1_29;0_34;0_35,1,0_33,0_33,0_33,0.9999999973061634,0.9726427927068535,0.9999999973061634,0.9999999986530814,0.7060025084338901,0.0037620412900311734,6.847215727835713,10.0
artificial_perturbation,segment_anomaly,0.25,2_0_33_11_2_16.bin,17,0_33,0_33;1_30;1_29;0_34;0_35,1,0_33,0_33,0_33,0.9999999988438079,0.9851502085915936,0.9999999988438079,0.9999999994218975,0.3169666919245633,0.019467690457910816,5.378292367336703,10.0
artificial_perturbation,segment_anomaly,0.25,2_0_33_11_2_16.bin,18,0_33,0_33;1_30;0_34;1_29;1_28,1,0_33,0_33,0_33,0.9999991372334497,0.9696854117615655,0.9999991372334497,0.9999995686167245,0.8539321561410679,0.0015453164497688146,11.670567914804582,8.0
artificial_perturbation,segment_anomaly,0.25,2_0_34_11_2_16.bin,4,0_34,0_34;1_30;1_29;0_35;1_27,1,0_34,0_34,0_34,0.999999387701289,0.9773812855335673,0.999999387701289,0.9999996935922189,0.7576872278714258,0.0028891661405108823,13.523965124876742,10.0
artificial_perturbation,segment_anomaly,0.25,2_0_34_11_2_16.bin,8,0_34,1_31;0_34;1_30;0_35;0_37,1,0_34,0_34,0_34,0.8059483692325176,0.9199126189374863,0.8059483692325176,0.9029741846162528,0.7566926230017562,0.0029048382440293088,3.3172629058895,9.0
artificial_perturbation,segment_anomaly,0.25,2_0_34_11_2_16.bin,16,0_34,0_34;1_30;0_35;1_29;1_27,1,0_34,0_34,0_34,0.9999994359270078,0.9751751377822654,0.9999994359270078,0.9999997178570775,0.9146914186776983,0.000842566702085103,1.4548478744652686,9.0
artificial_perturbation,segment_anomaly,0.25,2_0_34_11_2_16.bin,18,0_34,0_34;1_30;0_35;1_29;0_36,1,0_34,0_34,0_34,0.9999992202896341,0.9730577052355893,0.9999992202896341,0.9999996066380799,0.6960661950524683,0.0039447060079997615,4.090192614873521,9.0
artificial_perturbation,segment_anomaly,0.25,2_0_35_11_2_16.bin,11,0_35,0_35;1_31;0_42;1_18;0_36,1,0_35,0_35,0_35,0.9917674018468445,0.9804582673053788,0.9917674018468445,0.995875045230139,0.6232746143792424,0.00546049010403124,14.546630238245754,9.0
artificial_perturbation,segment_anomaly,0.25,2_0_35_11_2_16.bin,12,0_35,0_35;0_36;1_27;0_34;0_37,1,0_35,0_35,0_35,0.9990763946881817,0.9653509653318194,0.9990763946881817,0.9995381758419245,0.8443268984417922,0.0016656706371494907,9.315828522756563,9.0
artificial_perturbation,segment_anomaly,0.25,2_0_35_11_2_16.bin,13,0_35,0_35;0_36;1_27;0_34;1_26,1,0_35,0_35,0_35,0.9982528677226982,0.9647714058068144,0.9982528677226982,0.9991253418930979,0.7639273320403819,0.0027917712886363633,8.849821485740145,7.0
artificial_perturbation,segment_anomaly,0.25,2_0_35_11_2_16.bin,17,0_35,0_35;0_36;0_34;1_27;0_37,1,0_35,0_35,0_35,0.9998641940622992,0.9659258511389036,0.9998641940622992,0.9999292297274435,0.8741915333623657,0.0013001379947795932,4.607941310510818,8.0
artificial_perturbation,segment_anomaly,0.25,2_0_36_11_2_16.bin,6,0_36,0_36;1_27;0_37;1_26;0_35,1,0_36,0_36,0_36,0.9970470624141761,0.9911742579619159,0.9970470624141761,0.9983349646632019,0.5591232421382244,0.007123539478223523,14.612827482835955,9.0
artificial_perturbation,segment_anomaly,0.25,2_0_36_11_2_16.bin,11,0_36,0_36;0_37;1_27;0_35;1_26,1,0_36,0_36,0_36,0.9984340174186362,0.9718245169817745,0.9984340174186362,0.9991523673531258,0.7754264465799517,0.002616400231746141,12.617249343129995,9.0
artificial_perturbation,segment_anomaly,0.25,2_0_36_11_2_16.bin,12,0_36,0_36;0_37;0_35;1_27;1_26,1,0_36,0_36,0_36,0.9942220078649654,0.9704925902337084,0.9942220078649654,0.9956404635833133,0.762911418384167,0.002807518976994073,0.7389854033857607,9.0
artificial_perturbation,segment_anomaly,0.25,2_0_36_11_2_16.bin,13,0_36,0_36;0_37;1_27;0_35;1_26,1,0_36,0_36,0_36,0.9721613529523927,0.9687730834075183,0.9721613529523927,0.9854976938182206,0.5615481849323087,0.007053765561730352,8.435544543271488,10.0
artificial_perturbation,segment_anomaly,0.25,2_0_37_11_2_16.bin,2,0_37,0_37;0_38;0_36;1_24;1_27,1,0_37,0_37,0_37,0.9363498154386676,0.9425011334900477,0.9363498154386676,0.9655985796005542,0.864076745049195,0.0014211097722691673,4.215217024418727,8.0
artificial_perturbation,segment_anomaly,0.25,2_0_37_11_2_16.bin,9,0_37,0_37;0_38;0_36;1_23;1_24,1,0_37,0_37,0_37,0.946954825863861,0.9636278591763762,0.946954825863861,0.9674362687722154,0.654485904662185,0.004769267131444539,6.538863636314874,10.0
artificial_perturbation,segment_anomaly,0.25,2_0_37_11_2_16.bin,11,0_37,0_37;0_38;0_36;1_23;1_22,1,0_37,0_37,0_37,0.9924930920400541,0.9698049375632165,0.9924930920400541,0.9962041049548332,0.6949169653753221,0.003966169953281294,3.8017870653594654,11.0
artificial_perturbation,segment_anomaly,0.25,2_0_37_11_2_16.bin,16,0_37,0_37;0_38;0_36;1_23;1_24,1,0_37,0_37,0_37,0.8845552490644281,0.9203289582071024,0.8845552490644281,0.9421521508140092,0.602689545317998,0.0059555587346328456,3.369809481951801,10.0
artificial_perturbation,segment_anomaly,0.25,2_0_38_11_2_16.bin,4,0_38,0_38;0_37;1_23;1_24;0_40,1,0_38,0_38,0_38,0.9558969628105841,0.9577569739622772,0.9558969628105841,0.9775769982919915,0.934066178295001,0.0006377005321285027,6.665731109517553,8.0
artificial_perturbation,segment_anomaly,0.25,2_0_38_11_2_16.bin,5,0_38,0_38;0_37;1_24;1_23;0_40,1,0_38,0_38,0_38,0.9607095095037181,0.9674007615226794,0.9607095095037181,0.9744281589856467,0.6084775085944167,0.005812973762170303,8.617149265640052,8.0
artificial_perturbation,segment_anomaly,0.25,2_0_38_11_2_16.bin,8,0_38,0_38;1_23;1_24;0_37;0_39,1,0_38,0_38,0_38,0.9876490248877784,0.9753004443676458,0.9876490248877784,0.9921331196678914,0.8406864820836408,0.001712003863716781,0.14953022583902342,8.0
artificial_perturbation,segment_anomaly,0.25,2_0_38_11_2_16.bin,15,0_38,0_38;0_37;1_23;1_24;0_40,1,0_38,0_38,0_38,0.9449937072447337,0.9676837416686933,0.9449937072447337,0.9633097887987222,0.7507093231558999,0.002999994125129622,9.782611468007758,8.0
artificial_perturbation,segment_anomaly,0.25,2_0_39_11_2_16.bin,1,0_39,0_39;0_38;1_20;1_23;1_21,1,0_39,0_39,0_39,0.9999029908491789,0.9798769230154127,0.9999029908491789,0.9999389762232163,0.6630968253538431,0.0045900173974792735,2.7479944774117193,9.0
artificial_perturbation,segment_anomaly,0.25,2_0_39_11_2_16.bin,12,0_39,0_39;1_23;0_38;1_20;1_21,1,0_39,0_39,0_39,0.9882246641638557,0.9796839236263478,0.9882246641638557,0.9914177138659506,0.7668968687071391,0.002745979684679556,5.677647115165366,9.0
artificial_perturbation,segment_anomaly,0.25,2_0_39_11_2_16.bin,15,0_39,0_39;1_20;0_38;1_23;1_21,1,0_39,0_39,0_39,0.9769860816182948,0.9664616688590097,0.9769860816182948,0.9863889202092774,1.0,0.0,1.0162587815985944,8.0
artificial_perturbation,segment_anomaly,0.25,2_0_39_11_2_16.bin,20,0_39,0_39;1_20;1_23;0_38;1_21,1,0_39,0_39,0_39,0.9974165899719237,0.9683081648462053,0.9974165899719237,0.9984234941219933,0.5532807225307822,0.007294160787802371,7.140188163962565,8.0
artificial_perturbation,segment_anomaly,0.25,2_0_40_11_2_16.bin,9,0_40,0_40;1_21;1_22;0_38;1_23,1,0_40,0_40,0_40,0.5559938746425621,0.8541111376093624,0.5559938746425621,0.7485237379851318,0.762799732245776,0.0028092527842067468,1.2671461422228465,8.0
artificial_perturbation,segment_anomaly,0.25,2_0_40_11_2_16.bin,10,0_40,0_40;1_21;1_22;1_23;0_38,1,0_40,0_40,0_40,0.7918509687715083,0.9302714824762729,0.7918509687715083,0.8683435343889055,0.27259722147259036,0.024106807934159546,9.012496397658506,8.0
artificial_perturbation,segment_anomaly,0.25,2_0_40_11_2_16.bin,15,0_40,0_40;1_21;1_22;0_38;0_42,1,0_40,0_40,0_40,0.909087199756907,0.08207264365518407,0.909087199756907,0.9463461498533885,0.6497358156538516,0.004870180991702043,10.248198521491728,8.0
artificial_perturbation,segment_anomaly,0.25,2_0_40_11_2_16.bin,18,0_40,1_21;0_40;1_22;0_38;1_20,1,1_21,1_21,1_21,0.43012920783707953,0.8081653890474253,0.43012920783707953,0.6979132919289776,1.0,0.0,0.20834731732723397,8.0
artificial_perturbation,segment_anomaly,0.25,2_0_42_11_2_16.bin,1,0_42,0_42;1_20;0_43;0_44;1_19,1,0_42,0_42,0_42,0.731147980561272,0.9527694685724623,0.731147980561272,0.8037287201371394,0.9672117337356935,0.000306254919471793,2.367789273676851,8.0
artificial_perturbation,segment_anomaly,0.25,2_0_42_11_2_16.bin,7,0_42,0_42;1_19;1_20;0_43;0_44,1,0_42,0_42,0_42,0.16686811090741827,0.6281522947155684,0.16686811090741827,0.49306871354952364,0.9671757660073309,0.0003066022734074625,7.8784165518375975,9.0
artificial_perturbation,segment_anomaly,0.25,2_0_42_11_2_16.bin,11,0_42,1_20;1_19;0_42;0_44;0_43,1,1_20,0_42,1_20,0.22468890839559996,0.13634899616310692,0.22468890839559996,0.48195499275965703,0.761830753303409,0.002824316478176305,2.6914117532099358,8.0
artificial_perturbation,segment_anomaly,0.25,2_0_42_11_2_16.bin,18,0_42,0_42;0_43;1_19;1_20;1_21,1,0_42,0_42,0_42,0.5092930642104325,0.8647723214593173,0.5092930642104325,0.6699198672422852,0.8818268760744864,0.0012106582400282125,9.346956874356565,8.0
artificial_perturbation,segment_anomaly,0.25,2_0_43_11_2_16.bin,10,0_43,0_43;0_42;0_44;1_21;1_20,1,0_43,0_43,0_43,0.9400167651044975,0.9563128824683363,0.9400167651044975,0.9670000219812755,0.8452727571145535,0.0016536975834568139,7.215348112053058,9.0
artificial_perturbation,segment_anomaly,0.25,2_0_43_11_2_16.bin,13,0_43,0_43;0_42;0_44;1_19;1_20,1,0_43,0_43,0_43,0.7512884469032203,0.8939286970161496,0.7512884469032203,0.8624828573354261,0.8573085844539429,0.0015036503192469976,10.589490537758573,9.0
artificial_perturbation,segment_anomaly,0.25,2_0_43_11_2_16.bin,15,0_43,0_43;0_42;0_44;1_21;1_19,1,0_43,0_43,0_43,0.7465607341551713,0.9001006123533152,0.7465607341551713,0.8463380471557305,0.8397703884762422,0.001723726665147519,5.8398594712424305,9.0
artificial_perturbation,segment_anomaly,0.25,2_0_43_11_2_16.bin,19,0_43,0_43;0_42;0_44;1_20;1_19,1,0_43,0_43,0_43,0.4269083112486086,0.7770833514700336,0.4269083112486086,0.6454047784633024,0.8801711953718703,0.0012299295963426706,2.875731500765486,9.0
artificial_perturbation,segment_anomaly,0.25,2_0_44_11_2_16.bin,3,0_44,0_44;0_42;1_19;0_43;1_20,1,0_44,0_44,0_44,0.8657972716206747,0.9375173004288272,0.8657972716206747,0.9237608321501263,0.8976101737787642,0.0010305171327737533,0.8203794222256443,9.0
artificial_perturbation,segment_anomaly,0.25,2_0_44_11_2_16.bin,9,0_44,0_43;0_44;0_42;1_19;1_20,1,0_43,0_43,0_43,0.6596243098289375,0.8772074023923883,0.6596243098289375,0.8189932635585808,0.6583182071704463,0.004688912706764336,9.590244117715335,8.0
artificial_perturbation,segment_anomaly,0.25,2_0_44_11_2_16.bin,11,0_44,0_44;0_42;1_19;0_43;1_20,1,0_44,0_44,0_44,0.9743266486763359,0.9451255237610587,0.9743266486763359,0.9868770776793666,0.8944262939492141,0.001066344139090554,3.0790396503226223,10.0
artificial_perturbation,segment_anomaly,0.25,2_0_44_11_2_16.bin,16,0_44,0_44;0_42;0_43;1_19;1_20,1,0_44,0_44,0_44,0.9463041018675004,0.052102811639721636,0.9463041018675004,0.963697577357643,0.7553055127619807,0.002926764021404268,7.195670078949139,9.0
artificial_perturbation,segment_anomaly,0.25,2_0_45_11_2_16.bin,3,0_45,0_45;0_48;1_17;1_18;0_44,1,0_45,0_45,0_45,0.9839991371039147,0.9526949434761741,0.9839991371039147,0.9911911326696324,0.7008753408708658,0.0038556500869333862,4.201664244668336,7.0
artificial_perturbation,segment_anomaly,0.25,2_0_45_11_2_16.bin,6,0_45,0_45;0_48;1_18;1_17;0_44,1,0_45,0_45,0_45,0.6980069023183837,0.9079291756086909,0.6980069023183837,0.7902270817377596,0.9074708859527597,0.000921153231979073,0.8818403411006539,7.0
artificial_perturbation,segment_anomaly,0.25,2_0_45_11_2_16.bin,7,0_45,0_45;0_48;1_17;1_18;0_44,1,0_45,0_45,0_45,0.9929734977230672,0.9672275450521605,0.9929734977230672,0.9960019223767878,0.6799272117045619,0.004252775991529776,1.750871348703024,7.0
artificial_perturbation,segment_anomaly,0.25,2_0_45_11_2_16.bin,16,0_45,0_45;0_48;1_17;0_44;1_18,1,0_45,0_45,0_45,0.998428341141809,0.9672345763802787,0.998428341141809,0.9989588995913952,0.7354014795586931,0.003250491906960646,2.5951105586475913,7.0
artificial_perturbation,segment_anomaly,0.25,2_0_48_11_2_16.bin,2,0_48,0_48;0_45;0_50;0_44;1_17,1,0_48,0_48,0_48,0.997800859750608,0.9749277750940717,0.997800859750608,0.9988169311458417,0.5324757265094348,0.007932142838921909,3.9369835268381186,7.0
artificial_perturbation,segment_anomaly,0.25,2_0_48_11_2_16.bin,5,0_48,0_48;0_45;0_50;0_44;1_17,1,0_48,0_48,0_48,0.9950468385429692,0.9685147000703748,0.9950468385429692,0.9967566167616132,0.9319471740984256,0.0006596917383449272,2.89809950306086,7.0
artificial_perturbation,segment_anomaly,0.25,2_0_48_11_2_16.bin,7,0_48,0_48;0_45;0_44;0_50;1_17,1,0_48,0_48,0_48,0.9853240530618445,0.9724282877901357,0.9853240530618445,0.99228576213962,0.56649058087783,0.006913405357768205,2.712081327320311,7.0
artificial_perturbation,segment_anomaly,0.25,2_0_48_11_2_16.bin,13,0_48,0_48;1_16;0_45;1_17;1_18,1,0_48,0_48,0_48,0.9970034426504517,0.9862443150545076,0.9970034426504517,0.9984339624095194,0.5297563234727699,0.008019235947308275,3.9309774366702346,5.0
artificial_perturbation,segment_anomaly,0.25,2_0_50_11_2_16.bin,10,0_50,0_50;0_44;0_48;0_43;0_42,1,0_50,0_50,0_50,0.999999920335439,0.9754875246565523,0.999999920335439,0.9999999590022598,0.9427097643033793,0.0005490207775697133,0.5422818005538769,9.0
artificial_perturbation,segment_anomaly,0.25,2_0_50_11_2_16.bin,11,0_50,0_50;0_48;0_44;0_45;0_43,1,0_50,0_50,0_50,0.9999935932574785,0.9762732367067272,0.9999935932574785,0.9999967911758637,0.3143620034437929,0.019703846081086617,2.5018092695706997,9.0
artificial_perturbation,segment_anomaly,0.25,2_0_50_11_2_16.bin,14,0_50,0_50;0_44;0_48;0_43;0_42,1,0_50,0_50,0_50,0.9999994513928221,0.9662104476408329,0.9999994513928221,0.9999996914916037,0.9040468502578144,0.0009588583949608775,4.4014704952346415,9.0
artificial_perturbation,segment_anomaly,0.25,2_0_50_11_2_16.bin,18,0_50,0_50;0_48;0_44;0_45;0_43,1,0_50,0_50,0_50,0.9999992207003346,0.9772678324858541,0.9999992207003346,0.9999996020514461,0.5301608715484959,0.008006223095147912,6.323629082527514,10.0
artificial_perturbation,segment_anomaly,0.25,2_1_16_11_2_16.bin,2,1_16,1_16;1_17;1_18;0_48;0_45,1,1_16,1_16,1_16,0.9964895672042156,0.9491102910205894,0.9964895672042156,0.9981731545250406,0.5672441688873096,0.006892218945290286,3.6917965240195025,3.0
artificial_perturbation,segment_anomaly,0.25,2_1_16_11_2_16.bin,5,1_16,1_16;1_18;1_17;0_48;0_45,1,1_16,1_16,1_16,0.9879605329766499,0.053809226209791006,0.9879605329766499,0.9935241483606777,0.6602536216093804,0.004648686091203201,-1.0270420148249553,3.0
artificial_perturbation,segment_anomaly,0.25,2_1_16_11_2_16.bin,14,1_16,1_16;1_17;1_18;0_48;0_45,1,1_16,1_16,1_16,0.9968817066708718,0.9645320199469808,0.9968817066708718,0.9983792997730876,0.40694938450487794,0.013165505594779029,8.000551395309065,3.0
artificial_perturbation,segment_anomaly,0.25,2_1_16_11_2_16.bin,18,1_16,1_16;1_17;1_18;0_48;0_45,1,1_16,1_16,1_16,0.9132351128894466,0.9318377837605282,0.9132351128894466,0.9520581337946223,0.6098823976907309,0.005778772857820819,2.7831666194944518,4.0
artificial_perturbation,segment_anomaly,0.25,2_1_17_11_2_16.bin,1,1_17,1_18;1_17;0_45;1_16;0_48,1,1_18,1_17,1_18,0.5108559155066171,0.13763770954506116,0.5108559155066171,0.7518764639145944,0.5219433026980874,0.008274509414626187,0.7660385420603897,6.0
artificial_perturbation,segment_anomaly,0.25,2_1_17_11_2_16.bin,11,1_17,1_18;1_17;1_19;0_45;1_16,1,1_18,1_18,1_18,0.8363295762917294,0.9220754278955756,0.8363295762917294,0.9127723218939967,0.6706588365133057,0.004436398412570385,2.051459949987258,6.0
artificial_perturbation,segment_anomaly,0.25,2_1_17_11_2_16.bin,19,1_17,1_17;1_16;0_45;1_18;0_48,1,1_17,1_17,1_17,0.9568333090706715,0.9597707773671301,0.9568333090706715,0.9746104939016333,0.5724344867106937,0.006747813257703529,1.2259297591954341,5.0
artificial_perturbation,segment_anomaly,0.25,2_1_17_11_2_16.bin,20,1_17,1_18;1_17;1_16;1_19;1_20,1,1_18,1_18,1_18,0.9306985435239273,0.9561379265858082,0.9306985435239273,0.9545695255953393,0.5235299912711978,0.008222051264007614,1.1675232359944088,5.0
artificial_perturbation,segment_anomaly,0.25,2_1_18_11_2_16.bin,9,1_18,1_18;1_17;1_16;0_45;1_19,1,1_18,1_18,1_18,0.8839393319247785,0.8843273258347804,0.8839393319247785,0.9366732450594949,0.6228096354683924,0.0054713115344488285,4.027257405341,5.0
artificial_perturbation,segment_anomaly,0.25,2_1_18_11_2_16.bin,10,1_18,1_18;1_17;1_16;0_45;1_19,1,1_18,1_18,1_18,0.6247002527671097,0.8631127615523553,0.6247002527671097,0.7859192138556389,0.7294859575210187,0.0033501099069106885,8.359057186798406,5.0
artificial_perturbation,segment_anomaly,0.25,2_1_18_11_2_16.bin,11,1_18,1_18;1_17;1_16;0_45;1_19,1,1_18,1_18,1_18,0.8761033684280236,0.9404296524117525,0.8761033684280236,0.924998934180463,0.6538238127472563,0.004783245079745943,5.234086041052597,5.0
artificial_perturbation,segment_anomaly,0.25,2_1_18_11_2_16.bin,14,1_18,1_18;1_17;1_16;0_45;1_19,1,1_18,1_18,1_18,0.94883299840548,0.9548530717666088,0.94883299840548,0.9741887319382365,0.5965100796128402,0.00611084235887587,7.208711652479339,6.0
artificial_perturbation,segment_anomaly,0.25,2_1_19_11_2_16.bin,4,1_19,1_19;0_42;1_20;0_43;0_44,1,1_19,1_19,1_19,0.7300083121048018,0.8812097288046681,0.7300083121048018,0.8599208367374273,0.7747508851429068,0.0026265591704007114,14.182423223974421,8.0
artificial_perturbation,segment_anomaly,0.25,2_1_19_11_2_16.bin,11,1_19,1_19;1_20;0_42;0_44;0_43,1,1_19,1_19,1_19,0.4298727874705055,0.8034357240318653,0.4298727874705055,0.6503176402533685,0.8973096075777492,0.0010338884237252011,3.5723701711798226,9.0
artificial_perturbation,segment_anomaly,0.25,2_1_19_11_2_16.bin,14,1_19,1_19;1_20;0_42;0_44;0_43,1,1_19,1_19,1_19,0.38766252682461894,0.7961320201751124,0.38766252682461894,0.6004838074502749,0.8871270472028785,0.001149450419215655,6.376493963346136,9.0
artificial_perturbation,segment_anomaly,0.25,2_1_19_11_2_16.bin,17,1_19,1_19;1_20;0_42;0_44;1_21,1,1_19,1_19,1_19,0.5104516168722698,0.8437038914360065,0.5104516168722698,0.6880862077370754,0.8318927626304801,0.0018255983816745027,2.258455452467385,8.0
artificial_perturbation,segment_anomaly,0.25,2_1_20_11_2_16.bin,0,1_20,1_20;0_42;1_19;1_21;0_43,1,1_20,1_20,1_20,0.5958002401605629,0.8413576427116543,0.5958002401605629,0.7396447822120868,0.7333093451414947,0.003285539971675902,5.565617112056459,8.0
artificial_perturbation,segment_anomaly,0.25,2_1_20_11_2_16.bin,4,1_20,0_42;1_20;1_21;1_19;0_40,1,0_42,0_42,0_42,0.5796901071288056,0.900491795452559,0.5796901071288056,0.7050736531485822,0.5482119308645059,0.007445132853295749,-0.9552175132913938,7.0
artificial_perturbation,segment_anomaly,0.25,2_1_20_11_2_16.bin,19,1_20,1_20;1_19;0_42;0_39;1_21,1,1_20,1_20,1_20,0.726655331202112,0.9225015436215245,0.726655331202112,0.8477523844392084,0.6299756169568972,0.005306311970885016,0.16330425805292842,9.0
artificial_perturbation,segment_anomaly,0.25,2_1_20_11_2_16.bin,20,1_20,1_19;1_20;0_42;1_21;0_43,1,1_19,0_42,1_19,0.022725713078065868,0.43484996660308894,0.022725713078065868,0.3543381989110871,0.6353658966595381,0.005184651403504437,10.181843724027747,7.0
artificial_perturbation,segment_anomaly,0.25,2_1_21_11_2_16.bin,3,1_21,1_21;1_20;0_40;0_42;0_39,1,1_21,1_21,1_21,0.6511708582550043,0.8891474628105371,0.6511708582550043,0.791547719101085,0.6259999120657228,0.005397387626100154,2.916092806747095,9.0
artificial_perturbation,segment_anomaly,0.25,2_1_21_11_2_16.bin,5,1_21,1_21;0_40;1_20;0_42;1_22,1,1_21,1_21,1_21,0.8615840013278334,0.9615399278691281,0.8615840013278334,0.9181989470472969,0.3726076155658034,0.01521155782471183,0.2337948367793647,9.0
artificial_perturbation,segment_anomaly,0.25,2_1_21_11_2_16.bin,6,1_21,1_21;0_42;1_23;0_40;1_22,1,1_21,1_21,1_21,0.4442803255920114,0.03146977193129297,0.4442803255920114,0.6125037491242338,0.5936246907609388,0.006184456421023487,8.648595369243521,10.0
artificial_perturbation,segment_anomaly,0.25,2_1_21_11_2_16.bin,7,1_21,1_21;0_40;0_42;1_23;1_20,1,1_21,1_21,1_21,0.8609850437502204,0.969701386893212,0.8609850437502204,0.9069912170253243,0.5350178076573567,0.007851529383963687,0.7403395328048602,10.0
artificial_perturbation,segment_anomaly,0.25,2_1_22_11_2_16.bin,0,1_22,1_22;0_40;1_21;1_23;1_24,1,1_22,1_22,1_22,0.24476002428162114,0.6694957957781767,0.24476002428162114,0.6139069313093918,0.6391576555125021,0.005100299479877582,9.200225593190593,9.0
artificial_perturbation,segment_anomaly,0.25,2_1_22_11_2_16.bin,8,1_22,1_22;0_40;1_21;1_23;0_38,1,1_22,1_22,1_22,0.25014708413481623,0.6824874361684199,0.25014708413481623,0.6130613060332428,0.861489500582865,0.0014525091714291305,9.284635879531795,9.0
artificial_perturbation,segment_anomaly,0.25,2_1_22_11_2_16.bin,10,1_22,1_22;0_40;1_21;1_23;0_38,1,1_22,1_22,1_22,0.5005079015800962,0.8019691652149357,0.5005079015800962,0.7326439092412651,0.8777910068518991,0.0012577612655766388,7.268048980395411,9.0
artificial_perturbation,segment_anomaly,0.25,2_1_22_11_2_16.bin,13,1_22,1_22;0_40;1_21;1_23;0_38,1,1_22,1_22,1_22,0.5139462251802164,0.8205308200579278,0.5139462251802164,0.7468224202440467,0.4828160511346898,0.009677195505513122,14.410920015089026,9.0
artificial_perturbation,segment_anomaly,0.25,2_1_23_11_2_16.bin,0,1_23,0_39;1_23;1_19;1_20;1_18,1,1_23,0_39,1_23,0.404094895693841,0.18115805793576567,0.404094895693841,0.6995593316857297,0.4921994103185591,0.009320480212165711,11.70990573788945,9.0
artificial_perturbation,segment_anomaly,0.25,2_1_23_11_2_16.bin,3,1_23,1_23;1_24;0_38;0_40;1_22,1,1_23,1_23,1_23,0.8667510365452833,0.9475101030377334,0.8667510365452833,0.9294253268141961,0.6520750187956031,0.0048203017611024085,13.256845311207561,9.0
artificial_perturbation,segment_anomaly,0.25,2_1_23_11_2_16.bin,12,1_23,1_23;0_38;1_24;0_39;1_21,1,1_23,1_23,1_23,0.8957915885707666,0.9605689488196613,0.8957915885707666,0.9353376118540196,0.6678852449250018,0.004492338763730392,10.477143797492463,8.0
artificial_perturbation,segment_anomaly,0.25,2_1_23_11_2_16.bin,20,1_23,1_23;0_38;0_40;1_21;0_39,1,1_23,1_23,1_23,0.7486747360603268,0.8779968308950524,0.7486747360603268,0.8611630720956478,0.4635416609960852,0.010455225517697028,9.267041488177034,9.0
artificial_perturbation,segment_anomaly,0.25,2_1_24_11_2_16.bin,0,1_24,1_24;1_23;0_38;1_25;0_37,1,1_24,1_24,1_24,0.984748979634747,0.9703031786938622,0.984748979634747,0.9916534556336521,0.7504422175990352,0.003004277440311466,12.815326456728958,8.0
artificial_perturbation,segment_anomaly,0.25,2_1_24_11_2_16.bin,2,1_24,1_24;0_38;1_23;1_25;0_40,1,1_24,1_24,1_24,0.9101616597136785,0.95640517892548,0.9101616597136785,0.947628047981128,0.6057665458874381,0.005879418394886561,4.073531842673557,8.0
artificial_perturbation,segment_anomaly,0.25,2_1_24_11_2_16.bin,10,1_24,1_24;1_23;0_38;1_25;1_26,1,1_24,1_24,1_24,0.8447874748002452,0.8986130571920214,0.8447874748002452,0.9191884213588968,0.8745954336130862,0.001295365488612904,7.251971563271685,8.0
artificial_perturbation,segment_anomaly,0.25,2_1_24_11_2_16.bin,17,1_24,1_23;1_24;1_25;0_38;1_26,1,1_23,1_23,1_23,0.09108598049812267,0.540149551966009,0.09108598049812267,0.5273826974460245,0.8781857049451216,0.001253135605500571,6.236293755367451,9.0
artificial_perturbation,segment_anomaly,0.25,2_1_25_11_2_16.bin,2,1_25,1_25;1_26;1_24;1_23;0_38,1,1_25,1_25,1_25,0.7253746187041917,0.8921257669488515,0.7253746187041917,0.8443740019505409,0.5641725360678772,0.0069789298056086154,12.162058219284742,9.0
artificial_perturbation,segment_anomaly,0.25,2_1_25_11_2_16.bin,3,1_25,1_25;1_26;1_24;1_23;0_38,1,1_25,1_25,1_25,0.9413516689977799,0.9564433108444245,0.9413516689977799,0.9627456186723272,0.6292747009989977,0.005322285030488529,14.45464298337461,9.0
artificial_perturbation,segment_anomaly,0.25,2_1_25_11_2_16.bin,14,1_25,1_25;1_24;1_26;1_23;0_38,1,1_25,1_25,1_25,0.9795950851635039,0.947625329973141,0.9795950851635039,0.9897974894191409,0.6331994339665569,0.005233300297744474,5.905760218695538,10.0
artificial_perturbation,segment_anomaly,0.25,2_1_25_11_2_16.bin,16,1_25,1_25;1_26;1_24;1_23;0_38,1,1_25,1_26,1_25,0.44415877909273077,0.07344984555101486,0.44415877909273077,0.7210250355773331,0.7230839279591655,0.003459757273941829,3.9207584879538926,9.0
artificial_perturbation,segment_anomaly,0.25,2_1_26_11_2_16.bin,3,1_26,1_26;1_25;1_24;0_36;1_27,1,1_26,1_26,1_26,0.4281317580251427,0.7965052704006488,0.4281317580251427,0.6718824387414758,0.5198681782216279,0.008343599187678928,11.179875577665124,8.0
artificial_perturbation,segment_anomaly,0.25,2_1_26_11_2_16.bin,12,1_26,1_26;1_25;1_24;0_37;1_23,1,1_26,1_26,1_26,0.8907597821454136,0.9205784886696576,0.8907597821454136,0.945317957787072,0.7237771146143975,0.0034477914443152256,7.927095910005504,10.0
artificial_perturbation,segment_anomaly,0.25,2_1_26_11_2_16.bin,13,1_26,1_26;1_25;1_24;0_37;0_38,1,1_26,1_26,1_26,0.9483757929876339,0.9561304604297223,0.9483757929876339,0.9741687741129977,0.4776079056606245,0.00988123586349524,4.575033128360702,10.0
artificial_perturbation,segment_anomaly,0.25,2_1_26_11_2_16.bin,17,1_26,1_26;1_25;1_24;1_23;0_35,1,1_26,1_26,1_26,0.9101654797794463,0.9528856197469646,0.9101654797794463,0.9549544194198192,0.4790196286431633,0.009825490231262519,11.033217693610855,9.0
artificial_perturbation,segment_anomaly,0.25,2_1_27_11_2_16.bin,1,1_27,1_27;0_36;1_26;0_37;0_35,1,1_27,1_27,1_27,0.9733310664009424,0.7594986464358809,0.9733310664009424,0.9866538806474046,0.6602903545311947,0.004647924896239619,5.395521782435087,9.0
artificial_perturbation,segment_anomaly,0.25,2_1_27_11_2_16.bin,5,1_27,1_27;0_36;1_26;0_35;0_37,1,1_27,1_27,1_27,0.9212073719925624,0.8794466705422733,0.9212073719925624,0.9604785736075457,0.5878435958136801,0.006334122207294255,9.403854724791712,9.0
artificial_perturbation,segment_anomaly,0.25,2_1_27_11_2_16.bin,10,1_27,1_27;0_36;1_26;0_35;0_37,1,1_27,1_27,1_27,0.6961257678311922,0.8393781519955548,0.6961257678311922,0.8470734350141114,0.7462270372477245,0.003072278252464493,14.344174408011444,9.0
artificial_perturbation,segment_anomaly,0.25,2_1_27_11_2_16.bin,11,1_27,1_27;0_36;1_26;0_35;0_37,1,1_27,1_27,1_27,0.7091390786907812,0.8495653142986369,0.7091390786907812,0.8520876634046897,0.7029199160286674,0.003818157739935703,6.772771416805619,9.0
artificial_perturbation,segment_anomaly,0.25,2_1_28_11_2_16.bin,5,1_28,1_28;1_29;1_27;1_26;0_35,1,1_29,1_29,1_29,0.5862147643898279,0.8186615988398162,0.5862147643898279,0.7931073797409558,0.415353069420385,0.012716348651540678,9.281802165227429,8.0
artificial_perturbation,segment_anomaly,0.25,2_1_28_11_2_16.bin,10,1_28,0_35;1_28;1_31;1_18;1_26,1,1_28,1_28,1_28,0.8480735746507644,0.016338633910156553,0.8480735746507644,0.9162010546397328,0.7215900170781192,0.0034856234150606336,15.111526190898763,9.0
artificial_perturbation,segment_anomaly,0.25,2_1_28_11_2_16.bin,14,1_28,1_28;1_29;1_27;1_26;0_35,1,1_28,1_28,1_28,0.9987378675615036,0.9177803868899581,0.9987378675615036,0.9993651031766402,0.48913855729134187,0.009435336735508176,4.383048172900409,8.0
artificial_perturbation,segment_anomaly,0.25,2_1_28_11_2_16.bin,18,1_28,1_28;1_29;1_27;1_26;0_35,1,1_28,1_28,1_28,0.9999999287706061,0.9754816977699879,0.9999999287706061,0.9999999538193499,0.8814072196161198,0.0012155359969469024,6.311372637881293,10.0
artificial_perturbation,segment_anomaly,0.25,2_1_29_11_2_16.bin,6,1_29,1_29;1_28;0_34;0_35;1_27,1,1_29,1_29,1_29,0.9999996299845045,0.9932443842544134,0.9999996299845045,0.9999998009178951,0.8527720971752786,0.0015597080766956949,14.262629200254338,11.0
artificial_perturbation,segment_anomaly,0.25,2_1_29_11_2_16.bin,7,1_29,1_29;0_34;1_28;0_35;1_27,1,1_29,1_29,1_29,0.9999979930777126,0.9963752963317455,0.9999979930777126,0.9999987618735415,0.5439420862008828,0.007574491989569676,15.258997917971232,10.0
artificial_perturbation,segment_anomaly,0.25,2_1_29_11_2_16.bin,9,1_29,1_29;1_28;0_34;0_35;0_33,1,1_29,1_29,1_29,0.9999907046819334,0.9951903395011626,0.9999907046819334,0.9999952142176199,0.8034020941611247,0.002210711675691857,6.379019014001655,10.0
artificial_perturbation,segment_anomaly,0.25,2_1_29_11_2_16.bin,15,1_29,1_29;1_28;0_34;0_35;1_27,1,1_29,1_29,1_29,0.999997624899854,0.9884529360208931,0.999997624899854,0.9999988124441744,0.6808741685169547,0.004234296625445868,2.5432613905846315,10.0
artificial_perturbation,segment_anomaly,0.25,2_1_30_11_2_16.bin,1,1_30,1_30;0_34;0_33;1_31;1_29,1,1_30,1_30,1_30,0.9999776893050516,0.9652305482700533,0.9999776893050516,0.9999888421181558,0.6731682720916327,0.004386183011203869,8.190812601634994,9.0
artificial_perturbation,segment_anomaly,0.25,2_1_30_11_2_16.bin,2,1_30,1_30;0_34;0_33;1_31;1_27,1,1_30,1_30,1_30,0.9999993094730656,0.9725389495605157,0.9999993094730656,0.9999996409985364,0.5314935635904865,0.007963495317960626,8.651612111413197,10.0
artificial_perturbation,segment_anomaly,0.25,2_1_30_11_2_16.bin,5,1_30,1_30;0_34;0_33;1_31;1_29,1,1_30,1_30,1_30,0.9999975388899117,0.968028905412233,0.9999975388899117,0.9999985023491623,0.7414261745561305,0.0031506693180200587,10.180278729695678,10.0
artificial_perturbation,segment_anomaly,0.25,2_1_30_11_2_16.bin,13,1_30,1_30;0_34;1_31;0_33;1_29,1,1_30,1_30,1_30,0.9999999978604845,0.9703373837856104,0.9999999978604845,0.9999999989299835,0.8525017495253038,0.0015630676221007973,3.783993172378069,8.0
artificial_perturbation,segment_anomaly,0.25,2_1_31_11_2_16.bin,2,1_31,1_31;1_30;0_34;0_33;1_29,1,1_31,1_31,1_31,1.0,0.9902278915446293,1.0,1.0,0.7499658074623445,0.0030119247459670425,3.084745375215646,10.0
artificial_perturbation,segment_anomaly,0.25,2_1_31_11_2_16.bin,3,1_31,1_31;1_30;0_34;0_33;1_29,1,1_31,1_31,1_31,1.0,0.9915834925475379,1.0,1.0,0.5657139808613106,0.006935297787647361,3.875243231762246,8.0
artificial_perturbation,segment_anomaly,0.25,2_1_31_11_2_16.bin,6,1_31,1_31;1_30;0_34;0_33;1_29,1,1_31,1_31,1_31,1.0,0.9911673168246682,1.0,1.0,0.8850176022599623,0.0011737230384212777,5.2664011830188455,8.0
artificial_perturbation,segment_anomaly,0.25,2_1_31_11_2_16.bin,7,1_31,1_31;1_30;0_34;0_33;1_29,1,1_31,1_31,1_31,1.0,0.9913488452251206,1.0,1.0,0.8568028366372448,0.0015098704874015008,6.518361851925174,7.0
artificial_perturbation,segment_anomaly,0.25,2_1_32_11_2_16.bin,4,1_32,1_32;0_33;1_29;0_34;0_35,1,1_32,1_32,1_32,1.0,0.989408241582948,1.0,1.0,0.7225594778618196,0.0034688256189928284,3.2958457126492036,9.0
artificial_perturbation,segment_anomaly,0.25,2_1_32_11_2_16.bin,5,1_32,1_32;0_33;1_29;0_34;0_35,1,1_32,1_32,1_32,1.0,0.9927449681533207,1.0,1.0,0.8532088917099816,0.0015542846344696066,12.226738912438705,8.0
artificial_perturbation,segment_anomaly,0.25,2_1_32_11_2_16.bin,9,1_32,1_32;0_33;1_29;0_34;1_28,1,1_32,1_32,1_32,1.0,0.9894847810628402,1.0,1.0,0.8555144509070522,0.0015257495125868515,5.663353887231973,9.0
artificial_perturbation,segment_anomaly,0.25,2_1_32_11_2_16.bin,17,1_32,1_32;0_33;1_29;0_34;1_28,1,1_32,1_32,1_32,1.0,0.9735787261589113,1.0,1.0,0.8371484219680695,0.0017574204887000095,6.1189359165947685,9.0
artificial_perturbation,segment_anomaly,0.25,2_2_15_11_2_16.bin,3,2_15,2_15;0_48;1_16;1_17;1_18,1,2_15,2_15,2_15,0.9999999999078955,0.972783379874289,0.9999999999078955,0.9999999999539477,0.5983510490017344,0.006064245257600131,3.390210856157643,2.0
artificial_perturbation,segment_anomaly,0.25,2_2_15_11_2_16.bin,10,2_15,2_15;1_16;0_48;1_17;1_18,1,2_15,2_15,2_15,1.0,0.9757440641334947,1.0,1.0,0.5239379545772582,0.008208614773389413,3.572584467360037,0.0
artificial_perturbation,segment_anomaly,0.25,2_2_15_11_2_16.bin,16,2_15,2_15;1_16;1_17;0_48;1_18,1,2_15,2_15,2_15,1.0,0.9800294205393117,1.0,1.0,0.5754931777158744,0.006663933761551596,3.2145938237907483,0.0
artificial_perturbation,segment_anomaly,0.25,2_2_15_11_2_16.bin,20,2_15,2_15;0_48;1_16;1_17;1_18,1,2_15,2_15,2_15,0.999992320822403,0.9501361894349937,0.999992320822403,0.999996160406479,0.6934090545957408,0.0039944408380177135,3.5582441354229415,3.0
artificial_perturbation,segment_anomaly,0.5,2_0_33_11_2_16.bin,0,0_33,0_33;1_29;1_30;0_34;0_35,1,0_33,0_33,0_33,0.9999999997818946,0.9757336140815454,0.9999999997818946,0.999999999890947,0.7283856475616434,0.0033688177149528344,8.389912759527203,10.0
artificial_perturbation,segment_anomaly,0.5,2_0_33_11_2_16.bin,3,0_33,0_33;1_30;1_29;0_34;0_35,1,0_33,0_33,0_33,0.9999999973364766,0.975187474295643,0.9999999973364766,0.999999998668238,0.5529483071568646,0.007303976847856546,6.813284680843417,10.0
artificial_perturbation,segment_anomaly,0.5,2_0_33_11_2_16.bin,17,0_33,0_33;1_30;1_29;0_34;0_35,1,0_33,0_33,0_33,0.9999999989153826,0.9848248708697426,0.9999999989153826,0.9999999994576836,0.334664173014924,0.017960476926187408,5.442289544377674,10.0
artificial_perturbation,segment_anomaly,0.5,2_0_33_11_2_16.bin,18,0_33,0_33;1_30;0_34;1_29;1_28,1,0_33,0_33,0_33,0.9999990369387932,0.9720001609692245,0.9999990369387932,0.9999995184693958,0.5672046752917557,0.006893327872421659,11.315080055347696,8.0
artificial_perturbation,segment_anomaly,0.5,2_0_34_11_2_16.bin,4,0_34,0_34;1_30;1_29;0_35;1_27,1,0_34,0_34,0_34,0.9999994733221345,0.9774933199316231,0.9999994733221345,0.9999997364766005,0.7579531734469643,0.002884982574708616,13.044917451415046,10.0
artificial_perturbation,segment_anomaly,0.5,2_0_34_11_2_16.bin,8,0_34,1_31;0_34;1_30;0_35;0_37,1,0_34,0_34,0_34,0.8325387699622511,0.9299129874294924,0.8325387699622511,0.91626938498112,0.8212292015699042,0.0019666105878440644,3.5186620470269516,9.0
artificial_perturbation,segment_anomaly,0.5,2_0_34_11_2_16.bin,16,0_34,0_34;1_30;0_35;1_29;1_27,1,0_34,0_34,0_34,0.9999994362180011,0.9751667111740335,0.9999994362180011,0.9999997180218374,0.8500406506836402,0.001593749381431014,1.7804080176976695,9.0
artificial_perturbation,segment_anomaly,0.5,2_0_34_11_2_16.bin,18,0_34,0_34;1_30;0_35;1_29;0_36,1,0_34,0_34,0_34,0.9999993252735271,0.9731656329438544,0.9999993252735271,0.9999996599461265,0.6910749183418956,0.004038445403967803,4.240063108745371,9.0
artificial_perturbation,segment_anomaly,0.5,2_0_35_11_2_16.bin,11,0_35,0_35;1_31;0_42;1_18;0_36,1,0_35,0_35,0_35,0.9914094983704177,0.9811551810489797,0.9914094983704177,0.995697581229422,0.5936330517322044,0.006184242076259856,13.999404890559457,9.0
artificial_perturbation,segment_anomaly,0.5,2_0_35_11_2_16.bin,12,0_35,0_35;0_36;1_27;0_34;0_37,1,0_35,0_35,0_35,0.999032094443197,0.9652733959505607,0.999032094443197,0.9995160266310358,0.8366090298444392,0.0017643781897843192,9.11732328943621,9.0
artificial_perturbation,segment_anomaly,0.5,2_0_35_11_2_16.bin,13,0_35,0_35;0_36;1_27;0_34;1_26,1,0_35,0_35,0_35,0.9982889375537073,0.9649420647961731,0.9982889375537073,0.9991438142641828,0.7543663249342316,0.002941655358147506,8.682383388220888,7.0
artificial_perturbation,segment_anomaly,0.5,2_0_35_11_2_16.bin,17,0_35,0_35;0_36;0_34;1_27;0_37,1,0_35,0_35,0_35,0.9998703256272079,0.9663036691522632,0.9998703256272079,0.9999326147684092,0.809095942215561,0.0021315784137957844,4.723295224673516,8.0
artificial_perturbation,segment_anomaly,0.5,2_0_36_11_2_16.bin,6,0_36,0_36;1_27;0_37;1_26;0_35,1,0_36,0_36,0_36,0.9981326672499813,0.9901159269160605,0.9981326672499813,0.9987929768295991,0.5447331178972686,0.007550373860190145,14.061188985510311,9.0
artificial_perturbation,segment_anomaly,0.5,2_0_36_11_2_16.bin,11,0_36,0_36;0_37;1_27;0_35;1_26,1,0_36,0_36,0_36,0.9980121097330477,0.9705222594892764,0.9980121097330477,0.9989631268458015,0.8337557849973963,0.00180133239025908,12.198649388451415,9.0
artificial_perturbation,segment_anomaly,0.5,2_0_36_11_2_16.bin,12,0_36,0_36;0_37;0_35;1_27;1_26,1,0_36,0_36,0_36,0.9937308045748687,0.9671084688269316,0.9937308045748687,0.9956706033333137,0.6689004309614537,0.004471809730972577,1.1122697113567954,9.0
artificial_perturbation,segment_anomaly,0.5,2_0_36_11_2_16.bin,13,0_36,0_36;0_37;0_35;1_27;1_26,1,0_36,0_36,0_36,0.9650177839977636,0.9655792096152281,0.9650177839977636,0.9820792734700711,0.6164051912629608,0.0056220229027978625,8.295724908583475,10.0
artificial_perturbation,segment_anomaly,0.5,2_0_37_11_2_16.bin,2,0_37,0_37;0_38;0_36;1_24;1_27,1,0_37,0_37,0_37,0.9399505540311004,0.9433308219401716,0.9399505540311004,0.9672537482947561,0.8775553303687076,0.0012605252576311913,4.3567525576542305,8.0
artificial_perturbation,segment_anomaly,0.5,2_0_37_11_2_16.bin,9,0_37,0_37;0_38;0_36;1_23;1_24,1,0_37,0_37,0_37,0.9555285611183442,0.9639900885024408,0.9555285611183442,0.9722051687472079,0.6699665578275104,0.004450317551236802,6.525489395423968,10.0
artificial_perturbation,segment_anomaly,0.5,2_0_37_11_2_16.bin,11,0_37,0_37;0_38;0_36;1_23;1_22,1,0_37,0_37,0_37,0.9929479211336507,0.9704664920081632,0.9929479211336507,0.9964273965706684,0.6397365202739954,0.00508750996266418,3.970884595865586,11.0
artificial_perturbation,segment_anomaly,0.5,2_0_37_11_2_16.bin,16,0_37,0_37;0_38;0_36;1_23;1_24,1,0_37,0_37,0_37,0.8920646468986392,0.923100322842857,0.8920646468986392,0.9458974657263416,0.5723763711910507,0.006749415657256765,3.567705518018433,10.0
artificial_perturbation,segment_anomaly,0.5,2_0_38_11_2_16.bin,4,0_38,0_38;0_37;1_23;1_24;0_40,1,0_38,0_38,0_38,0.9538500092606563,0.9591115781528635,0.9538500092606563,0.9764478178160553,0.6736432545294806,0.004376720418979698,6.643899037079802,8.0
artificial_perturbation,segment_anomaly,0.5,2_0_38_11_2_16.bin,5,0_38,0_38;0_37;1_23;1_24;0_40,1,0_38,0_38,0_38,0.9596157107748999,0.9668114819610625,0.9596157107748999,0.973850561918454,0.6124125522923308,0.005717574037135358,8.4652226494608,8.0
artificial_perturbation,segment_anomaly,0.5,2_0_38_11_2_16.bin,8,0_38,0_38;1_23;1_24;0_39;0_37,1,0_38,0_38,0_38,0.9847922917961206,0.9781259255418158,0.9847922917961206,0.9901684517466932,0.6785360711638782,0.004280016914712101,0.5621115456465073,8.0
artificial_perturbation,segment_anomaly,0.5,2_0_38_11_2_16.bin,15,0_38,0_38;0_37;1_23;1_24;0_40,1,0_38,0_38,0_38,0.9443262279881303,0.9670029361867756,0.9443262279881303,0.9629862169738755,0.7300448668961258,0.0033406287554696105,9.55298737167066,8.0
artificial_perturbation,segment_anomaly,0.5,2_0_39_11_2_16.bin,1,0_39,0_39;0_38;1_20;1_23;1_21,1,0_39,0_39,0_39,0.9999218421079639,0.9795337106212149,0.9999218421079639,0.9999482776324298,0.6781555021414799,0.004287488579547995,2.987344847114357,9.0
artificial_perturbation,segment_anomaly,0.5,2_0_39_11_2_16.bin,12,0_39,0_39;1_23;0_38;1_20;1_21,1,0_39,0_39,0_39,0.9920199474318367,0.9789592457717184,0.9920199474318367,0.9942545844337273,0.7971732506998052,0.0022985750578534865,5.72168730901776,9.0
artificial_perturbation,segment_anomaly,0.5,2_0_39_11_2_16.bin,15,0_39,0_39;1_20;0_38;1_23;1_21,1,0_39,0_39,0_39,0.9841311677310649,0.9677676643986755,0.9841311677310649,0.99095092546533,1.0,0.0,1.3710581976887735,8.0
artificial_perturbation,segment_anomaly,0.5,2_0_39_11_2_16.bin,20,0_39,0_39;1_20;1_23;0_38;1_21,1,0_39,0_39,0_39,0.9980497346893745,0.9683431493390626,0.9980497346893745,0.998840643045234,0.5532807225307822,0.007294160787802371,7.086725621228478,8.0
artificial_perturbation,segment_anomaly,0.5,2_0_40_11_2_16.bin,9,0_40,0_40;1_21;1_22;0_38;1_23,1,0_40,0_40,0_40,0.5136276351886422,0.8353806216081592,0.5136276351886422,0.7277315681500193,0.763384586902659,0.0028001791720824957,1.605219734271409,8.0
artificial_perturbation,segment_anomaly,0.5,2_0_40_11_2_16.bin,10,0_40,0_40;1_21;1_22;1_23;0_38,1,0_40,0_40,0_40,0.75837761666677,0.9067088509245365,0.75837761666677,0.8512266455936711,0.5327199216500534,0.00792436561789661,8.834213306011359,8.0
artificial_perturbation,segment_anomaly,0.5,2_0_40_11_2_16.bin,15,0_40,0_40;1_21;1_22;0_38;0_42,1,0_40,0_40,0_40,0.8864034199339299,0.09726381933142536,0.8864034199339299,0.9341495016817024,0.6057801200523804,0.005879084216008354,9.987535288255698,8.0
artificial_perturbation,segment_anomaly,0.5,2_0_40_11_2_16.bin,18,0_40,1_21;0_40;1_22;0_38;1_20,1,1_21,1_21,1_21,0.42431096708743393,0.805266944886065,0.42431096708743393,0.6950106666379245,1.0,0.0,0.6170074977021704,8.0
artificial_perturbation,segment_anomaly,0.5,2_0_42_11_2_16.bin,1,0_42,0_42;1_20;0_43;1_19;0_44,1,0_42,0_42,0_42,0.8190961400571837,0.9695452448476426,0.8190961400571837,0.859160139172218,0.9665430410857808,0.0003127169643774401,2.616890987176461,8.0
artificial_perturbation,segment_anomaly,0.5,2_0_42_11_2_16.bin,7,0_42,0_42;1_19;1_20;0_43;0_44,1,0_42,0_42,0_42,0.2602768267853838,0.6939653741787839,0.2602768267853838,0.5710105747644446,0.8012170277738399,0.002241378420791206,7.760143113459824,9.0
artificial_perturbation,segment_anomaly,0.5,2_0_42_11_2_16.bin,11,0_42,1_19;0_42;1_20;0_44;0_43,1,0_42,0_42,0_42,0.05032950735566705,0.5329815947290373,0.05032950735566705,0.36818835809302725,0.7382725488899182,0.003202718233437944,2.918938634740673,8.0
artificial_perturbation,segment_anomaly,0.5,2_0_42_11_2_16.bin,18,0_42,0_42;0_43;1_19;1_20;1_21,1,0_42,0_42,0_42,0.5781176571152924,0.8828709582136007,0.5781176571152924,0.7265704591046734,0.875743644575906,0.00128182221457139,9.13078074781086,8.0
artificial_perturbation,segment_anomaly,0.5,2_0_43_11_2_16.bin,10,0_43,0_43;0_42;0_44;1_21;1_20,1,0_43,0_43,0_43,0.9087215195798791,0.9475186349793586,0.9087215195798791,0.9511459101713968,0.8136056184034172,0.0020696888283226206,7.141279236327588,9.0
artificial_perturbation,segment_anomaly,0.5,2_0_43_11_2_16.bin,13,0_43,0_43;0_42;0_44;1_19;1_21,1,0_43,0_43,0_43,0.6686390401359588,0.8581201947540351,0.6686390401359588,0.8211304014528733,0.8714773888578897,0.001332323210461972,10.290478833652735,9.0
artificial_perturbation,segment_anomaly,0.5,2_0_43_11_2_16.bin,15,0_43,0_43;0_42;0_44;1_21;1_19,1,0_43,0_43,0_43,0.6803273905047619,0.8736426410668068,0.6803273905047619,0.8165470639250834,0.8496109217199054,0.001599124908107284,5.857489838237669,9.0
artificial_perturbation,segment_anomaly,0.5,2_0_43_11_2_16.bin,19,0_43,0_43;0_42;0_44;1_19;1_20,1,0_43,0_42,0_42,0.3144993996706444,0.16893080798876992,0.16893080798876992,0.5996330882452101,0.8829411371305468,0.0011977294451134728,3.0909703991258537,9.0
artificial_perturbation,segment_anomaly,0.5,2_0_44_11_2_16.bin,3,0_44,0_44;0_42;1_19;0_43;1_20,1,0_44,0_44,0_44,0.8028940104350482,0.9191362331765754,0.8028940104350482,0.8901951135448933,0.8976101737787642,0.0010305171327737533,1.172641792488668,9.0
artificial_perturbation,segment_anomaly,0.5,2_0_44_11_2_16.bin,9,0_44,0_43;0_44;0_42;1_19;1_20,1,0_43,0_43,0_43,0.6253051684710963,0.869968923781546,0.6253051684710963,0.7959042909171051,0.6759987332349172,0.004329991093535734,9.357848841612379,8.0
artificial_perturbation,segment_anomaly,0.5,2_0_44_11_2_16.bin,11,0_44,0_44;0_42;1_19;0_43;1_20,1,0_44,0_44,0_44,0.9565506332729872,0.9386579924261756,0.9565506332729872,0.977811373941793,0.9073879806966483,0.0009220628153654337,3.2807246720458476,10.0
artificial_perturbation,segment_anomaly,0.5,2_0_44_11_2_16.bin,16,0_44,0_44;0_42;0_43;1_19;1_20,1,0_44,0_44,0_44,0.9228348958318562,0.0424392392243681,0.9228348958318562,0.9502089177243033,0.7633813798510501,0.002800228889341368,7.122913072097262,9.0
artificial_perturbation,segment_anomaly,0.5,2_0_45_11_2_16.bin,3,0_45,0_45;1_17;0_48;1_18;0_44,1,0_45,0_45,0_45,0.9580394432367576,0.9253441869595658,0.9580394432367576,0.9719834962717909,0.7126887566731558,0.0036419911911966677,4.3285076267685145,7.0
artificial_perturbation,segment_anomaly,0.5,2_0_45_11_2_16.bin,6,0_45,0_45;1_18;1_17;0_48;0_44,1,0_45,0_45,0_45,0.23112784600528596,0.7089941092965317,0.23112784600528596,0.4881849927625686,0.6841471907749508,0.004170819283946077,1.2300053167720104,7.0
artificial_perturbation,segment_anomaly,0.5,2_0_45_11_2_16.bin,7,0_45,0_45;1_17;0_48;1_18;0_44,1,0_45,0_45,0_45,0.976271263311298,0.9599088968038715,0.976271263311298,0.9849032138063684,0.8401956413927683,0.0017182817326904813,2.041100923867556,7.0
artificial_perturbation,segment_anomaly,0.5,2_0_45_11_2_16.bin,16,0_45,0_45;1_17;0_48;0_44;1_18,1,0_45,0_45,0_45,0.9889716029675255,0.9600471503390708,0.9889716029675255,0.9939276957250558,0.6610109837309268,0.0046330088265623265,2.829057519815818,7.0
artificial_perturbation,segment_anomaly,0.5,2_0_48_11_2_16.bin,2,0_48,0_48;0_45;0_50;0_44;1_17,1,0_48,0_48,0_48,0.9985482238363024,0.9728132130683042,0.9985482238363024,0.9991707263663814,0.5324757265094348,0.007932142838921909,4.081472290126977,7.0
artificial_perturbation,segment_anomaly,0.5,2_0_48_11_2_16.bin,5,0_48,0_48;0_45;0_50;0_44;1_17,1,0_48,0_48,0_48,0.9946132356927114,0.9692229382775124,0.9946132356927114,0.9966000407510396,0.858401039046702,0.0014902392883000375,3.1118472012682026,7.0
artificial_perturbation,segment_anomaly,0.5,2_0_48_11_2_16.bin,7,0_48,0_48;0_45;0_44;0_50;1_17,1,0_48,0_48,0_48,0.9906415557811213,0.9696058616424338,0.9906415557811213,0.994746092929729,0.8548179583556266,0.0015343535376339415,2.9382302372436904,7.0
artificial_perturbation,segment_anomaly,0.5,2_0_48_11_2_16.bin,13,0_48,0_48;1_16;1_17;0_45;1_18,1,0_48,0_48,0_48,0.9935727161400959,0.9844437038356858,0.9935727161400959,0.996683881805325,0.5119138999263716,0.008613619727950083,4.075866605970285,5.0
artificial_perturbation,segment_anomaly,0.5,2_0_50_11_2_16.bin,10,0_50,0_50;0_44;0_48;0_43;0_42,1,0_50,0_50,0_50,0.9999999274505775,0.98082842312367,0.9999999274505775,0.9999999611843424,0.5234527307293837,0.008224598240230469,0.9130840122616851,9.0
artificial_perturbation,segment_anomaly,0.5,2_0_50_11_2_16.bin,11,0_50,0_50;0_48;0_44;0_45;0_43,1,0_50,0_50,0_50,0.999994699092366,0.9670262430325142,0.999994699092366,0.9999973396356127,0.9656923035936755,0.0003209511713878166,2.7419763166773867,9.0
artificial_perturbation,segment_anomaly,0.5,2_0_50_11_2_16.bin,14,0_50,0_50;0_44;0_48;0_43;0_42,1,0_50,0_50,0_50,0.999999484965939,0.9622189004357868,0.999999484965939,0.9999996778135917,0.9040468502578144,0.0009588583949608775,4.514993460630399,9.0
artificial_perturbation,segment_anomaly,0.5,2_0_50_11_2_16.bin,18,0_50,0_50;0_44;0_48;0_43;0_45,1,0_50,0_50,0_50,0.9999994683090669,0.9783325779565893,0.9999994683090669,0.9999997303421354,0.5301608715484959,0.008006223095147912,6.309008142103746,10.0
artificial_perturbation,segment_anomaly,0.5,2_1_16_11_2_16.bin,2,1_16,1_16;1_17;1_18;0_48;0_45,1,1_16,1_16,1_16,0.993305542860008,0.9427220249181546,0.993305542860008,0.9965590230378586,0.62216811440667,0.005486268173852098,3.8526310874962686,3.0
artificial_perturbation,segment_anomaly,0.5,2_1_16_11_2_16.bin,5,1_16,1_16;1_18;1_17;0_48;0_45,1,1_16,1_16,1_16,0.9863283650271548,0.05122634475768073,0.9863283650271548,0.992230105575675,0.6165626830779408,0.005618279206228898,-0.5516182154252249,3.0
artificial_perturbation,segment_anomaly,0.5,2_1_16_11_2_16.bin,14,1_16,1_16;1_17;1_18;0_48;0_45,1,1_16,1_16,1_16,0.9939549226559632,0.95954812225891,0.9939549226559632,0.996894851757779,0.47465402790486877,0.009998950378545268,7.874135634033193,3.0
artificial_perturbation,segment_anomaly,0.5,2_1_16_11_2_16.bin,18,1_16,1_16;1_17;1_18;0_48;0_45,1,1_16,1_16,1_16,0.8456607374611036,0.8892969973995282,0.8456607374611036,0.9171940433420158,0.6098823976907309,0.005778772857820819,3.004576509939555,4.0
artificial_perturbation,segment_anomaly,0.5,2_1_17_11_2_16.bin,1,1_17,1_18;1_17;1_16;0_45;1_19,1,1_18,1_18,1_18,0.3482656352354543,0.6951626462583553,0.3482656352354543,0.6725939072312215,0.6386201695951352,0.005112195526044257,1.1219236376677637,6.0
artificial_perturbation,segment_anomaly,0.5,2_1_17_11_2_16.bin,11,1_17,1_18;1_17;1_19;1_16;0_45,1,1_18,1_18,1_18,0.7341912911688722,0.8800772511128973,0.7341912911688722,0.8620360072886364,0.5957474847339334,0.00613022888779903,2.321650285066174,6.0
artificial_perturbation,segment_anomaly,0.5,2_1_17_11_2_16.bin,19,1_17,1_17;1_16;1_18;0_45;0_48,1,1_17,1_17,1_17,0.9749708024260646,0.9713405257618863,0.9749708024260646,0.9864738279228901,0.619206161915664,0.005555726009392559,1.5511554403271384,5.0
artificial_perturbation,segment_anomaly,0.5,2_1_17_11_2_16.bin,20,1_17,1_18;1_17;1_16;1_19;1_20,1,1_18,1_18,1_18,0.8893813629140848,0.9400387889109112,0.8893813629140848,0.9348444502144725,0.6524091053004105,0.004813207167323325,1.496642685339515,5.0
artificial_perturbation,segment_anomaly,0.5,2_1_18_11_2_16.bin,9,1_18,1_18;1_17;1_16;1_19;0_45,1,1_18,1_18,1_18,0.8252938198499329,0.8667776713294444,0.8252938198499329,0.9085067033864889,0.5390483764830684,0.00772527207205376,4.1657279100630005,5.0
artificial_perturbation,segment_anomaly,0.5,2_1_18_11_2_16.bin,10,1_18,1_18;1_17;1_16;0_45;1_19,1,1_18,1_18,1_18,0.5060724341223548,0.7916742827150144,0.5060724341223548,0.7348217089518948,0.6893377921181914,0.004071388190608258,8.208741039423247,5.0
artificial_perturbation,segment_anomaly,0.5,2_1_18_11_2_16.bin,11,1_18,1_18;1_17;1_16;0_45;1_19,1,1_18,1_18,1_18,0.8201172690366403,0.8894591611212114,0.8201172690366403,0.8999216431152588,0.6695801612361685,0.004458099059106276,5.2921013033938245,5.0
artificial_perturbation,segment_anomaly,0.5,2_1_18_11_2_16.bin,14,1_18,1_18;1_17;1_16;1_19;0_45,1,1_18,1_18,1_18,0.9197834434604645,0.944989478209729,0.9197834434604645,0.9597004350417605,0.6065819227278634,0.005859371375973781,7.135085207392116,6.0
artificial_perturbation,segment_anomaly,0.5,2_1_19_11_2_16.bin,4,1_19,1_19;0_42;1_20;0_43;0_44,1,1_19,1_19,1_19,0.6614723215453023,0.8556650367702541,0.6614723215453023,0.8267435174045691,0.7747508851429068,0.0026265591704007114,13.64388267412086,8.0
artificial_perturbation,segment_anomaly,0.5,2_1_19_11_2_16.bin,11,1_19,1_19;1_20;0_42;0_44;0_43,1,1_19,1_19,1_19,0.5316359190312576,0.8488623500422623,0.5316359190312576,0.6953243748796181,0.85452676881366,0.0015379548653293412,3.7411664915125673,9.0
artificial_perturbation,segment_anomaly,0.5,2_1_19_11_2_16.bin,14,1_19,1_19;0_42;1_20;0_44;0_43,1,1_19,1_19,1_19,0.39489868677057116,0.782060878926724,0.39489868677057116,0.6269262993378323,0.8450521153231836,0.0016564881577331987,6.358348697534462,9.0
artificial_perturbation,segment_anomaly,0.5,2_1_19_11_2_16.bin,17,1_19,1_19;0_42;1_20;0_44;1_21,1,1_19,1_19,1_19,0.5525617170070578,0.8165355511261265,0.5525617170070578,0.71910760728674,0.6934720455297196,0.003993257399344494,2.514846087380959,8.0
artificial_perturbation,segment_anomaly,0.5,2_1_20_11_2_16.bin,0,1_20,1_20;0_42;1_19;1_21;0_43,1,1_20,0_42,1_20,0.3463231323095548,0.12717398993837892,0.3463231323095548,0.5912803774508365,0.7286599101766905,0.003364149331360748,5.601530302997428,8.0
artificial_perturbation,segment_anomaly,0.5,2_1_20_11_2_16.bin,4,1_20,0_42;1_20;1_19;1_21;0_40,1,0_42,0_42,0_42,0.6815603248527409,0.9413222508310086,0.6815603248527409,0.7637244427767077,0.5456339293070485,0.007522993767923966,-0.484582013993901,7.0
artificial_perturbation,segment_anomaly,0.5,2_1_20_11_2_16.bin,19,1_20,1_20;1_19;0_42;0_39;1_21,1,1_20,1_20,1_20,0.5367011301733611,0.850894997015878,0.5367011301733611,0.7391325225715136,0.6802613285156153,0.0042462500031056425,0.5593716392607999,9.0
artificial_perturbation,segment_anomaly,0.5,2_1_20_11_2_16.bin,20,1_20,1_19;0_42;1_20;1_21;0_43,1,0_42,0_42,0_42,0.04771918436837874,0.5266001745487602,0.04771918436837874,0.4151330047941933,0.6353658966595381,0.005184651403504437,9.91000847417063,7.0
artificial_perturbation,segment_anomaly,0.5,2_1_21_11_2_16.bin,3,1_21,1_21;1_20;0_40;0_42;0_39,1,1_21,1_21,1_21,0.6679152200594595,0.9083172135238964,0.6679152200594595,0.7843685842374472,0.6050806452164955,0.0058963239275059845,3.1286409513753553,9.0
artificial_perturbation,segment_anomaly,0.5,2_1_21_11_2_16.bin,5,1_21,1_21;0_40;0_42;1_20;1_22,1,1_21,1_21,1_21,0.8092072413082697,0.9439132729790086,0.8092072413082697,0.8911444580664305,0.3670211278368029,0.015580605295803228,0.6251628460721405,9.0
artificial_perturbation,segment_anomaly,0.5,2_1_21_11_2_16.bin,6,1_21,1_21;0_42;1_23;0_40;1_22,1,1_21,0_42,1_21,0.36158698147151846,0.027380487870246606,0.36158698147151846,0.562438297963723,0.4849328657669879,0.009595517394118026,8.478976676372021,10.0
artificial_perturbation,segment_anomaly,0.5,2_1_21_11_2_16.bin,7,1_21,1_21;0_40;0_42;1_23;1_22,1,1_21,1_21,1_21,0.8167516143171403,0.9589047505786253,0.8167516143171403,0.8816150688786872,0.5077643581640509,0.008757840289370692,1.0979378956959363,10.0
artificial_perturbation,segment_anomaly,0.5,2_1_22_11_2_16.bin,0,1_22,1_22;0_40;1_21;1_23;1_24,1,1_22,1_22,1_22,0.04688395087401592,0.5151973474334188,0.04688395087401592,0.514190268257697,0.6360601265959296,0.005169132270950817,8.993831552055953,9.0
artificial_perturbation,segment_anomaly,0.5,2_1_22_11_2_16.bin,8,1_22,1_22;0_40;1_21;1_23;0_38,1,1_22,1_22,1_22,0.05373771644667513,0.5306148702701872,0.05373771644667513,0.514104920900201,0.8524408454574558,0.0015638247564465832,9.072614485974407,9.0
artificial_perturbation,segment_anomaly,0.5,2_1_22_11_2_16.bin,10,1_22,1_22;0_40;1_21;1_23;0_38,1,1_22,1_22,1_22,0.32075066465569146,0.710614854602189,0.32075066465569146,0.6411116097939774,0.8777910068518991,0.0012577612655766388,7.190466713447117,9.0
artificial_perturbation,segment_anomaly,0.5,2_1_22_11_2_16.bin,13,1_22,1_22;0_40;1_21;1_23;0_38,1,1_22,1_22,1_22,0.3386120738319671,0.7387631268740202,0.3386120738319671,0.6576759231566569,0.9410979237003433,0.0005654340602009976,13.857146345827825,9.0
artificial_perturbation,segment_anomaly,0.5,2_1_23_11_2_16.bin,0,1_23,0_39;1_23;1_20;1_19;1_18,1,0_39,0_39,0_39,0.2629389246559164,0.6857500436997246,0.2629389246559164,0.6295404750400823,0.4785344505619833,0.0098446116816463,11.351795356893573,9.0
artificial_perturbation,segment_anomaly,0.5,2_1_23_11_2_16.bin,3,1_23,1_23;1_24;0_38;0_40;1_22,1,1_23,1_23,1_23,0.9178037991267882,0.9655800599279983,0.9178037991267882,0.9537648570198223,0.5591011137904905,0.007124178973382605,12.79560562532381,9.0
artificial_perturbation,segment_anomaly,0.5,2_1_23_11_2_16.bin,12,1_23,1_23;0_38;0_39;1_24;1_20,1,1_23,1_23,1_23,0.8684463180433393,0.9424712412453562,0.8684463180433393,0.9119216867517473,0.6296282449533891,0.005314223729849763,10.201217545856386,8.0
artificial_perturbation,segment_anomaly,0.5,2_1_23_11_2_16.bin,20,1_23,1_23;0_38;0_39;0_40;1_21,1,1_23,1_23,1_23,0.7316021761221637,0.8795306386774494,0.7316021761221637,0.8490368928195474,0.46045753996981414,0.010585764200937257,9.07178872382865,9.0
artificial_perturbation,segment_anomaly,0.5,2_1_24_11_2_16.bin,0,1_24,1_24;1_23;0_38;1_25;0_37,1,1_24,1_24,1_24,0.9691615778165567,0.9672692837121131,0.9691615778165567,0.9828664525104365,0.8084227233694028,0.0021408767213449936,12.38352136114378,8.0
artificial_perturbation,segment_anomaly,0.5,2_1_24_11_2_16.bin,2,1_24,1_24;0_38;1_23;1_25;0_40,1,1_24,1_24,1_24,0.8368301392371982,0.941463387608669,0.8368301392371982,0.9020375398942038,0.49092722176529774,0.00936804433119397,4.224513054692071,8.0
artificial_perturbation,segment_anomaly,0.5,2_1_24_11_2_16.bin,10,1_24,1_24;1_23;0_38;1_25;1_26,1,1_24,1_24,1_24,0.7295846922534638,0.8757001607558578,0.7295846922534638,0.8588834571975308,0.6272552765350404,0.005368504951058282,7.1910567939169905,8.0
artificial_perturbation,segment_anomaly,0.5,2_1_24_11_2_16.bin,17,1_24,1_23;1_24;1_25;0_38;1_26,1,1_23,1_23,1_23,0.3713857375785214,0.7330564958053855,0.3713857375785214,0.6755524263096075,0.6437391430160334,0.004999704856101181,6.243090839873039,9.0
artificial_perturbation,segment_anomaly,0.5,2_1_25_11_2_16.bin,2,1_25,1_25;1_26;1_24;1_23;0_38,1,1_25,1_25,1_25,0.6140201400596493,0.16006849550327695,0.6140201400596493,0.7621229413584107,0.6691738102475161,0.004466292116263343,11.773804339529178,9.0
artificial_perturbation,segment_anomaly,0.5,2_1_25_11_2_16.bin,3,1_25,1_25;1_24;1_26;1_23;0_38,1,1_25,1_25,1_25,0.8845637224995864,0.9395820068664531,0.8845637224995864,0.9272934303174172,0.6291790446478875,0.005324467687353264,13.91355011934639,9.0
artificial_perturbation,segment_anomaly,0.5,2_1_25_11_2_16.bin,14,1_25,1_25;1_24;1_26;1_23;0_38,1,1_25,1_25,1_25,0.9483978869571126,0.9279580363229013,0.9483978869571126,0.9741987531885288,0.7128885612025088,0.0036384383978056104,5.934592872312587,10.0
artificial_perturbation,segment_anomaly,0.5,2_1_25_11_2_16.bin,16,1_25,1_25;1_26;1_24;1_23;0_38,1,1_25,1_26,1_25,0.36402683506229216,0.11246143759911098,0.36402683506229216,0.6793583579828877,0.6098038448679682,0.005780681004322637,4.081924590287052,9.0
artificial_perturbation,segment_anomaly,0.5,2_1_26_11_2_16.bin,3,1_26,1_26;1_25;1_24;0_36;0_37,1,1_26,1_26,1_26,0.5250474809646717,0.8473334926391147,0.5250474809646717,0.698677288883223,0.9195402488046321,0.0007904858839009217,10.857100540684202,8.0
artificial_perturbation,segment_anomaly,0.5,2_1_26_11_2_16.bin,12,1_26,1_26;1_25;1_24;0_37;1_23,1,1_26,1_26,1_26,0.9059045298183727,0.9312224869228704,0.9059045298183727,0.952821751527873,0.7097455954842417,0.003694556305279613,7.821172850868555,10.0
artificial_perturbation,segment_anomaly,0.5,2_1_26_11_2_16.bin,13,1_26,1_26;1_25;1_24;0_37;0_38,1,1_26,1_26,1_26,0.9562554583778248,0.9622114910584116,0.9562554583778248,0.9780979252367635,0.6849594869633484,0.0041551594858222725,4.692580921333407,10.0
artificial_perturbation,segment_anomaly,0.5,2_1_26_11_2_16.bin,17,1_26,1_26;1_25;1_24;0_35;1_23,1,1_26,1_26,1_26,0.9280692169390578,0.9580831621127717,0.9280692169390578,0.9637936472922916,0.565899720562692,0.006930056300459175,10.720219848900218,9.0
artificial_perturbation,segment_anomaly,0.5,2_1_27_11_2_16.bin,1,1_27,1_27;0_36;1_26;0_37;0_35,1,1_27,1_27,1_27,0.9023764228831909,0.7275727194853592,0.9023764228831909,0.9511733972597776,0.5797501203899389,0.006548667302574767,5.458370331802833,9.0
artificial_perturbation,segment_anomaly,0.5,2_1_27_11_2_16.bin,5,1_27,1_27;0_36;1_26;0_37;0_35,1,1_27,1_27,1_27,0.7482170938727223,0.7491353167847653,0.7482170938727223,0.8739877688065782,0.6562064697546319,0.004733074806811587,9.19948107800235,9.0
artificial_perturbation,segment_anomaly,0.5,2_1_27_11_2_16.bin,10,1_27,1_27;0_36;1_26;0_35;0_37,1,1_27,1_27,1_27,0.2798983754832464,0.5267957980948095,0.2798983754832464,0.6392829254713035,0.7585932679842449,0.0028749253318401825,13.8104461156741,9.0
artificial_perturbation,segment_anomaly,0.5,2_1_27_11_2_16.bin,11,1_27,1_27;0_36;1_26;0_35;0_37,1,1_27,1_27,1_27,0.30162795875038856,0.6602314945159956,0.30162795875038856,0.64926081612207,0.7184417067751685,0.0035404866807904043,6.7438033238819965,9.0
artificial_perturbation,segment_anomaly,0.5,2_1_28_11_2_16.bin,5,1_28,1_29;1_28;1_27;1_26;0_35,1,1_29,1_29,1_29,0.7456664787618221,0.8938076993803955,0.7456664787618221,0.8728332056399178,0.5365071914784821,0.007804653548231254,9.085565355742352,8.0
artificial_perturbation,segment_anomaly,0.5,2_1_28_11_2_16.bin,10,1_28,0_35;1_28;1_31;1_18;1_26,1,1_28,0_35,1_28,0.1548551517983216,0.3344874064143595,0.1548551517983216,0.5333111028661502,0.6700540704106764,0.004448556411948367,14.526641113035598,9.0
artificial_perturbation,segment_anomaly,0.5,2_1_28_11_2_16.bin,14,1_28,1_28;1_29;1_27;1_26;0_35,1,1_28,1_28,1_28,0.9959072183461845,0.9154800984064342,0.9959072183461845,0.9978952084560719,0.5473107618567351,0.007472266611689109,4.513394962903801,8.0
artificial_perturbation,segment_anomaly,0.5,2_1_28_11_2_16.bin,18,1_28,1_28;1_29;1_27;1_26;0_35,1,1_28,1_28,1_28,0.9999989502497652,0.9789793603487148,0.9999989502497652,0.9999994019403287,0.6411090171576441,0.005057278127220334,6.313164463552626,10.0
artificial_perturbation,segment_anomaly,0.5,2_1_29_11_2_16.bin,6,1_29,1_29;0_34;1_28;0_35;1_27,1,1_29,1_29,1_29,0.9999990151150302,0.9929580347695155,0.9999990151150302,0.9999994699616266,0.8490413553174814,0.0016062580622525084,13.734337255100801,11.0
artificial_perturbation,segment_anomaly,0.5,2_1_29_11_2_16.bin,7,1_29,1_29;0_34;1_28;0_35;1_27,1,1_29,1_29,1_29,0.9999755851675283,0.9961159233173266,0.9999755851675283,0.9999876890228933,0.6067738710490559,0.005854659930593032,14.66428139163657,10.0
artificial_perturbation,segment_anomaly,0.5,2_1_29_11_2_16.bin,9,1_29,1_29;0_34;1_28;0_35;0_33,1,1_29,1_29,1_29,0.9999888978333359,0.995577006109082,0.9999888978333359,0.999993615902715,0.8509152546957263,0.0015828256343158843,6.376301081264964,10.0
artificial_perturbation,segment_anomaly,0.5,2_1_29_11_2_16.bin,15,1_29,1_29;1_28;0_34;0_35;1_27,1,1_29,1_29,1_29,0.9999990212049605,0.9846214619240551,0.9999990212049605,0.9999995104311684,0.7177119837856671,0.0035532717319998373,2.7962606327424084,10.0
artificial_perturbation,segment_anomaly,0.5,2_1_30_11_2_16.bin,1,1_30,1_30;0_34;0_33;1_31;1_29,1,1_30,1_30,1_30,0.9999682234806968,0.9653341508645104,0.9999682234806968,0.999984109111317,0.6731682720916327,0.004386183011203869,8.067308429722747,9.0
artificial_perturbation,segment_anomaly,0.5,2_1_30_11_2_16.bin,2,1_30,1_30;0_34;0_33;1_31;1_27,1,1_30,1_30,1_30,0.9999987416654379,0.9720158337602804,0.9999987416654379,0.9999993570926581,0.5505593773645974,0.007374869441668661,8.497387972182404,10.0
artificial_perturbation,segment_anomaly,0.5,2_1_30_11_2_16.bin,5,1_30,1_30;0_34;0_33;1_31;1_27,1,1_30,1_30,1_30,0.999995741132271,0.9663710857589423,0.999995741132271,0.9999976088526805,0.7405378859412483,0.0031652852016646996,9.924143482579385,10.0
artificial_perturbation,segment_anomaly,0.5,2_1_30_11_2_16.bin,13,1_30,1_30;0_34;1_31;0_33;1_29,1,1_30,1_30,1_30,0.9999999958588849,0.9704439647880024,0.9999999958588849,0.9999999979290994,0.856647051228555,0.0015117879642764125,3.9542769624162832,8.0
artificial_perturbation,segment_anomaly,0.5,2_1_31_11_2_16.bin,2,1_31,1_31;1_30;0_34;0_33;1_29,1,1_31,1_31,1_31,1.0,0.9847990428179964,1.0,1.0,0.7714322431993538,0.00267672254061681,3.3016456850646887,10.0
artificial_perturbation,segment_anomaly,0.5,2_1_31_11_2_16.bin,3,1_31,1_31;1_30;0_34;0_33;1_29,1,1_31,1_31,1_31,1.0,0.9868393989211153,1.0,1.0,0.790340215812262,0.0023965540609664202,4.039443684508182,8.0
artificial_perturbation,segment_anomaly,0.5,2_1_31_11_2_16.bin,6,1_31,1_31;1_30;0_34;0_33;1_29,1,1_31,1_31,1_31,1.0,0.9876893133872792,1.0,1.0,0.6146611482076453,0.005663608345448384,5.3378577723476734,8.0
artificial_perturbation,segment_anomaly,0.5,2_1_31_11_2_16.bin,7,1_31,1_31;1_30;0_34;0_33;1_29,1,1_31,1_31,1_31,1.0,0.9873030766492831,1.0,1.0,0.587447134288729,0.006344494067230302,6.506354396660248,7.0
artificial_perturbation,segment_anomaly,0.5,2_1_32_11_2_16.bin,4,1_32,1_32;0_33;1_29;0_34;0_35,1,1_32,1_32,1_32,1.0,0.9911418111059257,1.0,1.0,0.5145801372759362,0.008522179974941703,3.498672666669342,9.0
artificial_perturbation,segment_anomaly,0.5,2_1_32_11_2_16.bin,5,1_32,1_32;0_33;1_29;0_34;0_35,1,1_32,1_32,1_32,1.0,0.9937667704825791,1.0,1.0,0.6923057823277753,0.004015203422442571,11.834172986472877,8.0
artificial_perturbation,segment_anomaly,0.5,2_1_32_11_2_16.bin,9,1_32,1_32;0_33;1_29;0_34;1_28,1,1_32,1_32,1_32,1.0,0.9921830952523636,1.0,1.0,0.7041998530150414,0.00379479773192007,5.708346962946594,9.0
artificial_perturbation,segment_anomaly,0.5,2_1_32_11_2_16.bin,17,1_32,1_32;0_33;1_29;0_34;1_28,1,1_32,1_32,1_32,1.0,0.973633098073486,1.0,1.0,0.8376850831915666,0.001750506906218179,6.133556857018537,9.0
artificial_perturbation,segment_anomaly,0.5,2_2_15_11_2_16.bin,3,2_15,2_15;0_48;1_16;1_17;1_18,1,2_15,2_15,2_15,0.9999999998315977,0.9760216476673582,0.9999999998315977,0.9999999999157987,0.5142273994185687,0.00853422284548103,3.5711511308252004,2.0
artificial_perturbation,segment_anomaly,0.5,2_2_15_11_2_16.bin,10,2_15,2_15;1_16;0_48;1_17;1_18,1,2_15,2_15,2_15,1.0,0.9772494516618232,1.0,1.0,0.477075859717001,0.009902330709771437,3.7413665012807678,0.0
artificial_perturbation,segment_anomaly,0.5,2_2_15_11_2_16.bin,16,2_15,2_15;1_16;1_17;0_48;1_18,1,2_15,2_15,2_15,1.0,0.9796805154130315,1.0,1.0,0.5559911627893475,0.007214560875580902,3.4072419006160986,0.0
artificial_perturbation,segment_anomaly,0.5,2_2_15_11_2_16.bin,20,2_15,2_15;0_48;1_16;1_17;1_18,1,2_15,2_15,2_15,0.9999878808611845,0.945657332957266,0.9999878808611845,0.9999939404205841,0.7925098031973733,0.0023652612483387,3.727982191472812,3.0
artificial_perturbation,segment_anomaly,1.0,2_0_33_11_2_16.bin,0,0_33,0_33;1_30;1_29;0_34;0_35,1,0_33,0_33,0_33,0.9999999997638142,0.9752339438892901,0.9999999997638142,0.9999999998819067,0.7945092317120439,0.002336574028103573,8.0968180828735,10.0
artificial_perturbation,segment_anomaly,1.0,2_0_33_11_2_16.bin,3,0_33,0_33;1_30;1_29;0_34;0_35,1,0_33,0_33,0_33,0.999999997396083,0.9746338815781027,0.999999997396083,0.9999999986980408,0.6240257266992979,0.005443043571318883,6.745422586858827,10.0
artificial_perturbation,segment_anomaly,1.0,2_0_33_11_2_16.bin,17,0_33,0_33;1_30;1_29;0_34;0_35,1,0_33,0_33,0_33,0.9999999990455117,0.9851035594519285,0.9999999990455117,0.9999999995227451,0.33800997687941536,0.01769326987520381,5.570283898459619,10.0
artificial_perturbation,segment_anomaly,1.0,2_0_33_11_2_16.bin,18,0_33,0_33;1_30;0_34;1_29;1_28,1,0_33,0_33,0_33,0.9999988000170854,0.971839276145081,0.9999988000170854,0.99999940000854,0.5672046752917557,0.006893327872421659,10.604104336433924,8.0
artificial_perturbation,segment_anomaly,1.0,2_0_34_11_2_16.bin,4,0_34,0_34;1_30;1_29;0_35;1_27,1,0_34,0_34,0_34,0.9999996102287924,0.9774955627889975,0.9999996102287924,0.9999998049884614,0.7580854158739709,0.0028829033737308284,12.086822104491649,10.0
artificial_perturbation,segment_anomaly,1.0,2_0_34_11_2_16.bin,8,0_34,1_31;0_34;1_30;0_35;0_37,1,0_34,0_34,0_34,0.8760078920319965,0.9495430254573304,0.8760078920319965,0.9380039460159932,0.8898328579934899,0.001118484117395873,3.921460329301856,9.0
artificial_perturbation,segment_anomaly,1.0,2_0_34_11_2_16.bin,16,0_34,0_34;1_30;0_35;1_29;1_27,1,0_34,0_34,0_34,0.9999994367799915,0.9751659725259149,0.9999994367799915,0.9999997183315302,0.7767864997155746,0.0025960016593098794,2.4315283041624713,9.0
artificial_perturbation,segment_anomaly,1.0,2_0_34_11_2_16.bin,18,0_34,0_34;1_30;0_35;1_29;0_36,1,0_34,0_34,0_34,0.9999994945667956,0.973286392200708,0.9999994945667956,0.9999997456988345,0.6771214021927474,0.004307833353218645,4.539804096489073,9.0
artificial_perturbation,segment_anomaly,1.0,2_0_35_11_2_16.bin,11,0_35,0_35;1_31;0_42;1_18;0_37,1,0_35,0_35,0_35,0.9906421339248875,0.9797427466820381,0.9906421339248875,0.9953150929732635,0.6937651397386047,0.003987753734462769,12.90495419518686,9.0
artificial_perturbation,segment_anomaly,1.0,2_0_35_11_2_16.bin,12,0_35,0_35;0_36;1_27;0_34;0_37,1,0_35,0_35,0_35,0.9989370180395704,0.9651370292414365,0.9989370180395704,0.9994684892097216,0.873710809391732,0.001305824005188431,8.720312822795506,9.0
artificial_perturbation,segment_anomaly,1.0,2_0_35_11_2_16.bin,13,0_35,0_35;0_36;1_27;0_34;1_28,1,0_35,0_35,0_35,0.9983580366884929,0.9611292447886055,0.9983580366884929,0.9991787744907767,0.6058362594961676,0.005877702292505671,8.347507193182373,7.0
artificial_perturbation,segment_anomaly,1.0,2_0_35_11_2_16.bin,17,0_35,0_35;0_36;0_34;0_37;1_27,1,0_35,0_35,0_35,0.9998816842194517,0.9659875049157085,0.9998816842194517,0.9999388233480698,0.8970263479667451,0.0010370676637255904,4.95400305299891,8.0
artificial_perturbation,segment_anomaly,1.0,2_0_36_11_2_16.bin,6,0_36,0_36;0_37;1_27;1_26;0_35,1,0_36,0_36,0_36,0.9975263739873658,0.9870243653937529,0.9975263739873658,0.9986761183635461,0.5592735725472713,0.007119196364790865,12.95791199085902,9.0
artificial_perturbation,segment_anomaly,1.0,2_0_36_11_2_16.bin,11,0_36,0_36;0_37;1_27;0_35;1_26,1,0_36,0_36,0_36,0.9966248759274701,0.9692860140958135,0.9966248759274701,0.9982912220062514,0.8341522041545633,0.0017961829900204364,11.36144947909425,9.0
artificial_perturbation,segment_anomaly,1.0,2_0_36_11_2_16.bin,12,0_36,0_36;0_37;0_35;1_27;1_26,1,0_36,0_36,0_36,0.9902059728720536,0.9646862850347334,0.9902059728720536,0.9940260456319433,0.5518051960977505,0.007337822608969111,1.858838327298865,9.0
artificial_perturbation,segment_anomaly,1.0,2_0_36_11_2_16.bin,13,0_36,0_36;0_37;0_35;1_27;1_26,1,0_36,0_36,0_36,0.9437391951215403,0.9512158910040138,0.9437391951215403,0.9715566353524261,0.5756970817341036,0.0066583737236295855,8.016085639207446,10.0
artificial_perturbation,segment_anomaly,1.0,2_0_37_11_2_16.bin,2,0_37,0_37;0_38;0_36;1_24;1_27,1,0_37,0_37,0_37,0.9463658247266542,0.9504644962057387,0.9463658247266542,0.970147086423456,0.6868128457326554,0.004119568306418913,4.6398236241252375,8.0
artificial_perturbation,segment_anomaly,1.0,2_0_37_11_2_16.bin,9,0_37,0_37;0_38;0_36;1_23;1_24,1,0_37,0_37,0_37,0.9685362567146278,0.9648766699589656,0.9685362567146278,0.979567060492538,0.6522920573851888,0.004815691946253132,6.4987409136421554,10.0
artificial_perturbation,segment_anomaly,1.0,2_0_37_11_2_16.bin,11,0_37,0_37;0_38;0_36;1_23;1_22,1,0_37,0_37,0_37,0.9937704639167217,0.9704886392772004,0.9937704639167217,0.9968291633529173,0.817375792093557,0.0020184721008870182,4.309079656877828,11.0
artificial_perturbation,segment_anomaly,1.0,2_0_37_11_2_16.bin,16,0_37,0_37;0_38;0_36;1_23;0_39,1,0_37,0_37,0_37,0.9057044984504141,0.9302943344858094,0.9057044984504141,0.9526946387827512,0.5394408420818829,0.007713078913952248,3.963497590151697,10.0
artificial_perturbation,segment_anomaly,1.0,2_0_38_11_2_16.bin,4,0_38,0_38;0_37;1_23;0_39;1_24,1,0_38,0_38,0_38,0.9489849601492897,0.9558126215663775,0.9489849601492897,0.9735195328600682,0.5157781898105563,0.008481400085207768,6.600234892204299,8.0
artificial_perturbation,segment_anomaly,1.0,2_0_38_11_2_16.bin,5,0_38,0_38;0_37;1_23;1_24;0_40,1,0_38,0_38,0_38,0.9565170546368408,0.9655536100099726,0.9565170546368408,0.971829653684929,0.6109528017332416,0.005752820300568477,8.161369417102296,8.0
artificial_perturbation,segment_anomaly,1.0,2_0_38_11_2_16.bin,8,0_38,0_38;1_23;0_39;0_37;1_24,1,0_38,0_38,0_38,0.9690562252084659,0.9718310687569467,0.9690562252084659,0.9789490909170769,0.5148809225853063,0.008511923857648818,1.3872741852614752,8.0
artificial_perturbation,segment_anomaly,1.0,2_0_38_11_2_16.bin,15,0_38,0_38;0_37;1_23;1_24;0_40,1,0_38,0_38,0_38,0.9420511543121037,0.9663171330654359,0.9420511543121037,0.9613995363321735,0.6497010802237698,0.0048709243675748555,9.093739178996461,8.0
artificial_perturbation,segment_anomaly,1.0,2_0_39_11_2_16.bin,1,0_39,0_39;1_20;1_23;0_38;1_21,1,0_39,0_39,0_39,0.9999436728222727,0.9805939582756907,0.9999436728222727,0.9999598749277305,0.5582082172595588,0.00715002541317565,3.4660455865196322,9.0
artificial_perturbation,segment_anomaly,1.0,2_0_39_11_2_16.bin,12,0_39,0_39;1_23;0_38;1_20;1_21,1,0_39,0_39,0_39,0.9962388283113958,0.9828678973273156,0.9962388283113958,0.9973304426143572,0.5479497704059251,0.007453017171301289,5.809767696722549,9.0
artificial_perturbation,segment_anomaly,1.0,2_0_39_11_2_16.bin,15,0_39,0_39;1_20;0_38;1_23;1_21,1,0_39,0_39,0_39,0.9922123403899313,0.9695251205013086,0.9922123403899313,0.9957841971686427,1.0,0.0,2.080657029869132,8.0
artificial_perturbation,segment_anomaly,1.0,2_0_39_11_2_16.bin,20,0_39,0_39;1_20;1_23;0_38;1_21,1,0_39,0_39,0_39,0.9988683391966601,0.9683794879712869,0.9988683391966601,0.9993561635665879,0.5532807225307822,0.007294160787802371,6.979800535760307,8.0
artificial_perturbation,segment_anomaly,1.0,2_0_40_11_2_16.bin,9,0_40,0_40;1_21;1_22;0_38;1_20,1,0_40,0_40,0_40,0.41918324190289036,0.7455815841496758,0.41918324190289036,0.6815147949499197,0.7471172277650816,0.003057853465449344,2.2813669183685334,8.0
artificial_perturbation,segment_anomaly,1.0,2_0_40_11_2_16.bin,10,0_40,0_40;1_21;1_22;1_23;0_38,1,0_40,0_40,0_40,0.6728993399690685,0.8948524218870362,0.6728993399690685,0.8080355114028421,0.5327199216500534,0.00792436561789661,8.477647122717062,8.0
artificial_perturbation,segment_anomaly,1.0,2_0_40_11_2_16.bin,15,0_40,0_40;1_21;1_22;0_38;0_42,1,0_40,0_40,0_40,0.8229695876019247,0.09335185207768937,0.8229695876019247,0.9005419102024201,0.5964834249971817,0.006111519130957783,9.466208821783638,8.0
artificial_perturbation,segment_anomaly,1.0,2_0_40_11_2_16.bin,18,0_40,1_21;0_40;1_22;1_20;0_38,1,1_21,1_21,1_21,0.41252640856153744,0.7838876231741223,0.41252640856153744,0.6890934786028474,0.5105647285817929,0.008660254037844387,1.4343278584520436,8.0
artificial_perturbation,segment_anomaly,1.0,2_0_42_11_2_16.bin,1,0_42,0_42;1_19;0_43;1_20;0_44,1,0_42,0_42,0_42,0.8869341045314828,0.9673085839570548,0.8869341045314828,0.9214851541935893,0.8345543780290514,0.0017909638362736478,3.115094414175681,8.0
artificial_perturbation,segment_anomaly,1.0,2_0_42_11_2_16.bin,7,0_42,0_42;1_19;1_20;0_43;0_44,1,0_42,0_42,0_42,0.4395346709010118,0.787959973241709,0.4395346709010118,0.6956811841720556,0.7601935172583755,0.0028498561206024,7.523596236704278,9.0
artificial_perturbation,segment_anomaly,1.0,2_0_42_11_2_16.bin,11,0_42,1_19;0_42;1_20;0_44;0_43,1,0_42,0_42,0_42,0.22500471350127782,0.653844596772351,0.22500471350127782,0.5580883731509753,0.7195408062090576,0.003521278943958336,3.3739923978021484,8.0
artificial_perturbation,segment_anomaly,1.0,2_0_42_11_2_16.bin,18,0_42,0_42;0_43;1_19;1_20;1_21,1,0_42,0_42,0_42,0.6930370023948998,0.9099855095002619,0.6930370023948998,0.8137756681909627,0.875743644575906,0.00128182221457139,8.698428494719451,8.0
artificial_perturbation,segment_anomaly,1.0,2_0_43_11_2_16.bin,10,0_43,0_43;0_42;0_44;1_21;1_19,1,0_43,0_43,0_43,0.7895681891842498,0.9090054702338853,0.7895681891842498,0.8911247912362354,0.7872804943652599,0.0024409787600682465,6.993141484876646,9.0
artificial_perturbation,segment_anomaly,1.0,2_0_43_11_2_16.bin,13,0_43,0_43;0_42;0_44;1_19;1_21,1,0_43,0_43,0_43,0.43240858229275225,0.7566458289699957,0.43240858229275225,0.7034824245775668,0.8672360441704117,0.0013830218495940127,9.692455425441057,9.0
artificial_perturbation,segment_anomaly,1.0,2_0_43_11_2_16.bin,15,0_43,0_43;0_42;0_44;1_21;1_19,1,0_43,0_43,0_43,0.48175659724843745,0.7859946612840344,0.48175659724843745,0.723402943415886,0.841426090812703,0.0017025580763165612,5.892750572228144,9.0
artificial_perturbation,segment_anomaly,1.0,2_0_43_11_2_16.bin,19,0_43,0_42;0_43;0_44;1_19;1_20,1,0_43,0_42,0_43,0.029422662327185933,0.4329655225575313,0.029422662327185933,0.475578089347136,0.8132417142226446,0.002074657492400907,3.521448195846589,9.0
artificial_perturbation,segment_anomaly,1.0,2_0_44_11_2_16.bin,3,0_44,0_44;0_42;1_19;0_43;1_20,1,0_44,0_44,0_44,0.5927910125813732,0.8475959179209991,0.5927910125813732,0.7795358738272012,0.7677495565539234,0.002732896312035086,1.8771665330147156,9.0
artificial_perturbation,segment_anomaly,1.0,2_0_44_11_2_16.bin,9,0_44,0_43;0_44;0_42;1_19;1_20,1,0_43,0_43,0_43,0.54063347735939,0.8479326664713022,0.54063347735939,0.7306612819795341,0.7800018098112952,0.002548060143469495,8.893058289406468,8.0
artificial_perturbation,segment_anomaly,1.0,2_0_44_11_2_16.bin,11,0_44,0_44;0_42;1_19;0_43;1_20,1,0_44,0_44,0_44,0.8783597756701877,0.9161770973410314,0.8783597756701877,0.9379769023991726,0.790709138678871,0.002391220823614692,3.6840947154922983,10.0
artificial_perturbation,segment_anomaly,1.0,2_0_44_11_2_16.bin,16,0_44,0_44;0_42;0_43;1_19;1_20,1,0_44,0_44,0_44,0.8303301250959706,0.00877676194205701,0.8303301250959706,0.9002012561631583,0.810295274650556,0.0021150518552452637,6.977399058393511,9.0
artificial_perturbation,segment_anomaly,1.0,2_0_45_11_2_16.bin,3,0_45,0_45;1_17;0_48;1_18;0_44,1,1_17,1_17,1_17,0.061015815641038806,0.47137880543229616,0.061015815641038806,0.5159565602757565,0.5577117092516807,0.007164433504292321,4.582194390968869,7.0
artificial_perturbation,segment_anomaly,1.0,2_0_45_11_2_16.bin,6,0_45,1_17;1_18;0_45;0_48;0_44,1,1_17,1_17,1_17,0.22646562365368905,0.6581463023032026,0.22646562365368905,0.5846317329444499,0.7161675388257223,0.0035804169780624248,1.9263352681147232,7.0
artificial_perturbation,segment_anomaly,1.0,2_0_45_11_2_16.bin,7,0_45,0_45;1_17;0_48;1_18;0_44,1,0_45,0_45,0_45,0.16379152958316406,0.6048317880033518,0.16379152958316406,0.5728849016576016,0.8401956413927683,0.0017182817326904813,2.621560074196619,7.0
artificial_perturbation,segment_anomaly,1.0,2_0_45_11_2_16.bin,16,0_45,0_45;1_17;0_48;0_44;1_18,1,0_45,0_45,0_45,0.3873730307275527,0.7394905787198439,0.3873730307275527,0.6911501723021788,0.7922182508633991,0.002369456453584099,3.296951442152273,7.0
artificial_perturbation,segment_anomaly,1.0,2_0_48_11_2_16.bin,2,0_48,0_48;0_45;0_50;1_17;0_44,1,0_48,0_48,0_48,0.9991269680530471,0.9715106344916913,0.9991269680530471,0.9994231301656746,0.911025939429896,0.0008823052135002896,4.370449816704695,7.0
artificial_perturbation,segment_anomaly,1.0,2_0_48_11_2_16.bin,5,0_48,0_48;0_44;0_45;0_50;1_17,1,0_48,0_48,0_48,0.991322890721634,0.9722027110338511,0.991322890721634,0.9941135649997985,0.858401039046702,0.0014902392883000375,3.539342597682888,7.0
artificial_perturbation,segment_anomaly,1.0,2_0_48_11_2_16.bin,7,0_48,0_48;0_45;0_44;1_17;0_50,1,0_48,0_48,0_48,0.9924879133547398,0.974247492434891,0.9924879133547398,0.9950758009243081,0.7949642977351294,0.0023300650319465176,3.390528057090449,7.0
artificial_perturbation,segment_anomaly,1.0,2_0_48_11_2_16.bin,13,0_48,0_48;1_16;1_17;0_45;1_18,1,0_48,0_48,0_48,0.9685107675886365,0.9779070199216421,0.9685107675886365,0.983076604288453,0.3763934672815118,0.014967689175740878,4.365644944570388,5.0
artificial_perturbation,segment_anomaly,1.0,2_0_50_11_2_16.bin,10,0_50,0_50;0_44;0_48;0_43;0_42,1,0_50,0_50,0_50,0.9999999230832447,0.9743621641137431,0.9999999230832447,0.9999999487586615,0.935493495045123,0.0006229438704494646,1.6546884356773015,9.0
artificial_perturbation,segment_anomaly,1.0,2_0_50_11_2_16.bin,11,0_50,0_50;0_48;0_44;0_43;0_45,1,0_50,0_50,0_50,0.9999963177961596,0.9677116022922243,0.9999963177961596,0.9999981180965025,0.9685268836081297,0.00029357173855019166,3.22231041089076,9.0
artificial_perturbation,segment_anomaly,1.0,2_0_50_11_2_16.bin,14,0_50,0_50;0_44;0_43;0_48;0_42,1,0_50,0_50,0_50,0.9999989519876048,0.9381427197937516,0.9999989519876048,0.9999994123055477,0.908398302113596,0.000910989532343255,4.742039391421914,9.0
artificial_perturbation,segment_anomaly,1.0,2_0_50_11_2_16.bin,18,0_50,0_50;0_44;0_48;0_43;0_45,1,0_50,0_50,0_50,0.9999997387927319,0.9779867493633926,0.9999997387927319,0.9999998625065527,0.5301608715484959,0.008006223095147912,6.279766261256212,10.0
artificial_perturbation,segment_anomaly,1.0,2_1_16_11_2_16.bin,2,1_16,1_16;1_17;1_18;0_48;0_45,1,1_16,1_16,1_16,0.9755209822290475,0.9251709199563518,0.9755209822290475,0.9876007140213304,0.6208934511451416,0.00551607781969621,4.174300214449802,3.0
artificial_perturbation,segment_anomaly,1.0,2_1_16_11_2_16.bin,5,1_16,1_16;1_17;1_18;0_48;0_45,1,1_16,1_16,1_16,0.9777808691210813,0.07931483012180784,0.9777808691210813,0.9855836229668961,0.5397459458818544,0.007703612171107798,0.39922938337423597,3.0
artificial_perturbation,segment_anomaly,1.0,2_1_16_11_2_16.bin,14,1_16,1_16;1_17;1_18;0_48;0_45,1,1_16,1_16,1_16,0.9771695573416511,0.9451377462117382,0.9771695573416511,0.9884367276784198,0.4743774556523893,0.01001004707156019,7.621304111481452,3.0
artificial_perturbation,segment_anomaly,1.0,2_1_16_11_2_16.bin,18,1_16,1_16;1_17;1_18;0_48;0_45,1,1_16,1_16,1_16,0.5474389256400807,0.7281956197723404,0.5474389256400807,0.7659615905972935,0.5416323953404365,0.007645316362551194,3.4473962908297615,4.0
artificial_perturbation,segment_anomaly,1.0,2_1_17_11_2_16.bin,1,1_17,1_17;1_18;1_16;0_45;1_19,1,1_17,1_17,1_17,0.043535292768382916,0.4838837848685711,0.043535292768382916,0.5212102061446797,0.7365403162806377,0.003231497461615632,1.833693828882512,6.0
artificial_perturbation,segment_anomaly,1.0,2_1_17_11_2_16.bin,11,1_17,1_17;1_18;1_19;1_16;0_42,1,1_18,1_17,1_18,0.36168604450980024,0.19921161767937579,0.36168604450980024,0.676145504861663,0.6947869646640626,0.0039686024223648505,2.8620309552240064,6.0
artificial_perturbation,segment_anomaly,1.0,2_1_17_11_2_16.bin,19,1_17,1_17;1_16;1_18;0_45;0_48,1,1_17,1_17,1_17,0.9891190472619247,0.9763904858165968,0.9891190472619247,0.9938553440974232,0.5718840757541491,0.006763002616937723,2.2016068025905473,5.0
artificial_perturbation,segment_anomaly,1.0,2_1_17_11_2_16.bin,20,1_17,1_18;1_17;1_16;1_19;1_20,1,1_18,1_18,1_18,0.6787395648679119,0.849957176723333,0.6787395648679119,0.8317090028512959,0.7137403461346196,0.0036233148307297926,2.1548815840297273,5.0
artificial_perturbation,segment_anomaly,1.0,2_1_18_11_2_16.bin,9,1_18,1_18;1_17;1_16;1_19;1_20,1,1_18,1_18,1_18,0.6068576455203367,0.7866431908461922,0.6068576455203367,0.801056513808806,0.690349550985887,0.004052181078957418,4.442668919507001,5.0
artificial_perturbation,segment_anomaly,1.0,2_1_18_11_2_16.bin,10,1_18,1_18;1_17;1_16;1_19;0_45,1,1_18,1_17,1_17,0.16234443456418152,0.26136109758820625,0.26136109758820625,0.5734467244720999,0.912058147935237,0.0008710824363292544,7.9081087446729255,5.0
artificial_perturbation,segment_anomaly,1.0,2_1_18_11_2_16.bin,11,1_18,1_18;1_17;1_16;1_19;0_45,1,1_18,1_17,1_18,0.59371473396127,0.004995962479255933,0.59371473396127,0.7911764228421232,0.656208449511603,0.004733033271666512,5.408131828076279,5.0
artificial_perturbation,segment_anomaly,1.0,2_1_18_11_2_16.bin,14,1_18,1_18;1_17;1_16;1_19;0_45,1,1_18,1_18,1_18,0.8076875418706595,0.875440493216096,0.8076875418706595,0.90367449422292,0.613647018756096,0.005687898214905372,6.987832317217672,6.0
artificial_perturbation,segment_anomaly,1.0,2_1_19_11_2_16.bin,4,1_19,1_19;0_42;1_20;0_43;0_44,1,1_19,0_42,0_42,0.4791577910202547,0.03875423025404423,0.03875423025404423,0.7371895690836154,0.8676696460436468,0.0013778160720905126,12.566801574413738,8.0
artificial_perturbation,segment_anomaly,1.0,2_1_19_11_2_16.bin,11,1_19,1_19;0_42;1_20;0_44;0_43,1,1_19,1_19,1_19,0.466272953998618,0.7949714422695277,0.466272953998618,0.7078322577241443,0.9066418678974395,0.0009302561722906136,4.078759132178058,9.0
artificial_perturbation,segment_anomaly,1.0,2_1_19_11_2_16.bin,14,1_19,1_19;0_42;1_20;0_44;0_43,1,1_19,1_19,1_19,0.25366988400266083,0.6772848305470137,0.25366988400266083,0.60133361585502,0.640481387768822,0.005071086771728609,6.32205816591111,9.0
artificial_perturbation,segment_anomaly,1.0,2_1_19_11_2_16.bin,17,1_19,1_19;0_42;1_20;0_44;0_43,1,1_19,1_19,1_19,0.469230585400818,0.784967900547124,0.469230585400818,0.7137221505057789,0.8167463642722557,0.0020269898164053082,3.027627357208108,8.0
artificial_perturbation,segment_anomaly,1.0,2_1_20_11_2_16.bin,0,1_20,0_42;1_20;1_19;1_21;0_43,1,0_42,0_42,0_42,0.2341229147431499,0.7131450424379646,0.2341229147431499,0.5001818393356875,0.84395902700463,0.0016703345481889407,5.673356684879367,8.0
artificial_perturbation,segment_anomaly,1.0,2_1_20_11_2_16.bin,4,1_20,0_42;1_19;1_20;1_21;0_40,1,0_42,0_42,0_42,0.7961065772352635,0.9785730733068303,0.7961065772352635,0.8397181715535921,0.5475997046009944,0.007463556960203645,0.45668898460108487,7.0
artificial_perturbation,segment_anomaly,1.0,2_1_20_11_2_16.bin,19,1_20,1_19;1_20;0_42;0_39;1_21,1,1_19,0_42,0_42,0.002846698049161378,0.11625567447972163,0.11625567447972163,0.42228904518619725,0.9231422595989198,0.0007521512066608753,1.3515064016765428,9.0
artificial_perturbation,segment_anomaly,1.0,2_1_20_11_2_16.bin,20,1_20,0_42;1_19;1_20;1_21;0_43,1,0_42,0_42,0_42,0.22116251400869213,0.6864185302750984,0.22116251400869213,0.563038448750872,0.6353658966595381,0.005184651403504437,9.366337974456396,7.0
artificial_perturbation,segment_anomaly,1.0,2_1_21_11_2_16.bin,3,1_21,1_21;1_20;0_40;0_42;0_39,1,1_21,1_21,1_21,0.5835687286134777,0.9115829559532357,0.5835687286134777,0.7201225396029088,0.5961668520111186,0.006119561681981269,3.553737240631876,9.0
artificial_perturbation,segment_anomaly,1.0,2_1_21_11_2_16.bin,5,1_21,1_21;0_40;0_42;1_20;1_23,1,1_21,1_21,1_21,0.6341053170186491,0.8785992036866637,0.6341053170186491,0.7970764381232398,0.4008739890649145,0.01350194933639663,1.4078988646576918,9.0
artificial_perturbation,segment_anomaly,1.0,2_1_21_11_2_16.bin,6,1_21,0_42;1_21;1_23;0_40;1_22,1,1_21,0_42,1_21,0.17459355496493112,0.1872668485693031,0.17459355496493112,0.44059427205726714,0.7640230960576994,0.002790289009494023,8.139739290629016,10.0
artificial_perturbation,segment_anomaly,1.0,2_1_21_11_2_16.bin,7,1_21,1_21;0_42;0_40;1_23;0_39,1,1_21,1_21,1_21,0.6692044375422577,0.9211587555918743,0.6692044375422577,0.7917592261818063,0.6251308335274267,0.0054174508171974415,1.8131346214780883,10.0
artificial_perturbation,segment_anomaly,1.0,2_1_22_11_2_16.bin,0,1_22,1_22;0_40;1_21;1_23;1_24,1,0_40,1_22,0_40,0.34298439351672866,0.20964286583189162,0.34298439351672866,0.6617252040035515,0.6659808709500143,0.004531017725727358,8.581043469786675,9.0
artificial_perturbation,segment_anomaly,1.0,2_1_22_11_2_16.bin,8,1_22,1_22;0_40;1_21;1_23;0_38,1,0_40,1_22,0_40,0.33527163851968805,0.2207679895992437,0.33527163851968805,0.6548597424518606,0.741160363774874,0.003155039290170046,8.648571698859636,9.0
artificial_perturbation,segment_anomaly,1.0,2_1_22_11_2_16.bin,10,1_22,1_22;0_40;1_21;1_23;0_38,1,0_40,1_22,0_40,0.1039049658796975,0.35830953098820106,0.1039049658796975,0.5317619181181398,0.8310828780674437,0.0018361811092611905,7.03530217955053,9.0
artificial_perturbation,segment_anomaly,1.0,2_1_22_11_2_16.bin,13,1_22,1_22;0_40;1_21;1_23;0_38,1,0_40,1_22,0_40,0.07801184060097188,0.4023383206166018,0.07801184060097188,0.5255673249488123,0.6449729167780206,0.004972859429416235,12.74959900730542,9.0
artificial_perturbation,segment_anomaly,1.0,2_1_23_11_2_16.bin,0,1_23,0_39;1_20;1_23;1_19;1_18,1,0_39,0_39,0_39,0.9308798101474112,0.9679112683778357,0.9308798101474112,0.9648690632059397,0.521241917879337,0.008297799971632425,10.635574594901819,9.0
artificial_perturbation,segment_anomaly,1.0,2_1_23_11_2_16.bin,3,1_23,1_23;0_38;1_24;0_40;1_22,1,1_23,1_23,1_23,0.9597593143982034,0.9819132618785247,0.9597593143982034,0.9712074720278763,0.5591011137904905,0.007124178973382605,11.873126253556308,9.0
artificial_perturbation,segment_anomaly,1.0,2_1_23_11_2_16.bin,12,1_23,1_23;0_39;0_38;1_20;1_24,1,1_23,1_23,1_23,0.4605066537569632,0.7614611655976906,0.4605066537569632,0.7034761457646096,0.5606291740592496,0.00708013762475359,9.649365042584229,8.0
artificial_perturbation,segment_anomaly,1.0,2_1_23_11_2_16.bin,20,1_23,1_23;0_38;0_39;1_21;0_40,1,1_23,1_23,1_23,0.6615273387843913,0.8724427780257948,0.6615273387843913,0.7829499737402787,0.5890554804424329,0.006302504566448713,8.681283195131883,9.0
artificial_perturbation,segment_anomaly,1.0,2_1_24_11_2_16.bin,0,1_24,1_24;0_38;1_23;0_37;0_40,1,1_24,1_24,1_24,0.8681488252936326,0.9482204053192999,0.8681488252936326,0.9195753784471091,0.3900612430110352,0.014126663715415209,11.519911169973422,8.0
artificial_perturbation,segment_anomaly,1.0,2_1_24_11_2_16.bin,2,1_24,1_24;0_38;1_23;0_37;0_40,1,1_24,1_24,1_24,0.5134725078399122,0.84620906876357,0.5134725078399122,0.6771027442199532,0.4828967046302682,0.009674070337070047,4.526475478729101,8.0
artificial_perturbation,segment_anomaly,1.0,2_1_24_11_2_16.bin,10,1_24,1_24;1_23;0_38;1_25;0_39,1,1_24,1_24,1_24,0.2970945469643483,0.673776664480501,0.2970945469643483,0.6199207180584663,0.7416276903608787,0.0031473584532739057,7.069227255207604,8.0
artificial_perturbation,segment_anomaly,1.0,2_1_24_11_2_16.bin,17,1_24,1_23;1_24;0_38;1_25;0_39,1,1_23,1_23,1_23,0.7422617503295398,0.8928901126167896,0.7422617503295398,0.8564883047781411,0.7774137261373271,0.0025866183366998062,6.256685008884217,9.0
artificial_perturbation,segment_anomaly,1.0,2_1_25_11_2_16.bin,2,1_25,1_25;1_24;1_26;1_23;0_38,1,1_25,1_26,1_25,0.05978378200701612,0.11857369994899158,0.05978378200701612,0.4456642223923051,0.6691738102475161,0.004466292116263343,10.997296580018048,9.0
artificial_perturbation,segment_anomaly,1.0,2_1_25_11_2_16.bin,3,1_25,1_25;1_24;1_26;1_23;0_38,1,1_25,1_25,1_25,0.4453130951093022,0.7807324047412985,0.4453130951093022,0.6970973463342207,0.5597006993816078,0.007106869208953309,12.831364391289945,9.0
artificial_perturbation,segment_anomaly,1.0,2_1_25_11_2_16.bin,14,1_25,1_25;1_24;1_23;1_26;0_38,1,1_25,1_25,1_25,0.7023503102868546,0.8524131254660514,0.7023503102868546,0.851171539337478,0.7128885612025088,0.0036384383978056104,5.9922581795466865,10.0
artificial_perturbation,segment_anomaly,1.0,2_1_25_11_2_16.bin,16,1_25,1_26;1_25;1_24;1_23;0_38,1,1_25,1_26,1_25,0.18547229135358972,0.2593823985080894,0.18547229135358972,0.5763819479125436,0.6098038448679682,0.005780681004322637,4.404256794953371,9.0
artificial_perturbation,segment_anomaly,1.0,2_1_26_11_2_16.bin,3,1_26,1_26;1_24;1_25;0_36;0_37,1,1_26,1_26,1_26,0.41098786422894823,0.7656059358962772,0.41098786422894823,0.6436528927164591,0.9419225013530662,0.0005570304141839507,10.211550466722358,8.0
artificial_perturbation,segment_anomaly,1.0,2_1_26_11_2_16.bin,12,1_26,1_26;1_25;0_37;1_24;1_23,1,1_26,1_26,1_26,0.9283403088366942,0.9393166832847134,0.9283403088366942,0.9628512832502589,0.6532320068726026,0.0047957631463809115,7.609326732594659,10.0
artificial_perturbation,segment_anomaly,1.0,2_1_26_11_2_16.bin,13,1_26,1_26;1_25;0_37;0_38;1_24,1,1_26,1_26,1_26,0.9680662216879944,0.9662566885821378,0.9680662216879944,0.983693493669462,0.690554493834551,0.004048297322906049,4.927676507278818,10.0
artificial_perturbation,segment_anomaly,1.0,2_1_26_11_2_16.bin,17,1_26,1_26;1_25;1_24;0_35;1_23,1,1_26,1_26,1_26,0.9523765765178563,0.9661545600580909,0.9523765765178563,0.9749474672744434,0.565899720562692,0.006930056300459175,10.09422415947894,9.0
artificial_perturbation,segment_anomaly,1.0,2_1_27_11_2_16.bin,1,1_27,1_27;0_36;0_37;1_26;0_35,1,1_27,1_27,1_27,0.14906455348561698,0.30613134825697697,0.14906455348561698,0.5744761055764394,0.7439189014333591,0.003109840447476189,5.584067430538326,9.0
artificial_perturbation,segment_anomaly,1.0,2_1_27_11_2_16.bin,5,1_27,0_36;1_27;1_26;0_37;0_35,1,0_36,0_36,0_36,0.28118646300416167,0.6469320379723544,0.28118646300416167,0.6404933334879632,0.6586639108801438,0.004681710087109522,8.790733784423626,9.0
artificial_perturbation,segment_anomaly,1.0,2_1_27_11_2_16.bin,10,1_27,0_36;1_27;1_26;0_35;0_37,1,0_36,0_36,0_36,0.6965261508138696,0.8634480982963211,0.6965261508138696,0.8481146949897568,0.7715831384835216,0.002674432298858644,12.742989530999413,9.0
artificial_perturbation,segment_anomaly,1.0,2_1_27_11_2_16.bin,11,1_27,0_36;1_27;1_26;0_37;0_35,1,0_36,0_36,0_36,0.6897494542319986,0.8627864044650014,0.6897494542319986,0.8446107526866609,0.677172721264507,0.004306822241896879,6.685867138034752,9.0
artificial_perturbation,segment_anomaly,1.0,2_1_28_11_2_16.bin,5,1_28,1_29;1_28;1_27;0_35;1_26,1,1_29,1_29,1_29,0.9130475816059627,0.946210914475577,0.9130475816059627,0.9565180030649394,0.5509070985097775,0.007364512423317933,8.6930917367722,8.0
artificial_perturbation,segment_anomaly,1.0,2_1_28_11_2_16.bin,10,1_28,0_35;1_31;1_28;1_18;1_26,1,0_35,0_35,0_35,0.9972788413688694,0.9814247150569662,0.9972788413688694,0.9980764579671584,0.668371192421093,0.004482504180647744,13.356870957309265,9.0
artificial_perturbation,segment_anomaly,1.0,2_1_28_11_2_16.bin,14,1_28,1_28;1_27;1_29;1_26;0_35,1,1_28,1_28,1_28,0.9282514571882662,0.9305155508966113,0.9282514571882662,0.9544191180980953,0.5482671225630709,0.007443473956950741,4.774088542910583,8.0
artificial_perturbation,segment_anomaly,1.0,2_1_28_11_2_16.bin,18,1_28,1_28;1_27;1_29;1_26;0_35,1,1_28,1_28,1_28,0.9996987629626718,0.9789452786791569,0.9996987629626718,0.9998456166435811,0.7959692422614514,0.002315717263630414,6.316748114895291,10.0
artificial_perturbation,segment_anomaly,1.0,2_1_29_11_2_16.bin,6,1_29,1_29;0_34;0_35;1_28;1_27,1,1_29,1_29,1_29,0.9997623362749285,0.988380863298253,0.9997623362749285,0.9998811439714789,0.6596144403778507,0.004661945044606567,12.677753364793727,11.0
artificial_perturbation,segment_anomaly,1.0,2_1_29_11_2_16.bin,7,1_29,1_29;0_34;0_35;1_28;1_27,1,1_29,1_29,1_29,0.9940171097532883,0.9887052124739334,0.9940171097532883,0.997008430165028,0.7701851919437798,0.0026956842519028166,13.474848338967242,10.0
artificial_perturbation,segment_anomaly,1.0,2_1_29_11_2_16.bin,9,1_29,1_29;0_34;1_28;0_35;1_27,1,1_29,1_29,1_29,0.9972509245375368,0.9887529504924776,0.9972509245375368,0.9986253369300373,0.6771971043721046,0.004306341888700819,6.37086521579158,10.0
artificial_perturbation,segment_anomaly,1.0,2_1_29_11_2_16.bin,15,1_29,1_29;0_34;1_28;0_35;1_27,1,1_29,1_29,1_29,0.9999992394770953,0.9777547623169104,0.9999992394770953,0.9999995781499217,0.8540014763028914,0.00154445770569011,3.302259117057962,10.0
artificial_perturbation,segment_anomaly,1.0,2_1_30_11_2_16.bin,1,1_30,1_30;0_34;0_33;1_31;1_29,1,1_30,1_30,1_30,0.9999355371264763,0.9670243708117868,0.9999355371264763,0.999967765734164,0.6025008165569573,0.0059602541386593304,7.8203000858982525,9.0
artificial_perturbation,segment_anomaly,1.0,2_1_30_11_2_16.bin,2,1_30,1_30;0_34;0_33;1_31;1_27,1,1_30,1_30,1_30,0.9999957309489248,0.9717077678868361,0.9999957309489248,0.9999978517302716,0.5222158917279656,0.00826547456064895,8.188939693720815,10.0
artificial_perturbation,segment_anomaly,1.0,2_1_30_11_2_16.bin,5,1_30,1_30;0_34;0_33;1_31;1_27,1,1_30,1_30,1_30,0.9999854597076234,0.9661112097438092,0.9999854597076234,0.9999924785815214,0.8936556640882545,0.0010750541207415639,9.411872988346797,10.0
artificial_perturbation,segment_anomaly,1.0,2_1_30_11_2_16.bin,13,1_30,1_30;0_34;1_31;0_33;1_29,1,1_30,1_30,1_30,0.9999999844850963,0.9738186237525995,0.9999999844850963,0.9999999922419455,0.6117304383223717,0.005734023016165133,4.2948445424927115,8.0
artificial_perturbation,segment_anomaly,1.0,2_1_31_11_2_16.bin,2,1_31,1_31;1_30;0_34;0_33;1_29,1,1_31,1_31,1_31,1.0,0.9835271328666869,1.0,1.0,0.7134132395041254,0.0036291183858360816,3.7354463047627733,10.0
artificial_perturbation,segment_anomaly,1.0,2_1_31_11_2_16.bin,3,1_31,1_31;1_30;0_34;0_33;1_29,1,1_31,1_31,1_31,1.0,0.986298128192515,1.0,1.0,0.5657139808613106,0.006935297787647361,4.367844590000053,8.0
artificial_perturbation,segment_anomaly,1.0,2_1_31_11_2_16.bin,6,1_31,1_31;1_30;0_34;0_33;1_29,1,1_31,1_31,1_31,1.0,0.9793583126372457,1.0,1.0,0.9584294175139477,0.0003918430530309169,5.480770951005333,8.0
artificial_perturbation,segment_anomaly,1.0,2_1_31_11_2_16.bin,7,1_31,1_31;1_30;0_34;0_33;1_29,1,1_31,1_31,1_31,1.0,0.9834153410108549,1.0,1.0,0.9022399002369412,0.0009788717246938018,6.482339486130395,7.0
artificial_perturbation,segment_anomaly,1.0,2_1_32_11_2_16.bin,4,1_32,1_32;0_33;1_29;0_34;0_35,1,1_32,1_32,1_32,1.0,0.9906146135426087,1.0,1.0,0.5620771501742668,0.007038625405581093,3.904326574709619,9.0
artificial_perturbation,segment_anomaly,1.0,2_1_32_11_2_16.bin,5,1_32,1_32;0_33;1_29;0_34;0_35,1,1_32,1_32,1_32,1.0,0.9939943403160598,1.0,1.0,0.6507015858263248,0.004849544242187758,11.04904113454122,8.0
artificial_perturbation,segment_anomaly,1.0,2_1_32_11_2_16.bin,9,1_32,1_32;0_33;1_29;0_34;1_28,1,1_32,1_32,1_32,1.0,0.9921281584942334,1.0,1.0,0.738779749235294,0.003194317174825045,5.7983331143758345,9.0
artificial_perturbation,segment_anomaly,1.0,2_1_32_11_2_16.bin,17,1_32,1_32;0_33;1_29;0_34;1_28,1,1_32,1_32,1_32,1.0,0.9737442822203223,1.0,1.0,0.8343715153675819,0.0017933362864702546,6.162798737866071,9.0
artificial_perturbation,segment_anomaly,1.0,2_2_15_11_2_16.bin,3,2_15,2_15;0_48;1_16;1_17;1_18,1,2_15,2_15,2_15,0.9999999994370261,0.9750176286935156,0.9999999994370261,0.999999999718507,0.5142273994185687,0.00853422284548103,3.933031680160315,2.0
artificial_perturbation,segment_anomaly,1.0,2_2_15_11_2_16.bin,10,2_15,2_15;1_16;0_48;1_17;1_18,1,2_15,2_15,2_15,1.0,0.9773781130350235,1.0,1.0,0.4714311662772541,0.010129066879430501,4.07893056912223,0.0
artificial_perturbation,segment_anomaly,1.0,2_2_15_11_2_16.bin,16,2_15,2_15;1_16;1_17;0_48;1_18,1,2_15,2_15,2_15,1.0,0.978993751830325,1.0,1.0,0.554009629413837,0.007272677765658475,3.792538054266799,0.0
artificial_perturbation,segment_anomaly,1.0,2_2_15_11_2_16.bin,20,2_15,2_15;0_48;1_16;1_17;1_18,1,2_15,2_15,2_15,0.9999698154866444,0.9415094525143813,0.9999698154866444,0.9999849076946739,0.7396908048865458,0.0031792557561587348,4.067458303572553,3.0
