file_name,experiment_id,corridor_id,position_id,filename_sf,filename_tx_power_dbm,filename_preamble_len,packet_index,sample_start,sample_rate,bandwidth,fft_size,symbol_samples,skip_preamble_symbols,feature_symbols,feature_bin_count,normalize,phase_mode,preamble_avg_power_db,preamble_peak_to_residual_db,preamble_peak_width_3db_bins_avg,preamble_peak_bin_mean,preamble_peak_bin_std,detect_score_db,detect_peak_bin_mean,detect_peak_bin_std,s17_c_s,s17_j_s,preamble_fft_mag_bin_-8,preamble_fft_mag_bin_-7,preamble_fft_mag_bin_-6,preamble_fft_mag_bin_-5,preamble_fft_mag_bin_-4,preamble_fft_mag_bin_-3,preamble_fft_mag_bin_-2,preamble_fft_mag_bin_-1,preamble_fft_mag_bin_+0,preamble_fft_mag_bin_+1,preamble_fft_mag_bin_+2,preamble_fft_mag_bin_+3,preamble_fft_mag_bin_+4,preamble_fft_mag_bin_+5,preamble_fft_mag_bin_+6,preamble_fft_mag_bin_+7,preamble_fft_mag_bin_+8,preamble_fft_phase_bin_-8,preamble_fft_phase_bin_-7,preamble_fft_phase_bin_-6,preamble_fft_phase_bin_-5,preamble_fft_phase_bin_-4,preamble_fft_phase_bin_-3,preamble_fft_phase_bin_-2,preamble_fft_phase_bin_-1,preamble_fft_phase_bin_+0,preamble_fft_phase_bin_+1,preamble_fft_phase_bin_+2,preamble_fft_phase_bin_+3,preamble_fft_phase_bin_+4,preamble_fft_phase_bin_+5,preamble_fft_phase_bin_+6,preamble_fft_phase_bin_+7,preamble_fft_phase_bin_+8
2_0_33_11_2_16.bin,2,0,33,11,2,16,0,18144,500000.0,125000.0,2048,8192,1,8,17,none,relative,-27.433277160963996,7.946944299994965,1.0,2001.0,-0.0,8.683007066324262,2001.0,-0.0,0.8749584594814503,0.023512063916459307,2.303502896042495,1.4297248280565693,2.9852566314094826,1.6601099176454297,4.378310443630966,3.2527337275993187,8.868783420280078,22.764902355943853,71.25143878207466,5.803528551844762,4.015512781550729,2.9861644130688605,2.3051038104480557,1.9623823769747304,1.5966598591928152,1.4118260081726934,1.2445386390959263,-2.5458567680904145,2.416867803418154,-2.7622549830803442,2.766188910875039,-2.942982337010836,3.076868825846038,-3.0476640352353783,-3.0699681907594942,-2.408268507488096e-09,0.0753560703098026,0.038731463088632755,0.06883230931290553,0.028363401203139578,0.06925654241171628,0.056134083365579755,0.055211121590866157,0.075756215025039
2_0_33_11_2_16.bin,2,0,33,11,2,16,1,2518768,500000.0,125000.0,2048,8192,1,8,17,none,relative,-28.98696432189093,7.9616859663647706,1.0,2005.0,-0.0,8.815426560390105,2005.0,-0.0,0.8770455372138322,0.20612826640299223,1.9582975809317373,1.3073676339267344,2.5632500147911204,1.5457425110186211,3.689084706507488,2.7889966541076565,7.428464658161082,18.513685181598692,59.32145253075448,4.629228622546688,3.1189592334757257,2.3236241979300734,1.7436811285762082,1.5457355712760619,1.1922649951655138,1.027972507924119,0.9393317126369486,-2.6789248743789673,2.378296762172411,-2.852155514124365,2.6380684641603884,-2.9850589217603765,2.975868999193078,-3.0863045063392884,-3.1137670534739477,-2.6859564961832438e-08,0.028449954382071332,0.05180882120437565,0.02378080091750699,0.078172433886122,0.09375201787780053,0.06355807878483895,0.10224130516995036,0.14083048983491953
2_0_33_11_2_16.bin,2,0,33,11,2,16,2,5023536,500000.0,125000.0,2048,8192,1,8,17,none,relative,-22.946977279398876,6.829246555701472,1.0,1041.9999999999998,-0.0,6.151851250834243,1041.9999999999998,-0.0,0.8424457493281305,0.042147218076384864,2.8437939098539355,4.066155258418107,5.097527442531133,4.518582922491494,9.091010757122353,5.20819929023278,18.566007052762043,9.862542728089446,117.31905154031452,16.016821904342788,36.4007349990367,4.743076777611051,13.686563120476414,4.50203280273972,7.740246906653959,4.3206371122807345,4.815231470148518,-0.8143502386655279,0.8525450759196576,-0.5917760478409787,0.9015654431654682,-0.3856735636418912,0.8623008878310892,-0.2010427774897531,0.43713532940751826,-4.117909160946201e-10,0.3546257778176713,-2.962542971190643,2.080373052444228,-2.7682040411411677,2.1669508064322467,-2.5670111648760856,2.327258790610896,-2.3663981441765936
2_0_33_11_2_16.bin,2,0,33,11,2,16,3,10019984,500000.0,125000.0,2048,8192,1,8,17,none,relative,-30.461203784852586,12.908804197199547,1.0,1999.9999999999998,-0.0,13.757805186718667,1999.9999999999998,-0.0,0.9660010203558218,0.018847964063482374,1.1876620674169283,0.7143450850842672,1.501786954532539,0.5905645195743396,2.0229945953237585,0.7559713086892417,3.926282035943437,8.202212552290234,52.63606961792529,0.9945655672759324,0.7045951912157971,0.7128777017254126,0.5591833745705898,0.48430391259224004,0.44830128503705285,0.3908458007681108,0.31327343388351736,-2.2345253679095323,1.8379413815773518,-2.48084497123675,1.989870872007645,-2.7160823949083035,2.857569799622003,-2.9484069600682763,-3.027766128856626,-8.61870709295408e-09,2.3521232779406183,0.3776518564510204,0.07427896254827339,0.3185429709397559,0.023896304839269192,0.21162289135634607,0.09367104072414242,-0.02158515913217618
2_0_33_11_2_16.bin,2,0,33,11,2,16,4,12520496,500000.0,125000.0,2048,8192,1,8,17,none,relative,-25.300156964004685,10.052811064635739,1.0,2002.0,-0.0,10.806260086380469,2002.0,-0.0,0.9212262275667886,0.020554820910778957,2.6023961935940516,1.585953969473674,3.3928110542317365,1.6803222186168172,4.85627078425297,3.209576195768626,9.749195471501253,23.094435882042617,93.69469387695999,4.517160962810239,3.624156956706272,2.800943287138301,2.188659901192615,1.7930596682790594,1.6066823716503973,1.3643253254763263,1.208797977326638,-2.4741090017714016,2.275099321441944,-2.703208639889661,2.5570601398264414,-2.879911432300944,3.023865010230543,-3.0230812315065214,-3.066838971463061,2.1295039234125726e-08,0.12104911786075619,0.10479188098734857,0.060666837150371494,0.08385939673158961,0.07178103000325607,0.09534149842502081,0.07246301067231521,0.04830599532149062
2_0_33_11_2_16.bin,2,0,33,11,2,16,5,15024144,500000.0,125000.0,2048,8192,1,8,17,none,relative,-23.493754381279462,2.3262679584182044,1.0,782.0,4.857023409786845e-06,2.9210681745423663,782.0,4.857023409786845e-06,0.6544664113024089,0.044247125100328764,6.150713576737672,9.773567150716772,2.600101203422561,12.406839877477804,8.128134946428501,14.54395762449687,43.65770764483738,38.91827091822445,96.0713475064538,15.87133533347006,15.30422835524223,13.822708229435488,2.3936416759963137,10.093530234905288,3.5585888793942653,5.662744783486528,5.658727938808674,2.746141473264423,-2.7769978972868277,2.0844853686887093,2.9661500784090697,-1.7991617643322657,2.5337904168475114,-2.4518851393606553,0.9668133073030734,2.1655146036098233e-08,1.1016819135003428,-0.5172736091501476,0.6474621906991506,-0.8444227499858651,0.10058982911988329,1.2091633572779474,-0.46112292580208863,0.7233329120095083
2_0_33_11_2_16.bin,2,0,33,11,2,16,6,17524144,500000.0,125000.0,2048,8192,1,8,17,none,relative,-24.358867109029546,4.284560476613228,1.0,679.0,4.857023409786845e-06,4.246502241629738,679.0,4.857023409786845e-06,0.7535378932742977,0.01443686513961361,4.918585451253505,3.1429369007020553,8.574935891740907,10.65070495213482,4.009223266095496,17.044322974820993,27.19838854142219,28.571192111658608,93.48356979365273,19.600280075730296,9.742277227840018,12.83665623263798,5.350506655806498,5.359023500124006,6.871538535727808,2.4789514745511676,4.111184289331911,-2.477854855880416,-2.0588298973924157,3.0646429199465794,-2.717713521409352,2.6593072043951564,2.95501229087723,-2.2953606836282314,2.1866615322633316,-6.672048712971072e-08,0.5383050604057577,-0.3400311228972608,0.1487831835148555,0.6905451587991831,-0.37099541862175817,0.2945542525076773,0.6485248856317256,-0.29841113400783237
2_0_33_11_2_16.bin,2,0,33,11,2,16,7,20021424,500000.0,125000.0,2048,8192,1,8,17,none,relative,-22.93945080410801,15.390006461554947,1.0,1999.0,-0.0,15.620817452722914,1999.0,-0.0,0.982864054657759,0.006981918817924043,2.3939649464118498,1.74214297426573,2.706838672064486,1.4338233674610004,3.3464982300917603,0.7935025024009934,5.872510362031923,11.122502933057357,127.22910044679666,8.681421284460622,1.7829256322865499,0.8778901767936472,0.5934503778731793,0.5209962031438569,0.39819553846995276,0.31702194565173636,0.31677641945628493,-2.045730290146447,1.4081412942271496,-2.3459206443945053,1.1555245538960865,-2.6522043636615873,1.4355471629721352,-2.8877364026090677,-2.9883676883251695,1.632553258996012e-08,3.0033653677854883,2.7455236923641175,2.5117305184010714,2.245166161228613,1.9041005490421197,2.034739811176254,1.790910761844086,1.6214475989051966
2_0_33_11_2_16.bin,2,0,33,11,2,16,8,22521968,500000.0,125000.0,2048,8192,1,8,17,none,relative,-22.060879111021162,2.4144938178513735,1.125,1997.0000000000002,-0.0,2.9900255706630023,1997.0000000000002,-0.0,0.6483415872843439,0.04811118557514235,5.190921680892337,4.205099964905705,7.275048139150173,5.41362596987118,10.9765940859276,10.323997778661399,23.5620986801718,72.72864886594274,113.73028817167095,20.865335397990894,12.496709691341696,8.944334288810595,6.938689880479809,5.717588525735587,4.83778040954802,4.183531298076287,3.7134169883888064,-2.6872720459141735,2.6720619498309928,-2.848844303945871,2.8752658778711897,-2.991271405511556,3.0763415261517513,-3.0812739292891504,-3.0887113880487087,-9.059978922348873e-09,0.016454852925215844,0.020715162404441746,0.017698183739759427,0.015957562664120798,0.01710778317207368,0.01831163269523357,0.003516180002574371,0.013300804866265475
2_0_33_11_2_16.bin,2,0,33,11,2,16,9,25022576,500000.0,125000.0,2048,8192,1,8,17,none,relative,-23.269227191483772,8.374331211643117,1.0,1998.0,-0.0,9.106611040947396,1998.0,-0.0,0.8857141517480487,0.02079253581535137,3.619643543185719,2.574668313537725,4.836772709906555,2.847630922556947,7.0211569690323135,5.26328167480013,14.217259622467687,35.162875346368416,115.95266691245097,8.575456275049698,5.9854904974104555,4.356818264454786,3.4282026711069618,2.709747480547717,2.400643508333655,2.004759280523588,1.790912646805904,-2.521528949626031,2.4637378768612277,-2.723680200862316,2.7065778735039983,-2.902258720920586,3.0505117452254567,-3.024182972072283,-3.06793453176472,1.49481146824088e-08,0.07438099425759756,0.09241895517339889,0.0628076037359539,0.08621101114236575,0.0833329934521205,0.08478795835378888,0.08057264130364747,0.07355835595437273
2_0_33_11_2_16.bin,2,0,33,11,2,16,10,27522992,500000.0,125000.0,2048,8192,1,8,17,none,relative,-23.795871524215197,9.758663223746465,1.0,2003.0,-0.0,10.557975504522608,2003.0,-0.0,0.9161026890173687,0.02474563842742656,3.1762983511625564,2.0238314560618913,4.214646307585966,2.064071707673089,5.939479223510249,4.053674429840684,11.745988800238464,28.46096472993705,111.13233341398544,5.514163603872232,4.54336544690741,3.3777668311673077,2.627958060132046,2.1853400597647306,1.7956431685159864,1.6158681568330968,1.3750192363949068,-2.550087195806923,2.2430776722479173,-2.763867893673647,2.597857012110203,-2.9391363834591293,3.0428109476970318,-3.059992591792812,-3.074006340704662,9.177611090514786e-09,0.1604857309381824,0.08111696289803008,0.16458271543698205,0.09419424361671182,0.13698044190926123,0.13941719866504146,0.1273667417292088,0.154422653476907
2_0_33_11_2_16.bin,2,0,33,11,2,16,11,30023376,500000.0,125000.0,2048,8192,1,8,17,none,relative,-25.113574758696107,10.262891827616745,1.0,1999.0,-0.0,9.473671313662823,1999.0,-0.0,0.9256890292444826,0.006078358558610546,1.8012053264063557,2.1486484785926527,1.6612144499592438,2.8387692146017813,1.513944940685367,3.90270971786706,2.017286333870669,5.394594120497791,95.91474249216004,23.606424014269287,7.543494903425069,4.499023063465755,3.2112647230199243,2.46044219253527,2.0549305358821983,1.7841133870132193,1.5239025119869456,-1.231972393627685,0.6086911946667634,-1.3267072144233978,0.3436408175067478,-1.1483833354768893,0.08950181353495834,-0.7023396276270407,-0.18867860141241496,-1.7500603816237068e-09,3.0848824697711095,3.0624304289506443,3.0638147913305245,3.0661932607815117,3.0508527849277685,3.068536763716042,3.066752922567845,3.0622459965652205
2_0_33_11_2_16.bin,2,0,33,11,2,16,12,32524016,500000.0,125000.0,2048,8192,1,8,17,none,relative,-28.2807360055051,6.057604325865605,1.0,1997.0000000000002,-0.0,6.832473649342628,1997.0000000000002,-0.0,0.8169985925986931,0.07882571174654883,2.402290494439119,1.746490280576352,3.1560063287810003,2.09380026194026,4.614411144419009,3.8638505137886003,9.465619968963528,24.823974432181018,62.226909924636445,7.0111385921680025,4.370983159734526,3.1816306003596413,2.4312332611007252,1.8907771586378863,1.637098397836164,1.3828544672555083,1.204268757894282,-2.576651686975424,2.6760528508045067,-2.7596706710246255,2.8263510935582468,-2.9144410827899243,3.082083054208595,-3.043430478538366,-3.0773583153293247,-7.632652506423699e-09,0.019703307251386647,0.03066813896779275,-0.0008830036378135608,0.03084746206292676,-0.04291969130876373,-0.014267520902020131,-0.034083918152286154,-0.04253989399761469
2_0_33_11_2_16.bin,2,0,33,11,2,16,13,35020656,500000.0,125000.0,2048,8192,1,8,17,none,relative,-25.539131585985636,6.323767610710451,1.0,1039.9999999999998,-0.0,4.293835596424458,1039.9999999999998,-0.0,0.8270566017381482,0.054336387064822085,2.472341370604622,3.375714866741091,4.24500188641484,3.826179665359669,7.321837569846638,4.890513743366501,14.639705257205318,10.857815240275585,86.06834101506041,5.7250127278573535,28.91543325098373,4.418880208639705,10.743587965843995,3.628550857593474,6.011194349286673,3.3335708865838485,3.8374730630901372,-0.5987146646100813,0.6453734317885947,-0.46628322787154874,0.6598941588951616,-0.3159292104868149,0.5620412671507696,-0.16549005666618063,0.2717628562564468,-1.7575393490369816e-08,1.2233765319058303,-2.9931872861126867,2.485678403703822,-2.830122703055687,2.4033227933838273,-2.6528994218767252,2.4593580882507804,-2.49121263375408
2_0_33_11_2_16.bin,2,0,33,11,2,16,14,37524144,500000.0,125000.0,2048,8192,1,8,17,none,relative,-25.444661319452884,10.041262389933568,1.0,1806.0,4.857023409786845e-06,9.581953272683833,1806.0,4.857023409786845e-06,0.9246163896205457,0.008713332495071637,0.6793236731571759,3.6913954207855104,3.6347510265087437,3.550214380679421,6.366996712595787,4.054612896909288,8.228176611738832,8.045003017090124,92.2079792168018,18.326617347392983,6.968476369973738,5.190765957562987,4.215404193822632,3.563567678053192,2.940041726166372,2.2698391297104616,1.7070117670081568,1.164039809174587,-0.2943964278617421,0.338639053010906,-0.7271098646617635,-0.4047723018117302,-0.7213234959073116,-1.086911489933235,-1.2206087705089224,1.307560472419587e-08,2.978736002186888,-3.14125560652154,-3.0867367521499247,3.116436869023513,2.9598498577365766,2.8557917158352626,2.7114738781488823,2.654065113635643
2_0_33_11_2_16.bin,2,0,33,11,2,16,15,42523248,500000.0,125000.0,2048,8192,1,8,17,none,relative,-24.475613616665946,7.647914034066403,1.0,1374.9999999999998,-0.0,5.3142940452047736,1374.9999999999998,-0.0,0.8652303561743485,0.03187742836702772,2.609356779653385,3.3019150149852763,1.9821800583756444,2.8088135172402704,3.9618602961313285,7.239766532742722,1.6772602665259626,11.567487966274067,99.67789058968411,32.38508053495608,10.560159853376115,8.769150554836475,4.683262790663363,2.740790180218095,3.925421731759264,2.92120380116717,1.43539598315795,1.5171446573335587,1.0813967506187065,-1.6447129333729953,-2.6823744252417385,0.49866935073956037,-0.31532366780872917,-2.7920480747835215,1.360261803125006,9.469610316877742e-09,1.2893927326456591,-1.1284971606047756,-2.757197533804433,1.9676962969757736,-0.5356553761548261,-2.3591188875779463,2.46625087209875,0.23327786899578817
2_0_33_11_2_16.bin,2,0,33,11,2,16,16,45024144,500000.0,125000.0,2048,8192,1,8,17,none,relative,-22.651640530651576,13.247136891205933,1.0,1451.0,4.857023409786845e-06,12.026050044814543,1451.0,4.857023409786845e-06,0.9642410097740588,0.03683560441285874,3.0471175704996787,1.9322080938075799,3.7082038034670735,1.2752495597219466,4.360830608194714,1.826943225720726,10.167401687203395,20.226632273887766,130.17672216170254,3.5900421952805597,3.0241473621732453,1.7411718450975924,0.6812694006368687,1.4618883194302432,1.3019294210668932,0.699301026410109,0.5970607069251725,-1.2093183887626056,0.8713135588204245,1.1825709770121327,-1.8265065276917405,-2.1902990161555196,1.1382372941309864,0.30423098554712247,-1.2447892013690602,-2.71100461354576e-09,2.0396502348603396,-3.0974281435218205,2.0202725274462483,-0.6273712190653947,-2.3314376786257376,2.6830933960096575,1.2172993523497844,-1.1616625013975714
2_0_33_11_2_16.bin,2,0,33,11,2,16,17,47524144,500000.0,125000.0,2048,8192,1,8,17,none,relative,-22.677950966422202,12.091999181704502,1.0,1360.0,-0.0,8.525743100429004,1360.0,-0.0,0.9497775986479107,0.021131557972663792,2.3460148506497815,2.5799728151023573,2.2490513175656477,3.436290925839403,1.5606313062533868,3.803090358972337,2.500666237197321,4.052581530805105,128.86056825767497,25.74611322026501,8.258666182173426,4.158920799207421,3.234761524784747,2.5806523030571826,1.8696208099186893,1.6627350066032816,1.5927367823423886,1.8078755772115223,1.8971213692789128,-2.40964475388169,-2.415413671312084,-0.0655767185501373,-0.3282293864567754,2.7781839520216907,1.9340655643087037,-1.548562824025698e-08,1.0811313927558783,-0.7898289106553134,-2.800134154208488,1.408551508733109,-0.39950802055965134,-2.3175980465190595,1.833970213375501,-0.037966746129963896
2_0_33_11_2_16.bin,2,0,33,11,2,16,18,50024144,500000.0,125000.0,2048,8192,1,8,17,none,relative,-20.79173700301297,6.122865726086138,1.0,1148.0,-0.0,5.548304150166067,1148.0,-0.0,0.8145214414996063,0.04025729144730539,5.055606773264353,4.204805561192151,6.6859787936420885,5.818499343701724,10.981495707295068,9.527133795707002,26.456933152294177,57.67112394756143,147.9138058254084,14.65822571554619,12.484603871293531,8.785091315832766,5.583677748984327,6.421800744080867,3.382530649895577,4.6212930206541145,3.1262598289072656,-0.6472119368827961,2.2647202619262203,0.37695009612389846,-2.945424980245094,1.3760038391503697,-1.831781923084739,2.2941116790865537,-0.4922473284105858,-3.663883878110886e-08,-2.3020271030558885,0.9018068064399847,-1.274538826487853,1.9483938325251948,-0.3694075327660282,-3.0196595397450845,0.47862391576003394,-1.7902542770707286
2_0_33_11_2_16.bin,2,0,33,11,2,16,19,52524144,500000.0,125000.0,2048,8192,1,8,17,none,relative,-24.483861883308666,3.4801507695740814,1.0,1048.0,-0.0,3.147008891636251,1048.0,-0.0,0.7041755242037621,0.04689487525176825,4.3449467832881705,3.293830609382467,6.1374358101863065,3.7168456016846863,9.3639845103447,6.220682338324572,20.702611780238502,48.57475312218453,89.51462064932228,11.75704388663374,10.457591063509112,5.631692578166824,5.551602296385219,3.821815482593588,3.6815333566966886,2.9824817915718222,2.669174055018181,1.9784780473352048,-2.1985942810382095,2.2327244085096627,-1.6036472934782224,2.5119296672154534,-0.8624481806765194,2.831420680202209,-0.173898051925691,1.2477614414336721e-08,-2.811375752165464,0.408065075570832,-2.3187960139277135,0.7949919138159572,-1.8488050700943293,1.2018181703978503,-1.4017122875623225,1.613111708066547
2_0_34_11_2_16.bin,2,0,34,11,2,16,0,2378752,500000.0,125000.0,2048,8192,1,8,17,none,relative,-30.219868629053632,4.105615316912321,1.0,1398.0,-0.0,3.1034706445974036,1398.0,-0.0,0.7459722070009132,0.019110097187490137,0.9895985060361966,1.8509546923613753,3.4593073463294433,3.941331927682731,4.520815473827313,5.681815174497162,7.870520106009819,18.428082851318486,47.01475729224931,12.575559590544575,7.275040330510916,4.415212290693408,3.5435821742795954,2.9913879224900106,2.3898324490711813,1.9566219063005574,1.7913572153300161,-2.986022260394465,2.8636122008117555,2.901563208752123,3.123312103592172,-2.8245263349601495,-3.0149028525301667,2.8868500045830165,-2.9150404083695762,8.076473041383025e-09,0.31409502078600576,0.0388109345932554,0.006058996118606825,0.12152835433919663,0.0886287155243203,0.02795988939105552,0.09254206898471388,0.09857014232106216
2_0_34_11_2_16.bin,2,0,34,11,2,16,1,4881232,500000.0,125000.0,2048,8192,1,8,17,none,relative,-25.704326277343526,10.064186060577384,1.0,1998.0,-0.0,9.228652497274133,1998.0,-0.0,0.922510243936647,0.03267679388570213,1.6358900223758057,2.0695520222715866,1.4887090300088444,2.761239802075971,1.3041817316095536,3.757824296892414,1.8451538028286076,5.234700904826301,89.41211034833286,22.456530277578473,7.225205662677782,4.234444282291506,3.0406750440689416,2.311279573977023,1.9883639921941205,1.6599214902187804,1.4935835657313847,-1.2131362598788125,0.6553043369428514,-1.2811123265064672,0.39466096335165846,-1.13573156088311,0.14370093615950114,-0.6217111806790152,-0.14907074036769832,2.142617212943663e-09,3.087288912633837,3.053595123486653,3.0507463233827115,3.049157945491483,3.063264144237727,3.009750998648947,3.029209660867496,3.019209767958045
2_0_34_11_2_16.bin,2,0,34,11,2,16,2,7381616,500000.0,125000.0,2048,8192,1,8,17,none,relative,-28.41007731719607,14.523253432491604,1.0,2002.0,-0.0,15.049797461885825,2002.0,-0.0,0.9797247634367053,0.006420467860097125,1.317087464971556,0.8853171019261308,1.6518223325341899,0.6840348880211817,2.1331620402279965,0.5455433594692533,3.781777584754735,7.334620801364582,67.34549321977046,3.173969099159642,0.6571813567382567,0.32371539257356374,0.2842200283820498,0.2573892537938278,0.2518230218796111,0.17145864154660118,0.1943918817885401,-2.1776908640114105,1.5719548596278299,-2.4695491502742573,1.4172333821865881,-2.7043267736716814,2.181505796416473,-2.9350824498353156,-3.045557549219568,2.3380453936343215e-08,3.033936010991764,2.459776382886191,0.5500757060694088,0.8338881599117373,0.7372905008955335,0.6053602324413281,1.2674117498065778,0.6784122217353474
2_0_34_11_2_16.bin,2,0,34,11,2,16,3,9882064,500000.0,125000.0,2048,8192,1,8,17,none,relative,-34.37837965751398,5.963448774499764,1.0,1997.0000000000002,-0.0,6.7224268512301535,1997.0000000000002,-0.0,0.822355083638082,0.14526883980174238,1.1094603515653727,0.747608674608103,1.4607451539663128,0.8945360988686196,2.160296772133095,1.8488208514536897,4.403758190370847,11.951458755734642,30.452656596234206,3.304806128409103,2.2524197623836133,1.5348589643969706,1.2146462450280575,1.080846959576815,0.8157717535181963,0.8025840143508488,0.600302346171836,-2.6095514946642724,2.5313090322343075,-2.836212830227973,2.8189575507320006,-2.95773316727408,3.0776872782341793,-3.0711506752386346,-3.096601197052337,1.0824510686757415e-08,0.018638649400472967,0.012904233543657198,0.06470348874405965,-0.01630674138022209,0.07762023284059014,-0.03232250019819373,0.06294423345833468,0.031630342105452354
2_0_34_11_2_16.bin,2,0,34,11,2,16,4,14882448,500000.0,125000.0,2048,8192,1,8,17,none,relative,-30.86944901735229,3.662621229695464,1.0,2003.0,-0.0,3.0287732219813357,2003.0,-0.0,0.7171115414711362,0.05930241877256727,1.2171258799695703,1.7950860193401441,1.1916191352193999,2.4817121931942707,1.5943827727913429,3.6498903536910485,3.2212667217344952,7.659310141978017,43.00744529331892,23.289732667906843,6.9365694949480945,4.082328352579425,2.982249381089339,2.2946484433172407,1.9024315068224225,1.604505069868987,1.4389869261980348,-0.7808502820009281,0.3328727641103204,-0.6481870720494528,0.19868483580026947,-0.4111268207040944,0.07004079186720893,-0.1326155392568811,-0.014814015472480574,2.2879436610396604e-08,3.1214973666199968,3.1100799410459183,3.1173834147065156,3.098652054610926,3.1394042413223926,3.105728743296107,3.117488723151115,-3.122449577837263
2_0_34_11_2_16.bin,2,0,34,11,2,16,5,17383056,500000.0,125000.0,2048,8192,1,8,17,none,relative,-30.199594404637715,3.2310352301586533,1.0,2004.0,-0.0,2.651634429755446,2004.0,-0.0,0.6939295805378161,0.10904363326268475,1.2868916320129888,2.0292790687681945,1.3726349973451282,2.729939570102747,1.7957175954152125,4.137166977283502,3.595439756396913,8.622724155733263,45.634217695875385,26.25330710807158,7.782942549947509,4.589484518662585,3.343054050968187,2.5322339756025696,2.153527904951655,1.7793044337366373,1.5962522318969086,-0.7345294704945979,0.34014943180542073,-0.6391025191037775,0.1744624325207215,-0.3602609022835978,0.059348218727190136,-0.14432511295740835,-0.0037078954341356503,2.7144029251515267e-08,3.120285770604876,3.102875865873662,3.118704828704872,3.1272291117529964,3.1348603486391373,3.1245839712685974,3.137202200608008,-3.1169340540529964
2_0_34_11_2_16.bin,2,0,34,11,2,16,6,24884336,500000.0,125000.0,2048,8192,1,8,17,none,relative,-28.64148039645758,6.512172188004094,1.0,1999.9999999999998,-0.0,5.804151643148476,1999.9999999999998,-0.0,0.8311315751291086,0.07260296391888589,1.495353711444921,2.002830359865476,1.441378663928493,2.6612475557201027,1.6937594826079903,3.9798211846530256,3.009744739833104,7.513001294015685,60.30888973111449,23.1945562840973,7.23891670618125,4.223757311793027,3.0858218626980154,2.3460253811475504,1.9696832243369562,1.6621953443446569,1.4346427725974076,-0.9051992926889963,0.4198438281101861,-0.8210299815180029,0.23954826209618055,-0.6085017149287189,0.06396928518110913,-0.27723484831220757,-0.052254718436920575,2.410134300978416e-08,3.1062776269411043,3.096658594118811,3.12174357575604,3.0870645763685847,-3.1323201548978123,3.0996936709938,3.11562913890702,3.122672114780751
2_0_34_11_2_16.bin,2,0,34,11,2,16,7,34884752,500000.0,125000.0,2048,8192,1,8,17,none,relative,-28.796906491212493,1.7856255286463043,1.0,1616.0,4.857023409786845e-06,2.681919994169405,1616.0,4.857023409786845e-06,0.6237981150058531,0.03600041900285146,2.872506904467454,2.7757294742010754,2.98328024534578,3.3957835395227063,4.606448926100789,9.07134811088737,12.676856496864897,13.062127252785576,50.81614425488316,27.60999810448582,13.65944435719322,8.59144735285398,4.639509092596201,2.4306199241744295,3.060896295922749,3.6345962683585133,3.3361161011456524,-0.30733730038360596,-1.2839703057339655,-0.940048311730665,0.14884830681556244,-0.013262873961966324,-0.6181470391786417,-0.826483002169237,-1.2235024162889248,-6.306581895855096e-09,2.9889222567820966,2.838020973093136,2.530506785961069,2.353415595282205,2.7040787375821806,3.090050227050444,2.9051825782409284,2.5918047812502443
2_0_34_11_2_16.bin,2,0,34,11,2,16,8,37384752,500000.0,125000.0,2048,8192,1,8,17,none,relative,-33.20923878966592,2.328189579173112,1.0,1578.0,-0.0,2.9087190657417694,1578.0,-0.0,0.6577058576167105,0.17094346488115084,1.1678346362448613,2.030261278042155,2.2424257057757826,1.5183721334936724,1.9094778622427722,4.842720834696582,7.004936025714453,7.508592140396813,30.99159628190673,16.104410267813858,7.191387172600446,4.429685770043617,2.5012178977475834,1.8556292303329207,2.0714445169619378,2.0371679269062315,1.4914097741400858,0.00019545435081613953,-0.8055529541728279,-0.5755693562139655,0.18815547322362874,0.05608288884753497,-0.359378442411878,-0.5225052629562167,-0.8821467436860064,1.7713212055634907e-09,3.0118092618513335,2.9618622256415614,2.745800178756701,2.749955607352552,3.0850088313600663,3.0717082380604492,2.894149115024792,2.681689951068469
2_0_34_11_2_16.bin,2,0,34,11,2,16,9,44884112,500000.0,125000.0,2048,8192,1,8,17,none,relative,-36.27334390890038,4.1356879821264,1.0,1039.9999999999998,-0.0,2.44987031095369,1040.2499998529313,0.4330127231092809,0.7557933050571115,0.08083334934796105,0.7276173959753756,0.9210032888976298,1.2585484545899672,1.0794953592037615,2.1837282986984223,1.1941310069169684,4.470863330845319,1.7179634798560919,23.03967949973645,5.158958586213119,9.50274896605552,1.1642599951813184,3.4147774849559243,1.1243757075256395,1.8804812792560088,1.0794513644790338,1.1936555996491165,-0.8247515341216548,0.875626668907924,-0.6299206953335473,0.9707028693713257,-0.40534426532064066,1.0287978763613441,-0.18639426570101847,0.6373217975807809,3.452022528418803e-09,0.3321146435667068,-2.9355104605726132,2.080165171648693,-2.741907150665223,2.159100568543025,-2.5387580141017083,2.2985997830641463,-2.2998071967362232
2_0_34_11_2_16.bin,2,0,34,11,2,16,10,47380016,500000.0,125000.0,2048,8192,1,8,17,none,relative,-29.675499010889965,10.949761184042778,1.0,2027.0,-0.0,3.940320648027896,2027.7499960291277,1.2990386788106933,0.9505065765427589,0.0290791297747163,1.8109237807537657,1.3993915792753961,2.2095356550356007,1.3011976452919658,2.859039973446115,1.8721642319842513,5.078531159812361,10.640829870977953,56.988602015061254,1.126812578021457,0.731297922751621,0.6852611618021343,0.5936475245511994,0.613636995552694,0.5782139760710945,0.596829337122855,0.5920774393652133,2.9537722401015234,1.8430670657447954,2.9455336337001863,2.08644830458504,2.9503255560059922,2.6096898227423906,3.021352862808868,3.094373272605906,5.125558866172825e-09,2.250979918551185,1.0028841371200694,1.396614490734759,1.5086095834307525,1.8021646308977683,2.0510872020282673,2.275890969512764,2.295450426776413
2_0_35_11_2_16.bin,2,0,35,11,2,16,0,1684480,500000.0,125000.0,2048,8192,1,8,17,none,relative,-35.133741673094185,4.9033244768268975,1.0,1859.0,4.857023409786845e-06,5.752758748695056,1859.0,4.857023409786845e-06,0.7828200829466301,0.02672638291321158,1.1043284741101298,1.5901917077277856,1.979540489351603,1.9539810479183592,3.022193494162498,2.9417319929396437,5.2433260431762925,11.442892965475432,27.182687353141453,1.767744513034835,1.523764750968983,1.296827309757609,1.5003838867603463,1.3330484340972966,1.4232225385259683,1.3313771751859207,1.2267485159062743,0.03151440482305914,-0.9964547386578921,-0.7458379645896777,-1.4924482001471295,-1.4534233954845708,-1.9524112910489013,-2.2020160734136844,-2.620023716890786,-2.201992389497622e-08,-0.8621010538219104,-1.6596984280635947,-2.2690459349731897,-2.7007567012416733,-3.039106323309514,2.8786099897225568,2.651620371419685,2.3048052888285584
2_0_35_11_2_16.bin,2,0,35,11,2,16,1,4185712,500000.0,125000.0,2048,8192,1,8,17,none,relative,-33.20079461167333,2.3361043685730936,1.125,1999.9999999999998,-0.0,2.8795891381756844,1999.9999999999998,-0.0,0.6508955469368902,0.024236061060488298,1.4682124805315047,1.1635132710453124,2.0198760992232345,1.4385743994619609,3.0703194123199857,2.7621241067392015,6.469697264657125,19.77414421099332,31.074430338063046,5.705208631239855,3.3322077891010675,2.445131408017537,1.8647007254071868,1.5394574113755355,1.3547056473453396,1.1427573170470666,1.0448670367744473,-2.7322781986763145,2.63730042792185,-2.8668193836941898,2.8531140367641967,-2.9921697449635603,3.026013197686976,-3.1025478797023194,-3.1168836287621757,1.1918612678006395e-08,-0.012751855227881003,0.027814702673023002,-0.039390841741247365,0.029282590550660223,-0.023680607667527633,0.07580703523665795,-0.058551979101121664,0.03732161615773987
2_0_35_11_2_16.bin,2,0,35,11,2,16,2,6690480,500000.0,125000.0,2048,8192,1,8,17,none,relative,-33.742781088788064,5.424968179448364,1.0,1019.0,-0.0,4.207639994737253,1019.0,-0.0,0.8002724048635952,0.1015554568114483,0.8004435919433835,0.9229772833083878,1.1032014520431568,1.0995151982226958,1.8049363127262485,1.5143977721507298,3.712255454016735,2.141277523965007,32.19745143367608,12.516551300000579,7.512289201973634,1.6610683755973767,3.065346480438443,1.1022286476204288,1.8276830599053617,0.9086006968856831,1.2490294100255765,-1.2525865354861088,2.1315311486180675,-0.8188961651890106,2.2839930254386953,-0.43932082223134244,2.4414854651483777,-0.17902133443845886,2.671387433596641,1.7877678323430722e-09,0.13214786272991055,-2.943051574271618,0.6353922622856861,-2.775655871840216,1.0406083148302896,-2.6188948116082535,1.3860181515622791,-2.380209676216504
2_0_35_11_2_16.bin,2,0,35,11,2,16,3,11690480,500000.0,125000.0,2048,8192,1,8,17,none,relative,-36.788571004351866,9.000837357995747,1.0,820.9999999999999,4.857023409786845e-06,7.538256407243395,820.9999999999999,4.857023409786845e-06,0.9234041707518176,0.43304529295540384,0.2215626500543091,0.961211568971419,0.4853910357340614,1.22860203063177,0.652001676928974,1.3540793650490157,1.4931721437172683,1.2100665279900065,23.65622927572096,4.26031903238909,3.313904908911865,1.242734486573043,1.0527378309606221,1.067122514649922,0.26150711504084856,0.8071514592275502,0.19394573978163365,1.5977040241770009,0.3352368768037053,0.5670560197948835,-0.4184683523091979,0.18153650011310274,-1.1046304342703057,0.11344508178859795,-1.0174617490800018,-1.4863431536599161e-08,-0.6727920714402247,2.514333814016095,-2.12816621727911,2.0312703788619295,-2.8244980428790996,1.3056078397942357,2.976726968100946,-1.4193412972115373
2_0_35_11_2_16.bin,2,0,35,11,2,16,4,14190480,500000.0,125000.0,2048,8192,1,8,17,none,relative,-29.741790132389955,12.384208525192616,1.0,649.0,-0.0,11.917553703657713,649.0,-0.0,0.9616103473192612,0.17217432840660132,1.4538822091691637,1.1448392975477035,0.6803729071661299,1.0231684920723054,1.09313149358085,2.7882811137092314,2.5644637224716176,3.607942342813006,56.9350952644719,8.35719271623002,3.0306375549457965,2.956151386068787,1.0023259231327684,1.0378166410023615,1.3385611312587244,0.4406193804165518,0.669509845431183,0.035562381615142136,-1.2011595628835443,-1.346843577291653,1.5567835226646236,0.7030660171729922,-0.015603704880795337,-0.12594044414913402,0.1224274049601225,9.222529940849327e-09,-1.4929604540915795,1.9684483060299331,-3.095324100966371,-1.993856039018441,2.213260662547627,-2.9723006053884156,-2.0985170126284753,2.3135377951769893
2_0_35_11_2_16.bin,2,0,35,11,2,16,5,16690480,500000.0,125000.0,2048,8192,1,8,17,none,relative,-30.531133245728633,9.22383697745884,1.0,623.0,-0.0,7.930639052400627,623.0,-0.0,0.9091827097466683,0.041922813483410065,1.1306024384936064,1.66442065397841,1.3063484022728469,1.1568856174590474,0.5300096403670856,3.665514960485691,1.7875060350869902,4.077757279300234,50.57918525898266,12.883276042821468,4.5447083116703695,4.09503626383474,1.6390104723225323,1.372541360826337,1.8652869377910792,0.886059283724659,0.7400152961644269,0.7776775773857358,-1.030171384296679,-0.5924017022759456,2.3275398695126857,-0.9822220249603657,0.10120487701571225,0.5646325426350018,-1.2172728098471515,-3.047811777730225e-08,-1.3566105592473803,1.4804100347439266,3.0439379409413245,-1.7178859808180702,1.524248869897924,2.9568645519747765,-1.7380974323694802,1.3977557759228014
2_0_35_11_2_16.bin,2,0,35,11,2,16,6,19190480,500000.0,125000.0,2048,8192,1,8,17,none,relative,-30.74113615478766,12.411667716357783,1.0,490.0,-0.0,11.805946918144235,490.0,-0.0,0.9617442922478946,0.0475199131373383,0.6669914937018188,0.8778132400183276,1.3195614842134367,1.364563878492466,0.5479550986233901,1.6515012928030663,2.6082473063823484,3.1722820807229093,50.80190456045203,8.046879499359257,1.0047180150545327,2.056354757914026,1.7570255446543892,0.7103304350355333,0.44735064207428143,0.8364715803326809,0.7886492559475339,-1.7986991203926792,1.2483207236055214,0.30993304186924114,-0.9460959418263933,-1.181966038711541,0.7233498662921621,0.10089056136040882,0.14811656617086633,3.522616571085558e-08,-1.988228590406413,1.131134119558485,2.4823849783589633,-3.043119494278007,-2.3615402148578157,2.1067199846623144,2.6623862764922106,-2.9057868374856044
2_0_35_11_2_16.bin,2,0,35,11,2,16,7,24190480,500000.0,125000.0,2048,8192,1,8,17,none,relative,-30.910429218940443,3.096879192525797,1.0,279.99999999999994,-0.0,2.2137580496147953,279.99999999999994,-0.0,0.686199453503705,0.15879339562647327,1.2196753604857806,1.9678239113124198,1.5048329684682862,2.3291432728029338,1.4456523957631309,3.368099573233317,3.2141534998358505,8.497993921949925,41.78544916067102,24.91769931193811,6.344117221939184,3.782454500533561,2.979607377294897,2.54644605766513,2.0955510861908033,1.6009221851211826,1.24439670399752,-2.3230925258544604,-0.34915235249048726,-0.37283880745924475,1.4206479284168105,1.7734464406852428,-2.8214078656575885,-1.9368752934105689,-0.9128630825931265,-4.082590288456915e-08,-2.1936207189674284,-1.1429774125907903,0.008281979894306216,1.0589084719283404,2.0372026692287184,2.9125176933313512,-2.4367410167741963,-1.4383372947518012
2_0_35_11_2_16.bin,2,0,35,11,2,16,8,26689488,500000.0,125000.0,2048,8192,1,8,17,none,relative,-35.013687808319695,11.99952117356126,1.0,2002.0,-0.0,12.843458889329662,2002.0,-0.0,0.9661831027095724,0.19851959412881265,0.6723305678502451,0.4498763009104431,0.838301185468907,0.35310789794813674,1.153897348524409,0.46435876195165626,2.1014559201410763,4.673566448051612,30.533382963632697,0.666538033398377,0.4474115361793446,0.36433788481940077,0.3447508843743804,0.33523823959793714,0.1933789384121534,0.23358781504402454,0.1791893141114634,-2.3414036197365196,1.7398152600850538,-2.6108590491745294,1.9076251822305426,-2.8777161432864937,2.788168592468588,-3.0316738491499797,-3.0913280110544727,-1.859896608524043e-08,3.0246608351609927,0.14319570713719573,0.14036479939562144,0.038327552530413284,0.1061174792229496,0.0628035234083518,0.0007874938263088098,0.07873827826918049
2_0_35_11_2_16.bin,2,0,35,11,2,16,9,29190480,500000.0,125000.0,2048,8192,1,8,17,none,relative,-25.843886430740376,14.92305610281017,1.0,71.0,-0.0,15.093859869925366,71.0,-0.0,0.9805351683306409,0.060063342043481516,2.0818901044634592,1.3971088077885205,2.2847624832295574,1.4491274184818395,2.507226885721841,1.4522384336155711,3.5989973120909067,5.697120823021859,90.78262729345418,8.646276683190939,2.364608456537039,1.4052387364035035,1.1378658461568916,0.9283331723661764,0.8162152393856449,0.7040920925064109,0.6132368507073017,1.0671949926650035,-0.7331195997638178,1.4626036587517395,-0.220351453081565,1.8579684297736807,0.35192500057890974,2.410522934390158,2.7473772760678408,9.791306808537543e-09,-3.0196591890687734,3.136269003048502,3.001819955026951,2.9488331880230936,2.9450965668011793,3.0368130303011274,3.055943592801059,-3.071291937471358
2_0_35_11_2_16.bin,2,0,35,11,2,16,10,31690480,500000.0,125000.0,2048,8192,1,8,17,none,relative,-38.46989066585118,7.392501835341396,1.0,1977.0,-0.0,9.514331602969024,1977.0,-0.0,0.9287180938301332,0.14429834993114943,0.6299524928985452,0.2696614780722944,0.6956710330722133,0.2639792920889995,0.9442358849931957,0.7085939643340063,1.7679936207137286,4.184776226685393,18.37939815583185,0.6942954211517338,0.6799818121184035,0.3509593487952941,0.3604653151784427,0.32480552113659006,0.2739355876047007,0.29762976104787625,0.2257765896722445,-2.0131169622889775,3.064376633475545,-2.2509155622804946,-2.8422405465129312,-2.621575222639875,-2.8542278097466207,-2.7802883604860456,-2.9398930230587452,-4.442211691709056e-08,0.2039802842021778,-0.17913791725675862,0.005454191564130431,-0.6902965623484478,-0.45687623126858457,-0.7682214923693298,-0.6205026480946901,-1.4085660400547608
2_0_35_11_2_16.bin,2,0,35,11,2,16,11,34190480,500000.0,125000.0,2048,8192,1,8,17,none,relative,-30.36845952812852,8.153328345946939,1.0,1875.0,-0.0,9.01725711342468,1875.0,-0.0,0.8877313415794177,0.0788086540339808,1.6970005192044848,1.7063345748120602,2.61296305632444,1.8558736747018698,3.676970498903321,2.810717003409651,6.591511073671354,14.453806524605872,50.60194042742743,2.8435345634698685,2.144894451232777,1.9053820958052285,1.6651693499485543,1.651333666873867,1.5215054901979719,1.3523069390436047,1.3084413131034776,0.24020505230185182,-1.1380242551805333,-0.595607839703194,-1.5582966684479937,-1.3864313766861527,-1.9763339713150858,-2.2147345116351547,-2.663986715417982,2.406915379290235e-08,-0.6546088674790462,-1.1540859584949217,-1.6230393831719512,-2.0235360170352172,-2.4231478151829644,-2.7197287722136965,-3.0163425974124487,2.995509753817296
2_0_35_11_2_16.bin,2,0,35,11,2,16,12,36687344,500000.0,125000.0,2048,8192,1,8,17,none,relative,-31.576047038117494,12.014250344175778,1.0,1045.0,-0.0,8.298311292126002,1045.0,-0.0,0.9559448621873852,0.047583252787071734,0.2628386163634964,0.7717198312269257,0.3494343366698364,0.8219646672167533,0.9661509912965002,0.9036679926643827,2.473049682060286,2.524095918982446,46.013498320659835,6.155148339720986,5.332616268566879,1.0418151900345682,2.11020519710873,0.7880524844578486,1.267682648055123,0.7082942418667965,0.7510134166469197,-2.6869141539756143,1.5219218685495939,-1.0482578467888766,1.561343271466658,-0.5328782708727839,1.4354175737891564,-0.27346218843732334,0.24447796767993887,-4.4346501979697735e-09,0.26186647289865744,-2.8857594689966213,1.2448226160223108,-2.62233429043381,1.8121966694963425,-2.338608563235264,2.1796361366214674,-2.089671398218758
2_0_35_11_2_16.bin,2,0,35,11,2,16,13,39190480,500000.0,125000.0,2048,8192,1,8,17,none,relative,-31.690399342587156,10.184486846209666,1.0,1795.0,-0.0,10.524814547339474,1795.0,-0.0,0.9318869122886623,0.006230741969844493,0.7677467766795704,1.312012385507906,1.7038527376445909,1.6188840773886968,3.098196258068999,2.4651363114001597,4.859266402429965,8.651984178228503,44.547373213648,2.078098625320632,1.9625405055305518,1.808076295149587,1.8588251120674346,1.613386050086983,1.2800523777591817,1.0836220841020003,0.719189409598042,2.241391319607431,0.016129528111670087,0.6113185431216946,-0.6962969996620207,-0.5434370746212703,-1.1853814953209243,-1.6192987625296942,-2.2447395264968253,2.9715391344223685e-08,-2.6785816258652906,-2.2813379641066116,-2.679707467949865,-3.078276893273705,2.934923773669491,2.4476545757599477,2.1149388922721193,1.7051717565069777
2_0_35_11_2_16.bin,2,0,35,11,2,16,14,41687824,500000.0,125000.0,2048,8192,1,8,17,none,relative,-31.739725262897338,12.381658273768153,1.0,1041.9999999999998,-0.0,8.514571973108147,1041.9999999999998,-0.0,0.9622720388810575,0.04813660706467557,0.2731885284331632,0.677299565964518,0.2844975636770294,0.7469762436082499,0.7841372552797579,0.8840479932175371,2.0480187804940257,2.6547296777890272,45.14488166765286,5.435167418563274,4.9006276674883535,0.888959708222954,1.9175304902743993,0.6250461859564713,1.1504912886101022,0.6662171058330941,0.6869236745802099,-2.8264597439838073,1.5498760080609435,-1.302299909413782,1.639574499880036,-0.5158225354419594,1.3654552535641715,-0.24479255356124388,0.23062016424541723,9.795811473228695e-09,0.22465075364854553,-2.9020533308004985,1.2894265121108668,-2.6592695065428327,1.8629251565314457,-2.438928661588108,2.102534810625895,-2.1545989928593086
2_0_35_11_2_16.bin,2,0,35,11,2,16,15,44190480,500000.0,125000.0,2048,8192,1,8,17,none,relative,-30.56594434941866,3.9161223664362588,1.0,1626.0,4.857023409786845e-06,4.492586361179015,1626.0,4.857023409786845e-06,0.7280710438798496,0.0426167321398721,2.0278687144441614,1.662430930972619,2.4907729730835046,1.436491250907253,3.3723666862624992,4.188142624676691,9.47303010088571,22.962870251594648,44.87114940437198,5.9751358404006965,4.624116425170095,3.816999166627352,2.759136072396006,1.7701868713605278,1.2931982573398522,1.3088606742608342,1.545326307761077,0.02289076157493607,-1.8323723935283704,-2.1403459493305212,1.9908678162122972,1.3678016869124683,-0.1260936215883482,-0.871709043921758,-1.9191561410742455,6.810141325368554e-10,-1.5021622697903558,-2.6304100852855106,2.6655635068857206,1.784557500989092,0.6183453100613414,-0.7018495559879291,-2.1567652699346853,3.1219019651653683
2_0_35_11_2_16.bin,2,0,35,11,2,16,16,46688528,500000.0,125000.0,2048,8192,1,8,17,none,relative,-35.55974356364549,13.051206447843088,1.0,1041.0,-0.0,9.40881369632852,1041.0,-0.0,0.9760520225402085,0.04449862554938954,0.2500976847506308,0.2990473769237917,0.18564309576797483,0.2725076759305062,0.13308822978132898,0.40395176859365567,0.5204136987139029,2.1743196654963834,28.997411968698245,2.462887251012064,2.2689203092058694,0.45803227541833036,0.8915361209782454,0.33580086428249706,0.5231527772062317,0.33860241582296036,0.3662702390399857,-3.1067626968876128,2.0086101747128584,-2.932579569635451,2.0146980776796015,-0.9808983276594412,1.0312040851915376,-0.31278415892929734,0.054274318589223956,-4.2155857975142824e-08,0.24833321944815448,-2.932085874718732,1.5469305678647027,-2.706850348256117,2.0318730677629753,-2.59038455749231,2.1654541515867014,-2.354313265318501
2_0_36_11_2_16.bin,2,0,36,11,2,16,0,1481728,500000.0,125000.0,2048,8192,1,8,17,none,relative,-28.586890164783018,4.022182438647047,1.0,1842.9999999999998,-0.0,3.2991823159243765,1842.9999999999998,-0.0,0.7314079270721526,0.03543075690197471,1.8361932116614925,2.802068722756958,1.7280878629423102,3.48310969817707,1.8794828779674386,4.4940263531440685,3.3020052166978404,8.747788021149601,56.75900970506726,29.380590413182244,9.656159711605456,6.0205944746508795,4.51806181976777,3.516855479142574,2.823295265851163,2.294718100442841,1.8871030489190632,-2.9455131889411987,-2.4477394408067625,2.5714361711838807,2.8294700456152544,1.8692963637573483,1.7206344173932349,0.9996975441559989,0.5370104644120411,-1.588965658662462e-08,2.6133094879901333,2.1261549711346435,1.703386513347714,1.26059336081247,0.8712057210598904,0.4351906936228644,0.01959613168258851,-0.4391235342494182
2_0_36_11_2_16.bin,2,0,36,11,2,16,1,3986576,500000.0,125000.0,2048,8192,1,8,17,none,relative,-28.347334984771546,9.488751229050958,1.0,898.0000000000001,-0.0,11.030007475976173,898.0000000000001,-0.0,0.9113876544520569,0.07185949844291158,1.5078500381190065,1.1786064429036496,2.369672426895092,1.105846625574789,4.048996562121107,1.9353662260606737,9.36343374579425,15.642006455133249,65.342432592794,2.01836892146478,4.457334535060613,1.6665931567182022,2.350364024528604,1.4240493329616195,1.5070480350025148,1.2181086624014956,0.972601580263564,-0.6845474308983471,1.2765520922790479,-1.4592672748440683,1.0696434558202574,-2.11918205034479,0.8981210953611275,-2.667580878634923,0.33378305943155157,1.889364574087474e-08,2.7559247070402737,-0.30029270527395413,2.0887099382043104,-0.6532226743050202,1.5451646071232712,-1.0677389439319662,1.1068349256791714,-1.4982344290624405
2_0_36_11_2_16.bin,2,0,36,11,2,16,2,6483472,500000.0,125000.0,2048,8192,1,8,17,none,relative,-28.52718502956925,3.060994138557212,1.0,1996.0,4.857023409786845e-06,2.528805803491865,1996.0,4.857023409786845e-06,0.6844150291501465,0.027472614914291864,1.75005282830509,2.415123019042282,1.8592472422919406,3.2950125769576735,2.316525492905405,4.995181318534933,4.435088519945429,10.571114688780131,55.25642683401754,32.50945102213316,9.590524078697854,5.620640422190085,4.049012878014352,3.1578627955627017,2.5680898391528553,2.201557828369432,1.9275439874072142,-0.6148281453769249,0.45134498218360086,-0.5463763564906131,0.27088043810215673,-0.33115827306745044,0.11224231873556036,-0.1387013259198525,-0.004139445749055395,2.303608680822783e-08,3.1013579112276632,3.085534203740365,3.0975973459384503,3.0652811345802164,3.067394259215045,3.03281104777991,3.054974026344153,3.0528192819463196
2_0_36_11_2_16.bin,2,0,36,11,2,16,3,8987504,500000.0,125000.0,2048,8192,1,8,17,none,relative,-29.14056656050746,3.7940354119876067,1.0,926.0,-0.0,5.029094856033401,926.0,-0.0,0.720568642967121,0.06713538130941131,2.216255077338772,1.4401605246297264,3.397550053619802,1.783794851062022,5.333537991970115,3.3999138097226114,12.018914521657202,27.467462119994586,52.82785313296092,6.2928294456612335,6.305780284824506,2.9325367675743474,3.3869935533292406,2.048844274741199,2.2405681591153304,1.6242900379551994,1.6483169031950682,-1.6113908336790228,0.7217648397436383,-2.0822615534621853,0.6249376046420029,-2.4861097620875574,0.479945558225947,-2.829438566597792,0.1924515068136434,8.454633626932252e-09,2.949192549383407,-0.2467715584783476,2.586018650827437,-0.5091146110526381,2.2165447470841437,-0.7469219374802363,1.8914769653048893,-1.0330074394098183
2_0_36_11_2_16.bin,2,0,36,11,2,16,4,11483888,500000.0,125000.0,2048,8192,1,8,17,none,relative,-28.289443599925875,15.161517895751446,1.0,1997.0000000000002,-0.0,15.651244142475282,1997.0000000000002,-0.0,0.9822277516729893,0.023347109983384566,1.3293556034740004,0.919988825479102,1.5493210035554403,0.7396363774995796,1.9475957787249858,0.4971188960646581,3.4392070473661693,6.439476855452604,68.46288861134909,4.0151250147767055,0.7657757157308122,0.33688608820142923,0.3398045617344706,0.2158499150304419,0.19228068173297658,0.16647806055655434,0.154477053395623,-1.9842709483755185,1.4919937484917354,-2.3123586728737657,1.1918076534689406,-2.5903530236066494,1.668958099223324,-2.897732771571055,-2.993565517744668,-2.064428315199853e-08,3.0202928895877657,2.6995656615475916,2.3137713083277185,1.4419315713323424,0.6559233790708843,0.7076982460499999,0.16292204268381177,0.20810916259919773
2_0_36_11_2_16.bin,2,0,36,11,2,16,5,13987728,500000.0,125000.0,2048,8192,1,8,17,none,relative,-28.538919866917777,9.524763731925775,1.0,830.0,4.857023409786845e-06,11.187309831097327,830.0,4.857023409786845e-06,0.9119251129438573,0.019657443296036723,1.6865243606209275,1.5156757129215632,2.1070287125614473,1.451182647163605,3.4601827911050878,2.3575402786515416,8.122114036759738,16.0639215303593,63.89968170814606,2.7699363487265924,3.5336230108603184,2.2371359857333255,1.6803305515081428,1.7202223409244832,0.9627631196566021,1.3200493847170163,0.7246562900771094,1.2558763851735768,2.535382857146679,-0.030169835783061323,1.9651958794162478,-1.2384213373762776,1.4702261005702353,-2.2505735905946964,0.5288505238903232,-1.0830213202228615e-08,2.4819286744138207,-0.6384113681075994,1.5428163376211497,-1.461401355866719,0.7543018317044368,-2.512174486105433,0.018786355116882605,2.496399301256784
2_0_36_11_2_16.bin,2,0,36,11,2,16,6,16484368,500000.0,125000.0,2048,8192,1,8,17,none,relative,-28.093244641141965,14.56809679336869,1.0,1997.0000000000002,-0.0,15.164459894487798,1997.0000000000002,-0.0,0.9772872287397318,0.014628362780429782,1.4011965297840225,0.9092345244524053,1.727380582522647,0.7147717707381466,2.2844395146295415,0.6593255472739687,4.206068598730205,8.427838644153596,69.91389166368145,2.5353063442336543,0.6003233187779303,0.44238726578898924,0.42312843634061087,0.3128695221570773,0.35761929171831053,0.27628531027955994,0.2643451116665212,-2.0544138412669017,1.733713471903276,-2.39961475698136,1.597099047817804,-2.6731197590285323,2.5407995750621484,-2.9253190678623553,-3.033572203686963,6.782498460493828e-09,2.994019497248253,1.4019765316106936,0.1924915596142399,0.38616069026883715,0.14559222845565806,0.28823247210057623,0.18524435566539305,0.18642908086082122
2_0_36_11_2_16.bin,2,0,36,11,2,16,7,18987728,500000.0,125000.0,2048,8192,1,8,17,none,relative,-30.492759798802886,3.7114450637932865,1.0,681.0,-0.0,4.884418078287148,681.0,-0.0,0.7183620295340385,0.08154251137341259,2.1174504049718967,1.349940530719771,2.897963120136395,2.5285310963602226,3.2918665702407184,4.486407576603469,9.32741485069247,23.689715589829476,44.761523177281695,6.836437977583587,3.8034977310270377,3.9466594160876127,2.110618104550836,1.966801854654976,2.0428529968396028,1.2088459318299418,1.3617620067268275,-1.90603174618083,-0.6915798100250464,2.6760355940007914,-2.257983696323932,0.6499453067082412,2.767854936369556,-1.4952137156143497,0.979990437809068,6.540688060246596e-09,1.931344735469973,-1.5991670061394503,0.39155071474983055,2.4241964607408795,-1.1605758130427903,0.7194117155640032,2.9266558328219996,-0.7367549646029848
2_0_36_11_2_16.bin,2,0,36,11,2,16,8,21485072,500000.0,125000.0,2048,8192,1,8,17,none,relative,-28.495659480361518,5.207155335686893,1.0,1999.9999999999998,-0.0,4.577155689316774,1999.9999999999998,-0.0,0.7828770736202474,0.02427998470922302,1.5964233871529823,2.175974234203626,1.6636304725234545,2.964963188655063,1.9187418425029756,4.436493321723487,3.635411739877939,8.938767828220637,59.41030589064973,26.772507316562976,8.291402293884872,4.8829131104860934,3.5451928920931888,2.7188585033510186,2.240721684501049,1.9382600785692072,1.631712910913042,-0.8312087535378652,0.42244157834959445,-0.7264845192991812,0.24055367247719778,-0.4947298612922921,0.08370739491412389,-0.21344775515998404,-0.02707059185838992,4.848313341888147e-09,3.1168521344264897,3.108952751020838,3.1224515615291364,3.107992926373828,3.139499089368406,3.132858870308864,3.1356339848272663,3.140605345145209
2_0_36_11_2_16.bin,2,0,36,11,2,16,9,23985616,500000.0,125000.0,2048,8192,1,8,17,none,relative,-25.674698899071643,9.866845883833825,1.0,1999.0,-0.0,9.184028464830192,1999.0,-0.0,0.9179416615737721,0.23017881950004457,1.8250528489607838,2.154102684733138,1.646029181704095,2.84730617157939,1.5611611891216826,3.9033998672700565,2.145410178142466,5.724573160663167,89.11950157308206,22.857858746372898,7.221889160562737,4.221175375452085,3.0245290435684486,2.2933278157781753,1.9364179490607747,1.6499796471062016,1.3897460609945118,-1.1608454182354595,0.5457648279925297,-1.2341705230757982,0.26857065863732066,-1.127936376102734,0.05469493974348071,-0.6348222197309721,-0.2190838882461013,-3.914013622100672e-09,3.0572164640135915,3.0449146384098875,3.041498369782227,3.036466735072406,3.0305241292949887,3.054527105436109,3.050624561133276,3.0212649980429496
2_0_36_11_2_16.bin,2,0,36,11,2,16,10,26486320,500000.0,125000.0,2048,8192,1,8,17,none,relative,-27.621346252734206,15.267797975332716,1.0,1995.0,-0.0,15.099649050061984,1995.0,-0.0,0.9830376865504291,0.0163898919613508,1.358006382703938,1.0906579473861986,1.4571094299448435,0.9996295546231672,1.6050815047534135,0.667209960293503,2.497195339125154,4.537479626211722,74.06313480694592,7.027841600923511,1.6617480748411082,0.9037441947903827,0.49004070632532226,0.3698671137076947,0.3068586305756216,0.24628412438276615,0.25968085660144047,-1.787698132126227,1.2142286898418284,-2.144788696458426,0.7842433290518466,-2.501459508778557,0.43249000031959167,-2.8071386975866215,-2.9382651063326537,9.742240404364666e-09,3.0398404533590075,2.964054423471711,2.735097106916175,2.9915631680335326,2.458778748837233,2.8296031640424535,2.7746664571978408,2.6799417440919604
2_0_36_11_2_16.bin,2,0,36,11,2,16,11,28986736,500000.0,125000.0,2048,8192,1,8,17,none,relative,-31.769904540893098,12.188400084656923,1.0,1999.0,-0.0,13.035849788085308,1999.0,-0.0,0.9582603063660242,0.06383259475065163,1.0707986586050295,0.605826831439026,1.3340609317616379,0.5039467570425599,1.7651835766918478,0.8713241350043829,3.512483811935617,7.95495488968958,45.07519868735676,0.7526129268968551,0.9055784753175045,0.7171553284333513,0.6209539880388885,0.5216897159336049,0.4566185715116538,0.41489818729161165,0.35169141033420365,-2.336587141388551,1.9772530153528523,-2.599209999685485,2.1950971657269926,-2.852984985019104,3.052871971765477,-3.012486032565124,-3.053918797008384,7.861698963174817e-09,1.2930041867772737,0.08471019932598031,0.22231172183637557,-0.011940128340437879,0.19045727383563113,-0.11299490166363761,0.09168112985641971,-0.09978883066369398
2_0_36_11_2_16.bin,2,0,36,11,2,16,12,33984592,500000.0,125000.0,2048,8192,1,8,17,none,relative,-28.23204421254514,9.851564146024018,1.0,1251.0,-0.0,8.57536763004006,1251.0,-0.0,0.9199491903259844,0.06064159192600099,2.725072600041451,0.3944951449533548,2.5831401757375145,1.872777316932056,2.3022643297249927,4.182274409786211,8.847608541834987,14.085800374084602,66.53043793174147,4.813926503621884,3.0819463161473974,3.7064865874530466,0.9427126059756517,1.9672565776499829,1.8505798309880552,0.3435207268609191,1.510743964038759,-3.069752353425391,-1.2037524128940233,-1.859817391222928,2.371552255534425,0.12764107173360223,-2.8385289538700915,1.9555788829531353,-0.9934886717816348,-4.23189842958414e-08,-0.9861895721998508,0.9793498823601204,-0.3288070969499909,-1.9137133214669217,0.6613827876813343,-0.6898745982391032,2.6107309590944916,0.3094348560130001
2_0_36_11_2_16.bin,2,0,36,11,2,16,13,36484912,500000.0,125000.0,2048,8192,1,8,17,none,relative,-28.015204048538777,5.370802987097975,1.0,1204.0,4.857023409786845e-06,4.866587501391441,1204.0,4.857023409786845e-06,0.789104117976933,0.07021904603445607,2.8853596799685404,1.498714134788632,2.7594653495756374,3.2466792827241795,4.234501734798819,5.447335588909338,12.851401517483213,26.027681823704015,63.10275841191593,7.084101448339134,5.572294145024245,5.000696903332699,1.8292144029568278,3.2810875404336786,2.0632643493667095,1.6321595436573892,2.123487280693983,-2.211792912035763,1.4196083949113616,-0.9301323577597164,2.7215724843449403,0.7374797942652259,-2.410021231749675,2.0688580355729282,-0.719465386262319,-1.5138224820966633e-09,-1.890068916706791,1.0903161411185767,-0.7445855188912177,2.846502930896264,0.2813763068736734,-1.6183399936856502,1.4799555506927953,-0.5014786298490204
2_0_36_11_2_16.bin,2,0,36,11,2,16,14,41487728,500000.0,125000.0,2048,8192,1,8,17,none,relative,-28.09967666120511,8.102469287431779,1.0,1781.0,4.857023409786845e-06,6.851315532244756,1781.0,4.857023409786845e-06,0.8789202555790283,0.026829814135875842,1.6822989126006336,2.157985983136323,1.8417833502139709,3.48555368638692,1.836408967196781,4.347515287100567,2.045037296778499,4.49289545742823,66.03037602390798,20.060657235581477,7.801860503483542,5.318637389499509,3.9880180824169447,2.964003790435215,2.1570246694575608,1.5876872039722592,1.0204138292072022,-1.9779748678295634,-1.298159810400651,-2.91065631487885,-2.6046331083350243,2.7315614833799513,2.4548370388798677,1.9092949581715766,0.9926983296727274,2.009133811446375e-08,2.3397287915592684,1.655595433296024,1.1062032367493102,0.5700617081450291,0.06477158021548665,-0.4940844699089376,-1.1134798512490933,-1.8260202014971685
2_0_36_11_2_16.bin,2,0,36,11,2,16,15,43985840,500000.0,125000.0,2048,8192,1,8,17,none,relative,-28.67197604020703,1.8899972423262614,1.375,1233.9999999999998,4.857023409786845e-06,2.064055195925765,1233.9999999999998,4.857023409786845e-06,0.6211143242157724,0.12695180525904123,2.9539367949999202,1.5338513454553697,3.3929443766385643,2.966589000536649,4.729277938750273,5.55496638694576,12.477379165290545,34.750588969116954,51.749863244093255,9.27103711223821,5.578410201329335,4.995566824706461,2.7080802955155088,2.960110697431417,2.4943608223898965,1.6609369709211221,2.0411261775705394,-2.8530080021320434,0.4903618233230844,-1.4595124802157269,2.2574449718271405,0.19654150213487093,-2.549882957823003,1.7719604390305397,-0.7611253896984823,-3.158721891403019e-08,-2.0983604885748672,1.4679445201656853,-0.6450059735512497,-2.9596048302857296,0.7158134662069912,-1.3196977178732099,2.392953831080018,0.03634980287278097
2_0_37_11_2_16.bin,2,0,37,11,2,16,0,746496,500000.0,125000.0,2048,8192,1,8,17,none,relative,-31.753967652280906,9.92210658025026,1.0,178.0,-0.0,5.91570175672503,178.0,-0.0,0.9313022007310865,0.020076425859081707,1.2081579685533956,0.267898072645463,2.2575025939054623,1.3509650905959536,3.4026314000676505,2.599682091391527,4.7770862626418,6.88034027356396,44.04442154184175,4.303115834944518,2.778884379909849,2.5659546864900666,2.1892351119444173,1.7463851529364778,1.3547504452229264,0.8700178888805772,0.4681513899038546,-1.1343549559733688,-0.010646143478563097,-0.14073136038767745,0.22691469489937505,0.6891282754501792,0.9281684174980419,1.579724072486207,2.1722631721232943,5.425717028190087e-09,2.933397633844277,2.762842796013535,3.0501475697469487,-2.97802150827481,-2.597567069826261,-2.322709995833842,-1.948499341699021,-1.59775139512567
2_0_37_11_2_16.bin,2,0,37,11,2,16,1,3250192,500000.0,125000.0,2048,8192,1,8,17,none,relative,-32.5155567741747,9.150580731288454,1.0,1042.9999999999998,-0.0,5.984243634262343,1042.9999999999998,-0.0,0.909140775831343,0.02318411860705345,0.48412442046590115,0.8368998726846281,0.8840542359213861,0.9859295679325821,1.7095853823044223,1.0900520755549532,3.8119598510021797,1.7982246229823495,40.08487079425669,7.442361283115114,7.6531610267922865,1.314730236985328,3.0280447222617433,1.1958037185940533,1.6839017602179294,1.1276633227897526,1.0244021864203685,-1.6395582937780386,1.2896960016119345,-1.0021574712619055,1.4754906066433509,-0.571443361182657,1.550803582483313,-0.2749239502177345,0.7833947267630246,-2.071657345018763e-08,0.2552337600479178,-2.9138975595640844,1.409970356491692,-2.6775195877926117,1.7994321135928735,-2.4360090995893198,2.136522099454951,-2.145477791959745
2_0_37_11_2_16.bin,2,0,37,11,2,16,2,5750480,500000.0,125000.0,2048,8192,1,8,17,none,relative,-32.38687144112946,6.800511290667679,1.0,1043.9999999999998,4.857023409786845e-06,4.07368263076179,1043.9999999999998,4.857023409786845e-06,0.8434449935015408,0.0367817122282481,0.6934651944623867,1.0969180500245996,1.0763437172057877,1.2954420401034594,1.9175082144421347,1.591575680676518,4.21458832671634,1.956611673451913,39.21710129620031,12.424747253048373,8.426910848216933,1.9075207723949208,3.2807438052675924,1.4409536302350394,1.8648967350586518,1.2575601102847693,1.2009337653380794,-1.8570308530644826,1.502303342777936,-1.192734775427075,1.7534884028476174,-0.6945568883088948,2.0392463584919582,-0.3210577199855466,2.2791242942571706,-2.061981313464323e-08,0.2087967938160739,-2.879800911926322,1.0348592795920146,-2.6025443436207225,1.5369955000902278,-2.3096769882312,1.9235430158985714,-1.947517913396545
2_0_37_11_2_16.bin,2,0,37,11,2,16,3,8250736,500000.0,125000.0,2048,8192,1,8,17,none,relative,-33.114271123209406,11.328975481574465,1.0,1046.9999999999998,4.857023409786845e-06,7.623810453954927,1046.9999999999998,4.857023409786845e-06,0.9493491608656925,0.015605676204698231,0.3938400150204804,0.6381197278788536,0.38037211848026903,0.7580428235373375,0.7722311163873982,0.819375191724006,1.8424910445498308,1.5651784091128493,38.16445836660423,6.022242101855452,4.73866570336665,1.0453357875179685,1.8333564827753224,0.7785599910777024,1.0596507354241766,0.6738096021827888,0.6714009758669782,-2.63942099382426,1.7280906164353291,-1.6768087364890727,1.8042695530504431,-0.9380673698361973,1.936619016691985,-0.3800418448741539,0.5988555278686748,-4.029486301816834e-09,0.2297242977897486,-2.8898377710997685,1.2386208901566644,-2.6353735058011742,1.7875582316656904,-2.32407360617144,2.1685025215584717,-1.9954024663162375
2_0_37_11_2_16.bin,2,0,37,11,2,16,4,15752496,500000.0,125000.0,2048,8192,1,8,17,none,relative,-32.85114316701881,2.7774055156309494,1.0,1137.9999999999998,-0.0,3.082841121674055,1137.9999999999998,-0.0,0.6755778340694171,0.04205926398032141,1.767939664483871,0.8920242180041273,2.370621605278456,0.5549318511689434,2.9950921015567786,2.9338350973791836,3.8506529948593524,19.0624734831952,32.87060147808113,9.237879233427574,2.738150712013097,2.7371349142845913,2.478242602601163,0.7773291791631805,1.9370642259292632,0.43229668627881657,1.3277958564373267,-0.23068199935496916,1.5777594324340198,0.2965933180099487,-2.2873752624087498,0.8829713367238826,-1.0798486917487458,1.6389804836803847,-0.4153703863335632,2.593206865336331e-08,-2.9545050705647116,1.820223407843481,-2.3260545796253402,2.414455455031577,-1.5026110241628605,2.9743971835311847,0.9396526810351196,-2.686151607771134
2_0_37_11_2_16.bin,2,0,37,11,2,16,5,18252272,500000.0,125000.0,2048,8192,1,8,17,none,relative,-34.44473063253624,8.872299511287693,1.0,1041.0,-0.0,7.776923628250979,1041.0,-0.0,0.9172242114012398,0.02844612355688891,0.4245389665785285,0.4713471818981552,0.4043985082436581,0.8371596686916227,0.7439012015653111,1.905822385220049,1.4513766702033468,7.242781642710731,31.408862626152164,3.337933548674662,3.0324493344980414,1.422898000959479,1.2932275259309765,0.9294526737592543,0.8053285029993575,0.6522380198043434,0.5793434842006684,0.8626694974605312,-0.008118577608068034,0.4839552645915612,-0.0578320473758937,0.18704342031777435,-0.055008156569276954,0.0539921650904175,-0.058552192359773006,8.072101998730086e-09,3.074923732469386,-3.128382397761024,-3.1050100977043242,-3.1108141791400317,-3.0891858525578644,3.1215228605031577,-2.9706460818643503,-3.082905564575821
2_0_37_11_2_16.bin,2,0,37,11,2,16,6,20752496,500000.0,125000.0,2048,8192,1,8,17,none,relative,-35.541650814408584,7.596359324767818,1.0,979.0,-0.0,4.950946580858529,979.0,-0.0,0.8848006607949549,0.029895521088836384,0.9322071461751783,0.26018619251739866,1.1818638043918113,0.16840283181152238,1.7982786434767433,0.2832258896338915,3.558664006760246,1.754800064569766,27.530766010740155,3.145304201735376,7.108199974172871,0.33884537539424864,2.925459134012723,0.2501886700068449,1.8094718548580402,0.19176032606006316,1.3087899440864543,-0.5292067962030148,-2.103963152051192,-0.31065170516729296,-2.5660697623118938,-0.19067870316461208,0.6200824277160941,-0.05758151157712346,0.19984359808244995,-3.862505047272708e-08,-0.08822423659337608,3.1084120600363785,2.9187288372944065,3.114508586982357,2.5654725466341484,3.1133966089618226,2.234472706613573,3.131333250090873
2_0_37_11_2_16.bin,2,0,37,11,2,16,7,23252496,500000.0,125000.0,2048,8192,1,8,17,none,relative,-36.13775676848007,8.007779944679998,1.0,959.9999999999999,-0.0,6.552240079117991,959.9999999999999,-0.0,0.9025855216105929,0.4158984457987971,0.7389439208992434,0.4700964682670781,0.7637541727004761,0.5449673897625156,1.072531068375358,1.0999321527776273,2.275761397582719,4.50876923388562,25.292980262429687,2.283347945568972,4.56601766143594,1.2438571701050483,1.9260358478389985,0.782109802049164,1.2037679742967504,0.6018135334439014,0.9143893787157861,-0.5383407793205565,-0.6801355624542847,-0.3989045494972174,-0.26085464191739627,-0.12676145054138827,0.051604268751177705,0.020612110488989546,0.12138517993237558,-4.62670658137634e-09,-2.718230264230581,3.1324538594739955,-2.97768486151456,3.1239376933221044,-2.9285087847725118,3.093609763554872,-3.0270748371384903,3.0676900195462142
2_0_37_11_2_16.bin,2,0,37,11,2,16,8,25752496,500000.0,125000.0,2048,8192,1,8,17,none,relative,-33.799020130588296,5.5993346839154094,1.0,879.0,-0.0,4.7051209376184016,879.0,-0.0,0.8113924606015673,0.0376475134592565,1.8055265228910398,1.5390646679465878,1.9967107878556043,1.6125749502806437,2.0790559660421506,2.4573290197811595,2.8479314424779063,9.627813275140666,32.24920319363483,8.31511219794275,4.947331761245756,3.0424003898250174,2.143966245697636,1.7808212105467232,1.399417102560257,1.2099349252732963,1.0727349447752563,-0.0832533938670822,-0.1364467877872387,-0.39515263566981534,-0.20972616661711396,-0.4939977143925879,0.04629343444693029,-0.335288443346087,0.19287134870487183,1.507450937774731e-08,-3.0341845464525092,3.0631467631403737,-3.1294232772561905,3.1211550734548132,3.105623600632437,3.1408343997633126,3.0720478585829314,-3.1071800218993966
2_0_37_11_2_16.bin,2,0,37,11,2,16,9,28252496,500000.0,125000.0,2048,8192,1,8,17,none,relative,-34.86776959248081,6.102542054511886,1.0,797.0,4.857023409786845e-06,3.632687366742438,797.0,4.857023409786845e-06,0.8369393503903095,0.021679622735973122,0.5024562827205358,1.7421290222138255,0.8372493967818643,2.614897819629576,1.3151250592926418,3.020405884853717,3.4138078952251587,3.285889834719924,28.93206754853068,5.454152702715046,7.859357986495675,3.341093741217609,2.121635188980174,2.6049920374751543,0.30004317791442675,1.7687603218434216,0.8233014307118756,-0.3122704386210404,0.4446745996842109,-0.05464934795597439,-0.23987290549454213,0.10367207141473063,-0.7460159901700888,0.2589711208584615,-0.6712298339919192,4.207827339174887e-08,-1.3585421225099514,2.609141791416191,-2.5625801258223913,2.226091530738816,-3.032671355511935,2.537252569434956,2.7911895618385985,-2.3940444193942585
2_0_37_11_2_16.bin,2,0,37,11,2,16,10,30752496,500000.0,125000.0,2048,8192,1,8,17,none,relative,-34.88657093330298,6.589623767215395,1.0,691.0,-0.0,4.969332213702076,691.0,-0.0,0.8472317047213958,0.09751935509549564,0.9339978580146844,0.6574033362956031,0.6220489025292616,1.3039567910892986,2.350464815608585,1.8013104957693349,3.7307732312033433,7.371772596831097,29.150606988154145,6.783928218554635,3.378507492301101,2.269936883977813,1.7548130290653647,1.141819100269958,1.0569318131607273,1.058855221694537,0.7921088834492744,-0.757960685170618,-0.176155410584389,0.9777504580514104,0.18001242704486792,0.29220883116436397,-0.01216857341435287,-0.31480619225179224,0.4820744944598114,2.4283510288010886e-08,-2.899500027747941,-3.1122039736417673,3.082909201405684,-3.0858268757321556,-2.9730508756488208,3.120909212142464,-2.968869892398124,-2.9897674199104967
2_0_37_11_2_16.bin,2,0,37,11,2,16,11,38250992,500000.0,125000.0,2048,8192,1,8,17,none,relative,-33.30032322015182,12.369681418681271,1.0,2034.0,-0.0,5.18365904262523,2034.7499960291277,1.2990386788288537,0.975719358509846,0.06078952257833492,0.8412160649471877,0.8443552926091744,1.0043256023349847,0.7798976005155719,1.2024622957131323,0.6326517533191698,1.875873481370015,2.9073072968113007,37.620817113576855,3.5775579513793296,1.29500742101694,0.7741508211791274,0.7676125863289648,0.6519272370356299,0.663166979945598,0.5392153739144735,0.6064738897442756,2.7806876361202217,1.2116683060742721,2.8608477648292228,1.2964693077593403,2.8421620206839213,1.4713061717511413,2.9721307529450223,3.0241975773816785,3.4729039154121e-08,3.017022700329506,2.783053705886932,2.594791210085282,2.5639285971224566,2.693771326527936,2.583140588864468,2.735593224008338,2.7543811433852734
2_0_37_11_2_16.bin,2,0,37,11,2,16,12,40752496,500000.0,125000.0,2048,8192,1,8,17,none,relative,-34.82812280957394,6.348406075768979,1.0,343.00000000000006,-0.0,3.17191423106338,343.00000000000006,-0.0,0.8394814764939972,0.15456522514443094,1.1486938357911374,1.0810036828902692,0.4304651210111032,1.6344786453743188,1.7666095144567726,1.480418347968737,3.173363849273832,4.351959421365665,29.19254812899009,10.175074017884528,2.6004405647267443,1.8922629394106236,1.815270786308513,1.53111506463426,1.2228093275261998,0.7739812687259257,0.6942024541534031,0.4805110459065318,-0.4817267358374961,0.09939276804925377,0.2226258769101577,-0.23911907953103068,0.23277021997831537,0.3036871116702914,0.1691627457501756,6.769631449625383e-09,-2.758618895142587,-3.0804163971020526,2.897023856052426,2.9042402633957964,3.0968390959477947,-3.0156546372280633,-3.0017528178416084,3.083322336711553
2_0_38_11_2_16.bin,2,0,38,11,2,16,0,1824416,500000.0,125000.0,2048,8192,1,8,17,none,relative,-33.23010555849594,12.045293413927396,1.0,2037.0,4.857023409786845e-06,4.598153392693456,2037.7499960291277,1.2990386788106933,0.9713611277815171,0.02880464266927096,0.8334907492909298,0.8737649223503784,0.9250964773164229,0.8139313928569287,1.0628200459363524,0.6809393626381379,1.488175259313536,1.8092127286407178,37.892061915342765,4.778219370352314,1.8266083282895569,1.092623475516241,1.082106446581382,0.7936574860665329,0.8505719665378353,0.7606158239378623,0.7825445587395837,2.825911835697944,1.065525142041602,2.748773235122833,1.0602566265182676,2.8475324974680927,1.0058280061792102,2.9437707230769945,3.007139173183107,1.8650867819886888e-08,3.029180075824204,2.8692470444336853,2.75772950077626,2.7621135085649557,2.7610623493908597,2.7828282930847794,2.858368068137231,2.8462085422434638
2_0_38_11_2_16.bin,2,0,38,11,2,16,1,4328848,500000.0,125000.0,2048,8192,1,8,17,none,relative,-34.790748284174946,7.07376743331872,1.0,1041.9999999999998,-0.0,5.93630894335822,1041.9999999999998,-0.0,0.8552917526669476,0.04926513085004703,0.5708009429167691,0.9227152110706002,0.8924808547214125,1.4086716742382897,1.414650136193286,2.4676697692925793,2.815216842594574,7.990823722963413,29.784616479578176,5.325162099376181,4.748864447883383,1.9951692978238378,1.964210454899254,1.1925464184666155,1.1790685370403522,0.8250914240382922,0.8632553488945677,0.318611866987782,0.047122823786020535,0.11385837148768717,0.04627714220290081,0.03522998840481748,-0.015917437624743867,-0.018996747954630376,-0.005909268833495726,-7.463944385369856e-10,3.1297266937836166,-3.074373823966935,3.1409963687681284,-3.0125530115474843,-3.1026289374770277,-2.966606497881536,-3.141127881048903,-2.9802412420379576
2_0_38_11_2_16.bin,2,0,38,11,2,16,2,6830416,500000.0,125000.0,2048,8192,1,8,17,none,relative,-34.650776451936885,6.1572905417578205,1.0,1334.9999999999998,-0.0,5.558168204108064,1334.9999999999998,-0.0,0.8372139500377789,0.07684659644668457,0.8127304686747089,0.5336851956494544,0.7249838846693775,1.662847970463869,2.3331460357421188,2.056114418791448,3.865879632625255,7.364782881035529,29.57094558806636,7.298076675884437,3.973019064257354,2.6424183764334956,1.8584323258872206,1.4900783941858795,1.1085742007619122,0.9922909143004726,0.8896659214441253,0.655097247381918,-0.5425610901329702,-0.5916065773207885,-0.21902604106258278,-0.25882311426334287,0.07888054730666139,0.2459562553576043,-0.4049448465103035,2.223324575292869e-08,2.8992223302625444,-3.0587895680837827,3.0832880939798977,-3.0938935753301484,-3.118270880768009,-3.1223198308671414,-3.0857274761346813,3.1183566977430086
2_0_38_11_2_16.bin,2,0,38,11,2,16,3,11830416,500000.0,125000.0,2048,8192,1,8,17,none,relative,-36.87277902939682,9.643309759986472,1.0,1006.0,-0.0,6.687561046532419,1006.0,-0.0,0.9414214656769406,0.08789854762789058,0.3680760684671258,0.14454607254158555,0.5131717974853944,0.2520377666767057,0.8129916998444783,0.5854720614861512,1.8335944121404717,2.84582042599746,24.01876152857472,1.0711090473870977,3.956391611592848,0.6234079805859483,1.6745504521612893,0.47796073063072714,0.9897517868331365,0.3611197559047865,0.7072774684561847,-0.9997463101762707,0.3958228846395551,-0.6988441611691614,0.43042673105203305,-0.32654601130017474,0.3897555869883418,-0.10708158347517832,0.13362715942450054,2.3901242157412872e-08,0.41409920129840533,3.1328121939333258,2.651075641123517,-3.1132072308271903,2.4577572249807607,-3.0719749850531275,2.425705338905832,-3.0013041390185395
2_0_38_11_2_16.bin,2,0,38,11,2,16,4,14330416,500000.0,125000.0,2048,8192,1,8,17,none,relative,-32.643826904586064,10.9106157981924,1.0,893.9999999999999,4.857023409786845e-06,8.76907975378547,893.9999999999999,4.857023409786845e-06,0.9456778299913748,0.012106453495194961,1.467330642173147,1.3012798559905325,1.5761138559590984,1.315452138276834,1.5988912633879253,1.504099996135336,1.9244205579378106,6.589629850785094,40.250806679700986,2.659373313701318,3.90040322774273,1.5609017968671859,1.513403230514766,1.0686359363435596,0.8853302322013179,0.8469401170276067,0.5913786800652144,-0.05532190951658842,-0.2868656931197392,-0.4431503877658094,-0.5214502205365552,-0.6484662634373658,-0.25111556715759836,-0.5542715375154778,0.1745679765178798,-6.092311399941708e-09,-2.5560272823699983,2.918259681260233,-2.9547333572801913,2.872868192317044,-2.894171532488528,2.958369359743659,-2.927153296056415,3.0181541616170935
2_0_38_11_2_16.bin,2,0,38,11,2,16,5,16830416,500000.0,125000.0,2048,8192,1,8,17,none,relative,-32.96163328707078,10.96639874006192,1.0,770.0000000000001,-0.0,6.931434231426369,770.0000000000001,-0.0,0.9524415121785048,0.024782430074248685,0.26723216120740617,0.7949320130632358,0.6288290847266732,1.7422459092140794,1.3949788464298145,2.1816583248557206,2.333188298033691,2.5602409011887293,38.627242778505085,4.994534986139293,3.8574835885218013,2.1406896880072255,0.6414967459876304,1.559045203769015,0.47790071315710514,0.8458818393186074,0.7930110185117767,-2.0988903658890448,1.1355053396434351,0.8067713582215993,0.1739779755017898,0.167080716421365,-0.5925038919301948,-0.11741143132594771,-0.09413203936492606,6.772130924064583e-09,-1.231471960603076,2.4002182791269044,-2.563470253763101,2.0149108184172926,3.1412048484407595,-2.1763780327771425,2.5184345302243165,-2.6761731375638647
2_0_38_11_2_16.bin,2,0,38,11,2,16,6,19330416,500000.0,125000.0,2048,8192,1,8,17,none,relative,-33.42712802836105,5.915765586845547,1.0,589.0,4.857023409786845e-06,2.694038853472203,589.0,4.857023409786845e-06,0.8193312758634775,0.04660377528828718,0.5353129530943703,1.660461311949799,1.143699049382504,1.1259950017467812,1.0611212697649752,3.0336242529871846,1.0515151835520222,4.841087524578247,33.976565368709274,13.04975005589233,4.289285412229843,3.744550569712171,1.8114079822007518,1.0999761359162918,1.6748743839557079,1.1241494645533907,0.5424769372225207,2.068985893478453,-0.5921677970521183,-0.09095885466711873,-3.119750192346918,-1.2532787540813635,0.3414076998915159,1.42355084167698,-1.4193732616558858,1.348641519319024e-08,-1.3901012388570955,1.2044405586672176,2.8043416136591843,-2.00684794398618,0.9050370421701983,2.4988954666785586,-2.3320742173755726,0.18908390751558793
2_0_38_11_2_16.bin,2,0,38,11,2,16,7,24330416,500000.0,125000.0,2048,8192,1,8,17,none,relative,-33.44296273543903,11.430801052874903,1.0,407.00000000000006,-0.0,7.97466983430469,407.00000000000006,-0.0,0.9548567124311858,0.01753069014987081,0.9881812781229854,0.5002983794165381,1.202676245842642,0.4922002676434898,1.362487324281008,0.832334687163974,3.5153766104778956,6.077970159448332,36.676422187744436,1.7555525214667294,1.295590924286504,0.9347124558456468,0.26019532073148083,0.27767061865706505,0.5243692553350396,0.48513709415891526,0.3114679090087844,-0.6983531929446084,-1.170155572884872,1.459375782616271,0.953800365766076,-1.8541724825186763,-0.5513926783210777,0.5176087909533701,1.6778853799587807,-1.604640063255971e-08,-3.1199070429574074,-3.004635162711406,-2.396221187237145,-0.8870585870346465,1.3919820889300873,2.7386547857691874,-2.830596221220274,-1.7268499032938103
2_0_38_11_2_16.bin,2,0,38,11,2,16,8,31830416,500000.0,125000.0,2048,8192,1,8,17,none,relative,-34.337501552801285,7.8362084609602025,1.0,35.0,-0.0,2.8402167736116315,35.0,-0.0,0.8825063628968799,0.013960144278209106,1.0648802158163317,0.5860958554382797,1.389180550691085,0.6921112845546468,1.9497807244098804,1.4861847125278107,3.818244396728905,9.811490267099217,31.772466925641137,2.359407768658035,1.7038812438137005,1.2371727660541216,1.0045451026683043,0.8318169984655976,0.679250985256671,0.6601268745083569,0.5225622080931897,1.715531669157744,0.6177876195564009,1.9801454624996924,1.4583993658003391,2.303188526768642,2.381348167495932,2.7258236851241473,2.961909804996646,2.7061131286552217e-08,0.34534611559768136,0.5616712130610889,0.8907912004011606,1.0777629026623148,1.396021871130791,1.5197321323187563,1.8799465750694813,2.171636851040191
2_0_39_11_2_16.bin,2,0,39,11,2,16,0,3194496,500000.0,125000.0,2048,8192,1,8,17,none,relative,-42.995587747219446,3.994933488633124,1.0,578.0,4.857023409786845e-06,2.5086434377651914,578.0,4.857023409786845e-06,0.937049533461862,0.22047810332032688,0.28512643561689316,0.22090483358434945,0.22559573492851015,0.27404843969633097,0.2676182237945456,0.4330432495474092,0.26486669780032224,0.3939970889759672,9.173333068181893,1.992727113925052,0.7106629830428066,0.29970498740517937,0.4120326283558645,0.1646449882969911,0.23848271295119478,0.12857448150586215,0.17471960660795263,2.1616526777427016,-0.29478520582205675,-0.6106000896407022,-3.0280255750079603,3.074392777143949,0.664681568359289,0.628371851909005,-2.657333315070025,-1.5815415907266333e-08,-1.4147079992280815,0.43981842726738335,2.478618399257051,-1.9143641122904353,0.5072357656949996,1.7460521972538896,-2.253622652410315,-0.5839035501055229
2_0_39_11_2_16.bin,2,0,39,11,2,16,1,10700496,500000.0,125000.0,2048,8192,1,8,17,none,relative,-40.983185779755374,6.566783114839094,1.0,1780.0,-0.0,5.214370394141685,1780.0,-0.0,0.8816135869150008,0.04342220016484522,0.317284954906484,0.3863407928912599,0.2941387012873736,0.5424315708482396,0.3241497728660462,0.6898003413354621,0.49008252158200993,1.2863321275272352,13.809610515575901,4.287623028132055,1.4611727071187643,0.8349057330411881,0.5934861871870245,0.5261664695972805,0.34300903611749656,0.40332776159156786,0.19770061377091647,-1.8418669532321958,-1.0575158202346242,-3.0708335055842313,-2.6629078342317536,2.093015618073455,2.0972060808524557,1.134944667589408,0.5579494797747375,4.203127509405602e-10,2.4063059911147784,1.6639593217543132,1.1197451527598463,0.32721644813473105,-0.17709456957457986,-0.9831240870180724,-1.444127272246233,-2.351950721478774
2_0_40_11_2_16.bin,2,0,40,11,2,16,0,1000448,500000.0,125000.0,2048,8192,1,8,17,none,relative,-28.073829997190206,7.461154604891718,1.0,748.0000000000001,4.857023409786845e-06,4.1316280738782165,748.0000000000001,4.857023409786845e-06,0.8620737737789446,0.04306735777102552,1.5350192657774417,1.7848204355124762,0.765851331280261,3.408433632744913,1.1260534541172476,4.850941480527047,3.7702145960102285,5.692076646279725,65.40711275802767,21.450150356615108,8.76167336238465,5.299288757421216,2.354641793590772,3.3206841425911984,1.732642440010296,1.8570540776137165,1.8563196430770554,-1.3439664982867612,1.9533489065050385,-2.735207184987998,0.43977326115217996,1.6478613404309026,-0.7890283371531964,0.75031018743402,-2.091000178019579,1.6953588398791946e-09,-0.839940503919778,1.9883694898718525,-2.340581265032849,0.5606008640828113,2.852265073742078,-1.3000711142258472,1.708601568191791,-2.601992886187307
2_0_40_11_2_16.bin,2,0,40,11,2,16,1,3505776,500000.0,125000.0,2048,8192,1,8,17,none,relative,-29.857528449609788,3.2389050427735624,1.0,2002.0,-0.0,3.787344331561118,2002.0,-0.0,0.6961287573596087,0.10685265396820767,2.070186020792369,1.6524351434504705,2.8269440281042457,2.031280736943432,4.32541007745996,3.9768559554157825,9.176920981684326,26.98419153235477,47.63321549978482,7.949557256094802,4.782653861945543,3.401539205765138,2.6429357150493917,2.203802012510883,1.846410434307352,1.598841148498635,1.443854541272663,-2.7735492174454794,2.591733328164696,-2.8858613342756754,2.829163637720868,-3.024519000066751,3.0403030184529682,-3.0986550207651207,-3.1066385181542304,3.837047588575819e-08,0.02012703380065368,0.034243025995157036,0.027231430861219003,0.04705416952789381,0.04688555708501282,0.05327338401210047,0.020580861166385155,0.07173081121644435
2_0_40_11_2_16.bin,2,0,40,11,2,16,2,6002064,500000.0,125000.0,2048,8192,1,8,17,none,relative,-29.18010918540717,11.651261659387647,1.0,1045.0,-0.0,7.8144794130156505,1045.0,-0.0,0.948253736076745,0.041770722546061505,0.42352858864304344,1.0196960707367695,0.5541408771965409,1.1945849370777233,1.4339846058730705,1.3523780632714995,3.5697665492346884,3.028964926953426,60.642981297884354,8.976938973949414,7.837704923022532,1.4161835847711686,3.1400861408333642,1.1643565487442054,1.7770807131032667,1.124697903806027,1.1765257546537675,-2.484105731782798,1.487028922297045,-1.3689260710789695,1.6194964563523664,-0.6305400278545172,1.5308717731719184,-0.3094664425457053,0.4270690606930699,-1.5085976692603984e-08,0.21966262613303833,-2.9103336058012568,1.168226911651191,-2.6530306200022946,1.8145514146296122,-2.3729985073410624,2.1273295968677575,-2.0987026043816597
2_0_40_11_2_16.bin,2,0,40,11,2,16,3,8506320,500000.0,125000.0,2048,8192,1,8,17,none,relative,-28.12586721555247,5.8058534817851335,1.0,2001.0,-0.0,6.440125675153973,2001.0,-0.0,0.8059259291215447,0.03094568997083348,2.290984434016779,1.641996763150582,3.107444595873836,2.0548161483677454,4.694795321433503,3.912939044500501,9.732662627820803,26.141641130885038,63.024113312645746,7.74739924969397,4.764563178631919,3.4885517708086873,2.6996806636922024,2.1593806228287047,1.9031574559677933,1.6189943954213795,1.4769195066619956,-2.6486233472970304,2.5286089899331454,-2.8195976434234713,2.7853356500757886,-2.965867813704202,3.0447019861511504,-3.071030860328741,-3.087509417575922,8.230287033693626e-09,0.03990995576935562,0.0633516844415021,0.04090413319137735,0.0673323915342706,0.0271947409503549,0.07953422532829013,0.05347369509164446,0.07563866518245363
2_0_40_11_2_16.bin,2,0,40,11,2,16,4,11006448,500000.0,125000.0,2048,8192,1,8,17,none,relative,-29.18735250024479,14.809191705669127,1.0,1999.9999999999998,-0.0,15.315718407962352,1999.9999999999998,-0.0,0.9812689160131186,0.014649974043535671,1.2284240088789429,0.7322539307809752,1.4039462782663374,0.559742076432808,1.7659236471299862,0.3677402046210753,2.9751404536785087,6.1812543249595855,61.65733949691317,3.618449672673358,0.5563260069772034,0.4007476980902013,0.2846044875354439,0.23820348570392658,0.22386834579776743,0.20102701136462992,0.16327719266944485,-2.0831269734405713,1.3532381299138916,-2.4002197540789085,1.044902755592124,-2.6884700066667424,2.4460458342482747,-2.8982381643793276,-2.9893189265999127,-9.446988649648184e-09,2.978350675598497,2.6584153736088245,1.7432808349151847,0.11167910370220517,0.831862793465307,0.21436880637175637,0.751106848135399,0.40288733433494855
2_0_40_11_2_16.bin,2,0,40,11,2,16,5,13506448,500000.0,125000.0,2048,8192,1,8,17,none,relative,-30.040172263100295,5.678575198606779,1.0,1894.0,4.857023409786845e-06,6.383586252020982,1894.0,4.857023409786845e-06,0.8116945161357538,0.07492929459914055,2.3143248555250437,2.624554454991758,3.4507258754971035,2.9764061049675687,4.879666778285746,4.324274453327073,8.716894652778727,19.68149016122404,50.23166716835667,3.834551279862013,2.3618072846406286,2.0382989377624763,1.9043103001382986,1.8890927962548614,1.8333660221718604,1.8556839225792325,1.756258319366469,-0.5240008713630989,-1.5027512157696186,-1.1199847896321977,-1.857146129476176,-1.7172935099524995,-2.2042187019078905,-2.3679722927543043,-2.713509757290113,-2.0749797673427766e-08,-0.5312839458709742,-1.0945161386255748,-1.6658295926930504,-2.0580642099145376,-2.5088152828457497,-2.7614933411074296,-3.070898736018835,3.0238825234124427
2_0_40_11_2_16.bin,2,0,40,11,2,16,6,16006448,500000.0,125000.0,2048,8192,1,8,17,none,relative,-29.604913475658513,11.003309452551694,1.0,1776.9999999999998,-0.0,10.030996645130571,1776.9999999999998,-0.0,0.9424978560513737,0.007405412040663579,0.47020549967665365,1.8004117575055671,1.4448853747803194,1.6503464630997973,3.2164881046044154,1.9559510447031074,4.403700580313212,4.553638718694687,57.47063150870519,10.583334858535386,3.325958004688416,2.1447968254044016,1.7935093055238154,1.5238392963826843,1.2079923172551543,1.0491145319933501,0.8310369958567149,-2.0676682741862336,-0.04162967594495139,0.8410226393665635,-0.5976064112915752,-0.10062119499118344,-0.42569977123329705,-0.8656932210900624,-1.0535522496796499,4.198681480169539e-09,2.855821722908527,3.04834365548855,3.1323856025835277,3.123367925155096,3.1276326905561382,3.0304615053986534,2.980513857358424,3.0155093780030264
2_0_40_11_2_16.bin,2,0,40,11,2,16,7,21004656,500000.0,125000.0,2048,8192,1,8,17,none,relative,-28.609555545632382,11.201500785444432,1.0,1038.9999999999998,-0.0,8.189134739019323,1038.9999999999998,-0.0,0.9420662300246871,0.026575170567054482,0.46474672904557335,1.1320905974872812,1.1003066415709768,1.2767557252032415,2.3040336666922876,2.029724816342513,5.188055358737071,7.428966786435833,64.57444537899822,3.389469711054756,10.430380007007274,1.83280338167332,4.08942986582144,1.496698688028104,2.31981874012554,1.3580795432587078,1.4877279588187076,-0.6950979945463404,0.872927114338325,-0.5338110306995729,0.7371571937963735,-0.34849563245160947,0.4963640728260679,-0.16732149555031886,0.12671839616078867,-1.2658892537098787e-08,0.6142584940846384,-3.0019515695480297,2.447072076060981,-2.855747637114368,2.390218606275033,-2.693444991897482,2.4796559117979218,-2.51387323397049
2_0_40_11_2_16.bin,2,0,40,11,2,16,8,26005872,500000.0,125000.0,2048,8192,1,8,17,none,relative,-28.33306559771058,10.312777676541215,1.0,1045.0,-0.0,9.190783863227663,1045.0,-0.0,0.9215831447187555,0.030674806728866764,1.0819145989862922,0.6141121218393696,1.1830077362361895,1.2546836556544438,1.3812265030168018,3.141731691221587,1.933416940865258,16.847260990556524,65.98726977441342,5.815402522539315,2.107056908481849,2.7490881861938163,1.1664397694479822,1.522263234132727,0.9536249444916082,0.912341925008508,0.8619849059698758,1.7928852502614676,-1.337104956051685,1.9043428122130235,-0.7151287857312231,2.108378132186803,-0.34621751246772614,2.4867950465735698,-0.09686100976912713,-1.6204638768022047e-08,-3.0282769812629575,2.765197259830744,-2.8553160352331095,2.4011309293570586,-2.7051206936841177,2.428752035526574,-2.4457514661892965,2.566204883211395
2_0_40_11_2_16.bin,2,0,40,11,2,16,9,33506448,500000.0,125000.0,2048,8192,1,8,17,none,relative,-28.616450570691534,5.836606238037247,1.0,886.0,-0.0,3.1114397960284226,886.0,-0.0,0.807809100305501,0.06313259867395533,1.5623388452112934,2.5658862402688567,1.7720653433292597,3.1009216204449044,2.4022501518646298,3.976191517737536,4.759807446969528,6.146658968351011,59.4382635018588,23.816959520289995,10.251953805801051,4.057880025491456,4.046560845882957,2.6538940403872275,2.3329054996355896,2.073946181011004,1.4528176911930855,1.0978273426846226,-0.7306772598302522,0.6763260541773285,-1.3682252869699483,0.4150399194575537,-2.03099644449743,0.2384002505634318,-2.76707667435555,-1.3618099695036634e-08,-0.3473985528824632,2.6460498671682893,-1.0288367803806437,2.1723507219115974,-1.6350239434299125,1.7240724218651726,-2.154742805610688,1.202636382114446
2_0_42_11_2_16.bin,2,0,42,11,2,16,0,1814528,500000.0,125000.0,2048,8192,1,8,17,none,relative,-38.45286096876029,7.196980476996149,1.0,702.0,-0.0,4.2713263275194855,702.0,-0.0,0.8899086642317791,0.04249237677001375,0.553101209933748,0.25523808120073616,0.40228382326091505,1.0157692550032846,0.442133747818027,1.7904429263356225,1.201333654289719,1.7806560752005551,19.129138488893975,4.538725976065681,2.848465836953252,2.0548863446860475,0.24005727813998648,1.0887480119438648,0.7359207073779198,0.25145960404756845,0.7227022999803466,-0.37699099321030927,3.019380188090737,-0.5062605282182501,0.6403231280177218,-0.2121268608980749,-0.39981163077105375,0.42466487948884235,-0.8828885023793055,-9.041116524243056e-09,-1.309798691097846,2.1950782410874807,-2.8603504460592433,0.47647612474027196,2.5088296102305723,-2.433239875622553,1.9053279073450429,2.939664042605561
2_0_42_11_2_16.bin,2,0,42,11,2,16,1,4316176,500000.0,125000.0,2048,8192,1,8,17,none,relative,-36.72310619981153,4.1760597278288145,1.0,1037.0,-0.0,2.1186880085763753,1037.0,-0.0,0.7539931561462205,0.0385773041018809,0.5853193475216665,0.7352810950325518,0.8460823857620804,0.8492283633942281,1.4228507252955676,1.1415192826003742,2.958861301284269,1.5597110609245923,21.86822619788161,9.360291182020127,6.247032238951165,1.2288614026152016,2.4148381407823414,0.9473812785230785,1.362214851620649,0.8358207667544992,0.9011095518865363,-1.5391107472531753,1.5739696286473757,-1.0089579696317597,1.8658001873311643,-0.6199642713704852,2.131269116088505,-0.2781851427262223,2.4413879669543332,-4.676720383260906e-08,0.16898833822536952,-2.921260937418944,1.0376570588901322,-2.683690913513919,1.5416054820885046,-2.4355211540702593,1.8097963793296157,-2.100515092409781
2_0_42_11_2_16.bin,2,0,42,11,2,16,2,6816560,500000.0,125000.0,2048,8192,1,8,17,none,relative,-40.28465592034885,9.880100238294435,1.0,1041.0,-0.0,6.825155405260755,1041.0,-0.0,0.9473165358095703,0.0542253636385723,0.1307517212015007,0.28069675614144124,0.2637693688579162,0.3309528265624993,0.5191693332985974,0.3845293335234342,1.153967466699052,0.9561247162749413,16.139271288180527,2.163586586501241,2.137197216838863,0.4174122472864873,0.8373628013135376,0.32825333863442563,0.43306137759570046,0.3192001692968562,0.2843469222112185,-1.3257442827395194,1.2253885153041921,-0.6535717838774431,1.2357748875719685,-0.4251476817694299,1.0798523187963565,-0.19293242560317242,0.2886954712490886,1.3626762401473075e-08,0.2401731322502361,-2.8949922558502688,1.1427417262861412,-2.674821418554704,1.6827531248423964,-2.313816524550459,1.950660494197094,-2.024699898225442
2_0_42_11_2_16.bin,2,0,42,11,2,16,3,9320528,500000.0,125000.0,2048,8192,1,8,17,none,relative,-39.72979367028123,10.426773309240083,1.0,1942.0000000000002,-0.0,9.43882350626535,1942.0000000000002,-0.0,0.9638966220476507,0.04843368529890204,0.3345382753245758,0.1980776933877341,0.2985865596884231,0.31348132684721614,0.2185369926689327,0.35342366078803655,0.2908505449167425,0.5697265910105669,17.260824923459058,2.9528269012301616,0.7753226674440614,0.6191799406095398,0.2940033529648414,0.22832677000535018,0.2793419424167773,0.1140625852639075,0.24565067868252843,-0.5247266381263596,1.295916871031511,-0.9388284245372331,0.6459930923614757,-1.2770384846462206,0.09390745987576815,-1.386230940549634,-1.3577407588213777,3.344202564792871e-08,2.9703640947772274,3.054242340290312,2.677675885250182,-2.951181465918512,2.272194084644545,-3.133378190203162,1.0147608086625342,2.657002007782471
2_0_42_11_2_16.bin,2,0,42,11,2,16,4,11820528,500000.0,125000.0,2048,8192,1,8,17,none,relative,-38.35491494025902,10.946178499369875,1.0,1798.0,-0.0,10.197569565507706,1798.0,-0.0,0.9763053399567212,0.020969485947115882,0.3131461589596794,0.35541514476872454,0.5549062992443814,0.2270200333281233,0.7604519367418758,0.36339239027155223,1.220226911799337,1.9929843476798115,20.26643566265404,1.5069502777164934,0.3175180568858563,0.2248199243738752,0.3188711113462556,0.23096575398284694,0.2117621089789828,0.21315164318029883,0.11503009688901292,2.5794067092350996,-0.49250841654829397,0.8841236238117953,-1.2670131905968525,-0.31306522613665694,-0.8945028966986038,-1.5180780101644489,-2.200632305011995,1.949316628844988e-09,2.7009100408371505,3.0805098984516497,-2.936323296406739,-2.901758774051454,-2.8521540273740906,2.7293639195804,2.8383883485310704,1.8803681827783458
2_0_42_11_2_16.bin,2,0,42,11,2,16,5,14320528,500000.0,125000.0,2048,8192,1,8,17,none,relative,-36.105992360894646,4.211268030371811,1.0,1751.0,-0.0,3.300841403018045,1751.0,-0.0,0.7488526320379258,0.06738659636430398,0.7452726223489481,0.8945345980558176,0.68969687814103,1.1351088643700828,0.8805770695849775,1.851204792073257,1.739896392513523,4.289880287593063,23.71852990765438,11.767475899274991,3.408303586666123,1.8047062215588745,1.4404238569907202,1.1114748487708754,0.9797797188279225,0.9116228523934361,0.7188267434524693,-0.8633812705684437,-0.4588213737080715,-2.5192041329256885,-2.185117480391836,2.302757272969362,2.2692650158743874,1.1021327402267245,0.6681930270684966,-3.2733894679873483e-09,2.3657841350134627,1.5744292851891553,0.8063461499560642,-0.1629706752810181,-0.7851623270877282,-1.656819522043552,-2.2277135868574924,-3.0305021044873386
2_0_42_11_2_16.bin,2,0,42,11,2,16,6,19320528,500000.0,125000.0,2048,8192,1,8,17,none,relative,-35.70186151335956,7.880887804158778,1.0,1621.0,-0.0,7.9966862233977825,1621.0,-0.0,0.8813837614471698,0.06835350750507659,0.9137574055909436,0.6362821653850317,1.1161925122137422,0.5976050905207265,1.5846802835780998,1.3651410103510089,3.6557675672633803,8.140007668154043,27.135734812799523,2.0367343323529594,1.5186092919286456,1.305526269210202,0.8772572108745684,0.6428376286263798,0.5695728205196454,0.5014114828199487,0.5706934488499544,0.40259896426672764,-1.9080964256060609,-1.9683833659294807,2.0384192635140987,1.660490038780081,0.10232567118638754,-0.7174491925612507,-1.8834630212712322,3.214711619940876e-08,-1.3216199255974443,-2.4036501894453433,2.7993025266200444,1.8249788102005977,0.5896610166789276,-0.6898339072988868,-2.0602157691062635,-3.0338538264825927
2_0_42_11_2_16.bin,2,0,42,11,2,16,7,21820528,500000.0,125000.0,2048,8192,1,8,17,none,relative,-35.53193886121988,5.2028129441718445,1.0,1450.0,-0.0,3.52952547968618,1450.0,-0.0,0.7888861051750888,0.09527779431280442,0.7748738695035936,0.9184003553425942,0.6724229117869115,1.2398039269257317,0.9193228948546042,1.9260557679229606,1.4449444990505111,3.7910607285105997,26.192433076725194,11.554814471689713,3.5030467553778957,2.200432630512301,1.5719504468528989,1.1395019571839262,0.9495035244234851,0.8527721223425122,0.6943289031624479,0.06881165677767109,-0.3190877353149201,3.0832964881512894,2.3541888685663332,-0.039893516434248946,-1.1321938448201585,-3.1306523598179505,1.5750159000949655,1.9824190697058803e-08,1.4261713984333964,-0.3085476830285695,-1.9890985689236271,2.6465767723010023,1.0013147148772272,-0.7883666928911507,-2.420928254347828,2.2393785206997245
2_0_42_11_2_16.bin,2,0,42,11,2,16,8,29320528,500000.0,125000.0,2048,8192,1,8,17,none,relative,-35.06422932322407,1.975911332374395,1.25,1126.9999999999998,-0.0,2.4638854334986133,1126.9999999999998,-0.0,0.6406735028292122,0.09303625496109817,1.4177611604686255,0.5498719681910226,1.8837310178950524,0.6253128379086477,2.2448239763546276,2.511502886467374,2.9529940045725263,15.453871698559102,24.446348480304813,7.148274260864626,2.1154439845589184,2.160398243848512,1.9168939691648768,0.752263755366017,1.5163651509127216,0.34328951069159297,1.1559027466924083,-0.06399106856889618,1.9705222237691407,0.43401397375879347,-2.0424192417370572,0.9896535480138323,-1.025457854108649,1.7250046794006877,-0.38182082705230225,-2.2429349484413694e-09,-2.9411311394960964,1.6288101213783595,-2.3344242482581525,2.273960931209595,-1.5811789651838508,2.8346012100449034,0.26831967331267637,-2.885168190951165
2_0_42_11_2_16.bin,2,0,42,11,2,16,9,34317360,500000.0,125000.0,2048,8192,1,8,17,none,relative,-35.89211457140629,11.001001211858265,1.0,57.0,-0.0,5.542785668841816,56.75000014706867,0.43301272313652106,0.9561853088710224,0.07130820725655114,1.0948880832167167,0.7828451423497067,1.2702290039334596,0.8758700138862334,1.5562431059014377,1.026105772394311,2.1853507414945,3.6458130068679315,27.513249597878005,1.8133759297562715,0.9692899150022937,0.8235623147780331,0.9019309986396151,0.743160965139895,0.807197423022773,0.7106935896644688,0.7601205481736996,1.2188907152049957,0.4224443342228143,1.55746815872523,0.9101633465725322,1.9138170145329405,1.4798897389685273,2.3948756791892,2.688356310955907,9.460309053266364e-09,2.881832480631104,2.5090215028251177,2.3990284272477664,2.6482516057986176,2.751795962471417,2.988299863574764,-3.135975096976044,-2.948159910480893
2_0_42_11_2_16.bin,2,0,42,11,2,16,10,36818128,500000.0,125000.0,2048,8192,1,8,17,none,relative,-35.43231856498679,7.918400049948023,1.0,56.0,-0.0,2.890068315568143,56.24999985293135,0.4330127231092809,0.8926931979911021,0.01633330464825404,1.5363016272544743,1.0666644942792698,1.8929154474898597,1.3196597092657416,2.360665707156219,1.9293268476420031,3.716064986306565,7.273191467228839,28.02483295496613,0.9982665201970226,1.0723453410398966,1.1050564129395632,1.0941970116906303,1.1016441583575634,1.0702064974971315,1.0028719202713385,1.003716364430501,1.2566873090784352,0.9073526550617783,1.637142736228139,1.4439262180068002,2.002451350059446,1.9988388294017148,2.4874263717604785,2.7950857301809275,-6.353480538772859e-09,1.643781952678232,1.8597197579351976,2.2296059380888305,2.51818301724547,2.787502757836978,2.9821876692441642,-3.011514323812106,-2.870941642000079
2_0_43_11_2_16.bin,2,0,43,11,2,16,0,179648,500000.0,125000.0,2048,8192,1,8,17,none,relative,-40.89342237822158,4.581048132928399,1.0,1999.9999999999998,-0.0,2.351143603948149,1999.9999999999998,-0.0,0.854233812018893,0.15877981594901155,0.35877481280343493,0.3479517071129752,0.3585411495361427,0.5598497923864341,0.35050868428380977,0.7105045413040013,0.5975766163274249,1.4092163218346643,12.654533813721148,4.3777539634074865,1.4309118456228411,0.8635524700395054,0.5841769903414002,0.44054935005869034,0.3984476245446713,0.35912724490796166,0.2595560192353591,-0.8900605382265847,0.535922860824017,-1.0786831529781182,0.16914560884066301,-0.8514094248522839,0.12756376562087712,-0.36009686820206577,-0.08994670914223768,1.594963488766949e-08,3.0722818039505904,3.0354041476820597,3.095661496122703,3.014083946752959,-3.0881462634293606,3.069246879165621,-3.141048851894811,3.0779103181906406
2_0_43_11_2_16.bin,2,0,43,11,2,16,1,2661072,500000.0,125000.0,2048,8192,1,8,17,none,relative,-38.1759233556565,10.238033254007505,1.0,1330.9999999999998,-0.0,8.05841934228825,1330.9999999999998,-0.0,0.9769885576534594,0.07181359779079957,0.38761224447634446,0.14707181395831495,0.3578467547749542,0.26003773045620754,0.573101411571459,0.18156278156437997,1.0340302358509608,2.2382684216408695,20.253479810505546,1.1589206462443082,0.4115318329701644,0.21451919248378293,0.2159469972273812,0.19890252313045464,0.13596061458638944,0.1334499584465783,0.15696709321966248,1.5705489425124726,2.9488335183283008,-2.7792137091925198,-0.8876279197292389,-0.7106350988302401,0.15910546905371672,0.9067826354628483,-0.8589076417471662,-1.2889878684664888e-08,1.217168614714129,-2.281961795854363,3.008706695329985,-2.90514261612927,-2.652953254884951,-2.1941557523965836,-2.172578024617503,1.5541898327143486
2_0_43_11_2_16.bin,2,0,43,11,2,16,2,5164336,500000.0,125000.0,2048,8192,1,8,17,none,relative,-37.10000615582421,6.501345552475988,1.0,2004.0,-0.0,7.501355389229598,2004.0,-0.0,0.8637031610766628,0.02894327089189265,0.7032994762969847,0.5336804467769363,0.9867951564521492,0.5750426020365634,1.4338621651959034,1.0572937653285817,2.918374416906531,7.340734523715428,21.988160949148945,2.0337798755128813,1.245598039155971,0.9797185889095655,0.7283785504759446,0.6523267862785547,0.513053502449513,0.4721039087561894,0.41358140948148375,-2.6841938614032084,2.319373616156804,-2.820790900275526,2.5821551624014214,-2.951068670067022,2.9534568643313257,-3.1203450667206405,-3.121492443807092,-2.151895384111e-08,0.03065899526733403,0.0880403046731532,-0.010970601306594347,0.12594433677834685,-0.010303376682346103,0.2723818660076592,0.07255813418022349,0.11443177080931514
2_0_43_11_2_16.bin,2,0,43,11,2,16,3,7664464,500000.0,125000.0,2048,8192,1,8,17,none,relative,-35.66291573080601,13.678383868773956,1.0,2006.0,4.857023409786845e-06,13.841654044529424,2006.0,4.857023409786845e-06,0.9835450625514519,0.050607290200434744,0.5243372459772406,0.4639481134274791,0.5699533753810172,0.3886343957915108,0.6972798374936354,0.29143765474169947,1.126922784923152,1.9330220136132474,28.764652365323006,2.364817344821875,0.6125184364669062,0.22879541545033963,0.2027855716179066,0.13147237282124125,0.12852661671470658,0.144957660964494,0.10419594674938477,-2.0387432475751117,1.2031878883681189,-2.34123881787952,0.9358275376090369,-2.5224013000206393,0.4531440211829775,-2.872972737235302,-2.9997696468359694,-8.668691805039886e-09,3.0480892646243953,2.874078610942181,2.9034954487940707,2.517101236273619,2.9629469945782843,2.273231052007462,2.965742741966958,1.4012323055892195
2_0_43_11_2_16.bin,2,0,43,11,2,16,4,10164880,500000.0,125000.0,2048,8192,1,8,17,none,relative,-36.22933967987686,7.957392369751722,1.0,2004.0,-0.0,8.919367602976855,2004.0,-0.0,0.9039518988137334,0.04975198766272636,0.6693458431752878,0.5652675501019041,0.9756246363297134,0.5509843744851559,1.4424207750898528,0.9373936138481583,2.8626044452789263,6.817388394815957,25.06331862321625,1.6274571499684787,1.0976750979706809,0.9060204080490692,0.6687102921526402,0.5682821199983685,0.508525962734329,0.4033478574690347,0.3847305909564593,-2.5368175308224417,2.192397085382282,-2.7483133040493306,2.3586301079163885,-2.9561370650106467,2.8984264245899083,-3.028710196496845,-3.1067675356914695,5.060109083302061e-09,0.0653285885536217,0.2079640462446311,0.024636231143020656,0.1967680872619779,-0.07299569908402216,0.31307762698628844,-0.11242221489643527,0.2368118828946171
2_0_43_11_2_16.bin,2,0,43,11,2,16,5,12669456,500000.0,125000.0,2048,8192,1,8,17,none,relative,-36.133537315726194,11.864394651048299,1.0,1038.9999999999998,-0.0,13.035087216447355,1038.9999999999998,-0.0,0.9661256447679191,0.01671490506535794,0.29448000540586705,0.16443823488752,0.241512307888738,0.23577105605557444,0.2813058397731385,0.5920452429152128,0.2850772108779167,4.355406881223188,26.824496143751936,0.9104394280655639,1.3963025306764256,0.6740217730929394,0.5580200235882483,0.3644027638180862,0.37372007856112704,0.3131261159349009,0.3195815177713803,2.5007134342108053,-2.1904389610184487,2.3883208005546903,-0.43872574027486455,2.3510633058713006,-0.26180083608485955,2.5468595597770527,-0.05646997608630492,-2.492465182733554e-10,2.8910432358823934,-3.1325118662315514,3.05503176749134,3.0454262009674524,3.107491124973336,2.930286354425401,3.116479928145968,3.0308884595086476
2_0_43_11_2_16.bin,2,0,43,11,2,16,6,15165456,500000.0,125000.0,2048,8192,1,8,17,none,relative,-38.093706314568124,10.036297857782595,1.0,2039.0,-0.0,11.015197930811416,2039.0,-0.0,0.9627719250202825,0.13313076849529562,0.4956394048602816,0.36267046846523426,0.6519756826540904,0.3162444872220037,0.8570836888655763,0.45155556107614997,1.506111149376781,3.2903426024342197,20.649073303520417,0.49847578207110643,0.33218623524611507,0.2752510968289433,0.28702749184551146,0.2858569025544599,0.20375527437854632,0.15700291222087043,0.17323625140084817,2.682340019798941,1.217102479262111,2.7362310616484335,1.4795151902269896,2.713587989101018,2.331663990768041,2.9448360135423326,3.052879602312541,1.3403826770250174e-08,2.862138374355535,0.6889444346241189,1.096524717889135,0.9667184072462058,1.4040714809529888,1.2668268016137945,1.5824167357422532,1.6428770023088592
2_0_43_11_2_16.bin,2,0,43,11,2,16,7,17665808,500000.0,125000.0,2048,8192,1,8,17,none,relative,-37.30425921099227,3.463424943818757,1.0,2001.0,-0.0,3.9007845632417384,2001.0,-0.0,0.7254231180216566,0.04145647227301379,0.8855874127445129,0.6357355765111262,1.2082207162666931,0.7698428462887144,1.7693411243508772,1.4770861844957028,3.6778500484792778,10.470512940164427,19.86774055166638,3.1401802184123553,1.8273970172210774,1.3239219764729357,1.0296525503521645,0.8689212847701382,0.7563812572649735,0.6405626975431421,0.5274013769585489,-2.709064993927923,2.60703593704637,-2.8463743284206466,2.7544424313565146,-2.9791120073280677,3.010380309289389,-3.0816785346447926,-3.114962479297021,2.0103764214855522e-08,0.001746530029231818,0.05212526531172619,0.01247308132133812,0.0818038952664883,-0.052872246437877836,0.041783133788253705,0.05268838006084194,0.059588397223671805
2_0_43_11_2_16.bin,2,0,43,11,2,16,8,20170512,500000.0,125000.0,2048,8192,1,8,17,none,relative,-36.598519016574336,11.888415743933018,1.0,1037.9999999999998,4.857023409786845e-06,10.648633790442041,1037.9999999999998,4.857023409786845e-06,0.9727961150793674,0.026704719049284335,0.2750381254710726,0.2983178628728571,0.22906908168532658,0.23504044333844798,0.2037258520035357,0.3587073096680047,0.589376214242755,1.5036817833285712,25.307105168812463,2.5835528668658094,2.250720780015058,0.4101447512002302,0.9278613533069203,0.37283898569944807,0.5135211263714832,0.31654489226747823,0.337519344827671,-2.9341830356446454,2.4328862678514556,-2.2304165432673178,2.2819912854370163,-1.571766386031007,1.9421660420622842,-0.40271218604457176,0.1406884243820953,4.6574145941385265e-08,0.1955044046899648,-2.9609857001070123,1.5571395020191867,-2.804265658634002,1.9205881183992182,-2.652587649281879,2.189118409136877,-2.3600891576181433
2_0_43_11_2_16.bin,2,0,43,11,2,16,9,22666704,500000.0,125000.0,2048,8192,1,8,17,none,relative,-37.32730381069898,12.154523155166268,1.0,2002.0,-0.0,12.525798536393934,2002.0,-0.0,0.9830488681943239,0.02504406998666104,0.4415560067000998,0.34253333065417235,0.5239999609577881,0.32711543227282724,0.6225370575670842,0.19949965169867756,1.0792867634930463,1.8313351220988405,23.221201607580028,1.6862731426976025,0.3985672585426714,0.15010826150692855,0.15345331149745067,0.10515621405171156,0.11799964185116685,0.11953105918268098,0.0678823815402992,-2.0413951879500236,1.2513197577555577,-2.3899996236435688,0.8498796369053534,-2.6729762495237703,0.6012221024663059,-2.8939236137577313,-3.0330552496930627,-3.566356401987782e-08,3.120822687287572,2.934450722452334,-2.922734672653139,2.338046003530956,-2.9467691410808388,1.9457092415254196,-2.8060733880928694,2.3844841629123765
2_0_43_11_2_16.bin,2,0,43,11,2,16,10,25166864,500000.0,125000.0,2048,8192,1,8,17,none,relative,-36.78843584913178,6.695543466845538,1.0,1997.0000000000002,-0.0,7.289417143517079,1997.0000000000002,-0.0,0.8578428414571879,0.13168100349732353,0.7571557263995837,0.5495051058581444,1.0304363715794576,0.6551589281170203,1.5630490919421038,1.1099965177202062,3.156334773452107,7.866580795994755,23.149787072220647,2.2157564483956773,1.3465610533308443,1.1075693964170439,0.7598485487132939,0.7013664922303497,0.5726364084466423,0.5179081223036246,0.44226791267065885,-2.4693139028584428,2.4530124082857303,-2.6590753757132832,2.674322676154138,-2.8797493107280254,3.016477307473172,-3.0450329932823204,-3.1026201697875964,3.5087032357163344e-09,-0.020651576617300448,0.01888996542399055,-0.06931338325795407,0.08962484805631327,-0.16915626814912946,0.053702380330924296,-0.1609378034500788,0.02312266051090268
2_0_43_11_2_16.bin,2,0,43,11,2,16,11,27671856,500000.0,125000.0,2048,8192,1,8,17,none,relative,-36.34403952447478,7.951363900524401,1.0,1034.9999999999998,4.857023409786845e-06,6.4375220110934395,1034.9999999999998,4.857023409786845e-06,0.889848590224172,0.02847360033467742,0.49140914356745874,0.5855249275551839,0.5192809098147154,0.8425504625229268,0.6351962230532564,1.1375962322039186,1.2611962340971465,1.6744394435421561,25.024161624201373,7.271286047384133,3.230724155848448,1.2213360056457296,1.3141978173384923,0.7253708151479903,0.7952193833188593,0.5973676349904893,0.4816176791494466,-2.242031276285159,2.2688830694421522,-1.756711188171321,2.451229784455158,-1.1497296633065637,2.631612542662272,-0.5297801471539669,2.8415049819939955,1.2666340307960667e-08,0.157049009410376,-2.8867457966051977,0.6877326104858408,-2.621818753921047,1.1465855825962574,-2.3471832021803034,1.5913909952987688,-1.9739287682555102
2_0_43_11_2_16.bin,2,0,43,11,2,16,12,30167984,500000.0,125000.0,2048,8192,1,8,17,none,relative,-36.31731350902132,8.8331778578357,1.0,2003.0,-0.0,9.498110766259291,2003.0,-0.0,0.9138714184246935,0.030997878298255236,0.7043314166162897,0.5260620302710656,0.9506673090536619,0.5447550248722931,1.4064981640808323,0.8775168604847974,2.82799234906555,6.502763183225989,25.463732746792825,1.5012474751806424,1.0214715983892673,0.8628213448729015,0.6462312976346452,0.5350904086761146,0.45796376103964825,0.4143213707596346,0.3764968409561351,-2.551707218431986,2.151766481088956,-2.7166431989765347,2.473131102595315,-2.87470674134885,2.8742688758898627,-3.0579665949588026,-3.0976410751708414,2.4377806970710163e-08,0.04545344121821273,0.1205686112946179,-0.04091717801098747,0.21867277068968624,-0.04557225909775434,0.23806682297520496,-0.14033588799265018,0.19986696141557933
2_0_43_11_2_16.bin,2,0,43,11,2,16,13,32669264,500000.0,125000.0,2048,8192,1,8,17,none,relative,-36.33514182747066,12.123037690559379,1.0,150.0,-0.0,10.888502345861891,150.0,-0.0,0.9750383873075361,0.027353341590425045,0.5605523389277027,0.36985573812206446,0.5540089673921975,0.42769952278534,0.5255997805351497,0.5902609470410396,0.5373498885118517,0.48015617322445925,26.13374981266657,3.6052852227650014,1.0676988900821267,0.42958089850850917,0.32784058856734993,0.20871013928827867,0.18666080125710488,0.23021505600639897,0.12255946791725093,-0.19711141829388376,3.0442186846435755,0.6328676556104762,-2.0698444677159777,1.391878664472212,-1.15620721487899,2.0759581465395027,2.072051057721336,5.540106474471348e-09,-2.6289561240798562,-2.2050186188888015,-1.5121054686095665,-1.4722167768050618,0.5161121849519709,0.0026767901329335757,1.9638919078537054,1.837995726777709
2_0_43_11_2_16.bin,2,0,43,11,2,16,14,35173648,500000.0,125000.0,2048,8192,1,8,17,none,relative,-36.69361044204493,11.315508554574897,1.0,1211.9999999999998,-0.0,12.598362843419263,1211.9999999999998,-0.0,0.9681278123979434,0.018843630834383698,0.5278154298454597,0.5647200557083415,0.7919015995937966,0.4793335887195763,1.0318937507999426,0.23488929626141244,1.377601921680867,3.59151820698665,24.8645624815396,0.9297435104677971,0.8154914073865824,0.33804540459964244,0.39827957968733485,0.17349512856581017,0.2391732005978332,0.1883994690557149,0.0962434661327539,-1.2210082625536325,-0.21069602388971279,-0.35155362499919784,0.5890404286421687,0.5776212330399787,0.05058543773631937,1.5107279194147831,-0.5180248572130638,-2.4791805581191344e-08,2.019933033046873,-2.908879541186885,-2.8509403373695035,-2.937740162391629,3.1383302385636482,-2.4560529943711678,2.7784906578517123,2.822063050734065
2_0_43_11_2_16.bin,2,0,43,11,2,16,15,37673200,500000.0,125000.0,2048,8192,1,8,17,none,relative,-36.23486070278733,7.219649783817854,1.0,1041.9999999999998,-0.0,5.822229522310104,1041.9999999999998,-0.0,0.8660190099494987,0.041042628971193665,0.4997949040334357,0.6734270361739326,0.5489070644441583,0.8738439621046925,0.7906246389961941,1.1902014803930319,1.7016442495286437,1.801782805383342,25.068675616878735,7.93618363750087,3.931911416942102,1.3593521646918836,1.6062499710106521,0.8529664873803489,0.9320340279291526,0.6934425383861236,0.6135015238372672,-2.267551191429068,2.022063314892217,-1.648655513661961,2.209092685558242,-1.0347024839252095,2.433537776650702,-0.439419805294803,2.7453369855105825,-4.74233324334241e-09,0.18768143111374555,-2.8534465102473554,0.7930345386097812,-2.5661296647580922,1.3483727791470128,-2.258207465426478,1.7911332120614945,-1.9371826118989226
2_0_43_11_2_16.bin,2,0,43,11,2,16,16,40173776,500000.0,125000.0,2048,8192,1,8,17,none,relative,-41.038267046085515,11.412002642361022,1.0,1032.9999999999998,-0.0,11.756579522533231,1032.9999999999998,-0.0,0.9776880692539724,0.028918388840533726,0.18306185499052896,0.11240022475570605,0.17349371091930965,0.10207608957168043,0.16812843579810893,0.1925744151888324,0.21260826166158836,1.797091750202875,14.86476437264512,0.589471702135915,0.6856205103291927,0.2104638883996351,0.2949512243867595,0.1781661554886377,0.19771650883677871,0.14219653121371512,0.1336737567813919,2.747056969899107,-3.0261981531087807,2.9128488523901073,-3.1410843123256784,2.8372522342462365,-0.2504513195244488,2.8023511204404787,-0.035100482697236195,1.0424077712411092e-08,0.2938733234892893,-3.1221774649163083,2.8552503097627664,3.037060817860596,2.646881738111471,2.728200898419924,2.1408160438371144,2.5625253254819222
2_0_43_11_2_16.bin,2,0,43,11,2,16,17,42674352,500000.0,125000.0,2048,8192,1,8,17,none,relative,-37.59303745828231,11.316284573406481,1.0,1041.0,-0.0,11.274406157392978,1041.0,-0.0,0.9720524151097656,0.0990038311394598,0.1608294043577349,0.1478656491521053,0.1067213320709261,0.2156297686151027,0.1509608665727839,0.4528426184004832,0.48902628185375957,2.691660290945432,22.295516549390424,1.0445743220262376,1.84980030932239,0.39444830166929024,0.6921190156834232,0.29572638152865427,0.427741839429711,0.2385400560625318,0.27615060530340524,2.6040454642373314,1.7708488919508587,3.0759158580650805,0.8570888388423527,-0.19861445458404797,0.3185983031750405,-0.07949574025616771,-0.04574702007928209,1.7824878932220424e-08,0.5038066120291279,-2.970559251566189,2.683600641024971,-2.8599058370725707,2.7596107203346727,-2.7824125959208805,2.8791322326649804,-2.5192092819857015
2_0_43_11_2_16.bin,2,0,43,11,2,16,18,45170192,500000.0,125000.0,2048,8192,1,8,17,none,relative,-41.08423170520881,2.4725477993344858,1.0,1999.9999999999998,-0.0,2.9770563631187956,1999.9999999999998,-0.0,0.6821395966334114,0.052254539691557446,0.5386942436604897,0.4786809858973121,0.7462280627870852,0.5965976092854284,1.1418255322455022,1.0192977050686358,2.4457474275888544,7.113077962965731,12.154473723882795,2.1368173006236137,1.2527636266464877,0.92008949517601,0.7208647513279948,0.5645036321464505,0.4967496508195002,0.38624195721231386,0.41036344309233963,-2.6825150357304186,2.5895670282925582,-2.8511090057712405,2.7826408090772987,-2.957292538609137,3.0382689848818862,-3.100444176568108,-3.112157946312238,-1.0516916695027232e-08,-0.0007697945215125665,0.0011691311617150798,-0.03532962844996144,0.04031580416061564,0.00935408447984391,0.03783174139537159,-0.15961155678651895,0.11280931098322262
2_0_43_11_2_16.bin,2,0,43,11,2,16,19,47683056,500000.0,125000.0,2048,8192,1,8,17,none,relative,-36.77307339611313,3.8136779383161468,1.0,1041.9999999999998,-0.0,2.6604936304591993,1041.9999999999998,-0.0,0.735749575870405,0.04614359536539223,0.566430152437325,0.7910544457058596,0.6994817737330832,1.0300208740087657,1.1052978292456472,1.4287035972028785,2.224683331519753,2.5715560957850516,21.506346462035054,10.729464536998227,4.7625082819107,1.5847542522467726,1.9854094936821736,1.0312114021081897,1.138536193210105,0.7878590401287134,0.7861704458315296,-2.109361447333519,1.8317489453364995,-1.4604483534837607,2.12127610402472,-0.9286925598644422,2.481561717416686,-0.40897859245983575,2.813496789407546,-8.835980533043385e-09,0.18959451909777342,-2.8448309399661693,0.8012821788755492,-2.538678166454028,1.3280716827621364,-2.2285000850191,1.7314699018967277,-1.8310243182009074
2_0_44_11_2_16.bin,2,0,44,11,2,16,0,2057216,500000.0,125000.0,2048,8192,1,8,17,none,relative,-40.91049869169062,6.887012096817916,1.0,532.0,4.857023409786845e-06,3.6504265020052307,532.0,4.857023409786845e-06,0.8774144562399439,0.03505135310097598,0.2279071264864143,0.5399796909111089,0.4062327964199906,0.489608353684747,0.5101730611175112,0.9787267091118322,0.3452601970902103,1.7475053162538083,14.216626565388012,4.298664492166369,1.1428671709151814,1.2854891770426211,0.8591846940360212,0.20866279083846037,0.47697597253166885,0.5378103459835762,0.23621564693515823,-2.0831663460679883,0.410476586267057,0.4116642919931683,-1.7434632359321942,-0.8400446262448001,0.6975343255810473,0.5574626634984566,-1.0360123629476892,6.065848448665696e-09,-1.6850778853054003,1.0176693598898139,2.5108037028731514,-2.657355011166826,-0.6356586016163078,1.8660324510600652,3.026342713256179,-2.0009839043032636
2_0_44_11_2_16.bin,2,0,44,11,2,16,1,4560816,500000.0,125000.0,2048,8192,1,8,17,none,relative,-40.88399205592183,6.1256534241257885,1.0,1333.9999999999995,-0.0,4.256170019433311,1333.9999999999995,-0.0,0.8493243621800382,0.03943878234465935,0.2765863666350748,0.35303415043012254,0.43189008787716227,0.4602673316389424,0.6266789350394844,1.162225295769249,0.3229449707858958,1.6882482224001811,14.047839084481055,4.816597257783793,1.7355082380510478,1.348102432754433,0.5743762177112807,0.5141014323843174,0.6168097476353432,0.368488608019854,0.25106021598929046,2.7508678992804696,1.8882232771397949,-0.8114080431869537,-1.8470314409237083,0.8464166506325391,-0.022013277186809923,-2.1774770352244674,1.4685910781258424,-3.4215360926701135e-08,1.1756956487263617,-1.3917428447646818,-3.0120803708848576,1.502028959916132,-1.2015210135756829,-2.94505268552194,1.6781462015037407,-1.069411862508924
2_0_44_11_2_16.bin,2,0,44,11,2,16,2,7063216,500000.0,125000.0,2048,8192,1,8,17,none,relative,-40.64661380346951,7.30608693860313,1.0,1818.0000000000002,-0.0,8.589367409207362,1818.0000000000002,-0.0,0.9308074508501958,0.05839747315019605,0.2846014725809883,0.3968919146195438,0.5473304684468017,0.4335860870047512,0.908135707577396,0.6811005055418278,1.5827832562424198,2.9500561818749125,14.290133839471304,0.44093209891677665,0.4990512585053926,0.5709087344144905,0.5026548411645131,0.41056421324864356,0.3986091471046535,0.34620063387191086,0.2974461832191632,1.86855404283623,-0.20763615621288808,0.44080644436450017,-0.8844669407422153,-0.6923405707760315,-1.4855354677951789,-1.7793475486777783,-2.394519769042814,3.7579326614334686e-08,-1.6501070013113217,-1.8127301010269785,-2.350132538511332,-2.64882058044914,3.1175952468306227,2.9033280949930855,2.371385467486808,1.9412283436958833
2_0_44_11_2_16.bin,2,0,44,11,2,16,3,12063216,500000.0,125000.0,2048,8192,1,8,17,none,relative,-40.8599624964701,9.288634062131946,1.0,1478.0,4.857023409786845e-06,7.8310553394783975,1478.0,4.857023409786845e-06,0.9517112191855341,0.0250072457063267,0.3380245981678291,0.453309777444763,0.45443016352997434,0.15559331668980914,0.326302715285184,0.6638288453768819,1.3135218045415447,1.8213986937534783,14.761531039426444,1.8663921445422347,0.5703650783551045,0.5742024059298777,0.4154848980269701,0.30813234722934,0.2508971827698407,0.26011305439311133,0.19466390077631668,-0.8595117135391234,0.046961553626199935,0.7406926578608696,-0.021664495903099257,-1.100065675258717,-0.07525399740466812,0.11764315551911331,-0.6585854319557343,1.4811668885518581e-08,2.4127739962750314,-2.767923913227294,-2.993069948658218,2.9939217271433156,2.8766349558036426,-3.0906195263883007,-2.9989764483619155,2.897818911666826
2_0_44_11_2_16.bin,2,0,44,11,2,16,4,17062256,500000.0,125000.0,2048,8192,1,8,17,none,relative,-40.85222830023997,8.981042619378066,1.0,1043.9999999999998,4.857023409786845e-06,6.218397942614059,1043.9999999999998,4.857023409786845e-06,0.9333335643770161,0.019320047500494708,0.17299744597015101,0.2548890127426954,0.2787830878569147,0.3497009505589937,0.5949812203709983,0.4118144980966446,1.304640409148125,1.1278239552460598,14.821427111393275,1.5972496825270521,2.6030874281909555,0.43672567978291865,1.0005578359350153,0.3891296059390723,0.5524344738785203,0.3573375208226307,0.3359398924980505,-1.4105881358845118,0.9792599197721181,-0.8527074663366518,1.0840655304843354,-0.5109194174254121,0.8808060217455845,-0.23290603962629308,0.2905126647477931,-2.5452661679043213e-08,0.32555214248784087,-2.950873236018365,1.7900183287734193,-2.7766895392172035,2.055685850236217,-2.5390306035041994,2.2761310706047064,-2.408952111173142
2_0_44_11_2_16.bin,2,0,44,11,2,16,5,19562928,500000.0,125000.0,2048,8192,1,8,17,none,relative,-40.79954037258531,7.208819605492298,1.0,1045.0,-0.0,4.741047678439201,1045.0,-0.0,0.8853911164345134,0.027720645853840837,0.21065632354933408,0.35571930938587526,0.3854767496080943,0.41248185266761034,0.7209108958435833,0.4778911596547829,1.5687389825954166,0.6569947821469193,14.51554956914058,3.24546145035486,3.0514891095094954,0.5777057952805447,1.1498828201936384,0.4859128285643282,0.6473560890612339,0.46697343610745407,0.3761212425191468,-1.579297351152565,1.1785926759852994,-0.9680403555622649,1.4011644116388116,-0.5712614765731612,1.593453664275811,-0.26606861159908396,1.1465616454614336,2.0168827305755516e-08,0.23502162526984433,-2.9089477968069,1.3388173484870756,-2.6914426866207233,1.76238144883901,-2.4394162437287923,2.1101535407521412,-2.159722444589579
2_0_44_11_2_16.bin,2,0,44,11,2,16,6,22063216,500000.0,125000.0,2048,8192,1,8,17,none,relative,-40.79152465996831,8.075389142194368,1.0,910.0,-0.0,5.470241425723822,910.0,-0.0,0.919106396957158,0.023605138305253844,0.5217584316988761,0.5926630985107676,0.5907490104070262,0.5745510137060149,0.7513778665229708,0.500585335118392,1.40173848626671,0.8754741946544112,14.718330762477015,1.7918502880368203,2.83454676459558,0.4850581148944914,1.0957656299014116,0.43100580910529496,0.643587384329759,0.436318980126093,0.4079504622368687,0.13764157769477672,-0.7604606252816767,-0.031060223654876568,-1.10350589398691,-0.04040087231852631,-1.1855622767491245,0.015961191936225003,-0.16359439102703965,-2.964516252959719e-10,-0.5575558901449605,2.909970011538976,-2.020332971163413,2.7444365639361443,-2.174268930770583,2.55997801188253,-2.351326141465638,2.459117837129616
2_0_44_11_2_16.bin,2,0,44,11,2,16,7,27063216,500000.0,125000.0,2048,8192,1,8,17,none,relative,-40.94586052214283,6.849365618649081,1.0,710.0,-0.0,4.395855119371443,710.0,-0.0,0.8904100570157968,0.036255057678995374,0.4912651252226889,0.11926455271838086,0.34419605895438576,0.7748096683576553,0.6744328710536172,1.4317592305945415,1.2934199597155933,1.888909105923137,14.078094688236247,2.5621651193325814,2.22587880868366,1.5115244916891024,0.37095298202058014,0.9246423903567305,0.572405220635912,0.29662630288614306,0.5107564055952953,-0.576358979299763,-0.18511126998137126,-0.17771629025826874,0.43743962562527894,0.06004954317341781,-0.31320236206728685,-0.00042200307410292226,-0.2372097582334609,-1.1065384994463135e-08,-2.08504741985513,2.478692668799768,-2.950889266675796,3.084486764206323,2.8095012209192647,-2.7854851780536576,2.4432566055859835,3.058815957338875
2_0_44_11_2_16.bin,2,0,44,11,2,16,8,29561456,500000.0,125000.0,2048,8192,1,8,17,none,relative,-40.64863343916082,7.872618710326348,1.0,156.0,-0.0,2.8773509804259474,156.24999985293135,0.4330127231637612,0.9057121755891478,0.01825504875895197,0.5882877555278391,0.32610535515649597,0.9952022498017552,0.6918350021997398,1.2841724882180348,1.0232509916245103,1.605510985655152,1.777376870694661,14.988292118927257,2.615204580063852,1.4422368868070903,1.1857371897375255,1.0201163459112856,0.8047944023271266,0.6662798539003351,0.43145583561438694,0.31825846620052683,-0.3996277780634579,0.01848825460718791,0.2877561961872749,0.48619823987020727,0.9092685676403158,1.0508001047790858,1.5940304804634624,2.004469901020759,4.208646863391273e-08,3.060912978451958,2.9687118859492085,-3.117394188432391,-2.9232233115150486,-2.646038914891711,-2.455804789671828,-2.1333073740658377,-2.073160550961605
2_0_44_11_2_16.bin,2,0,44,11,2,16,9,32063216,500000.0,125000.0,2048,8192,1,8,17,none,relative,-40.68987575021013,6.108923357595289,1.0,584.0,-0.0,4.16225471002676,584.0,-0.0,0.8479462685728574,0.023205236687997663,0.5993105962127612,0.6247725787745384,0.6283351683989695,0.49939541157178324,0.6844599489068528,1.1242022030770527,2.040345797758843,2.8964023231332425,14.387570593823593,3.839125643235036,1.675447818088549,1.2712801738037587,0.8870329950798463,0.6460741390265374,0.5493577839610926,0.5264894103448801,0.41697578438690686,0.4723984363423524,0.0005021820022901325,-0.4407254633100706,0.08236745293281045,0.5601181481812394,0.03829838360839654,-0.0336211167442283,0.44780964899062153,6.238086371398584e-09,-2.8115131730386866,3.0326828115405764,3.1053220123000624,-3.1113036237226854,-3.091828756417683,-3.031639758245592,-3.07192209803,3.069306403727774
2_0_45_11_2_16.bin,2,0,45,11,2,16,0,1618944,500000.0,125000.0,2048,8192,1,8,17,none,relative,-43.60191713165313,3.148951036661666,1.0,1988.9999999999998,-0.0,3.6366411382578825,1988.9999999999998,-0.0,0.8809472114495775,0.03291574542618845,0.3599191616355337,0.22858093265501842,0.48500869649559,0.20217468930405014,0.6088926048578835,0.3036744300684131,1.1647917031375052,2.4761063953879803,8.38539954069778,0.6801045470706247,0.2998360465156558,0.4102698198245455,0.1926285398599663,0.31378343697507727,0.1451198770471092,0.21524449914551563,0.151044272772203,-2.086479285951268,2.37744106644322,-2.330086851618584,2.7846912723954493,-2.7229265511280083,3.130653098489027,-2.90226378325876,-2.9715252014135114,5.700164471817092e-09,0.1297652563542339,0.1971846305667308,-0.2100556048872636,0.419384741783021,-0.4283587121207278,0.5361522146827309,-0.7729564756328847,0.4060204786451312
2_0_45_11_2_16.bin,2,0,45,11,2,16,1,6624080,500000.0,125000.0,2048,8192,1,8,17,none,relative,-43.361893222890195,4.828958488907362,1.0,1043.9999999999998,4.857023409786845e-06,4.787796903976327,1043.9999999999998,4.857023409786845e-06,0.9576837541336282,0.030967362888722098,0.14685105004447357,0.14729036217388147,0.08801422368379197,0.1367592644009844,0.13118403955840316,0.21093196886894655,0.2708876370509589,1.2126844376882653,9.182649755125034,0.33652030123776816,1.0977321829183995,0.25327895901430386,0.49361919870602416,0.17409679107606732,0.3223656506345469,0.20297667475116116,0.22503327262160316,2.4918575934321603,1.7744530374311465,-2.5325213957291686,1.3182140293462856,-0.8188517664143706,0.1997762275204473,-0.30729155871443553,0.1119829974676883,3.672469953756056e-08,-0.5325742705043613,-3.0724808688740968,3.0233306084420173,-3.0333320695248465,-3.1351047433774175,-2.8301078563209145,3.1014024422465334,-2.5965050031118797
2_0_45_11_2_16.bin,2,0,45,11,2,16,2,9120368,500000.0,125000.0,2048,8192,1,8,17,none,relative,-43.65649126759689,4.079899505826139,1.0,2005.0,-0.0,4.074821853909262,2005.0,-0.0,0.9611822947389668,0.02084185233111711,0.2861906906215505,0.16207724224540182,0.3317592578591653,0.16263187960991887,0.45448709939296783,0.12259960161395422,0.703550281510782,1.2683780913405585,8.490573245302294,0.26272351705666686,0.1686065320508804,0.22098657629227655,0.13312759749169462,0.14487467373704743,0.14801322008785842,0.1312020851211879,0.11870244156090412,-2.242963782629651,1.3070720422934201,-2.668839755914653,1.2531571430002402,-2.670319916832776,2.404772992484169,-2.9601889520439997,-2.9711237689997017,1.347327381161566e-08,1.7429080733726532,1.705990603741171,0.0991501925439241,1.534121674417364,0.03406612579808188,1.2588484992077666,-0.5028982047823641,1.354592884326519
2_0_45_11_2_16.bin,2,0,45,11,2,16,3,11621040,500000.0,125000.0,2048,8192,1,8,17,none,relative,-43.17954529611421,5.521473570359898,1.0,2004.0,-0.0,5.527471157543156,2004.0,-0.0,0.9788311754609045,0.016435972683178913,0.1932969751420518,0.21738249336381057,0.28570733450599983,0.2186994438529793,0.40683901508371945,0.19034883917755388,0.4507853295438526,0.5250169894908473,9.650725929975017,0.8449507505010594,0.35373890444783734,0.12688283703006056,0.20777729993775113,0.10024849089224286,0.1421652733049327,0.10124611013930086,0.12066590314449638,-2.0857480495063667,0.9687319454672358,-2.244594293537741,0.8085983521394935,-2.4882680753890196,0.03538690606066617,-2.673475375108664,-2.7762100086863803,8.714780441008108e-09,2.964243795830753,2.8170285738470695,2.034414280252589,2.4288965122711015,-1.1191368868585334,2.119808490202081,-0.8637931661860031,2.0932619801512287
2_0_45_11_2_16.bin,2,0,45,11,2,16,4,14124944,500000.0,125000.0,2048,8192,1,8,17,none,relative,-43.22469598675742,2.9893486873892465,1.0,784.0,4.857023409786845e-06,2.4287034980666515,784.0,4.857023409786845e-06,0.8572776957927477,0.04819867871439935,0.19938418362546348,0.37576475605456994,0.1722919793209785,0.6183397228949907,0.27871627774373264,0.7448447478533804,0.5684941420583055,0.7169810852408856,8.76436262113017,2.713703667157268,1.429838975164023,0.6399636884415563,0.4186191120476028,0.46774376301519704,0.23224843434269266,0.3805664519983431,0.3131505763368552,-2.410719142175863,1.2758108613981516,1.2769158315088645,-0.00514363118485098,0.5997543068160344,-1.0044527626238697,0.38711547455443507,-2.089563996089382,4.414243074672359e-09,-0.7925974195574629,2.183491481250394,-2.1878237388170834,0.9777382081897833,-2.8275728360158983,-1.2316934418569867,2.7212724395263854,-2.449325975789341
2_0_48_11_2_16.bin,2,0,48,11,2,16,0,1701888,500000.0,125000.0,2048,8192,1,8,17,none,relative,-41.81589257530948,4.311922843657056,1.0,1894.0,4.857023409786845e-06,4.522434455807218,1894.0,4.857023409786845e-06,0.8164689628190811,0.04626276518976144,0.2647536558371192,0.6575761729265658,0.19705950297963915,0.7609849955324068,0.6815417807981683,0.9208784985904838,1.8149234655428832,4.467756560607947,11.609814043896252,1.4823169385606552,0.8482456047999631,0.6620437156461121,0.6275923793218158,0.3699511155323206,0.4705013635724817,0.34633336417151267,0.3413620373780697,2.33512983419374,-3.05659398091717,-3.0055763470472083,2.887505199331892,-2.775042267125424,2.8544807703366657,-2.962508615455364,-3.0404456327932534,1.3933744838744518e-08,0.22019927558160562,0.34517102243120834,0.26383408972036315,0.45917456660475,0.29744100261014134,0.2233786254057408,0.445807769167594,0.06450638859586659
2_0_48_11_2_16.bin,2,0,48,11,2,16,1,4202832,500000.0,125000.0,2048,8192,1,8,17,none,relative,-42.12951318563646,8.457048569133285,1.0,1996.0,4.857023409786845e-06,8.56593912452044,1996.0,4.857023409786845e-06,0.9790662466266153,0.01822742245098506,0.23497442278660102,0.24858190682055764,0.35483360710250794,0.22553978427827315,0.41405188802055587,0.15290662821235457,0.7545561540685812,1.2656065112197308,12.235353825294148,0.48714191172341437,0.20918704218806458,0.12594975145254741,0.13484345225270533,0.10407003654974473,0.1311873296566729,0.07830031631769348,0.09007146600895484,-1.8365488389984943,1.720112834511161,-2.1798355211853213,1.5491018971425852,-2.486821365161246,1.8540055262718695,-2.9072644519241546,-3.0751573791259816,-1.503208906493591e-08,2.9760551075061783,2.419575037139744,-0.12614883701030688,1.7653204316563218,-0.5888912214170743,1.598170629292227,-0.7879004346217969,1.39942368085097
2_0_48_11_2_16.bin,2,0,48,11,2,16,2,6707024,500000.0,125000.0,2048,8192,1,8,17,none,relative,-42.095237620324625,3.4256159637909604,1.0,941.0,-0.0,3.7924939762572984,941.0,-0.0,0.8104989266633237,0.04727081931593302,0.4269616748842111,0.1358425950491281,0.805860246383651,0.17343262169621834,1.4445447017476658,0.5526996840772667,4.0153508785028045,0.6518789845095371,10.708333003287395,1.1689668291300594,1.7984995781165385,0.3187348461627176,0.9829183210417147,0.34094519261696854,0.6705482005534368,0.39477622784537364,0.5204075580932682,-2.6368155969411635,2.0099836268690487,-2.5990147315891523,2.8317902380337965,-2.7605479744175505,-3.107557488703741,-2.943485426130092,2.280856831448719,2.5674172456755043e-08,0.030473389648069154,-0.08560628695980413,0.3906786168458506,-0.06555871973548481,0.7494990343391639,-0.04715167045850375,0.734666344883539,-0.16663189298293363
2_0_48_11_2_16.bin,2,0,48,11,2,16,3,9203728,500000.0,125000.0,2048,8192,1,8,17,none,relative,-42.081302625884746,6.865166558842166,1.0,2001.0,-0.0,6.937135984116866,2001.0,-0.0,0.9403565670116044,0.05186104779205598,0.2887299954472681,0.3460571432932985,0.28009876449240056,0.3902909593423063,0.271261083052762,0.5202893378801667,0.2520766464374239,0.6467841148331704,11.829500514970508,2.4697653434016282,0.8749696822328905,0.40351614863008756,0.4112113974093665,0.2478630693050403,0.2836004451335952,0.1780158948123408,0.1899583145753222,-1.2803075003952413,0.891088604464259,-1.5434464644537285,0.5274287694565161,-1.8982467976198696,0.15224135604137243,-1.5332642447805964,-0.045994409443945033,-1.0639298231652706e-08,3.10425424039344,3.0189666222302685,3.1105144287283575,3.028381799815232,-2.7888848496842145,2.7566438287196076,-2.6002355780531587,2.713397900825487
2_0_48_11_2_16.bin,2,0,48,11,2,16,4,11704496,500000.0,125000.0,2048,8192,1,8,17,none,relative,-42.09032549912068,8.084527198312662,1.0,1998.0,-0.0,7.849396373960689,1998.0,-0.0,0.9762087092172027,0.0424925097561455,0.29397001846537363,0.24711854778615697,0.36430419697685024,0.21909010303747062,0.4549226729215376,0.16076789999506474,0.8184646849787091,1.3198291269077274,12.118352947216371,0.47155604982252897,0.221396425674228,0.17710362909187213,0.1389204204244784,0.11918067417012784,0.12644807463902114,0.10747343979976488,0.1260526332773621,-1.9887860224814626,1.6572638129489314,-2.2697684547589443,1.5312471220883421,-2.5968604550985703,1.2232465535929085,-2.880314195671238,-3.020558208801587,2.4614942343816196e-08,3.0162803178336395,2.4925432232722846,0.1387620839611754,1.7781054504495528,-0.9610741831204784,1.6396483148252687,-1.024069956570578,0.8092270674451998
2_0_48_11_2_16.bin,2,0,48,11,2,16,5,14207888,500000.0,125000.0,2048,8192,1,8,17,none,relative,-41.7717532634876,2.6188722126476827,1.0,613.0,-0.0,2.68435111799357,613.0,-0.0,0.7390386943966929,0.07733055040751502,0.19525661257070365,0.29806393586293256,1.0054622511096019,1.0636142759397056,1.0371296123596974,2.1449021730941444,2.7636484399855097,3.827117463428898,10.906868455368446,2.5957641037695867,0.8355900079749592,1.5364093095223044,0.8474807716224638,0.2452622636475681,0.7222636583753076,0.6228515381423254,0.2275029569702083,-2.6599559966421866,2.294628301652721,-2.701816588147586,-2.2582133389990506,2.59978709457337,-3.1080242581066546,-2.0536952458285738,2.112158386253501,-7.880421223194004e-09,0.6443766691536809,-0.06838512028066407,-0.0676918273457984,0.6519993737953718,0.1895364456075934,-0.021152675964251678,0.6047873071768302,-0.01919021279405269
2_0_48_11_2_16.bin,2,0,48,11,2,16,6,19203152,500000.0,125000.0,2048,8192,1,8,17,none,relative,-42.00310492707851,4.088861771269826,1.0,1107.0,-0.0,2.4859322870713196,1107.0,-0.0,0.821861021260389,0.04263347110604964,0.15275364979844547,0.5362400579995232,0.5567837619719479,0.7373488345541017,1.2902874763373273,1.0375108034427725,3.644761986305615,1.4255082828478236,11.195867376681417,1.7055095086158891,1.6381373835003992,0.8460123986727477,0.6329680880976767,0.6767961199731303,0.2375475502459114,0.5555380282434709,0.1769628337018707,1.3349709033076862,3.028488771465603,1.9188930897865895,-3.063052373637365,2.408034370884985,-2.9006578628574076,2.7773636036025473,-2.5910890240992432,5.109465702616682e-09,-0.23985762799666474,0.3053963093460607,-0.515642929451023,0.513298178191662,-0.4194515037906797,0.2937783118878952,-0.1936660396710058,-0.609263361695072
2_0_48_11_2_16.bin,2,0,48,11,2,16,7,21707312,500000.0,125000.0,2048,8192,1,8,17,none,relative,-41.95544453742321,4.701286352913618,1.0,2002.0,-0.0,4.556767728702502,2002.0,-0.0,0.8522223437919458,0.06832222519118787,0.32637813170668534,0.3747890382905718,0.31096446199243,0.5087046147944939,0.30354986139892576,0.8227419845030571,0.47885570754651885,1.3406395312042982,11.374810366098794,3.9334405553823717,1.3725693085072976,0.6308618194908102,0.6831344564932365,0.3521428707672889,0.41831671467485726,0.3750560645825512,0.29189476995538277,-1.125980222364658,0.6111416949065815,-1.279482281753549,0.31168176553592364,-1.1505600318412355,0.1552272823027185,-0.4335348244891546,-0.06361812167970263,1.1008909077262282e-09,3.110383711905718,3.080456516275065,-3.0746789597442787,3.029883059736679,-2.8891729126526964,3.0181160974325616,-2.8995515949320834,2.7348277533436005
2_0_48_11_2_16.bin,2,0,48,11,2,16,8,24207632,500000.0,125000.0,2048,8192,1,8,17,none,relative,-42.37362466185839,5.12700085300802,1.0,1999.9999999999998,-0.0,4.968821039154451,1999.9999999999998,-0.0,0.9018641450294691,0.07852433764408949,0.2815815146577404,0.3633875973094566,0.30318730957091494,0.446692457826433,0.2542495481951127,0.6416213917347703,0.2911003051639368,0.9380781160444674,10.721087540674445,2.906767942323226,1.0673547429576464,0.492596843722288,0.4537455892765868,0.3180463091222257,0.32617932257831617,0.24748201006458137,0.2133786879394235,-1.1554464598215468,0.7399939674777588,-1.4064173521593188,0.511378379967549,-1.099089563594303,0.22998123203108783,-0.6563328174758768,-0.09252359984263814,3.6802775288492937e-09,3.0999878040141793,3.0912832051908734,-3.0037563646330883,2.908316397671393,-2.9041976479611753,2.709463063453046,-2.7785740239421384,2.624668272811498
2_0_50_11_2_16.bin,2,0,50,11,2,16,0,3568544,500000.0,125000.0,2048,8192,1,8,17,none,relative,-41.81976570235581,2.4904163539336497,1.0,582.0,-0.0,2.177258821380269,582.0,-0.0,0.7243893650911783,0.06383182800934083,0.5666129637322378,0.48196361642878405,0.6600529698012428,0.8540005892837069,1.3492524413778324,1.8983103715193055,1.8844156412771125,4.552074079483073,10.857703412824781,2.696650715635722,1.4930206848704382,1.2764891122574642,0.8619740114163139,0.5448608579073739,0.629361188630352,0.6830242714572329,0.3871780937954148,2.7785571729305976,2.5491450515215446,-2.608459686663054,-2.6542114669917054,2.931551151091381,3.1325683941692497,-2.6105420014254817,2.801648850084003,1.2365983421267025e-09,0.026045825946502545,-0.013825593099699001,-0.02353495527400673,0.08568499840957262,0.0656822366966917,0.08166596444285794,0.06543753117646145,-0.0692037908233801
2_1_16_11_2_16.bin,2,1,16,11,2,16,0,2090592,500000.0,125000.0,2048,8192,1,8,17,none,relative,-42.50419348921213,0.8999679241964866,1.0,930.0,-0.0,2.072657036049844,930.0,-0.0,0.6676899390024071,0.101924159832951,0.39311557982220946,0.280502784722797,0.7047545721805523,0.2578019858082084,1.1030820997231896,0.46730476027664075,2.7323433307440963,5.083582114251859,8.955162264937773,1.0676898278778015,1.2333294412379776,0.566348296471611,0.6296692995284608,0.4140650512455424,0.43805354486667786,0.36892123478134975,0.40916448881655476,-1.5145583186243259,0.5407718396941764,-2.058346574453897,0.4770409516871613,-2.466111846212528,0.42878618376328503,-2.851896669945821,0.20076649811064345,2.287800733135699e-08,2.9259820272763,-0.17215025954132981,2.414111834060571,-0.2748816254618788,2.031905141688743,-0.410563633970953,1.5577894348114867,-0.6102553609615075
2_1_16_11_2_16.bin,2,1,16,11,2,16,1,7054480,500000.0,125000.0,2048,8192,1,8,17,none,relative,-42.40046686167684,2.8927904278776873,1.0,1827.0,4.857023409786845e-06,3.530962218247507,1827.0,4.857023409786845e-06,0.7869659768763897,0.07760214249590075,0.6186447292571008,0.48527238971900305,0.37925282814524974,0.7835160811901957,0.35222368092736833,0.9408071122260465,1.4432679789437617,4.184666677992991,9.988770656214786,1.5115778360957033,0.9917268812493925,0.6581607368850099,0.7247983379539046,0.3864605561507348,0.4462301683707063,0.45727222780670296,0.24414572249791233,2.7597407382248087,-2.7638764833648786,2.281642372254329,-3.112672434499475,-2.994077529724557,2.784703698582647,-2.818870076516842,-2.970517512122232,-7.061662625998214e-09,0.16086277166315985,0.4141600656098914,0.10445983692620084,0.14760910504679614,0.40079638808015106,-0.16122140245929445,0.2436817925226753,0.05315687601364229
2_1_16_11_2_16.bin,2,1,16,11,2,16,2,9547280,500000.0,125000.0,2048,8192,1,8,17,none,relative,-42.21084911995846,6.5566040624915445,1.0,2003.0,-0.0,6.14375922749967,2003.0,-0.0,0.9673773563040005,0.09034167635825274,0.2778835595013216,0.2746629368127805,0.27155010522169015,0.27787454792907484,0.26736406179924554,0.34718290363953713,0.3093667781070628,0.2900654808488226,11.275418453400258,1.6547481526890333,0.6514208073487686,0.21972689316454097,0.31195273885211083,0.19346910618492671,0.22132797490262132,0.14493563582512994,0.17133635380073847,-1.6032188940204843,1.075542376748688,-1.824738030222126,0.6533266522252442,-2.4298117485554673,0.09476886641169453,-2.277841675736437,-1.7726993872017909,7.392805498864089e-09,3.0699565858841207,2.9392076075113893,-2.988498568577222,2.974619033584514,-3.06808495684662,2.4773886709594897,-2.291354821818596,2.2837374571356577
2_1_16_11_2_16.bin,2,1,16,11,2,16,3,12047504,500000.0,125000.0,2048,8192,1,8,17,none,relative,-42.14234576438472,6.457596579714597,1.0,2002.0,-0.0,6.83762506290175,2002.0,-0.0,0.9596048069286167,0.08908620634851364,0.323584412645209,0.24387899345388914,0.3766652935250273,0.2277555786264283,0.5936932490612485,0.222843464284378,0.9449924356485506,1.7836312470986906,11.385018025903932,0.222876064200031,0.2554564642294453,0.2832303184554645,0.21873848115099387,0.20338648569921125,0.16751277311162283,0.16095921962461485,0.15836668350358996,-2.114127144631158,1.7271431865190243,-2.5074147619433167,1.69154158769667,-2.766533510784597,2.2954551451591567,-2.952146126676276,-3.0959965165993184,-3.635351079883254e-08,1.9125471030036838,0.4177102602258589,-0.2610994068343649,0.890345684938003,-0.4953273648137213,1.4820454307195603,-0.877134828601701,0.8929749436256
2_1_16_11_2_16.bin,2,1,16,11,2,16,4,19548848,500000.0,125000.0,2048,8192,1,8,17,none,relative,-42.23027417165089,7.153345965192656,1.0,2002.0,-0.0,7.480627554018698,2002.0,-0.0,0.9679089763120888,0.07779183854413713,0.3099660830274409,0.2983196894543902,0.2793075431778837,0.32094836390956677,0.29263761253140397,0.34440060933666855,0.31693491737517937,0.22310513380901764,11.566883042314151,1.6544543772433173,0.6592582913855957,0.23323794764677305,0.3403278109000538,0.14802064878295038,0.2596854714334366,0.15567409029113466,0.14689138879422958,-1.7691229854769714,1.117020721130373,-1.9098538642922251,0.6766899666432662,-2.322175481831556,0.28462236394902496,-2.57648988998626,-0.8935387331995853,8.825293157608673e-09,3.081115245054008,3.0289220971315953,-2.9763580183578706,2.6581383673628505,-2.5184811035413026,2.2566554132509307,-2.1616192861860135,2.4141932090131095
2_1_16_11_2_16.bin,2,1,16,11,2,16,5,22049232,500000.0,125000.0,2048,8192,1,8,17,none,relative,-42.441646566454565,6.836579158246887,1.0,1997.0000000000002,-0.0,6.789075371915299,1997.0000000000002,-0.0,0.9770670911590056,0.061246374725208226,0.3393752339886975,0.259269317314721,0.32239299877755656,0.23412075947514338,0.48572483925286875,0.17933649108484104,0.696934730971751,1.0386260510732883,11.076529274582212,0.5787759980116083,0.21931298563393642,0.1466210752496082,0.17971063342538648,0.13771734748551664,0.10315659736427492,0.164684684348125,0.11516219222868629,-1.729021665056247,1.7514386971607787,-2.24347280288577,1.3978971877403683,-2.412179343814913,1.1591683776900472,-2.8726955885600263,-3.018214716730273,-1.9736948366422135e-08,2.9712285491293073,2.968883374671197,-0.34518444681698723,2.666569408134392,-1.0691693246980343,2.2473469384265767,-1.2414461258766936,1.8431318655452824
2_1_16_11_2_16.bin,2,1,16,11,2,16,6,24549488,500000.0,125000.0,2048,8192,1,8,17,none,relative,-42.45130893300847,6.194826299481652,1.0,2005.0,-0.0,5.835197888054576,2005.0,-0.0,0.967309828016905,0.08288817958017806,0.26960094786770983,0.27649581209470975,0.285518761126467,0.3325418389089604,0.3092196890830603,0.34856830034238784,0.3185244317610506,0.33000975061472276,10.848262531284009,1.5698106652383506,0.5340663672048555,0.19722588815956713,0.33208977065908163,0.13892781636245038,0.19046427020381942,0.14717678556871203,0.18960197224729644,-1.7170647555374423,0.6957825314798538,-2.0354766873080243,0.6075418510378401,-2.185491001320359,0.33597658468359387,-2.2668839784605836,-1.7748647326068017,1.6712859623518955e-08,3.042856410872955,2.926129064253833,-2.970000914517894,2.868815887230261,-2.84010050885679,2.438491881519295,-1.705082561317371,2.321590006787053
2_1_16_11_2_16.bin,2,1,16,11,2,16,7,29550448,500000.0,125000.0,2048,8192,1,8,17,none,relative,-42.33813775550036,7.445049859156308,1.0,2003.0,-0.0,6.75636285729146,2003.0,-0.0,0.9775510175031801,0.06298400878485465,0.2808101811296739,0.29287476072831703,0.32476690536089287,0.24640520651587505,0.35090818088730846,0.29689772782483653,0.4907520669389096,0.4365478337192752,11.489001543547317,1.1894902086405477,0.4814070149317971,0.10672284200041665,0.22986762734725122,0.11632259955648037,0.17064186417050745,0.13847234809716102,0.15364523505860356,-1.797186932665601,1.1961600014685256,-2.0753822687909578,0.9568769690617815,-2.299336343583922,0.5606127955308204,-2.77687714847191,-2.963239011422131,-9.364198334740286e-09,3.072395101097967,2.97696958334625,-2.1019113525652084,2.8190863743433954,-1.7564574304298952,2.3999197772410685,-1.8793050340678263,2.1053601008332516
2_1_16_11_2_16.bin,2,1,16,11,2,16,8,34555376,500000.0,125000.0,2048,8192,1,8,17,none,relative,-42.44271118392053,3.903655782084348,1.0,1072.9999999999998,4.857023409786845e-06,5.047106995532884,1072.9999999999998,4.857023409786845e-06,0.8308396435284453,0.06321753343409992,0.4388678956596277,0.42413435438522085,0.6415941541709518,0.38841143093240643,0.9995070795508683,0.5266011497805366,2.0444265733579488,3.5878076565085095,10.403382029575013,0.8817385180139523,0.8987670143825012,0.5175621775163377,0.4458064619436574,0.3853606244825728,0.2726012678244724,0.28831769216032105,0.211859249700934,1.651315086476538,-2.949154697645176,1.9717855096844479,-2.4295625821101323,2.3505095957218636,-1.3500851922699666,2.700683076238554,-0.26709385635750865,-1.2764099138446671e-08,-2.547124267677928,0.520104099158064,-2.0697687875848825,1.2322376965319024,-1.5169973252210487,1.8079504048681152,-1.0977809213282401,2.7162567024991366
2_1_16_11_2_16.bin,2,1,16,11,2,16,9,37051408,500000.0,125000.0,2048,8192,1,8,17,none,relative,-41.97873089640244,8.230087608622158,1.0,1997.0000000000002,-0.0,8.126968036932473,1997.0000000000002,-0.0,0.9806671937419585,0.07057203323983766,0.27696335884231194,0.27057174272338197,0.3187320847951206,0.2807873232491913,0.4236883752421546,0.2610077583655663,0.6060418809098143,0.7430898110378248,12.29710050606225,0.9668678451601003,0.3982148823129642,0.1198130055026281,0.2405744223655891,0.1209208156011097,0.15004091349571858,0.13418134183395442,0.11113696200694123,-1.694545333336748,1.3848068172480685,-1.9701591304274888,1.0473812591358889,-2.408986159754057,0.8535147661152237,-2.751434023419266,-3.010773363896607,-4.7728148638220244e-08,2.994673438801998,2.888114583391889,-2.2875156774274266,2.487296525075845,-1.3503175845297417,2.20538411974372,-2.12219835154167,1.7299841454571248
2_1_16_11_2_16.bin,2,1,16,11,2,16,10,39551888,500000.0,125000.0,2048,8192,1,8,17,none,relative,-42.571821663999344,5.478866246169824,1.0,1996.0,4.857023409786845e-06,5.744951741137499,1996.0,4.857023409786845e-06,0.9736135946850271,0.09020873432878777,0.3021937584984676,0.21145978095870635,0.3345995715814303,0.16022046884330107,0.4341486286192709,0.1747462599571876,0.7047482500322424,1.1358111195845215,10.26221341820833,0.4213191544514777,0.2455628127019144,0.18401614573588188,0.19115299438368402,0.12602868065936304,0.13571667489895967,0.15222915700956252,0.10495211545925626,-1.9086214402964854,1.6576417222776028,-2.4284923937613527,1.4638986813341415,-2.4921657064274596,1.6673878942891753,-2.9031937277907764,-2.975445048482045,-7.118704288990747e-09,2.966184858416132,2.41885229295464,-0.22006834212416493,0.9971365915493775,-1.090253656296027,1.5445988921309282,-1.3131899357732906,1.091569682037883
2_1_16_11_2_16.bin,2,1,16,11,2,16,11,42072592,500000.0,125000.0,2048,8192,1,8,17,none,relative,-42.24951464535714,2.030807687233569,1.0,944.9999999999999,-0.0,2.9682372669468897,944.9999999999999,-0.0,0.7234723173168969,0.0787573000565331,0.5136061802272016,0.1606138002597217,0.8664527092258559,0.11493120555241103,1.5439328057419828,0.08096412459754207,3.952032651496885,3.585031399377971,9.903321152441379,0.23639412766581466,1.7446153657317827,0.28194464476034875,1.01643626993406,0.34393459463579446,0.7029727274497128,0.26589319379698595,0.5597808625060936,-2.305089283838681,0.6915586755671782,-2.49366584814592,-0.32773083356019567,-2.732163820452511,2.1472431656881183,-2.9321217483312862,0.18683947091684097,-1.6159062923183104e-08,2.113077484162859,-0.09203059567512557,1.8870010381288354,-0.11943738763316601,1.582730619363802,-0.09792647996680046,1.4088117936985087,-0.1751047156161105
2_1_16_11_2_16.bin,2,1,16,11,2,16,12,44581616,500000.0,125000.0,2048,8192,1,8,17,none,relative,-42.199692050766615,1.6460562620323484,1.0,1068.9999999999998,-0.0,2.5045536136522415,1068.9999999999998,-0.0,0.6898954541174247,0.07322758096853411,0.6112510440479343,0.602297023925891,0.9722309874064037,0.690408392223165,1.7263857361703896,0.7527613702351419,4.718875259554142,2.94923178744694,9.835025562543347,0.6971498110669069,1.8969722537016018,0.6788208357731399,0.9513834638437878,0.6158232570152808,0.5062778363105563,0.5508014840787435,0.25879669038340813,1.8694353175085023,-2.9766436363473625,2.1557943009206,-2.555112798836819,2.534346075026186,-2.4466976420436,2.8421230532653983,-0.3877904841513867,4.854227332800813e-09,-1.0230334010163755,0.30338453381139613,-1.030747144245658,0.6532998111030377,-0.8451755790198657,1.0572840208837566,-0.47057687749506166,1.4456995508300066
2_1_16_11_2_16.bin,2,1,16,11,2,16,13,47090288,500000.0,125000.0,2048,8192,1,8,17,none,relative,-42.26154972930565,1.9035159063395541,1.0,1074.9999999999998,-0.0,2.561757256810804,1074.9999999999998,-0.0,0.7444061457131328,0.08506043221055018,0.5031268785975587,0.5383707987930355,0.8720896644582796,0.7441876536313279,1.5703071580695704,0.86864811750797,4.331902997539278,1.00478294748281,9.655719216336747,1.1445721313750081,1.7739671440765854,0.7521951109126342,0.8724273952902178,0.6220128067760134,0.41031627755607314,0.6005150265994313,0.19518209166420197,1.678927009137817,-3.0775266755569737,2.2185062043361428,-2.760754783914534,2.4853871196592543,-2.742365282320657,2.8327821525307386,-0.8218908963137448,-3.593657345222457e-09,-0.5557885821368441,0.28539906770068973,-0.8703576845158594,0.5560521201401568,-0.6398158467344178,0.8491800553393755,-0.4343410425420848,0.7997620029334722
2_1_16_11_2_16.bin,2,1,16,11,2,16,14,49553136,500000.0,125000.0,2048,8192,1,8,17,none,relative,-41.344189452922826,6.464039471023663,1.0,1995.0,-0.0,7.440293434829751,1995.0,-0.0,0.8844972223633214,0.0673785329722429,0.3913648506955216,0.3566846329699294,0.5113497802041267,0.36474363349624894,0.8405872789354389,0.5981313875319243,1.6551999169129252,3.9411003688104467,13.152030960952194,1.0537387413755441,0.6587098687118648,0.5235851129928176,0.3397525752095099,0.33721363779650515,0.308897111464024,0.2175222161174494,0.2676033442397094,-2.375273339911119,2.4242364329923403,-2.59390534387283,2.624012208142469,-2.8866029631718675,2.894023668246959,-3.0431009777821485,-3.083113357866402,-1.339486463551345e-09,0.07264105730373804,0.11577094422348562,-0.06386685229040116,0.1956430151084502,-0.02435338774888106,0.20212564225697238,-0.21076483881110158,0.19642760922248523
2_1_17_11_2_16.bin,2,1,17,11,2,16,0,760448,500000.0,125000.0,2048,8192,1,8,17,none,relative,-41.032670901414654,2.4856245729835926,1.0,1994.0,-0.0,2.989192495407275,1994.0,-0.0,0.6923390490297228,0.06469969238352098,0.4509491853206623,0.47801130250138846,0.7403753163712059,0.5978153180479465,1.107220284875038,1.0033125332817456,2.3642228893977952,6.966489349878534,12.168706885747415,2.0600949287297508,1.2390968936102835,0.8792914328475998,0.6633140531418523,0.5703686754408449,0.5034373848230442,0.3722579363684725,0.4167855883070204,-2.527482888806102,2.6198633126072286,-2.8004649595712676,2.7353514737220523,-2.9383940955469403,3.063035053220829,-3.080091597097889,-3.086702170969302,2.5999907328001132e-08,0.026973498829034475,0.004350798221417904,-0.013367829826771923,0.0602680480395669,-0.06075410794835398,0.03514360285593373,0.0005525987664255004,0.12823277406749511
2_1_18_11_2_16.bin,2,1,18,11,2,16,0,2393760,500000.0,125000.0,2048,8192,1,8,17,none,relative,-40.90845444553929,9.17516909538585,1.0,2001.0,-0.0,10.397914849641746,2001.0,-0.0,0.9455092536118329,0.04279813236664299,0.35210178409882975,0.27899087469388234,0.5144699181733071,0.25317302440993583,0.6497865295639538,0.37232769946823446,1.3090725025059586,2.948124906071966,14.633183986722335,0.3633637138179409,0.3487216617342366,0.33107322532181127,0.23456255993206424,0.1588495258712903,0.21459789194784362,0.1241440067182949,0.1630917510613743,-2.4844410275652082,2.1605100131709785,-2.6286803498128535,2.3497617534735786,-2.887929159202471,2.9149483457775838,-3.025253638172183,-3.064197652891425,2.752981497255144e-09,0.23815701600449093,0.3241966275336013,0.11333786466392208,0.3297844251796227,-0.143583596036803,0.12389161497030389,-0.20097949357633701,0.24201293099046395
2_1_18_11_2_16.bin,2,1,18,11,2,16,1,7395024,500000.0,125000.0,2048,8192,1,8,17,none,relative,-40.983744162464745,10.252069521584968,1.0,1999.9999999999998,-0.0,9.764059169069139,1999.9999999999998,-0.0,0.9779518998686076,0.04779168669708217,0.30493953617039093,0.25592241370543733,0.29256922126561113,0.2956315273571015,0.32247413703587857,0.28207879541342223,0.4361518537158755,0.5428541773309747,14.565193796816391,1.7614707070373956,0.4854891246084135,0.21521295956143333,0.21037189241567328,0.15474124306080753,0.11560981228304519,0.1510002937803655,0.08254111824440089,-1.5203818490631698,1.1649301766125089,-1.8836701912012659,1.0538923186833802,-2.27708200844953,0.4550994408289184,-2.635144494036876,-2.855502560469024,-2.716460851406536e-08,3.026397944191734,2.9800484834810943,2.9931011821197635,2.8154944021184924,3.0836245656343575,2.8114215215089864,-2.840190759779517,2.4865879900854218
2_1_18_11_2_16.bin,2,1,18,11,2,16,2,12396304,500000.0,125000.0,2048,8192,1,8,17,none,relative,-41.00092539882964,6.220215223765006,1.0,2002.0,-0.0,5.419357924677132,2002.0,-0.0,0.8686253460585219,0.056341565943642216,0.3341111856885452,0.3706012052646533,0.3136980115574367,0.5527614271404766,0.3160658610591802,0.7741406626703876,0.5272541469761066,1.3864834849302141,13.704253870978446,4.519076602344693,1.508640723639808,0.8628950163116149,0.6248398740999112,0.46507771513339224,0.44369847653529404,0.3894321290142203,0.29473290250008505,-0.9627378456847833,0.6164108141167836,-0.9589209272344672,0.4182344396106244,-0.7308803800499943,0.13735131383464144,-0.42087688961150094,-0.06715649952006851,-3.0872376760257156e-08,3.106625076678652,3.086658848505602,3.1310156518089154,3.0447570651239757,-3.134810999368491,3.0065688699159727,-3.0889017349434598,3.0296985567767063
2_1_18_11_2_16.bin,2,1,18,11,2,16,3,14897104,500000.0,125000.0,2048,8192,1,8,17,none,relative,-41.30867077902009,3.4908431176391397,1.0,2003.0,-0.0,3.0096415848221105,2003.0,-0.0,0.7599241779799407,0.08542536458801477,0.3793344264403356,0.4228260843722725,0.3880577790538921,0.6443172924930819,0.4350553005634843,0.9812888933978325,0.8181021390135436,2.03499055480349,12.037431322521556,5.6809233491835505,1.8550756841910392,1.0597455229118748,0.8216676458131864,0.6046934963594526,0.5749247552572057,0.44337272682172607,0.37619388404123816,-0.8819770622033487,0.47036125326123757,-0.7685978814898737,0.3384222273798631,-0.5668741058034454,0.12726594559104157,-0.38641776588466226,0.010253770675026813,1.498152138813082e-08,3.105560574791627,3.0512418345249075,-3.1112580492215915,3.1325044646245264,-3.114923417412551,3.0051756170374944,-3.1376109821249027,3.0746237834779984
2_1_18_11_2_16.bin,2,1,18,11,2,16,4,22398256,500000.0,125000.0,2048,8192,1,8,17,none,relative,-41.167790605817856,6.7430851753716405,1.0,1999.9999999999998,-0.0,5.884757227162361,1999.9999999999998,-0.0,0.8983775009702775,0.05060401465829473,0.3377511802002782,0.4082436170679761,0.32252444115703083,0.460501531147076,0.3191860210124704,0.6646475439209485,0.41540412938116406,1.1232681506871047,13.467352530384895,3.8341370708320146,1.2688378829200244,0.7613092967562426,0.5765868108253336,0.3864025623522593,0.3265412898197515,0.28947810037944416,0.21623676064014463,-0.9313151763162759,0.5816312179832807,-1.1838225115588454,0.5082193046892075,-1.156767296380744,0.1185439139121451,-0.573588620897891,-0.07789851117169048,-3.5971768606743725e-09,3.09221412486767,2.9998590323628864,-3.1405102284441226,2.9322075544990347,-3.114840892571793,2.918690487555305,-3.082323415677428,2.7785890376735143
2_1_18_11_2_16.bin,2,1,18,11,2,16,5,24898544,500000.0,125000.0,2048,8192,1,8,17,none,relative,-41.21488685198432,3.3970287143041205,1.0,1999.0,-0.0,3.8887864713763642,1999.0,-0.0,0.7690082035604031,0.07151573855340322,0.425455016642358,0.36532429945356737,0.6972393608353558,0.5269050538513981,1.0090727519618494,0.810077351566481,2.0673562227552496,5.531413346669728,12.036796583078294,1.7305808177788828,1.0096573482451008,0.793609177832139,0.5386456458524308,0.42697788417398225,0.4329591063755987,0.31118815004272027,0.3662293361423238,-2.4983435190677152,2.2952211560919253,-2.740366517979753,2.7909235501438,-2.898066017509597,3.052156252645092,-3.075659969087966,-3.097437839986125,2.9826928124223486e-08,0.014114878089510903,-0.000905068703742484,-0.09091460976678596,0.23206993463413308,-0.007665766724622121,0.07896265295455836,-0.13781100482865932,0.06734596542611457
2_1_18_11_2_16.bin,2,1,18,11,2,16,6,27398544,500000.0,125000.0,2048,8192,1,8,17,none,relative,-40.96380109359528,7.683021553096985,1.0,1999.9999999999998,-0.0,8.509375703756819,1999.9999999999998,-0.0,0.9601619774803125,0.04919487273755803,0.306803497859927,0.3247363957636643,0.35455722870869216,0.2081537877062304,0.5122843268606644,0.28491921229356787,1.112901548955847,2.25985004011534,13.67522207443927,0.3776249628206714,0.2661560708306892,0.2598332641122033,0.17587978506456106,0.1782207054195043,0.1357314619796021,0.13105110011366292,0.18693079872150806,-2.1830351527259753,1.8736531452490184,-2.573255872008752,1.883269766866134,-2.749648344843865,2.7391698402098585,-3.02303509573716,-3.0362837895810264,-1.1878810648401816e-08,1.6746202965018382,0.27377397362171974,-0.01999302455659564,0.46898118326393395,0.11465069118271391,0.5012574312974722,0.08795539083357873,0.027009214408639758
2_1_18_11_2_16.bin,2,1,18,11,2,16,7,29898832,500000.0,125000.0,2048,8192,1,8,17,none,relative,-41.25002165779057,4.7794276022154385,1.0,1999.0,-0.0,5.176071395424036,1999.0,-0.0,0.821714373716133,0.037916809999749626,0.39086191792840475,0.37750983589453996,0.6249941515523086,0.3918950449453116,0.9293772259980053,0.7245420794012487,1.9043451333073145,4.939185848559577,12.679889740857643,1.5115805249800902,0.8872444034359523,0.7418250715074957,0.5269826688873831,0.44659174725670403,0.40226057735307524,0.31908113756839446,0.30440890642770707,-2.583476151637902,2.451288071380006,-2.680068399982069,2.653554374092725,-2.888204374799626,2.9680774493362856,-3.0051525010037783,-3.083022436903433,3.540470371603552e-09,0.03194626622271895,0.12668312482108826,-0.016990978859201613,0.17856593631038584,-0.09421923021525755,0.3331780300458668,-0.2828607726833023,0.013790503107170815
2_1_18_11_2_16.bin,2,1,18,11,2,16,8,32399120,500000.0,125000.0,2048,8192,1,8,17,none,relative,-41.19470864592955,5.614062056729313,1.0,2002.0,-0.0,5.590283473053432,2002.0,-0.0,0.8592690976499716,0.051604221456336814,0.3552158347744863,0.43481881850439874,0.3372222452544453,0.5293780603990664,0.3627784294858613,0.7895628141647283,0.5233189870321081,1.4469488197114126,13.045986322844412,4.442714595491938,1.473465608540926,0.8646514791995765,0.682149749465728,0.4950853859961596,0.4127347101254636,0.3650905016758897,0.30830811986186696,-1.0881132956781256,0.5289101285329887,-0.9591049132699185,0.38541281729852295,-1.007856500682375,0.1626516273473957,-0.44440333165798995,-0.02832867247921562,3.88608964397805e-09,3.0910100881597247,3.086208282525331,3.109834430342946,3.050510023793282,-3.0841168612465757,3.0257598427531662,-3.0283391752173583,2.947714334710889
2_1_18_11_2_16.bin,2,1,18,11,2,16,9,34899536,500000.0,125000.0,2048,8192,1,8,17,none,relative,-41.19513470184114,9.518021901272114,1.0,2001.0,-0.0,10.087890311752467,2001.0,-0.0,0.9712741771509603,0.04457832242572681,0.3372439568270977,0.2187530424699513,0.3982678551262535,0.21642269724297117,0.5918744571251238,0.21318129796141289,0.9731644049555552,1.863456806505243,14.018131123051205,0.4301175140206045,0.1951620634815125,0.14590870364328412,0.16877092967068166,0.1408395048437661,0.14582570014936283,0.11501529870384673,0.14880280253700837,-1.9934892270669595,1.82337707897661,-2.4560553850548836,1.7577709898489808,-2.662240222146895,2.5553644435399825,-2.906954851005004,-3.02345958398984,-1.7868119887977726e-08,2.9599141506235016,1.192580452408967,-0.037254424306346116,0.9623010777516118,-0.6555502952364207,1.3540393629253011,-0.5074419217175105,0.8480033417757086
2_1_18_11_2_16.bin,2,1,18,11,2,16,10,37399760,500000.0,125000.0,2048,8192,1,8,17,none,relative,-41.1835387712738,8.15088180003812,1.0,1968.0,-0.0,7.282338072634816,1968.0,-0.0,0.95767843905773,0.03970885895814187,0.1354225584188712,0.43041162721581483,0.24209134021402945,0.37067792912120656,0.3914199819209802,0.2823122828005719,0.4528816160440832,0.4646236632950286,13.812572593416933,2.2490992034914745,0.8582554857979794,0.5067231941609209,0.5253204033781405,0.43296674774633565,0.4574991195271867,0.4253999408162356,0.34079274650746894,-1.62080653547865,2.3900725194832075,-2.1304108785963156,1.9922327683451195,-2.3435579118074656,1.6223410498545547,-2.7786644139350987,-3.0211079012968227,-7.594442547107045e-09,2.879194567939222,2.7125474516571986,2.4989283518901466,2.381993956545315,2.5870757862451805,2.262949985901182,2.447018121644498,2.1078021718970437
2_1_18_11_2_16.bin,2,1,18,11,2,16,11,39899760,500000.0,125000.0,2048,8192,1,8,17,none,relative,-41.0186350984667,6.429371548995718,1.0,1864.9999999999998,-0.0,6.3617265309103495,1864.9999999999998,-0.0,0.9131639592449523,0.05634934446584821,0.42000931027904187,0.8296198086392954,0.47480141307085383,0.9508790125130192,0.6337230541560235,1.0204319497417689,1.308773861330872,2.314616344498713,13.399243378307208,1.324772075523422,1.0328689920521188,0.8582210652374057,0.8777504978797928,0.7865456206281392,0.6614878878949652,0.7063345408586644,0.5640401265183489,-3.0148922996212364,-2.5982359432220923,-2.902167635699504,-3.1292856682873764,-2.8534148776197337,2.7371414653009767,-3.0066338288036754,-3.1197813702549757,5.3806625278286035e-09,2.013563265336433,1.5686919308514222,1.4097172640275868,1.1124560004183852,1.0963233781068502,0.7763304186844421,0.761196921869058,0.5524391810387606
2_1_18_11_2_16.bin,2,1,18,11,2,16,12,47399760,500000.0,125000.0,2048,8192,1,8,17,none,relative,-41.15056989775952,5.447718630719676,1.0,1568.0,-0.0,4.939980973560615,1568.0,-0.0,0.8481956466281728,0.06298416678432354,0.5356438805648243,0.746402473783717,0.23345578430432853,0.2959320586406854,0.7447931930300524,1.35201777634776,1.4344710898671555,2.6780171069521477,13.119380395859428,3.215630287573894,2.138464359004205,1.2959706357003666,0.509448805308538,0.22361420045912708,0.5110569993640743,0.6651416737601703,0.4574206860306783,-2.99858004692982,-2.670034269926293,-2.8968197245703973,2.2732403255725924,-2.833757999139132,-2.515631452005602,-3.016595607409576,3.0634215220495715,1.1226154254343577e-10,1.2196304726986715,0.518920656894485,0.03453263181776449,-0.3123788935195511,0.5675060144807718,0.7849428699045018,0.41765879989724164,-0.043544699856567635
2_1_19_11_2_16.bin,2,1,19,11,2,16,0,2182144,500000.0,125000.0,2048,8192,1,8,17,none,relative,-31.043453764632176,6.0000326586665675,1.0,1851.0000000000002,-0.0,6.233416992818496,1851.0000000000002,-0.0,0.8247716478280758,0.011748933087742743,1.714526362137575,2.9332352364867185,1.8025024002667949,3.800042213182511,3.1594300490449827,4.672521562190384,6.907533355047754,15.900140457252343,45.09560345751041,4.351195971586187,3.3990941820891147,3.0275980858426954,2.840828269950463,2.5733995253909807,2.4653702917771625,2.1723119748181983,2.0082648980566056,-3.1172141727870826,-2.588943532937748,-2.902078682666392,-3.0499263681179922,-2.803382282067972,3.002745020002899,-2.9926456693768406,-3.037101602655081,-1.562088558384823e-08,0.8106464390271493,0.8771606287913992,0.8900441804982144,0.8560302383423152,0.7309547321084959,0.6371530702231049,0.5220187451401026,0.3575071060587331
2_1_19_11_2_16.bin,2,1,19,11,2,16,1,4686960,500000.0,125000.0,2048,8192,1,8,17,none,relative,-31.74630583545134,3.072613572046368,1.0,929.0,-0.0,3.443372675934045,929.0,-0.0,0.7010796196986309,0.04136883507109516,2.0961235589097855,1.2402744654573792,3.6955201813482286,1.291443602385825,6.957382226588985,1.9190369593852725,19.218777868549022,6.809057995723939,38.098572968470265,2.982774065323922,8.48068020765996,1.7311383169019392,4.689860351543127,1.5626466200109355,3.0809139154235576,1.5194896339241142,2.1695501332653175,-2.4946002389962922,2.0111986516449734,-2.6102251544586648,2.3785370115228153,-2.783403717516224,2.648954239417463,-2.95386687770727,0.474814059379764,-1.728070772091046e-08,0.4047615301836243,-0.12205838694195534,0.7280226456030828,-0.25838192144519184,0.8181150899070891,-0.3853879170963751,0.8255555317060785,-0.48361626139605934
2_1_19_11_2_16.bin,2,1,19,11,2,16,2,7186544,500000.0,125000.0,2048,8192,1,8,17,none,relative,-31.823161779016086,4.681110155426731,1.0,757.0,-0.0,4.049719953703967,757.0,-0.0,0.7720165806216752,0.025557644869868723,2.4635138224807913,2.8367149206540376,2.5137113477264466,3.6966377702653705,2.0751410885944024,5.098426747923032,10.037229850939235,11.99862456191289,39.8667257797233,9.162684401781057,5.709448150711994,4.13940560727928,2.3214776180191925,2.8506744690028563,1.9167715930273548,1.7743820607013416,1.8317225505879116,-3.0503115550732427,-2.8706683920043687,2.747011228315718,3.0102676194210956,-2.9992947534673395,2.86781884596708,-2.6867836660781816,2.751500310999816,2.1536143941840446e-08,0.015639395987642874,-0.16527028838875246,0.131666152906663,-0.05036002987131347,-0.02000397255840197,0.2421712418305202,-0.18475277921414973,0.12092885768565188
2_1_19_11_2_16.bin,2,1,19,11,2,16,3,9683600,500000.0,125000.0,2048,8192,1,8,17,none,relative,-31.81043424735167,10.115774203801003,1.0,2002.0,-0.0,9.25243787415827,2002.0,-0.0,0.92883571479579,0.023551422651035228,0.808453466584538,0.9883410732027237,0.6984927808762579,1.2517479366680797,0.5755783812822081,1.6981358378612785,0.7897691741104689,2.243071499999976,44.073863688776235,10.66620939390999,3.2917006733893674,2.117077918617872,1.3421965694577274,1.172355609512985,0.9171140586399515,0.7415496030469251,0.6840953920509691,-1.4071674983627576,0.5188930471652785,-1.5548358590167042,0.2599115991997375,-1.219269092280019,0.015640070564830046,-0.5874106659426528,-0.23699984452584472,-4.8373705555456955e-09,3.091690788201891,3.092534359885956,3.0530540933517187,-3.1188821254829384,3.0307335920644,3.127776622009767,3.07302673618194,-3.0374684206455753
2_1_19_11_2_16.bin,2,1,19,11,2,16,4,12184176,500000.0,125000.0,2048,8192,1,8,17,none,relative,-32.265985014533015,14.730643123620892,1.0,1999.0,-0.0,14.720964050912448,1999.0,-0.0,0.9836032712447909,0.005789652171164461,0.843391690650613,0.5454769572570044,0.8944921773580803,0.5091024120165865,1.030436559785534,0.347146795722987,1.8276894179478682,3.232253990299612,43.060733948680486,3.280284554808828,0.6885710590530179,0.3401631935828183,0.23059754876955743,0.15980958135598747,0.16245972305585993,0.17361107678797158,0.1353261705052205,-1.8611620187390323,1.329384207769064,-2.1825155566901677,1.0244848032843488,-2.541305985292776,0.6377468488231511,-2.8269929876621904,-2.9655039652321586,-3.0640133944339174e-08,3.0475756088884842,2.8528733149429506,2.862598210799049,2.488811489947447,2.75821014576332,1.3937791980229364,2.4213228088752663,3.1217008779094235
2_1_19_11_2_16.bin,2,1,19,11,2,16,5,14684272,500000.0,125000.0,2048,8192,1,8,17,none,relative,-32.24946813969314,11.506859324328488,1.0,1996.0,4.857023409786845e-06,12.184385164828164,1996.0,4.857023409786845e-06,0.9526924337479017,0.012673940076282624,0.9003436538720336,0.724296922699806,1.215732711190652,0.6350120996233012,1.829310285473831,0.9822028693291142,3.5144940158308775,7.98355378310495,42.30340235191787,0.7903100708718348,0.9867865323257574,0.7407454278911825,0.6845791678782975,0.5284059783917399,0.5501272309927377,0.35886451131718167,0.3681616059003198,-2.3285401894196687,2.172941816498521,-2.586505248170307,2.3064799316025124,-2.813533051144621,2.9459344029549084,-3.005954972627136,-3.0580338740683164,-4.692575576647859e-09,0.515248709835977,0.18461867397100826,0.14720236157479843,0.18322551216723135,0.07112191685741204,0.11288805140907286,0.099312429192152,0.01651241184227185
2_1_19_11_2_16.bin,2,1,19,11,2,16,6,17184784,500000.0,125000.0,2048,8192,1,8,17,none,relative,-32.301723116097506,5.133483224542421,1.0,1998.0,-0.0,4.476503102782787,1998.0,-0.0,0.7827323165558584,0.03783245282887666,1.0158370344806613,1.381909573583634,1.021780579433974,1.8859022174581235,1.2253842755368876,2.795346497405346,2.3244568632892877,5.706643707177981,38.13353795876502,17.203581457902988,5.314666870154917,3.163072883938981,2.24901379066065,1.7773475176565958,1.4210497508092983,1.240240620952666,1.0909047596700712,-0.7775163388160092,0.4397543480901877,-0.7148727961938637,0.2549306246371775,-0.493271530976133,0.09648504660039968,-0.21066012255233146,-0.03713176432588757,-2.1118864570229528e-09,3.0957975531568396,3.0785828753565987,3.0970877911836503,3.056367594696849,3.099384276510991,3.056236952745154,3.098923784387365,3.055385720528007
2_1_19_11_2_16.bin,2,1,19,11,2,16,7,19685456,500000.0,125000.0,2048,8192,1,8,17,none,relative,-32.202163998286544,8.330970874595053,1.0,1995.0,-0.0,7.792173389351644,1995.0,-0.0,0.894910440678499,0.022389625429622226,0.7824934356950131,1.0012373510175392,0.7023344272201983,1.387875822850275,0.7485311423402958,2.0074608655989934,1.1682296277680604,3.3557656642489486,41.08222749224343,12.104725010382106,3.920723397437199,2.361292461845707,1.6926872594942508,1.3462707980462547,1.0596337063087133,0.99843603209624,0.8297857555652799,-0.9691214476448021,0.6866039591983041,-1.0792037505725773,0.3924764200781355,-0.8176361782554218,0.14191411114710697,-0.3765501563475974,-0.09030417851050926,-3.055092523908931e-08,3.080305672185133,3.0477727074731473,3.0441744791570167,3.050968283956103,3.021989361689831,3.0150609937394774,2.9726825894887834,2.9742960217548724
2_1_19_11_2_16.bin,2,1,19,11,2,16,8,22185936,500000.0,125000.0,2048,8192,1,8,17,none,relative,-32.208750941492916,10.663402760963827,1.0,1999.9999999999998,-0.0,9.884112513254733,1999.9999999999998,-0.0,0.9359283812590315,0.01765593635635283,0.768633028630041,0.926109527182222,0.7009863933474801,1.2077250854503918,0.622830929194859,1.573577549879509,0.7473841696816544,1.9943497068693437,42.32671207136845,9.662233927172887,3.0431680835278883,1.8017375463993353,1.253213925704729,1.0066408978613492,0.7690893845697557,0.7029994327593895,0.5676994671746795,-1.2517612200966686,0.6056850013772361,-1.342918946417091,0.3165701858877662,-1.2409302038943981,0.09976911598207996,-0.8371996448286486,-0.21984213495285235,-2.82529942670986e-08,3.089490258665517,3.0524877806494546,3.0794419201925627,3.0543851835012235,3.1057381673709195,3.0493595952649897,3.073723366886001,3.106786429681485
2_1_19_11_2_16.bin,2,1,19,11,2,16,9,24682608,500000.0,125000.0,2048,8192,1,8,17,none,relative,-32.1444996734552,2.987022905487775,1.0,1078.9999999999998,-0.0,2.385988995072278,1078.7500001470685,0.4330127231092809,0.6939934880954126,0.036391438321651426,1.5857541603893415,2.4332465010629907,3.105436992109052,2.8122114324000633,5.9871567881916565,3.10102775931953,16.992468894648766,10.406821394813356,36.097592284922015,3.3640739741496413,7.160797384539326,3.0592523111688266,3.41206098363923,2.780299031211588,1.686263664328408,2.547877077737968,0.6255676002320113,1.6925509868152866,-2.876401420822752,2.1085133272769325,-2.6103324868470112,2.493509743614067,-2.363784349484696,2.81824553156722,-0.4653748968879162,-2.992525060012054e-08,-0.9813653436070177,0.30290243267942973,-0.9283160478429292,0.5876295184026707,-0.6594438044473747,0.8475759271924154,-0.3931956464001334,0.9955502387076617
2_1_19_11_2_16.bin,2,1,19,11,2,16,10,27186992,500000.0,125000.0,2048,8192,1,8,17,none,relative,-32.14434062198136,10.573959484952502,1.0,1999.9999999999998,-0.0,11.323104753967948,1999.9999999999998,-0.0,0.936217800358426,0.016150716985479006,1.0732111751697604,0.7164136311464564,1.44117963042119,0.690900493667326,2.0252276018744313,1.2379728185622927,4.005174764493117,9.400548395928706,42.56192329727072,1.4099469309317119,1.3745746176722011,1.041661388672542,0.9221558944406667,0.6975746335033831,0.6162464395062913,0.5291988341204775,0.48622878163085,-2.4549180498192156,2.2035422595036747,-2.6696122307360666,2.4910707952599327,-2.8673944515088245,3.0005402179352347,-3.021677907956541,-3.0669237350633773,-7.368898371427138e-09,0.17220677911588592,0.14457437916726656,0.09329812945761426,0.08694966373640985,0.0763673638253256,-0.004000295756387028,0.0741054274869568,0.029624389980572666
2_1_19_11_2_16.bin,2,1,19,11,2,16,11,29687440,500000.0,125000.0,2048,8192,1,8,17,none,relative,-32.1436647181944,4.063924021661329,1.0,1999.9999999999998,-0.0,3.4035730290470942,1999.9999999999998,-0.0,0.7405765827498878,0.0460228935005135,1.078179522324914,1.4454738306921264,1.1161269382668977,2.0055613105705477,1.408389543727877,3.028312026955479,2.6188175738491752,6.262172065603215,37.402487235299546,19.05799556767449,5.684520982930252,3.4453019173497674,2.4705266311415275,1.954296099374494,1.493807576329639,1.3108982088388375,1.1137549017603527,-0.7097835073279314,0.33450657588510413,-0.6603832748813391,0.21321475224723635,-0.43308509594541383,0.06321570822293347,-0.17397984566928124,-0.03698925562731776,-3.799655338525098e-09,3.1009821084779126,3.0917785271708738,3.1109713111328703,3.101655149827499,3.0898507057956324,3.1214922217484022,3.1044718770329176,3.1101766431727444
2_1_19_11_2_16.bin,2,1,19,11,2,16,12,32188016,500000.0,125000.0,2048,8192,1,8,17,none,relative,-32.20406499919021,14.569090574514828,1.0,1998.0,-0.0,14.014632118554175,1998.0,-0.0,0.9823805316166314,0.004966906182720095,0.7174761625809001,0.630639739494291,0.7932160597997766,0.6234884463262663,0.8356023284629109,0.49955834530375004,1.3498245464899699,2.1757076189989597,43.38256559799789,4.501371304197832,1.1032635625014262,0.6099913267951537,0.3487715282554962,0.3028461462536723,0.19359074099888876,0.2278219997256587,0.1287188844399591,-1.7563103830860831,1.133507072878332,-2.0777801458342933,0.8082080926258177,-2.4028774971339373,0.3652240495424155,-2.728714067747296,-2.901173954441344,-1.1074430452693634e-08,3.0529761000516773,2.944384406818355,2.922847830374183,2.8001386099319636,2.749186749962839,2.673091826460173,2.7143366736331624,-3.0987026395420725
2_1_19_11_2_16.bin,2,1,19,11,2,16,13,34688144,500000.0,125000.0,2048,8192,1,8,17,none,relative,-32.20105602475514,2.1462486239494547,1.0,1868.0,-0.0,2.0045207066368413,1868.0,-0.0,0.6437964687956681,0.05031393361217307,1.4169230259605903,2.7739537612845684,1.4702782929247868,2.6058397739952084,1.4049684426633848,1.9560793052066718,0.6780810425667192,3.432314758449585,34.781945275923434,21.695325306159077,8.329481989849322,5.855256063193895,4.617830119068963,3.81653167271461,3.146039779431849,2.604733686201625,2.095090332255798,-2.2525887463991077,-2.3100091272556758,-2.4395837191408223,-3.006293969766347,-2.75159908849998,2.374782258393351,2.3522833230753135,0.5176690275741958,-5.857458306696329e-09,2.7301595568316417,2.4412020500331053,2.1861977547879263,1.9498518702047312,1.7040946715276415,1.4844659737690187,1.2512979821229597,1.0070319780805443
2_1_19_11_2_16.bin,2,1,19,11,2,16,14,37188144,500000.0,125000.0,2048,8192,1,8,17,none,relative,-32.150402363975076,6.639689255655496,1.0,1800.0,4.857023409786845e-06,6.394637212436611,1800.0,4.857023409786845e-06,0.8434822988841972,0.014420953779721375,1.9296242566993431,0.8947949631293288,1.6319416385065721,1.8188330210720354,0.7046082171482002,2.3786548514621555,4.185803884371829,14.370976089515146,40.184807370793884,5.5158043040383955,3.573327425333867,2.5471155505878817,1.7979828599257361,1.4029125836784426,1.061685948654268,0.9116754721381545,0.9059368419396405,2.906650297957035,-2.968494544337644,2.3052989177005054,3.0816441513547477,2.7877890017942653,2.9014212871826617,-2.722829854731101,-2.8545504170764446,1.30050814751436e-08,0.16549351875177912,0.019099226916528194,-0.06421729954097347,-0.15251021033639003,-0.16217466715804277,-0.056135695165864155,-0.01175914505606455,0.09839545616563376
2_1_19_11_2_16.bin,2,1,19,11,2,16,15,39685520,500000.0,125000.0,2048,8192,1,8,17,none,relative,-32.19058663099092,4.025403788175511,1.0,1078.9999999999998,-0.0,3.2119685690147968,1078.7500001470685,0.4330127231092809,0.738129635640006,0.04430476405882437,1.5476831223039311,2.13952008208816,2.7831141989233856,2.381330672142078,5.248196614874703,2.592501491262203,14.019561345460337,12.743103631817178,37.39277920987614,2.684476807036475,6.384165693831016,2.5935933157028184,3.0730510436277316,2.457306174538365,1.5026209736144465,2.1720941214331266,0.5460941846173639,1.5788587706743673,-2.9021065452496924,2.03508964262491,-2.5218917498774074,2.4234134197768156,-2.0990318337287492,2.7942556930909603,-0.3762014634887543,3.901153718274867e-09,-1.3562840788283077,0.3353281265576599,-1.089165427493674,0.6785232827236111,-0.7738245431012886,0.9992547381418003,-0.4265772217226367,1.4992344141114347
2_1_19_11_2_16.bin,2,1,19,11,2,16,16,42186928,500000.0,125000.0,2048,8192,1,8,17,none,relative,-32.237459884256516,7.979991783250813,1.0,1311.9999999999995,-0.0,6.1755150760271595,1311.9999999999995,-0.0,0.8948659518314872,0.012537384426729175,1.8286955054096319,1.2555748144488648,2.739818712891779,1.598924759442182,1.2198329528738527,3.9978297918984396,5.947899732182314,7.375961182805983,40.48485993422518,6.441787912889171,2.7331160747257504,3.2646021393636846,1.8171069932889607,1.1577409079616172,1.8606351318041032,1.0534142808453226,0.7419054673536282,2.3658776936412327,-3.0460473784274,-2.9282990199864045,2.8911973261508,-2.058609359861474,-3.0892476326506553,2.232373421003452,-2.057645636662891,7.638949753793432e-09,-0.23503963402200415,0.22779651499036743,0.02863843152170385,-0.4969459081085731,0.29422642350993633,-0.028292229296527183,-0.5411225110435395,0.4497427560949335
2_1_19_11_2_16.bin,2,1,19,11,2,16,17,47183216,500000.0,125000.0,2048,8192,1,8,17,none,relative,-30.96161517767029,12.04766589987117,1.0,8.0,-0.0,4.358026279265074,8.749996029127692,1.2990386788106933,0.9651052081867788,0.010510478986441788,1.7914963625012206,0.49079047697753064,1.772820916062027,0.6567416979533653,1.8069524123199654,0.8563325540770962,2.121360025464905,2.533324260936342,49.42248017667143,6.838882465011071,2.532676686523432,1.7074155640500912,1.4881648575045012,1.3272994359233177,1.2842821179549704,1.167409682743033,1.222721676188841,-3.0029209626916233,-1.7495147713403978,-2.883791520820071,-1.5916256261761965,-2.7665882444087564,-1.4705877258574218,-2.713448958536179,-2.69263874555973,2.705838361662395e-08,-2.917626936497534,-2.5959446836212536,-2.3388412291508383,-2.148318248114447,-1.961495368835283,-1.8499405286399706,-1.6965542408676193,-1.6026077823275615
2_1_19_11_2_16.bin,2,1,19,11,2,16,18,52184848,500000.0,125000.0,2048,8192,1,8,17,none,relative,-30.840539271415,9.578693576252553,1.0,23.0,-0.0,2.883219140738496,23.4999988234487,0.866025573589571,0.9252890342886939,0.018769141551129073,1.9206408604581457,0.8985634714844394,1.8859851438375228,1.0837316866853373,1.7821982402459644,1.421454445615768,1.6516465170354349,1.6928769537429502,49.024146670706685,11.167097568233086,4.312407018940522,2.935528324264723,2.4601800697104625,2.1218617164087634,1.9309060327914813,1.7685436163312467,1.6664323573207016,3.069455713760169,-2.058075806326826,-2.9610839950247314,-1.6783762612014468,-2.6806395177812643,-1.2561588338727363,-2.3032368317299095,-1.2876568940633724,-1.0934264800583535e-08,-2.900355254542799,-2.6200890223424023,-2.354025580294092,-2.163944166005047,-1.945988734172635,-1.7903938689580376,-1.6047008408321204,-1.4916829741191155
2_1_20_11_2_16.bin,2,1,20,11,2,16,0,120832,500000.0,125000.0,2048,8192,1,8,17,none,relative,-39.81209816570069,5.3800418435802015,1.0,1999.0,-0.0,5.529703580681856,1999.0,-0.0,0.8260137289287979,0.09614001117658685,0.5290045930340581,0.38062085846385263,0.7481728248017795,0.5118870780120554,1.0581322348299342,0.935338379050309,2.1837004688798203,6.1607377536277115,15.615464587819856,1.5857482942420065,1.121551043490136,0.7714816294251852,0.6842957647285135,0.4902153486637512,0.4192309016536818,0.4091340596850937,0.3272041189461497,-2.644248524368576,2.6597412391161783,-2.8236940784091678,2.889665646705516,-3.0081497265187145,3.1380928643481774,-3.0244053914032585,-3.0843107245784527,5.352415320260263e-09,0.02802346110235144,0.004313012308184965,0.20401806189608823,-0.0198937737491313,0.17374135656556788,-0.10300223290769009,0.1621180536323237,-0.15720103659877133
2_1_20_11_2_16.bin,2,1,20,11,2,16,1,2621328,500000.0,125000.0,2048,8192,1,8,17,none,relative,-40.62031169790064,5.120875634165401,1.0,2004.0,-0.0,5.410851737944685,2004.0,-0.0,0.811349991861162,0.03756608877091098,0.4998510837411186,0.42122736071430633,0.6782480896211613,0.5449411847266182,1.0165555145670864,0.8891916844769314,2.1360900034406285,5.764150413806425,14.096081127539406,1.6351383598476703,1.043079671787653,0.688210499652546,0.5705292111681507,0.45182112388907164,0.4313007129166706,0.29373280879818253,0.33202545959421703,-2.7413424827854187,2.5976693694285653,-2.918100062455014,2.8068872597985126,-3.036852636991956,3.0437050882812122,-3.091452908492759,-3.1035105646164087,-3.91188264514437e-09,0.06267350665574788,0.061678707201907296,0.07273117193698857,0.07641407310894452,0.07034736026787126,0.20561780813779473,0.30242299142354306,0.21218394095035376
2_1_20_11_2_16.bin,2,1,20,11,2,16,2,5126064,500000.0,125000.0,2048,8192,1,8,17,none,relative,-40.5264286235888,4.677256066124102,1.0,1028.9999999999998,-0.0,5.821282879204556,1028.9999999999998,-0.0,0.7788787722917103,0.03818771811581736,0.4098931728619491,0.5941121562774219,0.5863512887567701,0.8698217209881192,0.903324577753192,1.472929724715251,1.6895092663339288,4.538686547161985,14.243153449939834,4.083083239679386,2.7953680176037192,1.3033145291465147,1.1148012588864735,0.7422267845516625,0.6607996044650025,0.5278884535252475,0.47341952676390836,0.10961245973930105,0.023191607183072324,0.05872897237660389,0.02318981383353609,0.04276104102558437,0.008728290960392003,0.01626280719020186,0.002877029057791008,-1.1611840984293957e-08,3.1209852821398316,-3.128179297378618,3.1037445869678915,-3.1260598201269656,3.106138233523365,-3.1357783425835377,3.0693408097884336,-3.1329189120690155
2_1_20_11_2_16.bin,2,1,20,11,2,16,3,12623120,500000.0,125000.0,2048,8192,1,8,17,none,relative,-41.33493841578256,7.924265554889398,1.0,1999.0,-0.0,7.166940345031041,1999.0,-0.0,0.9265886180975291,0.08388299720334982,0.3113143274831961,0.3242961412981565,0.3317284509107534,0.45589087884301255,0.29947106023620795,0.5710814887634909,0.29953405068256495,0.8272773134479917,13.61425860869226,3.240405300661192,1.0834967981165224,0.5669339800522977,0.5240557219135072,0.33480385451649186,0.2924077268424796,0.2817086625931785,0.20387541039556625,-1.1775030678739922,0.7540179494656083,-1.2786384274330256,0.4156284855094305,-1.3883412224052758,0.131166065458301,-0.8036267088028552,-0.1222999981527919,-1.226551763734291e-08,3.0895417215808227,3.0387817811068367,3.083249931540033,2.9360670992283016,-3.026233335034391,2.922215671241016,-3.0245744588113435,2.8015343137851434
2_1_20_11_2_16.bin,2,1,20,11,2,16,4,15123536,500000.0,125000.0,2048,8192,1,8,17,none,relative,-41.36230717066362,10.371917907137101,1.0,2002.0,-0.0,10.207390268743334,2002.0,-0.0,0.9817447398922844,0.043099021622147654,0.2879703965148137,0.2694571997470097,0.30510791025835043,0.21953976097006306,0.4104825593370597,0.22791546702683124,0.6153011921903884,1.0309733752236632,14.016612182208181,1.09173439005162,0.34746617782304984,0.1321568549480059,0.1541142085772149,0.11186968106265313,0.10806633916012162,0.10832222764619157,0.11741319980099396,-1.8941485262243987,1.3375179947048161,-2.1055762702619205,1.0806332655155249,-2.555106093238101,0.6424154956245255,-2.8476146348433478,-3.018893142748329,-3.984597633617582e-09,3.041787046634638,2.9941481751399137,-3.056295993776856,2.5487030581573813,-1.771476686067732,2.065435629893806,-1.8976682736124126,1.0647001069115831
2_1_20_11_2_16.bin,2,1,20,11,2,16,5,17620016,500000.0,125000.0,2048,8192,1,8,17,none,relative,-40.57833521514852,4.116280035794118,1.0,1034.0,4.857023409786845e-06,2.9520288171071716,1034.2499998529313,0.4330127231092809,0.7635436651069324,0.01472178517777358,0.53718638202285,0.6587738581828002,0.8457704969882958,0.8304672208447887,1.3752776042849912,1.1354428126098726,2.652558416494091,2.608575525310208,13.86369659421528,2.3205691633763164,5.2155046961563265,1.0233346826973915,1.876859934561282,0.7120724671676133,1.0472792031353149,0.5989808055709036,0.677976882599896,-0.30321152871456164,0.4940232443184777,-0.2675451978560052,0.43442149386084405,-0.1896831048302448,0.3445414737038447,-0.0907817252472609,0.17593713677650177,2.4228947162906418e-09,2.9537524829739743,-3.04083083816701,2.752740598223733,-2.937407408844703,2.6018063867333563,-2.807177926512113,2.5304607420099816,-2.716689861417379
2_1_20_11_2_16.bin,2,1,20,11,2,16,6,20124368,500000.0,125000.0,2048,8192,1,8,17,none,relative,-40.93902624493266,2.6755034733207754,1.0,2005.0,-0.0,2.5272644194812046,2005.0,-0.0,0.740835252441695,0.07422223886076947,0.40420215987397623,0.48691967333350583,0.43061922657942464,0.7308460132512915,0.42549784275656455,1.0106056924353963,0.8563357928059896,2.0059152421575166,12.001492977873706,6.091180363725535,1.8635220723227615,1.0291358688168315,0.8020299825631271,0.5475042255898326,0.5363567811929685,0.41877695462167946,0.35593354958638174,-0.8470091733871808,0.30850359566687446,-0.7649661573188179,0.3141776867417401,-0.3487491104657723,0.07572014952118403,-0.22427557598125739,0.0393996069591244,-5.297448834190722e-09,3.1249959633258615,3.0808706005328537,3.1182700089933886,3.0929353500127994,-3.096394877496405,2.9618933459081256,-2.965777772040227,3.0244485486761628
2_1_20_11_2_16.bin,2,1,20,11,2,16,7,22620944,500000.0,125000.0,2048,8192,1,8,17,none,relative,-40.868402032101265,4.031586683682376,1.0,1041.0,-0.0,2.7438161346239927,1041.0,-0.0,0.7646897550344283,0.036053977232327276,0.4736010794640735,0.6088824889964247,0.743084805060647,0.7618861132611066,1.2526942867988584,1.077958025859261,2.4767794642659404,2.5620347405222375,13.263927905138281,2.4122813251900928,4.877385681740057,1.0680963281258797,1.7588404413903376,0.7186120259747107,1.030923047377531,0.6391008819491764,0.6138111455209343,-0.4179636893071426,0.3949021134104339,-0.27085356254653464,0.4356253090388007,-0.22867499477501493,0.3354048375661304,-0.11498725170431862,0.16304122233768042,2.1162718127410668e-08,2.9531616201354343,-3.017474835764801,2.7646510468779346,-2.896569796546992,2.6411179990079625,-2.757053571669474,2.6372540064746035,-2.680328337679632
2_1_20_11_2_16.bin,2,1,20,11,2,16,8,25121232,500000.0,125000.0,2048,8192,1,8,17,none,relative,-40.9610751177413,3.504849343613081,1.0,1041.0,-0.0,2.307338550949723,1041.0,-0.0,0.7475940668516666,0.04848685162488886,0.4608987548768817,0.5936014449341781,0.7303099534059524,0.7725128842677333,1.2647101997568608,1.0790001878292084,2.3896732251795423,2.680940449901344,12.733156647318877,2.891059086648269,4.70277191733469,1.0840669114050625,1.7071905595526746,0.7225394657736096,0.983367231334932,0.6100373934323087,0.6081857516428567,-0.3555572301244273,0.3117051639335009,-0.31277729561151996,0.3294295757345926,-0.21464595397916747,0.27812358944259746,-0.1306466304425216,0.1432797728803309,1.0003520386078604e-08,3.0054579866424147,-3.030784102969943,2.82167802487612,-2.9061201463872943,2.7372868905257897,-2.7509737728179804,2.6795962410115783,-2.7057570925998196
2_1_20_11_2_16.bin,2,1,20,11,2,16,9,30126448,500000.0,125000.0,2048,8192,1,8,17,none,relative,-40.76582792735,2.497797278218205,1.0,1999.9999999999998,-0.0,2.894906987191205,1999.9999999999998,-0.0,0.686191478414409,0.05496432662233772,0.5230325783761389,0.4453551813546919,0.7204145975132081,0.6053223038167015,1.1084066631014409,1.0584382250797382,2.4174877440122877,7.383136801089843,12.630689644680173,2.1397847974454938,1.2917278659086342,0.9100467524490178,0.7445217457769857,0.5946760165443806,0.551145085503039,0.3913942954204711,0.45080883658029064,-2.6680871790804193,2.673688619935675,-2.822609925686395,2.8904703743192734,-2.9720358354029734,3.0362225864111294,-3.078115317133114,-3.093349026541478,3.699721150484732e-09,0.02961536860835202,0.03686391813483478,-0.015982195428794362,0.001468261876419579,0.0053097029505874225,-0.022461491620968412,0.031043530608837567,-0.03597201348708716
2_1_20_11_2_16.bin,2,1,20,11,2,16,10,32626832,500000.0,125000.0,2048,8192,1,8,17,none,relative,-41.039294972793314,8.837286625646989,1.0,1974.0,-0.0,8.994483181401325,1974.0,-0.0,0.95449487004185,0.03596153883465422,0.3885299294880473,0.22809691568181278,0.4647028014061745,0.11006537060850043,0.4617353357229851,0.15374965609706806,0.5361423269131756,0.41797676578443965,14.380806057677228,2.5216510092743234,0.9241186101078112,0.6008073930013256,0.5493047722508714,0.46305465941658147,0.3845268010066038,0.41243346843900236,0.3268760576854992,-1.448883945866419,2.596003534987813,-1.7882102852692314,2.0133435658202417,-1.9418748775085075,-0.28288206979983405,-2.182194878947285,-2.1193593581242345,-5.526082673359427e-09,3.085819414082242,3.107654524346174,3.1192887380119747,3.0856541224476346,-3.0123925680698633,3.0961631000790746,-3.008335212942746,3.0507038178109744
2_1_20_11_2_16.bin,2,1,20,11,2,16,11,37626832,500000.0,125000.0,2048,8192,1,8,17,none,relative,-40.93767079632485,2.2073671596027915,1.0,1763.0000000000002,-0.0,2.876218314430514,1763.0000000000002,-0.0,0.6756340691257611,0.03202867393855538,0.37532534527599637,0.9214175619796482,0.8042943784928763,1.6207450111177144,1.6959262083816014,1.843679815693477,2.38350826944808,1.9870383597791568,12.284372145825445,5.645949597615053,3.0237169889822875,2.3068715022145185,1.751252723682711,1.3033800927025507,0.879969371098844,0.4241246938892566,0.2567695487975582,-0.7711707778901034,-0.1259676221617605,-0.5019940157058567,-0.928906552483623,-0.9460422858335887,-1.5345222199524282,-1.6201286831615627,-1.8462775047573678,8.452673442235235e-09,2.9573632563766385,2.8065984555654877,2.56993473357234,2.293448170146132,2.014437185753266,1.856356582052002,1.7290675621723848,1.966773364572518
2_1_21_11_2_16.bin,2,1,21,11,2,16,0,1373024,500000.0,125000.0,2048,8192,1,8,17,none,relative,-32.25957657774246,3.172532623399885,1.0,899.0,-0.0,2.8264194900707604,899.0,-0.0,0.7087319806131607,0.01247929782258687,1.3136935264237901,2.27015152278588,2.4130215835934545,2.3224243823018167,5.282821187623956,3.378614485658974,15.966891100598607,8.791517741035195,36.06332654240887,6.55846090221809,7.356249488372874,3.127739389916193,3.9081513581703486,2.470291161630432,2.375793381229135,2.1284720540518807,1.5490199890648197,-2.891522819559044,2.462741317464057,-2.6677257982088545,2.573422987209101,-2.726057749719738,2.8163019552874387,-2.906451167521431,2.8764529892397768,-1.6409741371566477e-09,0.14370495851727527,-0.1304237703549534,0.38345224372757175,-0.2518883300953722,0.4238714792792507,-0.3593581879292814,0.36716153232297466,-0.43342980723139063
2_1_21_11_2_16.bin,2,1,21,11,2,16,1,3869776,500000.0,125000.0,2048,8192,1,8,17,none,relative,-33.05498648903797,3.8743216552082274,1.0,2002.0,-0.0,3.2892346064968696,2002.0,-0.0,0.7299221821743813,0.0623824004389604,0.9565175992221103,1.405925651363648,1.0387417677283752,1.8768975711087919,1.329200595725186,2.8096601433345927,2.3784987450518353,5.859963498007091,33.52106216290845,17.51155009274167,5.292602079486355,3.070761452370244,2.2135534857235624,1.7776673375624756,1.4540842293205067,1.2441416000161696,0.9948095317027813,-0.7597369863952135,0.4017923469555783,-0.6471510477160894,0.22827494396028533,-0.4229347461807561,0.11288577215468568,-0.1898443821719807,-0.020458641905091262,-1.8061380622114135e-08,3.1213650706796723,3.0979871616623953,-3.1298040042187525,3.0823695756984844,-3.125450102100517,3.1063203537722432,-3.0990865683623783,3.072212868538029
2_1_21_11_2_16.bin,2,1,21,11,2,16,2,6370448,500000.0,125000.0,2048,8192,1,8,17,none,relative,-32.04479348566941,5.217248606124629,1.0,2001.0,-0.0,5.8492955621431175,2001.0,-0.0,0.7910583775491068,0.038936057714259925,1.4601231402526658,1.1012107447003645,1.988957459895254,1.394419918934366,2.9971311149188,2.541558921915414,6.260822694513308,17.086627810015376,39.21013339187732,5.003978409085005,3.1301039132212365,2.254705705464586,1.732459604693213,1.4631127899724548,1.219337209138894,0.9670393859336434,0.9211096896589368,-2.697279956576502,2.5776083618103987,-2.8401161084678916,2.8044825997882143,-2.9933482894959376,3.072025668618852,-3.083395421089706,-3.103763646315013,-7.299091112007932e-10,0.010817301972673768,0.030471689512672036,0.06524964768585251,0.021008651064882318,0.03274910499157959,0.05373832926878479,0.05249003234449062,0.0003895782233670555
2_1_21_11_2_16.bin,2,1,21,11,2,16,3,8870576,500000.0,125000.0,2048,8192,1,8,17,none,relative,-36.33858719908693,2.1152847337039535,1.25,1994.0,-0.0,2.7035452100206747,1994.0,-0.0,0.6426978990324703,0.05163520296542938,0.9624923234036113,0.8714130815847548,1.3564727063079918,1.0229845801227428,2.0993874527136502,1.8582036175161638,4.565172102551648,13.747585257844399,21.313055524389416,4.07636680117702,2.3327508270365045,1.7329281333762891,1.3168089861042256,1.0556661927129314,0.956213851654749,0.7134127351502813,0.7615346490990649,-2.641350331157096,2.6299212305519686,-2.8067904494807943,2.79048681637898,-2.9447334311922386,3.0463539340333936,-3.0818492055263254,-3.112329939246477,-1.0699303713146816e-08,-0.01945715185615545,0.032719363529217296,-0.05654244666496841,0.07674515721276357,-0.10860645495988047,0.10082039170261935,-0.04351575283013071,0.04831320311458819
2_1_21_11_2_16.bin,2,1,21,11,2,16,4,16372208,500000.0,125000.0,2048,8192,1,8,17,none,relative,-35.47196436351522,9.64112191528951,1.0,1998.0,-0.0,8.818214491521307,1998.0,-0.0,0.9280173452743516,0.02672400163152494,0.5407235479759733,0.609027565354723,0.5258191110198519,0.858531325099845,0.46513075807375115,1.149629935547775,0.5996647688024719,1.528951831001106,28.523343627534093,6.877808761604056,2.2090208731601897,1.337728754305834,0.9149818689587459,0.7218538251747529,0.6297242584904025,0.5394276196040897,0.40448705639029764,-1.106636249345076,0.7189234004379839,-1.1981905333130876,0.41296975240590544,-1.1731821267195415,0.16799605027777348,-0.6951574547260836,-0.13149691281760445,-2.3479107478202323e-08,3.095266416995147,3.0994082568952646,3.0474505788464454,3.0758428636851853,3.062980726624717,3.014430861034878,3.0083385937258575,3.1145664759158196
2_1_21_11_2_16.bin,2,1,21,11,2,16,5,23873488,500000.0,125000.0,2048,8192,1,8,17,none,relative,-35.106875269538186,10.223072835620144,1.0,2002.0,-0.0,10.841152043749231,2002.0,-0.0,0.9378422725041261,0.02183533767067494,0.7831057525731768,0.46519579008228296,1.0057341655805085,0.4611713274345377,1.390989794788534,0.9205878570520234,2.785980639401816,6.553439289294263,29.96804904462403,0.8212705584802348,0.9499059928120803,0.6834409680765123,0.5890145822145674,0.4464705708952488,0.3961229262605092,0.35211595542009133,0.2561234138565257,-2.491818216467104,2.1987471606679683,-2.695889370091772,2.551611263156078,-2.9328865500262618,3.0418483752948053,-3.043563166614613,-3.083369566108993,-2.7992629696850017e-09,0.17344620135115094,0.016287956179925175,0.23894111969462953,0.01123319125831793,0.24238545222893174,-0.03670326315890001,0.20303421195066804,-0.023723976033480712
2_1_21_11_2_16.bin,2,1,21,11,2,16,6,28874384,500000.0,125000.0,2048,8192,1,8,17,none,relative,-32.28641147932701,2.7820401897472133,1.0,1996.0,4.857023409786845e-06,3.3687946391712384,1996.0,4.857023409786845e-06,0.6717302760512525,0.047565591962671135,1.547413495730765,1.317583984367739,2.1546196567033746,1.6497771807881687,3.2530152739966094,3.1095438293313413,7.056021798064603,21.38257820169471,35.352754982921304,6.189517012021334,3.6904210331508525,2.629309878807108,2.106882744072034,1.6535788407489762,1.4385735530764614,1.2209516818339734,1.1415871911685234,-2.6757945043759115,2.667201339635301,-2.8229055151530487,2.857091125685417,-2.9842864215759914,3.0590207452111766,-3.080195861366414,-3.096865650907076,6.104784795605622e-10,0.005751117239512473,0.012662510461617297,-0.006112197873180163,0.02592417061944707,-0.010496178111593426,-0.006696513925452899,-0.0013768451775264356,-0.021700744039448765
2_1_21_11_2_16.bin,2,1,21,11,2,16,7,33874992,500000.0,125000.0,2048,8192,1,8,17,none,relative,-34.513838241574916,8.304826262430808,1.0,2001.0,-0.0,8.845085908180467,2001.0,-0.0,0.9007283227441767,0.03601763852931948,0.9955520160685274,0.5992535814601723,1.2473303609911919,0.5734857921969588,1.7299117341438763,1.3138530587761994,3.3657558951079594,8.852248033765804,31.218858603151354,1.7494856508571852,1.5691830880263704,1.0105275861238252,0.8498670624931182,0.7482372759248386,0.5390800945547252,0.5559412767286596,0.3272371394762842,-2.616676803262287,2.2421678190674204,-2.835471686335319,2.64169731140117,-2.9706227298929933,3.022761509841103,-3.0571931905996554,-3.108426958847979,7.2645400450449315e-09,0.038373254264228975,0.03677804116183672,0.07293117289537643,-0.006550839307807736,0.2491502710195354,-0.03930064157118023,0.12727051459974362,0.00812813086504999
2_1_21_11_2_16.bin,2,1,21,11,2,16,8,36375024,500000.0,125000.0,2048,8192,1,8,17,none,relative,-31.958091650229434,12.410641482395855,1.0,2003.0,-0.0,11.665586460526889,2003.0,-0.0,0.963013659940152,0.007984969089646826,0.7318571161944034,0.785177310837661,0.6929490319985173,0.9582211344867054,0.5490686860800891,1.0859765667770975,0.5565018579394946,0.8561978253655607,44.166871867447014,7.654839231686013,2.339199059857583,1.4609101144546217,0.9190133103816502,0.7900716029332548,0.6207167751265922,0.5046680062117314,0.45221795424566424,-1.7350097236401947,0.7080661122516986,-1.9181283310058004,0.43682101648424104,-2.0733799098273042,0.143351296301538,-2.1461434415263776,-1.1204416818270975,-1.27555964885683e-08,3.0973469393623105,3.0870047523084905,3.0213017486233036,3.097739407039156,2.9727133656958493,3.120663559198766,3.0557265832687204,3.118328130214976
2_1_21_11_2_16.bin,2,1,21,11,2,16,9,41376016,500000.0,125000.0,2048,8192,1,8,17,none,relative,-32.690546897566804,1.4232448317594186,1.5,1996.0,4.857023409786845e-06,2.0002381464533454,1996.0,4.857023409786845e-06,0.5991683569754876,0.14031124595132655,1.4849023892191997,1.2914980339931625,2.0989073664295854,1.6172300499035308,3.2571736359531047,3.0731513532994414,7.116185893923095,22.631662701895568,31.68827458647003,6.343949937153533,3.6933614977108524,2.6908458442296856,2.0852910346477254,1.7495634154303277,1.4527211964257307,1.231177361155051,1.147356371788447,-2.675315062115955,2.6407200603542647,-2.833792485023397,2.8260612918006944,-2.9881685393997475,3.0363360286926775,-3.0986508338918064,-3.1133639830811672,-2.1150604091922856e-08,-0.004616323342629464,0.009285981132171928,-0.02443790506193653,0.031274362079243244,-0.023936757273000823,0.043058370682822235,0.013790051958283775,-0.02779871312143321
2_1_21_11_2_16.bin,2,1,21,11,2,16,10,43876400,500000.0,125000.0,2048,8192,1,8,17,none,relative,-33.00731932810943,10.283092559875499,1.0,2002.0,-0.0,9.757156953369083,2002.0,-0.0,0.9357970831762082,0.04965345928796227,0.6691723985492047,0.8880512975782816,0.6101758387526081,1.093771602369828,0.5582674136831391,1.530848658016421,0.5942412985592992,1.871785160622024,38.28289070254922,8.671952172064406,2.907996780493233,1.6071528515512605,1.2116923570051605,0.9612244086590336,0.6883568009797414,0.6867458142368023,0.5370224672730078,-1.3243715282820459,0.7031942700701078,-1.368560338004551,0.39003208144805057,-1.2335538711035785,0.17946783687911574,-0.8151220253931905,-0.07267057984000502,1.3805894237197987e-09,3.1298597008240447,3.0881989422948535,3.1110277548927225,3.0952404487789753,-3.0883726233399798,3.0100360526068,-3.109754209569472,3.1273674857550544
2_1_21_11_2_16.bin,2,1,21,11,2,16,11,46377040,500000.0,125000.0,2048,8192,1,8,17,none,relative,-33.45063782293531,10.159964656443744,1.0,1998.0,-0.0,10.908934644721676,1998.0,-0.0,0.932161264798375,0.05049651910005165,0.937194542872211,0.6562269499547758,1.2352292556123299,0.6587317560410058,1.7584175156671837,1.0906926886973123,3.60116952861148,8.238509097659978,36.317401250404586,1.337522046604097,1.182876150017191,0.967238948883994,0.7314873009335827,0.6376270609987831,0.5272114125275087,0.46475806802976444,0.4170178238129585,-2.435713214626683,2.2014164652751154,-2.674392031238943,2.4252642582454245,-2.8462960178152747,2.8744245580323957,-3.0526111074206153,-3.1026464573694654,2.191404275363332e-09,0.01808332801853006,0.08471695773874677,-0.08112442092374691,0.11177183111857952,-0.004053376472194893,0.14963381781585292,0.06722128260527045,0.09812698692215518
2_1_21_11_2_16.bin,2,1,21,11,2,16,12,48877520,500000.0,125000.0,2048,8192,1,8,17,none,relative,-32.92632267125124,5.985581167895601,1.0,1996.0,4.857023409786845e-06,6.607477468841285,1996.0,4.857023409786845e-06,0.8196289896449607,0.03739204370156062,1.2295699673070586,1.0738250343772733,1.7834685596114486,1.2139090334709364,2.5961310619857088,2.171401258019239,5.429468134414052,14.322982214158843,36.1213819500879,4.204418281472017,2.5676494323210317,1.8820577496959605,1.4621151033175885,1.211566788423794,1.0590936274621594,0.828295705960096,0.7867721337804308,-2.581852569166815,2.553499890176453,-2.752343020994367,2.7192669679058343,-2.921687258372602,3.0246526952206216,-3.052934890505076,-3.091380917601566,-7.138832798498035e-09,0.025773314353498555,0.05135682523455718,-0.0168373201238958,0.07288319597863109,-0.00872615295602685,0.052931183354889215,0.0024608404406967384,0.0488932719166351
2_1_21_11_2_16.bin,2,1,21,11,2,16,13,51378064,500000.0,125000.0,2048,8192,1,8,17,none,relative,-34.96928767093086,8.512636619524098,1.0,1996.0,4.857023409786845e-06,9.226309255895153,1996.0,4.857023409786845e-06,0.9014202195466622,0.019595156382400048,0.8626745213832656,0.5357318951770257,1.1673286507056584,0.6363186992990579,1.644161077165357,1.2578799901075501,3.333997142646208,8.363468075162515,29.809611916643377,1.803623237881006,1.4098297276612182,1.0361984308685244,0.8274653775282267,0.6824791976894508,0.518569443782838,0.4803188133384395,0.40350577067316973,-2.5274771186388683,2.3863069454265644,-2.7700132194051847,2.777388660608994,-2.955644263279085,3.0929628286143442,-3.056460931055449,-3.0816592767131876,-4.808894337947772e-09,0.07591955852963714,0.019776189087562852,0.15093899086146578,-0.06828175576600878,0.1802457146658295,0.022770470268488798,0.13511249786609222,-0.023832286375308064
2_1_21_11_2_16.bin,2,1,21,11,2,16,14,53878448,500000.0,125000.0,2048,8192,1,8,17,none,relative,-34.510876652973316,13.459056877834033,1.0,1998.0,-0.0,13.380279890440697,1998.0,-0.0,0.9831438260229364,0.111464846803646,0.6159502345660094,0.5103082009125518,0.6727921499933728,0.36980760059926304,0.7935869142977593,0.29941868857316095,1.2280390044060807,2.4792920546804695,32.81807732738677,2.66811737978742,0.531476381951953,0.35007715701295644,0.21489205268881345,0.2541288582844778,0.1912392559297708,0.13396096091196674,0.15920748491982056,-1.9801214727638212,1.258874609197698,-2.3660155487453505,0.9360403844277028,-2.68371876480602,0.9749998340139848,-2.954466561322431,-2.9703459694223517,1.2030005992603602e-09,3.0405015450904256,3.0327791198069014,2.6045559141300956,3.0920499483627313,2.04020246361598,2.9774031520450914,2.0856095746210617,2.9498190406820815
2_1_22_11_2_16.bin,2,1,22,11,2,16,0,675840,500000.0,125000.0,2048,8192,1,8,17,none,relative,-26.98416467683471,8.693594269314325,1.0,1922.9999999999998,-0.0,9.406619013948623,1922.9999999999998,-0.0,0.9183928717581734,0.06071372547791521,2.4305463461697863,4.77013505570382,3.4474799433767784,4.810101083392257,4.9866395366390766,5.061941611346249,8.138744801300655,14.42215658010638,75.85241308646523,5.767225060678211,3.889956903863802,3.5961357604518476,3.452059470702283,3.385345117065245,3.3926656784153257,3.3476846737036086,3.2444397346675498,-2.592831106514953,-3.036137896475562,-2.632802294456522,2.985058075833887,-2.8268933282222264,2.90058655782736,-3.002244553155469,-3.0758274932014733,-2.580385705925589e-08,2.2919497406053746,1.9772830338152696,1.914120701630457,1.8575812700518195,1.764292677510368,1.6742666813180225,1.5845513595507659,1.5018189198923622
2_1_22_11_2_16.bin,2,1,22,11,2,16,1,3180816,500000.0,125000.0,2048,8192,1,8,17,none,relative,-28.31510596999802,3.6025125595728906,1.0,912.0,-0.0,3.3400578301932837,912.0,-0.0,0.727941251683101,0.018524990103097962,2.253490571483257,2.9626954938394707,4.311264889626028,3.020781329660023,8.948311220673924,4.638782385955338,26.061229679600434,9.852501952306739,57.85120437024438,8.814761811548903,11.860173061477843,4.177166742535754,6.388032928255583,3.4287245264477244,4.0918050169920015,3.040459926471334,2.7430541212741053,-2.7226960182656588,2.344763024400196,-2.6261839638871587,2.528648348278771,-2.7352354736520694,2.8152448586752348,-2.916559854423833,2.734447738366522,4.724725138484823e-09,0.14939973750085253,-0.11618573343997368,0.4420912273189813,-0.22965796426363938,0.5125685392741692,-0.3432157075324834,0.4723840277402857,-0.45972978785861385
2_1_22_11_2_16.bin,2,1,22,11,2,16,2,5680944,500000.0,125000.0,2048,8192,1,8,17,none,relative,-28.89602792427678,3.0146905668105703,1.0,860.0,4.857023409786845e-06,2.4667599806112293,860.0,4.857023409786845e-06,0.6999699725427557,0.015628679650657024,2.2998146870796745,4.288879754855894,2.467455192474117,4.5157825460981,6.108336811855608,6.240476951806626,20.494718040813616,17.639100459940618,52.76908780370095,11.70535078203234,9.906017049083614,5.408516430343026,4.833517624655283,4.255698889521963,2.7107821827450733,3.581378780629056,1.7481667690378933,2.824295013087842,2.7266611586627163,-2.947279150697149,2.670915722211291,-2.6713272369175427,2.811253930130322,-2.8445418294024134,2.8855478411781292,-9.108378165308696e-10,0.08112537076991556,-0.14311122979558696,0.28369252234412823,-0.26589421411113207,0.24801630277669073,-0.24582703788236165,0.14737875522609245,-0.022193549869559126
2_1_22_11_2_16.bin,2,1,22,11,2,16,3,8177744,500000.0,125000.0,2048,8192,1,8,17,none,relative,-27.970395862686694,12.06268707261297,1.0,2002.0,-0.0,12.939141821017108,2002.0,-0.0,0.953897592849364,0.015185724370273523,1.704520684030411,0.9993459109266356,2.1663224204991702,0.9074424651046052,3.021626978365742,1.5961719247547523,5.822743793710936,12.997040378439191,69.99612070624407,1.293908320779611,1.5258019072888436,1.202947737963886,0.9983733351602219,0.8045993946602694,0.7148959063071928,0.5920224747931336,0.5331608639065392,-2.4267007934843576,2.028722075541435,-2.632155894854375,2.3278476082903223,-2.863830257958751,2.931318237179601,-3.0079946184663524,-3.058024884181332,1.3313582232681426e-08,0.6663588496803498,0.22349302244736047,0.17641203998010718,0.20302567781563072,0.14013964331573797,0.12473536946185625,0.1406002512801733,0.21526090486660227
2_1_22_11_2_16.bin,2,1,22,11,2,16,4,10678160,500000.0,125000.0,2048,8192,1,8,17,none,relative,-27.9591583128088,11.356330089073058,1.0,2003.0,-0.0,10.468800018539973,2003.0,-0.0,0.9453946159692002,0.018071427141008917,1.216315459949481,1.4393614880176147,1.1023992163381309,1.7721649629432323,0.9438615739834008,2.3140012108890926,1.0033630257670936,2.4209065518630277,69.72459114059487,14.693890632162553,4.642512655721531,2.7680717995708775,1.9365156685214184,1.5325294562486733,1.2492429909324738,1.1209199452902845,0.9400990313735471,-1.45887446069083,0.6373411279160848,-1.623024979233729,0.36136324234026396,-1.572789256063038,0.11132859644682323,-1.1724476872055085,-0.3284856392175764,3.951231328282276e-10,3.0841318005259253,3.0608514119340966,3.0640218157058188,3.0637667210914095,3.07807782754518,3.074326834435678,3.079614831858823,3.101262400800947
2_1_22_11_2_16.bin,2,1,22,11,2,16,5,13178896,500000.0,125000.0,2048,8192,1,8,17,none,relative,-27.917746125957322,6.416628944644538,1.0,1997.0000000000002,-0.0,5.725046233725026,1997.0000000000002,-0.0,0.8300041751716958,0.03182682456653995,1.4820741836997418,2.0263670913148712,1.4520888890973414,2.7036323927325556,1.668706197558782,4.103295280287471,3.138114002103121,8.034838333754774,65.45130078527907,25.359836682228735,8.003863631256618,4.883634479842598,3.470531381510793,2.7550398051688503,2.2602925832518133,1.9469112954519263,1.7576817194260355,-0.9115178344914527,0.5067044364545309,-0.8324721216791472,0.2842200839942352,-0.6012376629781054,0.0812671248360577,-0.23834884973355375,-0.061463669501915064,-6.074039351329276e-09,3.0859527003788076,3.076533947731475,3.062634756585073,3.0812252200789043,3.063136785653058,3.0645857928915947,3.047651895719968,3.0694189403575542
2_1_22_11_2_16.bin,2,1,22,11,2,16,6,15679216,500000.0,125000.0,2048,8192,1,8,17,none,relative,-28.05253623432902,7.990201673963523,1.0,1999.0,-0.0,7.216862501713824,1999.0,-0.0,0.8760364819310317,0.030325594692007872,1.4360544334225032,1.8800253571343115,1.298537048991065,2.506551112328704,1.403103541573722,3.619682352514066,2.433814162745675,6.433094429454848,66.34005651436581,21.365174770521662,6.842616581104512,4.059434717172005,2.8741378390534935,2.302671629401219,1.8174584640689189,1.614742089529564,1.343769659790112,-0.9807850665681506,0.5291777609215979,-0.9602230474421917,0.2841784500020539,-0.7495010981865764,0.08929312021627914,-0.3438256791333509,-0.07754257755816361,1.9092919428864006e-08,3.087256517320162,3.0676427102167048,3.0766512356340954,3.0719099547129,3.0714071512605825,3.045076670034346,3.084776888147236,3.081812257114191
2_1_22_11_2_16.bin,2,1,22,11,2,16,7,18179728,500000.0,125000.0,2048,8192,1,8,17,none,relative,-28.272681998179685,10.760210681913161,1.0,1999.0,-0.0,9.936565115884637,1999.0,-0.0,0.934885679259502,0.013380057849268304,1.2123602445278383,1.440759004633614,1.1353543481036692,1.890897156772759,1.0343821406962748,2.582147478632823,1.2042579786928713,3.2716344500875576,66.84626655031235,15.322498744978674,4.986885654697579,2.8599066836397777,2.05809468758879,1.5880697602108624,1.2671207036847751,1.1685873204792805,0.8828334730782842,-1.2586231397087984,0.6470180001491264,-1.3657837472296008,0.37172513957258047,-1.2812324811856663,0.12683449783755285,-0.8583082618444108,-0.20615355155634463,4.557428562129369e-09,3.0787666796287314,3.0434724319239552,3.067747218126564,3.005847650765729,3.090340493233582,2.9907647383916762,3.0705210972329122,3.016080790060261
2_1_22_11_2_16.bin,2,1,22,11,2,16,8,23180688,500000.0,125000.0,2048,8192,1,8,17,none,relative,-28.009680664463716,15.066874407215469,1.0,2001.0,-0.0,14.749389368236972,2001.0,-0.0,0.9819236786136081,0.01005040743459658,1.2305725570354866,1.0461412139530302,1.270416176283811,1.0369301417748007,1.4988685143013958,0.846858948275558,2.2850122579818204,3.6021487854528385,70.74446243331188,7.348698370600376,1.9097557733726407,0.9803987089678112,0.6206080569186925,0.4653002851694339,0.3037219921697292,0.37301253462581424,0.3058722109371336,-1.8576057375974742,1.0534663315082606,-2.1764007868547077,0.6857202361611434,-2.4260490697349817,0.3481603319713129,-2.7735434928304414,-2.8834977013745813,-2.647282693140474e-10,3.037223787646378,2.924980777935524,2.9128590215231758,2.891196258439357,2.844204167302837,2.7426325292751565,2.680177457129018,2.7538250669630875
2_1_22_11_2_16.bin,2,1,22,11,2,16,9,28181616,500000.0,125000.0,2048,8192,1,8,17,none,relative,-28.048926264640958,1.7746072168920102,1.375,1994.0,-0.0,2.341229344063424,1994.0,-0.0,0.6154007866928206,0.059351582982132375,2.61975487158732,2.2610172105156505,3.6723915118416084,2.90756112651309,5.616562306451518,5.357802081579182,12.114002049667162,38.213956552951004,55.355230322544934,10.747907676887865,6.3435775783397474,4.532619640934831,3.511271581102216,2.853178913598481,2.450961950848041,2.113198080380263,1.8416760774473349,-2.6820812539277488,2.6835496187825636,-2.852020022558977,2.8723071252178776,-2.9917074476323133,3.0713640422729536,-3.0824393702315027,-3.0864391981192076,1.9569423334764888e-08,0.020671310032684298,0.02486127130656104,0.021596577840386117,0.027690046915508894,0.02075742778264636,0.018161288114423118,0.03437662673431718,0.009153764222326246
2_1_22_11_2_16.bin,2,1,22,11,2,16,10,30681840,500000.0,125000.0,2048,8192,1,8,17,none,relative,-28.166500075276645,3.22634415372105,1.0,1950.0000000000002,-0.0,2.9524753330848874,1950.0000000000002,-0.0,0.701745711871515,0.03383072566836225,1.9971522039349905,0.3718118569501518,2.2498161382913575,0.8910519867377061,2.2350624700751087,2.916329207497879,3.2762283270934227,8.549427483338375,58.0282490769351,32.57455308403826,10.936546376232346,7.104807515174315,5.47693980834676,4.631449639609763,3.9131488459527266,3.5740763657834838,3.2028385653289786,-0.9024313640452547,-2.805196731030532,-1.0537218242804032,0.32911990225245474,-1.0310763603088702,0.10266790895597391,-0.511596193498253,-0.05744466926002979,2.347616408916307e-08,3.045851240858485,3.026716383441024,3.021842511104542,2.9701952957191526,2.950513001409329,2.890998983607349,2.8326497571014766,2.8205456925880408
2_1_23_11_2_16.bin,2,1,23,11,2,16,0,3370144,500000.0,125000.0,2048,8192,1,8,17,none,relative,-26.699491716037937,1.8362959499024538,1.375,1998.0,-0.0,2.410706654486161,1998.0,-0.0,0.6176026877340377,0.04838720005207694,3.1575063226171594,2.5572106097774294,4.334154290073058,3.2143796061671295,6.608616861186548,6.134035199667794,14.253318996656041,44.5681418170816,64.9101110865114,12.584021866966829,7.38072584381155,5.389249475598592,4.1353892466105915,3.384013081086562,2.8853234176640465,2.4872467893729784,2.249899123693883,-2.6954138101892076,2.6597061942847886,-2.8511968685304554,2.84072635184889,-2.994270886037931,3.0625416148317584,-3.091294805373473,-3.0981216880983484,5.233282678106985e-09,0.006844286306168382,0.02380663542174463,0.005141970670933315,0.039145264829742336,0.000845750602328207,0.03418687316042063,0.009713344892666915,0.026950219741886855
2_1_23_11_2_16.bin,2,1,23,11,2,16,1,5870544,500000.0,125000.0,2048,8192,1,8,17,none,relative,-26.611632177174375,6.85512423373704,1.0,2002.0,-0.0,6.1273729655405615,2002.0,-0.0,0.842039700565544,0.038205187029685346,1.800535283896642,2.498635452220672,1.7039011660762544,3.286709399596477,1.8836410314831917,4.8410721947795805,3.536632926158557,9.126308868416753,76.78701785635278,28.416143005315465,8.963571847887085,5.283273426338999,3.827996896298232,2.948589294390863,2.4109858420233996,2.086935292061532,1.72799495077401,-0.9510912220737345,0.4363453532101091,-0.8760669744766395,0.2498426312736023,-0.6297875260479312,0.07926691144384822,-0.2542281140961151,-0.057481307200146124,-2.002071650467998e-09,3.1042479014680824,3.09314048059734,3.1020396921901345,3.089867893954905,3.098716588714666,3.089985467915499,3.1098586003506017,3.1051971612085385
2_1_23_11_2_16.bin,2,1,23,11,2,16,2,8370864,500000.0,125000.0,2048,8192,1,8,17,none,relative,-26.001436982238317,14.358913446668124,1.0,1998.0,-0.0,13.718091728540475,1998.0,-0.0,0.9774183810264467,0.08476157996781745,1.5388748961691838,1.3957806744484385,1.5782899345131944,1.494562042643034,1.6482244848990966,1.5033780535412005,2.1886832084414203,2.8888940688019584,88.85223765295476,11.39937362514999,3.299555359896919,1.7797276796218093,1.2444692361131442,0.9655731711578723,0.8578489786045947,0.6398266748691548,0.5783827702609788,-1.7608942521977013,1.037208366780141,-2.0618835289104416,0.664998420002744,-2.3696767689564147,0.27422995549820456,-2.747321893530097,-2.8060086973241063,-1.0467513060820187e-08,3.0784852352690604,3.067202668076691,3.033826518083742,3.0599129459492738,3.029850817370726,3.028463168802542,3.014809967092713,3.069711462818725
2_1_23_11_2_16.bin,2,1,23,11,2,16,3,10870992,500000.0,125000.0,2048,8192,1,8,17,none,relative,-27.851602744125174,7.528193242967237,1.0,2002.0,-0.0,8.247105509994995,2002.0,-0.0,0.8632179481616225,0.024828447716867773,2.2434846469181613,1.5703015938174385,3.0071506823466843,1.8078212129968938,4.311626671086303,3.4596452217606237,8.786395815238661,22.67338741642717,67.43148062986639,5.9731775076855165,4.024415792918401,2.8608613497576965,2.2586769964249296,1.807694713428066,1.5455538621644451,1.3424661148992827,1.1649240522846298,-2.6407305249389252,2.464512753727301,-2.828340851073925,2.7206931428899277,-2.9717716836362102,3.046133347158895,-3.0726821819962575,-3.092553288754319,-7.20188796179662e-10,0.06017903179907186,0.06247388355522407,0.08026079817511422,0.057851096468491105,0.10814240012547921,0.07498943273304544,0.10225965527512845,0.09008618246634052
2_1_23_11_2_16.bin,2,1,23,11,2,16,4,15871632,500000.0,125000.0,2048,8192,1,8,17,none,relative,-26.91673037588474,14.366722940450893,1.0,2004.0,-0.0,14.643251751820966,2004.0,-0.0,0.9807020565631911,0.05930641161074568,1.5115446575073705,1.1617579221990284,1.8882086800212703,1.0599649628828602,2.248194334671806,0.781391134494205,3.88406530459599,7.549016176438391,80.12085293463062,5.558580531438725,1.13979170905726,0.5765446159262324,0.417289271423558,0.3616274749630367,0.3503862994540426,0.22661667252863485,0.18487455525405763,-2.2432299251971366,1.3931413728757271,-2.4445417407369843,1.3209279586647913,-2.7304541854313475,1.6363760578293005,-2.912395022759388,-3.055819672623942,-2.3004409720433292e-08,3.070497181731682,2.6684060602190716,2.8790718056557694,2.2545551288820116,2.8315183797549968,2.1228595987852747,2.3309480955754043,2.395108967280002
2_1_23_11_2_16.bin,2,1,23,11,2,16,5,18371856,500000.0,125000.0,2048,8192,1,8,17,none,relative,-26.794657546653454,4.488989805668362,1.0,1998.0,-0.0,5.08090049344623,1998.0,-0.0,0.752542988672106,0.030078086182125537,2.8060181350451816,2.220268876725792,3.8911161751241696,2.7466962160344326,5.853521155288499,5.230511493623797,12.419797619111604,34.694409930057134,70.9207729794849,10.264260845014975,6.134635311346594,4.412056417460059,3.4062282999214917,2.7803121600993466,2.365578927997502,2.0375598161579913,1.776588592899143,-2.637289091396221,2.6178067568788563,-2.8336399547112454,2.7998866493937333,-2.9737526089751087,3.047159286883067,-3.078564942901493,-3.0960824383755763,-1.081105689603265e-08,0.027372405991226225,0.031791375919784336,0.0076237633639361325,0.037902319606844516,0.00743577667951488,0.023001024805574945,-0.008330528809740704,0.01071145454448744
2_1_23_11_2_16.bin,2,1,23,11,2,16,6,20872272,500000.0,125000.0,2048,8192,1,8,17,none,relative,-27.47114485985303,10.768866177672617,1.0,2002.0,-0.0,11.692157821083581,2002.0,-0.0,0.9365776697956403,0.03942245314374837,1.856323821912296,1.226017253591598,2.5530257721693417,1.1420931994738623,3.3590734199162284,2.135128657976883,6.9206442347883845,16.204716137833174,73.37277361999985,2.048267496011816,2.2275012572343695,1.7453955218327188,1.4565062712039853,1.1936137512059992,0.91997762229888,0.8104957852288334,0.7459011087074008,-2.487400572319626,2.1630185868666754,-2.740826210687198,2.422157087312012,-2.914998639370447,2.969288276768207,-3.0583201411747414,-3.082721203077062,-8.309866632368626e-09,0.22942942184058848,0.08864915604129264,0.09152727748104524,0.10557671746565382,0.1531005357797388,0.14734245683238523,0.21071790456640263,0.12910915452620014
2_1_23_11_2_16.bin,2,1,23,11,2,16,7,23372592,500000.0,125000.0,2048,8192,1,8,17,none,relative,-27.6604605363254,8.33100432492574,1.0,1998.0,-0.0,9.040193638207379,1998.0,-0.0,0.8866493953831394,0.03464334416732263,2.1630972076871062,1.5017782815093015,2.8793177317548446,1.6149815301725874,4.227587216162652,3.2723208634412355,8.442916944009468,20.969904475366487,69.68057403784978,5.26232073560168,3.7572950749757448,2.629936117731546,1.9926522533448712,1.6990236138761716,1.4190637830611916,1.2809068872079041,1.0709239374472153,-2.53277245930675,2.4563607479378735,-2.7404084559953112,2.7620075004762015,-2.903627341544968,3.0726171183867828,-3.050546474514517,-3.0759796037205214,1.2696933386751999e-08,0.08699667588161122,0.020263559213668347,0.04931166189476939,0.01480504113921852,0.057175793125130644,0.014291740699213032,0.0003978696099939748,-0.0003493798499035531
2_1_23_11_2_16.bin,2,1,23,11,2,16,8,25873488,500000.0,125000.0,2048,8192,1,8,17,none,relative,-30.020795178828376,14.818964259240168,1.0,2002.0,-0.0,14.912841933321348,2002.0,-0.0,0.98331634161403,0.05207278339173415,0.9920786778328254,0.8227105407917579,1.1290678814940425,0.7340047952310765,1.4021961841463388,0.5107640825221093,2.381247492036757,4.248231848258651,55.92938172546337,4.241868351328207,1.0324354078063147,0.43263163450874087,0.3819860998140791,0.23198972661865444,0.2711355364954122,0.1507146329366856,0.158733027324981,-2.0204083934856243,1.3207462238526895,-2.3324699314242667,0.9354192684479301,-2.6394237369802007,0.9233993984310022,-2.894193688408289,-3.0223820456178117,-9.22543638663755e-10,3.0576436863837957,2.897092053719608,2.772518176666411,2.5839134847493734,2.77177107144963,2.0331174977008257,2.2184218388892782,2.1311225527346696
2_1_23_11_2_16.bin,2,1,23,11,2,16,9,28373872,500000.0,125000.0,2048,8192,1,8,17,none,relative,-29.986058429794554,14.877143937743854,1.0,2001.0,-0.0,15.390559720063086,2001.0,-0.0,0.9815979921002218,0.06752334576110733,1.076432069814659,0.7094771888356579,1.2751549683406673,0.6103102249561708,1.595153851938878,0.3894656239456607,2.8913672816703526,5.706646728878383,56.20347008736966,2.9527678260596595,0.5813058812305039,0.2958394188122206,0.3278044009626649,0.22742586190047656,0.2189460046462301,0.13805748433219245,0.18321374061458687,-2.096121539148527,1.5227778552388265,-2.3967416718524204,1.2915412247056584,-2.666266116530525,1.9981964067234377,-2.914226529381066,-3.014844625010378,1.632900001761014e-08,2.9870755609750494,2.46156721448575,1.3699012472781744,1.0892214371322837,0.6053901189303518,0.615321828903022,0.5066436258260323,0.44164814498689015
2_1_23_11_2_16.bin,2,1,23,11,2,16,10,30874352,500000.0,125000.0,2048,8192,1,8,17,none,relative,-30.047898703542693,11.36608745397849,1.0,1999.0,-0.0,10.753066078221956,1999.0,-0.0,0.9492233532469838,0.0557719352146434,0.9879052531497865,1.0858609809863338,0.8976362664734506,1.4409819334398577,0.8719722165602927,1.7856824203446544,0.8460561349994606,1.9121249594088037,54.66717389806027,11.085330944134471,3.354559569559565,1.9936209928841382,1.4237407573706953,1.1198731155185113,0.9363287260979237,0.788228021014529,0.6284620166345043,-1.280455143028793,0.6852891528460243,-1.553986839852175,0.40771941572458653,-1.6141470175322359,0.1642912630474985,-1.278459808304827,-0.44861799534007923,9.64566370582063e-09,3.079151717437476,3.0376790155688407,3.0911237028021876,3.0359580369346517,3.0805951875707636,3.0529257830007146,3.046087493107784,2.9967013576270967
2_1_23_11_2_16.bin,2,1,23,11,2,16,11,33370576,500000.0,125000.0,2048,8192,1,8,17,none,relative,-26.915710320294416,5.131996528579249,1.0,1041.0,-0.0,3.3297705418369317,1041.2499998529313,0.4330127230820407,0.7930704183850918,0.06445845741055974,2.319142062884968,3.210144247084405,3.9217822456613356,3.7239029137350483,6.641868898356423,4.909206824105316,13.04056924147567,11.125302181896041,70.72055557309262,6.545693725113269,25.971789565608884,4.564437186183911,9.457634236570502,3.510915833594056,5.3295568420845285,3.1472020509735628,3.344740418501943,-0.47613343648712103,0.5370031067295064,-0.42089851645252363,0.5576634148449678,-0.30619866075134694,0.4383336852583428,-0.1521848915736076,0.2116090856761966,-1.6857619061698903e-09,2.622214421737834,-2.9894513689531412,2.613158390561927,-2.8396482644187935,2.5165643371548163,-2.6730262833069176,2.5892060538473043,-2.5255699275747445
2_1_23_11_2_16.bin,2,1,23,11,2,16,12,35874832,500000.0,125000.0,2048,8192,1,8,17,none,relative,-27.119031267948092,8.140537989548916,1.0,2001.0,-0.0,8.955877771214197,2001.0,-0.0,0.8813267802698959,0.10362244010877844,2.2680808712183262,1.5778720650860358,2.9870058618244677,1.7272955629592974,4.45719108084392,3.3627398917740794,9.068231818849323,22.816920297141206,74.03559990499261,5.766331103427028,3.9896307401420765,2.9931667633069394,2.2689854861047696,1.9385263410720546,1.641125266226024,1.406235536039732,1.2629871956544712,-2.579896664198826,2.3796705157135762,-2.7859920668545746,2.6418966422755528,-2.960427870369724,3.0276678837182405,-3.0853328160838065,-3.096139089887377,-6.860131786117464e-09,0.06269494707304905,0.03915817264258956,0.06601994494251898,0.050504904270334994,0.06851274266508843,0.07793932874878164,0.06587612993317939,0.05758659999133338
2_1_23_11_2_16.bin,2,1,23,11,2,16,13,38375056,500000.0,125000.0,2048,8192,1,8,17,none,relative,-26.92743900275119,5.937677154269739,1.0,2003.0,-0.0,5.324639785869724,2003.0,-0.0,0.8121954858399593,0.06699123295328871,1.7372734404562686,2.5449363959909124,1.640043593537246,3.4274921215319507,2.0552767964067096,5.002855249389672,3.937644116299989,9.926111000739784,72.58375806997589,29.835185333645047,9.263126822296005,5.464548311054441,3.9693604667510973,3.0566038135615483,2.5570139654682436,2.1185444169182213,1.8790296446118901,-0.8513298946381372,0.39337876744054506,-0.7728377254929103,0.2182828853678618,-0.5089489947265775,0.058301242687175125,-0.19305096717052964,-0.0661615817602264,-4.532621588593289e-09,3.0981395147418906,3.110041313990934,3.08463930118924,3.1073988299440307,3.095900856834218,3.1095139084388164,3.1029245518098074,3.127975505103952
2_1_23_11_2_16.bin,2,1,23,11,2,16,14,40875280,500000.0,125000.0,2048,8192,1,8,17,none,relative,-26.45776055993633,12.468610915563156,1.0,1999.0,-0.0,11.559880096903555,1999.0,-0.0,0.9576726588645762,0.016723273240290378,1.456855248869914,1.6189164422469262,1.345111718084987,1.9493734231877096,1.160659000389793,2.418454950238376,1.2013803901555198,2.0428991309928257,83.58601915485617,15.466380206755002,4.777951736480129,2.7502863545089173,1.9782740357469095,1.5054842749505657,1.2187188350952365,1.024208587355566,0.8861371686233003,-1.4210345123606372,0.751890729776251,-1.626747545393637,0.4568064280654884,-1.7646718901050784,0.145323594520309,-1.7150249288343977,-0.5174924991788116,1.7278812642747157e-08,3.0792476500384622,3.0517704823783367,3.0466392003091345,3.033911557294159,3.050321869985714,3.0255475749269287,3.0541402762470073,3.0076271841653193
2_1_23_11_2_16.bin,2,1,23,11,2,16,15,45875792,500000.0,125000.0,2048,8192,1,8,17,none,relative,-26.3738678817551,4.8879038761537075,1.0,2002.0,-0.0,5.488747780360315,2002.0,-0.0,0.7688676985310315,0.03601699546407807,3.04128237004957,2.2420274217546536,4.086467522892155,2.8236835395721878,6.058380337189433,5.366851582268463,12.665703703005558,35.19280035034043,75.3895111138739,10.255245535214925,6.359752150684551,4.478192945023696,3.514890180365378,2.8326014138961515,2.406711482469942,2.0736795086480364,1.8205706523522656,-2.7189741764329627,2.590691879119066,-2.8778760469591416,2.8000687989659685,-3.010388270032897,3.0542693748071317,-3.0929622817763858,-3.100788734514011,-2.7814164759730297e-09,0.03187105466880225,0.03434709985508882,0.06378785463871052,0.05304171698746782,0.07146875269979035,0.062203315088608796,0.08377282692391691,0.0748953219394997
2_1_23_11_2_16.bin,2,1,23,11,2,16,16,48376144,500000.0,125000.0,2048,8192,1,8,17,none,relative,-26.026807367878245,5.785236920892087,1.0,1940.0,-0.0,5.456069199192014,1940.0,-0.0,0.8183503505704532,0.05831380666364716,3.2710862090238724,1.220390512172844,3.593504699570489,1.045889706096508,3.609850894927624,2.9709650274127366,3.886198722787286,7.769600708628209,80.2596621550995,31.66804702002069,11.22597521176865,7.522388707257148,6.0265159878654915,5.019194610316785,4.510307106679039,3.9930644152307684,3.685638143916277,-0.8606750204388756,-1.8489271200157338,-1.10420037603986,-0.5939028377431208,-1.2281348515104837,-0.2025667735659249,-0.9370597184055888,-0.27365337584635985,-2.592949396518962e-08,3.0588844741861005,3.086654759218566,3.0859798244386814,3.074323025885443,3.0405166211354535,3.0020238959790273,2.9667979771371513,2.921302227976409
2_1_24_11_2_16.bin,2,1,24,11,2,16,0,1681952,500000.0,125000.0,2048,8192,1,8,17,none,relative,-22.493679451312723,13.945076783432347,1.0,1999.0,-0.0,13.247132909568826,1999.0,-0.0,0.9718163089770419,0.008725786902731477,2.286989397208901,2.260660322199313,2.2230835356846894,2.5409000524052687,2.097414763005599,2.89686014533389,2.4609497660386266,2.8187024877021756,133.166770898601,19.855412283836923,5.960956972306492,3.2321149117649925,2.315419205068463,1.7228042211493597,1.4190177878653714,1.2004207158400888,1.044004887832418,-1.611691733406453,0.8785500357654946,-1.8841028260354795,0.5155015658351086,-2.1234848670314967,0.18482063805164572,-2.441856160887396,-2.336911490679035,-4.878801085779011e-09,3.061693638139012,3.006371639502583,2.990630304610846,2.983273120519947,2.986968127063568,2.981537349754602,2.9304481287547945,2.993303385573131
2_1_24_11_2_16.bin,2,1,24,11,2,16,1,4182224,500000.0,125000.0,2048,8192,1,8,17,none,relative,-22.67814879697128,14.001010521472368,1.0,1998.0,-0.0,14.773210715638157,1998.0,-0.0,0.9726282550344489,0.012309113255150885,2.787056612791925,1.7836337647673344,3.4631078897733474,1.3572553085241545,4.5656390690012865,1.4992437212000016,8.484006464672273,17.935596199420278,130.4209822626761,3.896680363865317,1.2378554655636043,1.1013323916544175,0.9120694386488344,0.8557538039858137,0.7045626817334152,0.6271648144208519,0.5261982746663397,-2.2115439645476003,1.7939830499266864,-2.5052179357007995,1.8006451632419314,-2.754228300238597,2.856090452403068,-2.96080135490102,-3.0230711872154283,-5.417722171524453e-09,2.8105349363003804,0.6746236525505656,0.5012359907709774,0.35174517570280195,0.35785835879911126,0.36809834102302413,0.32753648616407327,0.3388977704088867
2_1_24_11_2_16.bin,2,1,24,11,2,16,2,6682768,500000.0,125000.0,2048,8192,1,8,17,none,relative,-22.718835020844633,4.477997434689419,1.0,2003.0,-0.0,3.9225509430687984,2003.0,-0.0,0.7504521123678699,0.0342045017922032,3.0649428159160697,4.430582383955671,3.099842183395003,6.04537980533508,3.9523983593380394,8.972306251473759,7.714716188836955,18.482953284371213,113.54769436893821,56.35851302629882,16.955913191956178,10.212529951741029,7.310187321791673,5.730906125912035,4.6901030023728385,3.9792033293602413,3.390682177872195,-0.8437546575984783,0.36907759814894003,-0.7081248018789706,0.19595141782402498,-0.4377362534885641,0.05181302423432619,-0.16337227643147476,-0.040995793707659246,-5.655197716313606e-09,3.1019367828615536,3.0971723047446686,3.0977756842580746,3.114733892136051,3.1090320773362596,3.1074021444508446,3.1295548782477254,3.1291009486295738
2_1_24_11_2_16.bin,2,1,24,11,2,16,3,9182832,500000.0,125000.0,2048,8192,1,8,17,none,relative,-22.618068855186895,6.3860208291701985,1.0,2003.0,-0.0,7.013043938209785,2003.0,-0.0,0.8269796322403771,0.10186789895549732,4.443837755074647,3.1020125716700626,5.9264632047878685,3.772698855138209,8.653543190355862,7.142117924502397,17.70955588070218,46.45107956754296,120.531210259064,13.049071955250197,8.23348264579362,5.906964324494061,4.5933144609087115,3.7632014383575365,3.148049820667313,2.6236984907138283,2.3921260005479503,-2.688977092121758,2.5163892370261265,-2.8490426937892943,2.7583582044104307,-2.990734867794953,3.0456501156776183,-3.0811754376459484,-3.1017145612113826,9.979641943414668e-09,0.029706545313223094,0.04462617228207268,0.03792379836092871,0.05864660206128177,0.05289426243183463,0.059328162063872855,0.05761002849451881,0.0645647834955412
2_1_24_11_2_16.bin,2,1,24,11,2,16,4,11683280,500000.0,125000.0,2048,8192,1,8,17,none,relative,-23.61336896786507,2.709987185613765,1.0,1996.0,4.857023409786845e-06,3.303416619093216,1996.0,4.857023409786845e-06,0.6642008707648568,0.052403008607029865,4.282463195753759,3.541615347275801,6.05632238743733,4.445817818293799,9.124245891737594,8.46414516183582,19.375032226770664,59.38312451106458,96.29514673535962,16.943155821232473,10.232804277896935,7.270297414086143,5.691591316349784,4.667746654442236,3.9099868917460663,3.3692448047612804,3.0343681870668266,-2.6703674902002312,2.641808503300983,-2.8458764402451298,2.865687930838908,-2.9918684414396655,3.087633934565796,-3.0824148627908854,-3.0863098392171016,-8.703434632440525e-09,0.023915655616092112,0.02129550739146451,0.03663478383553092,0.02064239026745335,0.02429833831177022,0.03252432686306958,0.016973585283298186,0.010164955764236337
2_1_24_11_2_16.bin,2,1,24,11,2,16,5,14183824,500000.0,125000.0,2048,8192,1,8,17,none,relative,-22.861564322810022,7.951531762969586,1.0,1998.0,-0.0,8.68511957832442,1998.0,-0.0,0.8738681338120543,0.019472095525576476,3.7612833703947155,2.7264936647938853,5.104496651964898,3.0290227888245043,7.479407228294884,5.832161759729853,15.24821906641354,38.70388963100356,120.77119232881185,10.009928249036303,6.831094231454919,4.957832945352715,3.9276928490492615,3.2146052241119016,2.714982097771967,2.3452670366966104,2.1110959044977267,-2.5348468228213976,2.456090473628907,-2.7451501923395316,2.7027274862403097,-2.921909611793338,3.0624444057691056,-3.042730100424044,-3.0731282022966657,2.1600476652615322e-08,0.07520350353218005,0.05529224464018554,0.06518172388750992,0.06286409211027622,0.06718071026810493,0.06420335377621209,0.06108582529464472,0.03859131372100737
2_1_24_11_2_16.bin,2,1,24,11,2,16,6,16684528,500000.0,125000.0,2048,8192,1,8,17,none,relative,-23.187739939969276,2.8308681163600258,1.0,1994.0,-0.0,3.3733597080937745,1994.0,-0.0,0.6705512074611912,0.04912142097452399,4.414481250693526,3.7276794208533497,6.225868265296992,4.7639566629938885,9.50102154224426,8.877855495143699,20.413951207576982,61.55857202114919,101.60096020897201,17.9227141045835,10.640346724779327,7.649504715605954,5.961271647999666,4.880260695992071,4.119770040788058,3.542366529934023,3.137038311943905,-2.6638784710690717,2.6627327505605156,-2.831701733830141,2.85240553978565,-2.970350446445226,3.0695347818453187,-3.075190647094093,-3.087625779665792,-3.177303794251969e-08,0.01634523593003337,0.0294839715378579,0.01512004273601612,0.033117418957902836,0.01233382063978108,0.0313332487169343,0.033086623165397865,0.015847129277295625
2_1_24_11_2_16.bin,2,1,24,11,2,16,7,21685296,500000.0,125000.0,2048,8192,1,8,17,none,relative,-24.32867962046096,10.948459960481006,1.0,2004.0,-0.0,10.23435813993221,2004.0,-0.0,0.941491608426476,0.04245223949466948,1.7899381319406693,2.249397048051683,1.6067249818212666,2.7893682344552224,1.351048991031045,3.565680191128925,1.5965569367167238,4.283414649128027,105.61523404016042,22.953761528273322,7.48818981723411,4.513864571355417,3.1827513161980763,2.483659433236041,2.014799125501064,1.7750109765061393,1.5776832212778793,-1.5346742861964575,0.6387437648202214,-1.5816800218523102,0.33350400103871947,-1.5943555554109343,0.11255529730545528,-0.9233986051399145,-0.26335742548075924,6.95339085476485e-10,3.089334883485502,3.086768305954327,3.073907531725231,3.0588475810698132,3.069418383347894,3.128661762722708,-3.140013716882578,3.1349262183904183
2_1_24_11_2_16.bin,2,1,24,11,2,16,8,24185872,500000.0,125000.0,2048,8192,1,8,17,none,relative,-22.717999247661442,15.269041426404222,1.0,1999.0,-0.0,14.929613673200468,1999.0,-0.0,0.9815357002528198,0.010749619562781802,2.335676943976792,1.901092523575753,2.4545975051740547,1.9163697367331545,2.7109694201102648,1.4623505059317528,4.086152592979873,6.683080339546253,130.5127367163665,13.865721766922029,3.4916060891131413,1.8921826488356495,1.2086803549385565,0.9012468207080728,0.6937884427461918,0.6228946185773847,0.48931316832507815,-1.8163869273359206,1.1212246882179135,-2.1585351959769254,0.7302565011409686,-2.4574461283918385,0.285729752825463,-2.7712983533355593,-2.8773000129766415,-9.9869226816312e-09,3.035597022555282,2.964437588729056,2.85600478274476,2.885988535372708,2.780226146728194,2.834450809366181,2.8200970640475895,2.820318082297928
2_1_24_11_2_16.bin,2,1,24,11,2,16,9,26686672,500000.0,125000.0,2048,8192,1,8,17,none,relative,-22.724845220804177,8.1070293878518,1.0,1997.0000000000002,-0.0,7.312885416667578,1997.0000000000002,-0.0,0.8789323384424097,0.027407995089276247,2.6173617312619113,3.3000519085050986,2.366138391790155,4.485321566882846,2.3950688758398555,6.38728740980059,4.28782927207203,11.246705698867626,123.02958762402099,39.24070745591907,12.513114888665633,7.573531103109016,5.475043936162147,4.266380839165759,3.591551743358505,3.0462376688719197,2.6520015664919323,-1.0272463363553104,0.5735656277911827,-1.057330717575961,0.3078876610803377,-0.7822501487905341,0.08902417156260509,-0.3326509351278191,-0.09722231965480685,-1.0144248538992688e-08,3.081991228369289,3.0689050817412125,3.043405458386751,3.0655892473876665,3.0275588081310243,3.050689624999572,3.036679583071558,3.048731181417565
2_1_24_11_2_16.bin,2,1,24,11,2,16,10,29187216,500000.0,125000.0,2048,8192,1,8,17,none,relative,-22.672428089188344,1.715189314586907,1.375,1994.0,-0.0,2.210731221024468,1994.0,-0.0,0.6100308364357006,0.051774681099577405,4.72597062703276,4.038754026557857,6.766897846489564,5.115544922222046,10.340961124374248,9.807027549044124,22.394357832748288,71.99744080994063,102.80893688691874,20.074993024456198,12.054126020394573,8.609205000847746,6.741709076692592,5.5793933351431235,4.680505121752113,4.086919112692676,3.6432145298820773,-2.654238077281477,2.662491752149704,-2.839263195292689,2.8748092780134176,-2.9862908760256217,3.082767844026175,-3.0817571711753033,-3.086929380205431,3.1021607032794795e-08,0.017499895926310228,0.012352995759433482,0.01994151720794376,0.006771774986217981,0.017414804991626415,0.002966027686022328,0.011494529515035807,-0.00802127529856958
2_1_24_11_2_16.bin,2,1,24,11,2,16,11,31687568,500000.0,125000.0,2048,8192,1,8,17,none,relative,-23.301070535915237,10.870419620746487,1.0,1996.0,4.857023409786845e-06,11.688767792254472,1996.0,4.857023409786845e-06,0.9367022515816918,0.01599254757196339,3.073409222575314,2.1671441820873905,4.040804743498067,2.0539803210761653,5.739823663215263,3.5659597641610596,11.348752100580297,26.13617966138294,118.89305994012418,3.8356981111662303,3.5784470097530865,2.8018658783599437,2.2293954606070105,1.7613906366970806,1.5398619085727527,1.2662626499242151,1.1718220654433802,-2.412384263291263,2.25679918111768,-2.644782876276082,2.4835793671046673,-2.8595426950430047,2.9844681933488624,-3.010432101873747,-3.0570104176032378,-3.996677803339227e-08,0.26617311102589536,0.18593864444929864,0.14961231164923677,0.1760458620263163,0.13467309974409067,0.15208044544024796,0.1556135288156041,0.202791511384146
2_1_24_11_2_16.bin,2,1,24,11,2,16,12,34187760,500000.0,125000.0,2048,8192,1,8,17,none,relative,-22.91052163994209,14.758852739257623,1.0,1996.0,4.857023409786845e-06,15.253095506951002,1996.0,4.857023409786845e-06,0.9813630785854974,0.004682502124514856,2.4300926397428264,1.8398995663249924,2.891673397858421,1.3565698143703258,3.5420256703343087,0.840132362982849,6.246078988285058,11.897005541413595,127.30352553218408,8.50658875434768,1.8673306137423913,1.0278484205931064,0.7430264568570184,0.5965863216718502,0.46872567236849694,0.45512696684832277,0.4178785041079438,-2.0497673314404996,1.6180244001799484,-2.3908007126726747,1.385035220231587,-2.6525123501664924,1.98392668652749,-2.9028391502959527,-2.991808366362344,2.923440190161162e-08,2.962910208344497,2.6403347438206564,2.4171745461107266,2.289506467412798,1.9795221688324676,2.125302131610571,2.218405306468831,2.1016100504631687
2_1_24_11_2_16.bin,2,1,24,11,2,16,13,36687952,500000.0,125000.0,2048,8192,1,8,17,none,relative,-23.069716158684948,8.031367634456291,1.0,1925.0,-0.0,8.535119934790995,1925.0,-0.0,0.9057790096650362,0.015536468075799363,4.3121904022775706,7.128898851621858,5.622661167966164,6.438940404137895,6.9742404532765905,5.349881556395104,8.551373562214078,9.2820684168748,118.12545395089988,23.723979338060552,11.616983747737633,9.334447129294851,8.318540185356307,7.746544235268882,7.249219148501687,6.851374011867139,6.505815259440671,-2.200412164182177,-2.8405010903845156,-2.357582179706977,3.138775764232694,-2.60229017148166,2.9512230689866197,-2.863045171286623,-3.002203205063776,-1.2179597180535753e-08,2.820278064116725,2.6272446907035043,2.5068799602158265,2.384191901337112,2.275287961231518,2.1677833777482474,2.0447542321706926,1.9352647950136417
2_1_24_11_2_16.bin,2,1,24,11,2,16,14,39187952,500000.0,125000.0,2048,8192,1,8,17,none,relative,-22.861806656995974,2.2847841416274726,1.0,1808.0,4.857023409786845e-06,2.5334496061781735,1808.0,4.857023409786845e-06,0.6455838560661742,0.01778887458622086,6.339436523466349,5.691444705288157,5.7899227295849665,10.151446906433915,8.151430635181015,14.165937575779433,21.374019064856192,64.05631613629494,103.23663610610306,18.622189095524092,12.223349795968378,9.774887529178722,8.333556166377852,7.311507544743598,6.327120060776534,5.474894765475792,4.631042957887264,3.124432966690984,-2.582410766471395,2.9696329475020184,-2.992823307399085,-2.9734047250272706,3.030813351713624,-2.9899437766731567,-2.9850120402195164,-1.0934293882140178e-08,0.3062444540408137,0.37783919112678527,0.4059257534736234,0.3937708032179658,0.3255818090226917,0.25098783698615645,0.16694998971006314,0.10551792592194374
2_1_25_11_2_16.bin,2,1,25,11,2,16,0,1750016,500000.0,125000.0,2048,8192,1,8,17,none,relative,-19.310905130223848,9.27175103928209,1.0,1966.0,-0.0,8.957569122214824,1966.0,-0.0,0.9235535107459567,0.02957833114809162,2.607605943284709,4.744613276364923,3.3996373409122187,3.941221093906415,3.538620542555542,3.732902058497544,2.927495067300858,3.671245095635303,185.31813165966975,44.49517173572045,16.917138711234372,11.621233993062425,9.3787827254635,8.154788156903573,7.332239420838952,6.848734351523887,6.473619770102253,-1.994920098098989,2.3355923961782366,-2.2502250403894997,1.7976315249464658,-2.4983703097885033,1.0086925962768423,-2.6220161039576357,-0.11781641807248361,-1.7813099950638527e-08,2.971199447255961,2.8442733955757467,2.755806061460625,2.673360518214188,2.613562892061958,2.5424606833363463,2.4781844966153126,2.4171282710116575
2_1_25_11_2_16.bin,2,1,25,11,2,16,1,4250480,500000.0,125000.0,2048,8192,1,8,17,none,relative,-19.774631083552862,11.738480346379703,1.0,1998.0,-0.0,12.76168469017962,1998.0,-0.0,0.9467399584911933,0.016509744456055932,4.38758467312354,2.8599961464534873,5.737915136488404,2.61138818893407,8.007069096911385,4.552339085216476,15.692178827682397,36.055594063194675,179.7831530347689,4.089465229842671,4.730861052775565,3.7888200037209305,3.0517228162313277,2.562173413682684,2.1646010600343852,1.8843064429118799,1.7161221286724344,-2.362799800177576,2.105611679272275,-2.625700915938155,2.3583281293902196,-2.8442000677793113,2.9764810603373624,-3.0124968952929376,-3.0642955261528284,-8.414077958422911e-09,0.2861410704737863,0.13247330332295726,0.12290959623630676,0.0924197324776756,0.10969121599397216,0.11739532631345351,0.100136939746196,0.11131272504403192
2_1_25_11_2_16.bin,2,1,25,11,2,16,2,6750800,500000.0,125000.0,2048,8192,1,8,17,none,relative,-19.304174566431197,11.716912048423286,1.0,2001.0,-0.0,12.550318806934317,2001.0,-0.0,0.9467474760783399,0.013321748341817074,4.675374990348267,2.9159189321042898,6.033233111207013,2.6840820515759543,8.51784984783722,4.724306606030543,16.65935575719832,38.162514342493076,189.78810465162374,4.259078957952658,5.004751077265446,4.037551359551726,3.263029033196072,2.720979114105372,2.330315168725538,2.005312312881411,1.7880603662260013,-2.4082285724096395,2.0758925684364318,-2.665380345088813,2.360586746832658,-2.8624667932721763,2.955958096499736,-3.020283886734912,-3.0735705507288653,-9.970019368975733e-09,0.2491348158500793,0.14166258419680575,0.10048689559834337,0.10880026114595993,0.10116387152033501,0.09999588947801083,0.07854969752663647,0.09067991345124658
2_1_25_11_2_16.bin,2,1,25,11,2,16,3,9250864,500000.0,125000.0,2048,8192,1,8,17,none,relative,-19.282586717841475,15.222703968532162,1.0,1997.0000000000002,-0.0,14.995743169429566,1997.0000000000002,-0.0,0.9822094672158408,0.003291277543996299,3.36585099470711,2.836911955266551,3.664761324016916,2.6869449185059096,4.193640691103072,2.012843598234884,6.68227105555337,10.814366064593994,193.786678755254,19.394510224283707,5.1077382096471915,2.647755544105843,1.8453905948576197,1.3970923833339255,1.1175345792481852,0.9840801739610748,0.9066089994327267,-1.8845132081774063,1.2684825541504932,-2.1966794841641186,0.935300307134326,-2.517761768476293,0.5716807359801036,-2.8170163691442958,-2.9531958155096123,-1.8451175548540125e-08,3.0499121131349525,2.9278284176611606,2.8619504256509365,2.827083316246517,2.7869129236485293,2.7339411447776767,2.7740529528914757,2.75589173342958
2_1_25_11_2_16.bin,2,1,25,11,2,16,4,11755248,500000.0,125000.0,2048,8192,1,8,17,none,relative,-19.194684108880722,4.080419997130436,1.0,899.0,-0.0,3.7194026031255003,899.0,-0.0,0.7481478008641641,0.012348211973240432,5.218232977370547,9.422692414741974,10.364598722001542,9.67986263351261,22.973541397431127,14.490364039283246,68.04813794538285,32.97985701578871,168.47400988323167,28.899395765649764,32.38223116991119,13.301134686474725,16.99615166706673,10.590553408951381,10.36822215964338,9.335201435603762,6.566219642375452,-2.897379460788986,2.446519330286549,-2.608537940539147,2.584431978610781,-2.7003469287716846,2.8113196995448893,-2.897015132619823,2.799366949050352,3.1187452834788444e-09,0.1296552358405235,-0.12603409076222,0.3756546684847418,-0.26258853939151705,0.43761642953794966,-0.37187762557669585,0.38218699196389416,-0.42428292319383987
2_1_25_11_2_16.bin,2,1,25,11,2,16,5,14255696,500000.0,125000.0,2048,8192,1,8,17,none,relative,-19.29035854528667,2.5864262190399874,1.0,820.9999999999999,4.857023409786845e-06,2.0098190005854972,820.9999999999999,4.857023409786845e-06,0.6695051684931159,0.02632407737549066,9.803080543656845,14.823273765684165,8.559599199486563,16.404061217266992,14.865185223095128,21.885399121810245,57.1673659569011,64.94250758534243,157.7311523197496,40.31410862048399,28.583798022503004,18.81773133797745,13.288849666004833,13.854713022850211,7.761670589460352,10.42616614161988,6.563950354243782,2.89552769109874,3.0052131604741903,2.9231531352827207,2.793847268758501,-2.771086545386727,2.832112789603516,-2.808851915058776,2.9264517149866225,2.154501376404191e-09,0.050252613142730655,-0.13130505116884722,0.20451772649594266,-0.1895338533420984,0.11796487720205534,-0.02105908689916108,-0.045720733119732904,0.21494904653007876
2_1_25_11_2_16.bin,2,1,25,11,2,16,6,19253168,500000.0,125000.0,2048,8192,1,8,17,none,relative,-19.387448075896337,15.743789817601066,1.0,2001.0,-0.0,15.753046868007145,2001.0,-0.0,0.983704886798928,0.007129262820846606,3.4164366775272645,2.6497178968546597,3.8823901454395906,2.4061745937459524,4.571897706338263,1.564064343312692,7.750042541930286,13.902476199696748,191.81127440056048,15.561585414577246,3.4936041982296464,1.5797756439100286,1.0748176293720686,0.7276184084525293,0.5869712318567528,0.4580732564333187,0.4612990513262852,-1.989676776963589,1.2091802760977424,-2.3100942330434266,0.9147837833489252,-2.6088010498515692,0.7191015698315264,-2.8774753494334595,-2.9964537827403115,-1.3230809501568899e-08,3.050624035553036,2.8953878992027895,2.8273666417883994,2.650241509377301,2.6303141002435604,2.552817763581921,2.4697259610787063,2.4207447140314375
2_1_25_11_2_16.bin,2,1,25,11,2,16,7,29254992,500000.0,125000.0,2048,8192,1,8,17,none,relative,-19.64233501646431,14.650274025901803,1.0,2001.0,-0.0,13.896824014226702,2001.0,-0.0,0.9760428877203716,0.002078581542972069,3.125783973065637,3.1043905993382426,3.113083386242585,3.401096828957935,3.007976198574111,3.5688111398745352,3.738685381670794,4.64930565528701,185.52898238708232,25.145990953047615,7.166274836563721,3.9085673562911905,2.6321132266575926,2.036509012535445,1.6043573142532548,1.3279252325072355,1.1272711485718028,-1.683139686724209,0.8951709177843169,-1.9779795106120452,0.5423227652768682,-2.2645898690648476,0.23286832198172525,-2.5879825281229936,-2.748513452836582,3.7854704494872596e-09,3.0833439196228056,3.021581274082208,2.99212595681895,3.00474011217008,2.9782404441171013,2.965392752392815,2.9863160723348323,2.9649137838489974
2_1_25_11_2_16.bin,2,1,25,11,2,16,8,31755408,500000.0,125000.0,2048,8192,1,8,17,none,relative,-19.52526257279404,8.423804486131488,1.0,2002.0,-0.0,7.636235146928618,2002.0,-0.0,0.884827342609685,0.02663927213528312,3.5595338923472117,5.077269222472943,3.275864381383204,6.7198438964157,3.4569933309198886,9.461245954505332,6.066787138473453,16.03858845067689,178.6823641169314,55.36370160380588,17.67550959669639,10.438628916417654,7.472152869603628,5.737927012227518,4.8035091407512365,3.994300553420988,3.50022698807323,-1.0653390348769287,0.4894196796411067,-1.0385004949816943,0.257196073024566,-0.7397255779738651,0.08212730255906191,-0.30235278873273747,-0.08209747696044796,-5.921686452376286e-09,3.100622131704106,3.092859898713305,3.0890130719104603,3.0935798561431986,3.082219544308765,3.0980977778511205,3.089665490977363,3.1002845019846403
2_1_25_11_2_16.bin,2,1,25,11,2,16,9,34255920,500000.0,125000.0,2048,8192,1,8,17,none,relative,-19.535873543032203,8.436589861599618,1.0,1999.0,-0.0,9.295377446885299,1999.0,-0.0,0.8852788293849156,0.034857572516238874,5.470292209669559,3.693800423221388,7.367036037028717,4.1502280954709505,10.65198864519759,7.9188159016340345,21.65673115667613,54.140480925642876,178.50704830314567,13.360807534631753,9.335268813936292,6.872405558808085,5.431325668691319,4.44743268923186,3.8006717173788966,3.331693836594651,2.8948596580533064,-2.520797637295172,2.4029018585265884,-2.7460542750679227,2.6732456296193527,-2.9183501332523982,3.0368518195144487,-3.0511704425328716,-3.087545775449801,5.289663334946619e-09,0.04025427162492617,0.04609551625479715,0.04047230596395828,0.046627718530579544,0.04321401035958247,0.043707769560566566,0.031003030519187652,0.030908018593658437
2_1_25_11_2_16.bin,2,1,25,11,2,16,10,36756016,500000.0,125000.0,2048,8192,1,8,17,none,relative,-19.525935946680942,4.7205315098469445,1.0,1881.0,-0.0,5.876926932319811,1881.0,-0.0,0.7793403207238907,0.024178043411725872,8.920893507156425,15.797345369678972,14.25679773163955,17.968080844809364,21.109482665750573,21.798972929616134,33.8983260883253,61.951541608175695,165.3757985577179,8.16269722477475,9.44846457834749,10.882994984097564,11.759335456464235,12.03724304925835,11.915193728611987,11.527588946630074,10.92088006915954,-1.5849247927788654,-2.0243861009743096,-1.8570002035202329,-2.4021317176067614,-2.2437003863569447,-2.674429652850413,-2.6608161444248757,-2.8672937686649975,1.9708411577257148e-08,2.5737538565272082,2.6024938518362637,2.5003633712694513,2.354776092828588,2.198072536155225,2.029074249084566,1.8631703808299014,1.6882183979304441
2_1_25_11_2_16.bin,2,1,25,11,2,16,11,39252816,500000.0,125000.0,2048,8192,1,8,17,none,relative,-19.51445719322523,2.83355135938078,1.0,1039.9999999999998,-0.0,2.2086076155064767,1039.9999999999998,-0.0,0.6712264904966665,0.04221094529115044,6.868792095310542,8.768180700181897,10.265695012315181,11.35613082072965,16.35136196676951,17.068923552754903,30.714874105655525,42.14199346310507,155.19898359845865,58.60768458885677,59.240016304886204,16.54586520082615,21.597352287728068,10.1638598255858,12.310705459181976,7.91342533577982,7.992482609895294,-0.21250594890583224,0.20323122251205045,-0.20508410576068273,0.19277538690644658,-0.1599440441238352,0.14073630798204703,-0.09002254249945384,0.06824453387753347,1.6676373843590317e-08,3.091550680622252,-3.0355476672854556,2.9742138434376573,-2.9401598083047245,2.88069831206039,-2.8441838119214564,2.8494218487509864,-2.7672175849425447
2_1_25_11_2_16.bin,2,1,25,11,2,16,12,46753744,500000.0,125000.0,2048,8192,1,8,17,none,relative,-19.60455102933867,3.373797975124656,1.0,1038.9999999999998,-0.0,2.5462430842199892,1039.2499998529313,0.43301272313652106,0.7002350948380958,0.029554393049650816,6.818712595935622,8.578080547880994,10.49372851733501,10.616350901949815,16.956131619711215,15.22759135970917,32.12900551493844,35.45565106338077,156.82569021336454,44.72815799983472,64.2707368815016,14.525076789487864,23.188987071268286,9.56674855706572,13.074903709339747,7.854263475559188,8.303518256691905,-0.31050780891263896,0.34116632380829615,-0.2681907326299034,0.32582563189136293,-0.20397629719682472,0.2560247186209977,-0.11038902870855644,0.12235899690197306,3.223065418261167e-08,3.0518145118004503,-3.0184747919850485,2.8740394252139834,-2.9010705556645267,2.7485013799740905,-2.7834643598703916,2.7196854761959317,-2.67695378397597
2_1_25_11_2_16.bin,2,1,25,11,2,16,13,49254032,500000.0,125000.0,2048,8192,1,8,17,none,relative,-19.518307586670467,4.06471709823361,1.0,1042.9999999999998,-0.0,3.3681179056545947,1042.9999999999998,-0.0,0.7302222243636215,0.04115552632431725,5.877856640407051,7.813517906131945,8.858530381405652,10.517605200530262,14.256130477883545,16.74132358895952,27.343394338679726,44.9208640894149,162.11933781172127,51.621711194241826,49.90547535587598,15.916237061780492,18.782769731313117,9.722036379980208,10.797656991574353,7.37823598217749,7.077891109795449,-0.1646382133413657,0.1352147722705112,-0.17467224011333174,0.12207755958251562,-0.1467951342004595,0.08345585591202659,-0.08135925088231791,0.033077551354568246,-1.1423287070056424e-08,3.09109718827431,-3.0383762215838384,3.024447890932577,-2.947895192818617,2.9586834306179535,-2.868727823266604,2.9429545271352757,-2.7964691738981258
2_1_25_11_2_16.bin,2,1,25,11,2,16,14,54255248,500000.0,125000.0,2048,8192,1,8,17,none,relative,-18.048051224758293,5.3554544102510855,1.0,1041.0,-0.0,4.17021891681209,1041.0,-0.0,0.7876907685941752,0.07726980938731084,6.315472054934753,8.64227968954563,10.054445324284597,11.127544355195464,16.70848378794785,16.94254561020223,32.77106475251139,44.627534605973096,199.4662527537488,41.412537784563305,60.78527811488564,15.623404543279316,22.845562842938005,10.209932728510402,12.990796566509944,8.252815734164496,8.303233449835338,-0.25073793519535026,0.29398567811158466,-0.2456457957394582,0.26993609695950427,-0.1846734213288384,0.19917077121003413,-0.09906315557040384,0.08638574407577576,-5.18998813026665e-09,3.0564946602240965,-3.0185725246396737,2.9218793712646542,-2.906400057891228,2.8222557295794726,-2.7997849041556995,2.7988746379956315,-2.705720952022461
2_1_26_11_2_16.bin,2,1,26,11,2,16,0,2365440,500000.0,125000.0,2048,8192,1,8,17,none,relative,-22.290558452191476,7.069746164756729,1.0,621.0,-0.0,4.095142400685009,621.0,-0.0,0.8542992435006309,0.0176411531662122,3.6061018831839906,6.278096796167737,5.0913022211538035,2.0641175838837587,5.155119806871744,14.032526341579,7.999804427358122,18.866037585547364,127.10312208479695,34.77427997370206,19.116458859818618,17.399239149094416,5.229364389546375,5.700190128861066,7.808502438296205,3.171347578858291,3.0957405555449826,0.33301823444414064,-0.8459668998626976,-0.3422890097500456,1.494816290355256,-0.46231164845592454,0.026592447054306034,0.14010449527037738,-0.7451379596443297,-7.0756316344656854e-09,-1.801999785078922,2.028636584064672,3.034600481622971,-2.397110021382933,2.1040759864378873,2.99564616233073,-2.4459954249095124,2.085889937866195
2_1_26_11_2_16.bin,2,1,26,11,2,16,1,4871440,500000.0,125000.0,2048,8192,1,8,17,none,relative,-22.328380267892257,1.9661494041928784,1.375,1988.9999999999998,-0.0,2.5579475146118416,1988.9999999999998,-0.0,0.624724889730911,0.050546567005164036,5.631523174138266,4.477076705462199,7.5634157218376865,5.709350855778566,11.285297959238962,10.60338240928035,23.726977982399934,73.1809063220022,108.1837946886368,20.162803963279856,11.77229272162967,8.356935577992735,6.3630850058813335,5.149013427671983,4.243908153378943,3.600964326813805,3.162399286492564,-2.4998688260742403,2.9256108632624427,-2.7021903097031283,3.0430131065882113,-2.8798438690877814,-3.109799240013961,-3.022498234475242,-3.059834938271259,1.2638294212659347e-09,-0.017171420592964524,-0.0402841733386806,-0.08592903504766898,-0.09804447018437422,-0.15089241607300832,-0.17909527029618338,-0.2132176627541954,-0.25467504189688617
2_1_26_11_2_16.bin,2,1,26,11,2,16,2,7368304,500000.0,125000.0,2048,8192,1,8,17,none,relative,-22.27443573622025,10.614047434178847,1.0,1043.9999999999998,4.857023409786845e-06,7.195894554865435,1043.9999999999998,4.857023409786845e-06,0.9297856888771997,0.030703823976688655,1.10841659332107,2.716152040331214,2.4339598057437524,3.058678587729948,5.010518057889225,3.4998222928075586,11.412580386281387,7.961645292736371,133.57644799357018,18.92447905611236,22.990664382869976,3.64389229198825,9.04768623585186,3.363900856198076,5.085319093230549,3.124369959910512,3.1715479778056137,-1.6289277782476315,1.1909313120034033,-0.910579582649309,1.299505013861872,-0.5335628171915047,1.2414312705353596,-0.25917125469267266,0.4292519369583457,-4.152765336641142e-08,0.25791074027475924,-2.935119152668355,1.5778002755925487,-2.7104171196937275,1.9451737562544575,-2.4628280107319025,2.235839916014672,-2.2025881398584586
2_1_26_11_2_16.bin,2,1,26,11,2,16,3,9871440,500000.0,125000.0,2048,8192,1,8,17,none,relative,-21.89836966065968,11.291608035159117,1.0,1805.0,4.857023409786845e-06,11.502650243861883,1805.0,4.857023409786845e-06,0.9418864655322097,0.007888948503288706,1.9661811929402746,4.651631663767836,5.486300192651965,5.273220914345679,9.604043182763373,6.924122067818452,14.591593035558137,22.5385786465366,140.29882809150158,9.157097098463078,5.985028426611606,5.887154150887058,5.620146215484769,5.0250724524684225,4.26562809770944,3.341947696128544,2.4227130540184967,1.89665096474467,-0.17328178403850084,0.4171408333615799,-0.7781791678595972,-0.5795759441595243,-1.1882437534810277,-1.5579845942192472,-2.1612602166915442,2.0230048681275656e-09,-3.037115184801729,-2.5631136358548576,-2.7494004212729317,-3.0413152770000416,2.950087790796502,2.6381338091333593,2.3132547446510947,2.0198058438376236
2_1_26_11_2_16.bin,2,1,26,11,2,16,4,12371440,500000.0,125000.0,2048,8192,1,8,17,none,relative,-18.871666100511586,3.6131064794587457,1.0,1683.0000000000002,-0.0,4.360001797162717,1683.0000000000002,-0.0,0.710170127214085,0.05794599990074823,8.571709123172766,4.9290777252828235,7.590377658881991,7.094208834969249,15.141669471455375,19.312211902341183,39.23894741840108,91.44665197262613,171.99490583920723,20.372335984754386,17.79584068792228,15.986321502725218,13.036971353884221,9.395585666742715,5.782557958481434,3.8104447804459074,4.228081933951354,-1.2066880468848096,-3.0122289607165778,3.0260928897302777,0.8018672883159358,0.4977652396095612,-0.6177343663834235,-1.2118981503052866,-2.059874938846416,-6.577404361743921e-09,-1.426851941134059,-2.474738132164261,3.0040728726499912,2.275094540651547,1.5271715924509548,0.6359436525121125,-0.6650697273665892,-1.9970455682352906
2_1_27_11_2_16.bin,2,1,27,11,2,16,0,2110048,500000.0,125000.0,2048,8192,1,8,17,none,relative,-21.413493178759953,12.339071898290252,1.0,39.0,-0.0,6.10401066669459,39.0,-0.0,0.9627367975470102,0.023204775831811197,4.906887282290797,3.784860625882034,5.292232734257121,3.934285799855502,5.623599503229032,3.8803462967905444,6.603738357058802,7.994257487953908,149.63869984515898,20.724278530769265,7.777202162637154,5.829179000457373,4.921273726881864,4.542901187017863,4.1356829852758015,3.8557276392490367,3.6885716422370924,1.4809563676224728,0.43356358435571213,1.7079360891143702,0.6974429586432851,1.9290421782174316,0.9974965699660966,2.2738170757095455,2.551888764956067,2.640407344755805e-09,3.0787404683011435,2.917722501287393,2.8138459348171314,2.858462870037384,2.9092358277940327,2.9910705695195787,3.0915306294096614,-3.0949482979343546
2_1_27_11_2_16.bin,2,1,27,11,2,16,1,4614512,500000.0,125000.0,2048,8192,1,8,17,none,relative,-22.223692036737702,8.306542596104185,1.0,1042.9999999999998,-0.0,5.332673878114242,1042.9999999999998,-0.0,0.8822406410841052,0.028925736981685976,1.8117634759767902,3.479802934864736,3.4498197685268357,3.8576436458671948,6.69592843711392,4.229590376766503,14.559509916795845,5.969134111253235,130.65574921945762,28.738343467048487,28.56269363746462,4.779467412080138,11.064835586643314,4.168415114374496,6.304445671744124,3.8275420934421764,3.918334573363245,-1.4746290881046442,1.2453918117252647,-0.9185387442848864,1.4142760047255372,-0.5513067111034325,1.528933621088426,-0.26804441600095824,1.0190345082579444,6.391114027609087e-10,0.2327624158243513,-2.9190189731429657,1.3509290832700838,-2.6743209518924465,1.8079780912935,-2.415384683245688,2.1108652244981907,-2.1257354481630624
2_1_27_11_2_16.bin,2,1,27,11,2,16,2,7116048,500000.0,125000.0,2048,8192,1,8,17,none,relative,-22.168576133868157,9.900519125064676,1.0,1396.9999999999998,-0.0,9.260078492872989,1396.9999999999998,-0.0,0.9173101382233274,0.0245277071033464,4.763794520387453,1.4996810044423279,2.135350455252322,4.389924954829307,6.436609436854431,5.192495401858388,15.644657664886918,28.182986540901645,134.12186780638834,16.162784169650976,9.959742743693251,4.666588704469977,3.5397848331454584,4.4508614520973895,2.8944402771275977,1.5054661953321677,2.615052309049392,-0.004971548515452741,1.0766195631001567,1.4652110723435143,-0.5769715836110252,-0.9629798303396989,0.3323163015397042,0.2765485311752463,-0.7978403179021647,3.3498044811547324e-10,2.9820494583597594,3.0462156790770645,2.7993688751583723,-2.875277621593718,3.1226054716122693,2.6800804477233853,-3.024945288840208,-2.9612740343910633
2_1_27_11_2_16.bin,2,1,27,11,2,16,3,9616048,500000.0,125000.0,2048,8192,1,8,17,none,relative,-22.09417096871046,2.0576663297909406,1.25,1266.9999999999998,-0.0,2.742935889532968,1266.9999999999998,-0.0,0.6284917299221424,0.08950236316307845,2.6396939799911294,6.701924075797572,6.7810832636358755,6.027395532909724,13.853052233332537,5.591779866392329,21.43609635413474,72.17992116903487,111.42175402915143,28.84057351795049,15.789473903700507,4.232741523918582,9.671538988110763,5.841162924849005,3.233430977598263,5.925575570247956,2.993984158855964,2.634551152075459,-0.47946043162872365,-1.5685962035605185,0.808656555743282,-0.32028494282484554,-2.3696340792262487,0.9230947898696854,-0.7984936362354503,5.464406529971156e-09,-2.7258585363330083,2.105448900372201,-0.8522340770206911,-3.0074770319349704,1.7333916309697799,-1.5314073356556221,2.9650744915595566,1.3222804879216947
2_1_27_11_2_16.bin,2,1,27,11,2,16,4,12115248,500000.0,125000.0,2048,8192,1,8,17,none,relative,-22.275750771148207,12.312055376204839,1.0,1042.9999999999998,-0.0,10.615583352180131,1042.9999999999998,-0.0,0.9497848734800479,0.020598168446263807,1.411377835119261,0.7594966850200064,1.2793216684454956,1.940566019550498,1.1298858070795488,5.128150679222438,1.4131119811352464,26.757056246237568,135.13944693778572,7.36221886104067,7.805976226953477,4.275135517833794,3.227694644080832,2.5372451721474545,2.069967420747318,1.7144322036531852,1.5837776190368047,1.810817793725205,-0.4259755998655452,1.7234359146358569,-0.2942433190398715,1.4620265783185649,-0.16518303972032983,0.9607405345980075,-0.05451711294343911,-4.127544396361566e-09,-3.1350728040374825,3.127959483570604,-3.0440534186389776,3.040038517045241,-2.9901950319502006,3.0264365033264524,-2.907906105065001,3.0041294699674417
2_1_27_11_2_16.bin,2,1,27,11,2,16,5,14615568,500000.0,125000.0,2048,8192,1,8,17,none,relative,-21.97750844750839,10.869778296603297,1.0,1045.9999999999998,-0.0,9.608225619030444,1045.9999999999998,-0.0,0.9292111109605166,0.03154239717251419,2.4131501291972475,1.1086924945864691,2.76866280777075,2.293472713024912,3.131038901358641,6.073995358333095,4.861313038855904,33.80571212066577,138.33988956028628,10.074028332689029,3.2773747789389596,5.025891976714724,2.045614608087907,2.925701990823496,1.7721542728958366,1.7774594920748514,1.6711666064061603,1.8330837866362442,-1.5928218020125335,1.985106135367886,-0.7509251667069512,2.177623433954592,-0.3571474880901523,2.571159727030501,-0.10215003063154833,-4.800000551571073e-09,-3.0014529300210997,2.653305223299331,-2.7888212848323826,2.312025721085019,-2.5705817728336,2.353104394029067,-2.3483673780557353,2.5099263477769136
2_1_27_11_2_16.bin,2,1,27,11,2,16,6,17116048,500000.0,125000.0,2048,8192,1,8,17,none,relative,-21.95290110010894,6.124037636312325,1.0,1077.0,-0.0,5.68179634311084,1077.0,-0.0,0.8137108948940424,0.058363552476938245,4.614352644133233,2.5506387429951918,5.837035857757566,3.6236569743702827,7.839748629065004,8.690131173584978,14.394898456853287,53.044819486359565,129.3074399144364,18.923358765218108,6.808855514556323,7.65143411183686,4.708013058002214,4.229400623000573,3.911740655595482,2.5734339501803083,3.384845453765279,1.0903346284732776,-2.6550553690539864,1.482991749642781,-1.5918744143621557,1.9288450978300102,-0.8062977573817324,2.4967043719157167,-0.23950555638858467,-5.687955723167692e-09,-2.892377614881983,0.9333177867628158,-2.3930268805236343,1.586493037980211,-1.8530162602446065,2.1457185268214776,-1.24081644585417,2.6441691054028524
2_1_27_11_2_16.bin,2,1,27,11,2,16,7,22116048,500000.0,125000.0,2048,8192,1,8,17,none,relative,-21.936007314643625,13.613742985718975,1.0,813.0,4.857023409786845e-06,8.741233455127361,813.0,4.857023409786845e-06,0.967388149554411,0.020546454555363133,2.237160229693641,2.860098252183651,2.684877932001642,3.842841381044714,3.078042559075848,4.061339466032451,3.3930473079331396,4.640287202376249,141.71452237821836,20.679855059169803,8.48735104661909,4.386147367024302,2.61131701469504,2.876495438145248,1.1022507626226032,2.0115890450384333,1.0863382142734568,2.2712450347758333,0.8766163508080603,0.9284605740071571,-0.22346804635736997,-0.02103237760050479,-1.2270072159802161,-0.590239697157317,0.348966095812395,-1.2411976821954943e-08,-0.6660121376078869,2.2763494975896386,-1.918360208944153,1.449884430108325,-2.7458166479355444,0.22166957451695016,2.811481331830411,-1.2522509011754972
2_1_28_11_2_16.bin,2,1,28,11,2,16,0,571392,500000.0,125000.0,2048,8192,1,8,17,none,relative,-15.793666573666316,6.923082432334326,1.0,977.9999999999999,4.857023409786845e-06,4.176455521781888,977.9999999999999,4.857023409786845e-06,0.8480153825878927,0.025067931995083424,9.330089777927629,4.879133668734155,11.123550779657414,5.258716510385212,16.48795069126654,5.609602900096336,32.874776490251854,6.141534878982986,267.67083022443904,72.84185509388956,66.12391655879155,6.069323535774489,27.32062943057443,3.097497206420622,17.238469285755123,2.1152011377480724,12.683924052374314,-0.5581580324554504,-2.576120341256869,-0.37669264931973456,-2.882684077749951,-0.18462476238677725,3.1175856680817535,-0.06621602440159748,2.3289874667786377,2.2870367495878144e-08,-0.053528997045479525,3.1115215083210197,0.03658942680762843,3.11785099140478,0.15278000127413047,3.130771324268736,0.3110830598252816,3.1413699129214856
2_1_28_11_2_16.bin,2,1,28,11,2,16,1,3076144,500000.0,125000.0,2048,8192,1,8,17,none,relative,-16.883621162848062,9.57261883461226,1.0,1999.9999999999998,-0.0,10.377797738448574,1999.9999999999998,-0.0,0.910293977567426,0.018889554212232776,6.956463565778998,4.370895262152569,9.27379623466472,4.570754030116157,13.226721001312999,9.135208255720148,26.68183884759725,65.19123218146864,245.92917414611364,14.11114550431206,10.783791311775255,8.13431862831566,6.423463628074239,5.390308244803414,4.6029164296138125,3.9383631455474952,3.4900328742932296,-2.472108945906462,2.332378876727549,-2.698795113210093,2.6384135300125355,-2.8933069831618274,3.0622889041515546,-3.0319612732687453,-3.067063046966575,2.9119394746321776e-09,0.10861078123800945,0.06750380629908953,0.07266308104486324,0.0564710941894823,0.052803751200292355,0.044071199523737496,0.03570313657878934,0.017646208896461246
2_1_28_11_2_16.bin,2,1,28,11,2,16,2,5572912,500000.0,125000.0,2048,8192,1,8,17,none,relative,-16.445895735979125,10.231263038611367,1.0,1037.9999999999998,4.857023409786845e-06,7.472941695833779,1037.9999999999998,4.857023409786845e-06,0.9236010009986496,0.006973486966823854,3.0962668163741,5.526597961899586,6.375395080927284,6.745308571307841,12.294894109429006,9.518919219061045,26.723645014756475,29.182955890221027,260.7027005350607,15.662076488940341,50.565195802912974,7.950349469767305,19.77029761724319,6.991083942429279,11.364418180666718,6.452006701892722,7.146699010469589,-0.7194923737465906,0.8232302620324875,-0.49141752516404996,0.7765924301705096,-0.31642952304862343,0.5663799458408295,-0.16434384086964712,0.18066507414427596,1.4016993925798741e-08,0.5428232510353217,-2.992326892324647,2.3775736882722014,-2.8287418702416005,2.3568365150844532,-2.6698795140101392,2.427446060206473,-2.502999560151428
2_1_28_11_2_16.bin,2,1,28,11,2,16,3,8076784,500000.0,125000.0,2048,8192,1,8,17,none,relative,-16.59823765351222,8.633774743730353,1.0,2002.0,-0.0,9.35075460681228,2002.0,-0.0,0.8899417015120894,0.01742955377494969,7.554022965869972,5.104449778794558,10.171111381256928,5.642788173782413,14.70391569679954,10.891576255569856,29.89767482920307,74.46102472853981,251.15640560070048,18.249658926163352,12.821063284372524,9.522032786047994,7.521971857531912,6.2273193150256505,5.2476276001166795,4.574074232753924,4.043567836681271,-2.594433030641126,2.3501649326264724,-2.787280992229878,2.6360026490742072,-2.949936679313994,3.028839435597952,-3.057004792151835,-3.081359641631555,1.8706672340996394e-08,0.09119734241294256,0.08271462451570563,0.09132258823448049,0.09589106117819715,0.09723235323162299,0.10947739829752984,0.11553700273635965,0.12413248203570285
2_1_28_11_2_16.bin,2,1,28,11,2,16,4,10577328,500000.0,125000.0,2048,8192,1,8,17,none,relative,-16.526230794951495,11.324880164770153,1.0,2002.0,-0.0,12.240217281666938,2002.0,-0.0,0.9404297779006676,0.012861115385273507,6.5886948874011795,4.172854276237313,8.569126353438525,3.903460991508842,12.08022787095625,7.165164098242228,23.883135968553958,55.46493962939453,260.59614582929885,7.600554357849444,7.872473959863406,6.187071518372347,4.979814298237136,4.159850108570459,3.5627122795997486,3.098869402730122,2.769804424433013,-2.4641666026287687,2.0913916135429673,-2.698848818036385,2.3809335346218,-2.8910296450829067,2.9813868221586715,-3.0311369495125464,-3.0693705169083576,1.9342568632635625e-08,0.26292234713024426,0.1507720607837726,0.15185019873991093,0.14676041575560023,0.1600453719356301,0.16584866468961246,0.16600569382173513,0.16900943012052652
2_1_28_11_2_16.bin,2,1,28,11,2,16,5,13077392,500000.0,125000.0,2048,8192,1,8,17,none,relative,-16.549998081132593,8.49080293660463,1.0,1939.0000000000002,-0.0,9.478040163526327,1939.0000000000002,-0.0,0.9003069554954705,0.02248288226254108,11.997323148994901,10.417622178907955,15.420772085459756,10.705920746797647,19.91401366172913,15.071503315119703,32.52525587104254,66.56574516183233,252.0594082862202,5.015218114271157,5.141265855231577,4.849273341040276,5.237892678667125,5.591506624784181,5.876445188676633,6.128667516547788,6.2883149405326435,-1.4103280624261911,-2.2770993228241365,-1.7781682124755025,-2.4099216164763857,-2.167427779512818,-2.529323901423595,-2.590473932012846,-2.828905769479897,-2.8945594793396005e-08,-0.7417572095240997,-1.2019542083153723,-1.7362237434270424,-2.117190858794976,-2.374018989228401,-2.5724870806786306,-2.740470837012311,-2.883572131021102
2_1_28_11_2_16.bin,2,1,28,11,2,16,6,15577392,500000.0,125000.0,2048,8192,1,8,17,none,relative,-16.684606005502218,7.6351886690739565,1.0,1754.9999999999998,-0.0,7.846326788909133,1754.9999999999998,-0.0,0.8697323058658526,0.026131211640725713,3.999866083903687,10.431500418556523,8.063328714053942,16.74202892694618,22.441655364684753,20.888393663028832,33.93563498826198,35.1083642469529,244.99438883042382,55.66084998391634,28.973376944366727,23.06726547668924,18.40861605279275,13.897281568280023,9.540126270852095,5.661827342792092,3.278665511801403,-1.2993770755576344,0.22196601081256379,0.4273326169624767,-0.4764381006931618,-0.3298320554149021,-0.9277235743477217,-1.141570634984851,-1.5000362432859797,1.4252564074857551e-08,3.0955593567558113,-3.091585093887788,3.0340723511346335,2.802319660544051,2.5584545046216745,2.358354000245779,2.2962032314141556,2.691467671918626
2_1_28_11_2_16.bin,2,1,28,11,2,16,7,18077392,500000.0,125000.0,2048,8192,1,8,17,none,relative,-16.55736631894505,6.796807183049395,1.0,1710.0,-0.0,6.857309029807988,1710.0,-0.0,0.844329999050891,0.018940436731757923,9.203588999652627,6.601432725796076,3.4714088125847695,16.444505254452903,20.36082794972473,21.95892874233523,35.83161418719936,36.5241138678724,244.84127387587037,69.94144608344205,32.41056066710862,23.783118466246847,17.474938051278844,11.908578395154429,7.482140361255587,5.641629260565273,6.276514249966121,-0.7707186257872246,0.5077390517878312,0.0925942103246309,-0.1932569889433644,-0.013695535291736432,-0.668518734020388,-0.8383047725238979,-1.0846458160061974,1.3432290421795282e-08,3.0206217007685168,3.121610140719059,2.9804400559579167,2.779508591105593,2.6267284622382223,2.6598914177760906,2.9892486687099717,-3.0717419338366008
2_1_28_11_2_16.bin,2,1,28,11,2,16,8,20574960,500000.0,125000.0,2048,8192,1,8,17,none,relative,-16.568548805638073,6.636947296034986,1.0,1041.0,-0.0,5.491855086918175,1041.0,-0.0,0.8309784114828261,0.026442064672859675,5.833473188057997,8.394942411071115,9.304967035876741,11.768249880144115,15.641311637085728,19.627508739365332,31.280136340184125,58.62796616345848,243.54527049685146,46.76766019731448,55.596442759492874,17.67685643409944,21.64756471293919,11.062282385441454,12.637773984103887,8.53672657290847,8.310524148483962,-0.09939913718384955,0.19240381954279648,-0.14058378814475234,0.15089520718917326,-0.1285861982565292,0.09434536768217693,-0.07744045842176978,0.03244018328391783,4.381104344106387e-09,3.074836290036179,-3.051310845880656,3.0041142584269704,-2.965642185306483,2.9354958476373585,-2.891670317311156,2.9107455968580487,-2.822848762056006
2_1_28_11_2_16.bin,2,1,28,11,2,16,9,23075440,500000.0,125000.0,2048,8192,1,8,17,none,relative,-17.302104511830674,6.892399340762709,1.0,1042.9999999999998,-0.0,5.425459412732096,1042.9999999999998,-0.0,0.8414455390412428,0.07039881731340825,5.441063574074663,7.952278420235718,9.140919403984931,10.425617696819602,15.759946307471147,16.220418605693613,31.71927778714109,45.39480044270793,225.0346966375568,31.85590929499689,58.11020886403543,14.58920804761506,22.18822084501798,9.880605640065527,12.655964578149788,8.098000671947231,8.087295634494232,-0.27333355971666934,0.32641362182838596,-0.26570102321664363,0.2934085304305243,-0.2059841475600174,0.20543315571608425,-0.11113206228119477,0.08193258235693912,1.0046794174194825e-08,3.010460554951331,-3.0092158012100576,2.8938313830704043,-2.8879153011207457,2.804782878721885,-2.7680750630555044,2.7958048469345895,-2.663468490701491
2_1_28_11_2_16.bin,2,1,28,11,2,16,10,30577104,500000.0,125000.0,2048,8192,1,8,17,none,relative,-16.67158523362265,6.877686402603047,1.0,1041.9999999999998,-0.0,5.983064876194385,1041.9999999999998,-0.0,0.8362126580797891,0.05644913015973006,4.857116730020373,7.046717232396902,6.952177942652595,11.17359462031937,11.132768760440367,20.607288296921226,22.024115550837607,69.71846962811267,241.7313594567453,51.705899899210884,38.931533470235266,18.488498081272517,15.834123719986197,10.743093572079474,9.663605651910789,7.529590798943415,6.859639608606742,0.26240866594924045,-0.05107327119327057,0.13599136817387605,-0.06308432419890957,0.050602464610808195,-0.049986156648613264,0.00823131475215009,-0.02502264366072596,-1.5814008859008016e-08,3.134582103995702,-3.1038963127020596,-3.13444709826729,-3.0910361695194104,-3.12601400204021,-3.0727910063346053,-3.116435708801461,-3.049414610590626
2_1_28_11_2_16.bin,2,1,28,11,2,16,11,33077392,500000.0,125000.0,2048,8192,1,8,17,none,relative,-16.624723224061665,7.895746796459775,1.0,988.9999999999999,-0.0,5.432655155579317,988.9999999999999,-0.0,0.881144410758234,0.02172070209310461,7.928388276636891,0.8064312281029661,10.488979874191408,2.0470232366014858,16.757330241747194,5.438270380850603,33.699379604846854,23.216220642315058,247.82407719426033,15.324906662898586,66.67317469174614,5.863882279130251,27.12333359302403,4.073120285439252,16.9883402921588,3.3632404431054073,12.401841865077946,-0.5374981132564475,1.719143398816617,-0.31395433709534326,0.7765585831268133,-0.15131526505758108,0.43948655572582723,-0.0609806966470128,0.17632147519823407,-4.3930440385531165e-09,-0.01846605885203903,3.1351008577105106,2.8158991611893183,-3.121030362096604,2.6224644841081854,-3.0889063148005156,2.502011345693997,-3.0545661736027228
2_1_28_11_2_16.bin,2,1,28,11,2,16,12,38074928,500000.0,125000.0,2048,8192,1,8,17,none,relative,-16.099275767773943,13.835428839429591,1.0,2045.0,-0.0,6.626898373190623,2045.4999988234485,0.8660255736031911,0.9766359170406274,0.003934820580891329,6.373643687519028,6.054784034963188,7.41273560431124,5.392358972995125,8.98406735061889,4.677325650371533,13.976239625132596,24.017587215443193,278.1257684931638,23.670607593789246,7.898729971663245,5.766549767566857,5.128031459657286,4.80870162069116,4.5299859082597544,4.4813429268075975,4.299403451438641,2.5126457585480635,0.9719192347598681,2.5757652204223516,1.119883159727964,2.6647237035185323,1.54730640215673,2.855165998819911,2.997715310806875,1.4192716861007056e-08,2.984891795963083,2.659306585747272,2.508321006581112,2.470409749084556,2.4965971069505324,2.541329623751467,2.6021501386006936,2.6594485302305295
2_1_28_11_2_16.bin,2,1,28,11,2,16,13,40575280,500000.0,125000.0,2048,8192,1,8,17,none,relative,-16.011422621562,12.373671307202304,1.0,2032.0,-0.0,5.302010558719713,2032.2499998529313,0.4330127231092809,0.9629729850262231,0.00934223174999751,7.67810344621109,6.177772029102271,9.518702017792494,5.638310251070305,12.38843332676709,6.945332203516545,21.45031259689062,43.52414621471259,278.7179921883291,8.822931983512552,4.008645220243508,3.7906846219867067,3.493904881440206,3.421893107370796,3.359743200714306,3.3192546906582314,3.3136383820811166,2.8381705873735443,1.5227457200823225,2.850827599604371,1.79272315095905,2.8812719794571113,2.3983294735909557,2.9898662062426786,3.079180253745305,7.84594935428225e-10,2.6139482557767253,1.5730002597207513,1.6029907820117368,1.7370163139686805,1.874667222311428,2.014290152591929,2.146023951200117,2.2532102052040286
2_1_28_11_2_16.bin,2,1,28,11,2,16,14,43076176,500000.0,125000.0,2048,8192,1,8,17,none,relative,-15.982528777884017,10.108622001234341,1.0,77.00000000000001,4.857023409786845e-06,4.759086821823983,77.00000000000001,4.857023409786845e-06,0.9268118683000515,0.009279671626974888,12.58296253942394,7.365078815618239,13.7279251339106,9.025079535620865,14.115518323476724,10.624524460850186,14.017731886147146,12.33061712708529,274.6456843881355,57.44416301951215,23.205641337749675,17.124328944714936,14.231408992830623,12.483491988161184,10.921260358278765,9.64025528174996,8.411837628192314,0.8034271226516607,0.24077968173220252,1.1224487178540299,0.5490672313672149,1.4263749327671489,0.7956976320726109,1.7224319111117212,1.5576537733312654,8.227210780534591e-09,3.129337161862021,3.0256117493996744,3.0279462429755153,3.09672091635158,-3.0894247094334917,-2.9681510267214346,-2.843124847847331,-2.7130699645505785
2_1_29_11_2_16.bin,2,1,29,11,2,16,0,203776,500000.0,125000.0,2048,8192,1,8,17,none,relative,-17.58071979630307,8.033723511246544,1.0,1964.0000000000002,-0.0,8.814364989015667,1964.0000000000002,-0.0,0.8961354894401654,0.13927148170661247,9.67371195923192,9.648124705918617,12.632241861145129,9.987421034241413,16.910191636209454,13.678547820339864,28.96285252354841,61.680298571273504,221.99588738591547,4.760302465772965,2.76022868325002,0.9002856374604165,0.9830122250545466,1.6521813329241453,2.3178596099147963,2.801215481615806,3.2342415257943995,-2.20316474107243,-3.057392975125078,-2.425508140894243,-3.0918406246401986,-2.667948582597941,-3.0283369285546273,-2.901113557707744,-3.010175540616514,1.66183579470431e-08,0.13035676611251104,-0.00996629393054018,-0.09501865042981823,-2.9967754246642806,3.0429369872311884,2.987325498181482,2.904724594973953,2.8494032411919443
2_1_29_11_2_16.bin,2,1,29,11,2,16,1,2704208,500000.0,125000.0,2048,8192,1,8,17,none,relative,-18.34385089295974,9.292685415565215,1.0,2003.0,-0.0,10.115747409235372,2003.0,-0.0,0.9070642015408646,0.04269587164525789,6.031853761340048,4.142133134561501,8.041665625363903,4.300652258841768,11.566652987970993,8.114103263830653,23.0668393549838,55.936351382323444,207.00736308862002,12.001106420280331,8.978499459265365,6.670604346281762,5.176789199744123,4.362236780362649,3.5312991304488626,3.153169381359495,2.6960880894984074,-2.6006803089501043,2.288252878322645,-2.7928744278325217,2.5873016079011295,-2.947857495203999,3.002182983453368,-3.055612461410718,-3.0801637229454792,2.61174852240746e-08,0.13144984886805844,0.10460371437205905,0.12270392396165451,0.13490029489866998,0.13918206936515332,0.14771292548195544,0.15891817273833328,0.15536517740376035
2_1_29_11_2_16.bin,2,1,29,11,2,16,2,5204752,500000.0,125000.0,2048,8192,1,8,17,none,relative,-18.443493572786267,7.281506014666797,1.0,2002.0,-0.0,6.525297705172889,2002.0,-0.0,0.8530522785670307,0.022495604287283425,4.505389125671337,6.33465880522732,4.266635091018775,8.408092861598766,4.7660771277825615,12.069884094703138,8.770618926242337,22.26005092537836,198.6708720127408,70.59471510269807,22.157320357135596,13.163768972506478,9.338022917494154,7.3123664676458,5.969883772272114,5.072399268450116,4.328766062492155,-0.945098186329551,0.4397068070457233,-0.8836529385523976,0.23871645231249097,-0.6007101005025937,0.07435249245040804,-0.2514350817258811,-0.056698501811015774,-7.155374873105523e-09,3.1071130597488157,3.0974923866797996,3.0898455489224808,3.10382991979962,3.1018184306481205,3.10038257669513,3.110916342747078,3.111351594393871
2_1_29_11_2_16.bin,2,1,29,11,2,16,3,7709520,500000.0,125000.0,2048,8192,1,8,17,none,relative,-18.445810991979577,1.1610327994603344,1.0,1039.9999999999998,-0.0,2.0345364464869897,1039.9999999999998,-0.0,0.5780254889775774,0.0637207114929405,8.320465472229726,10.489482815914576,11.48261740968513,14.595360112884304,17.274712227568724,23.517264033682448,31.48125523831376,61.412370428889524,162.93119469678092,91.97196933169374,56.749220384453565,23.033800050871363,21.30897842282048,13.127830027903897,12.581459585177472,9.286710402427143,8.572218959164529,-0.03635771539425639,0.0022778445406554096,-0.06227470618037606,0.0019783687069794,-0.061822699923716876,-0.0002904044468673553,-0.03795481916863685,-0.0037239350256102906,-3.446493924844091e-08,3.132862417158385,-3.082287156449833,3.1012915329753747,-3.043618625392998,3.0735501048829477,-3.0047582428609836,3.0656219415639403,-2.980028877086976
2_1_29_11_2_16.bin,2,1,29,11,2,16,4,12706256,500000.0,125000.0,2048,8192,1,8,17,none,relative,-18.377268058617258,15.527065598037176,1.0,1999.9999999999998,-0.0,16.03922808701825,1999.9999999999998,-0.0,0.9830860619531497,0.00932752194197543,4.125065359562459,2.7971745054565074,4.717980223317758,2.3184300075496203,5.7570626210932385,1.2702514198605583,9.98356109532479,19.422556235017026,215.2408071469583,13.325492937599721,2.379172242592047,1.214291871678988,0.7995900703437584,0.6732587598907933,0.6504830827080822,0.4389994934739631,0.4653656828399072,-2.0155361307931363,1.314518844525851,-2.3378935134393544,1.014441589377847,-2.641694846882141,1.1842199051625295,-2.916141363338029,-2.9970485839348493,1.5372744988891427e-08,3.035597907025385,2.8950717382416244,2.236483103062572,1.618521803741931,0.7613442726816805,0.6062835848771617,0.25109424387537843,0.147860845359503
2_1_29_11_2_16.bin,2,1,29,11,2,16,5,15206800,500000.0,125000.0,2048,8192,1,8,17,none,relative,-18.3712465147798,15.079107278753783,1.0,1998.0,-0.0,14.790926579766309,1998.0,-0.0,0.9812954147142454,0.02449581902263207,3.8568310773582555,3.035652534496332,4.027672993137503,3.004405368193682,4.469044080522963,2.5349517211301515,6.730678026907725,10.531127478053488,215.08348945907687,23.21535153829667,6.19053653066558,3.1729497086779044,2.25890739384043,1.6258649954579232,1.3420012048953094,1.1306282832266763,1.0386739226311854,-1.8331049890256965,1.136840011877695,-2.143378466417447,0.7367000946748938,-2.4450854098497476,0.3086651321651903,-2.7562379274411217,-2.862260101904693,-1.512227233850781e-08,3.0350678811254177,2.9804820417189477,2.9053881383327225,2.959047199604837,2.907297445936356,2.9570942623759984,2.9764992827301695,3.002560751931187
2_1_29_11_2_16.bin,2,1,29,11,2,16,6,17707216,500000.0,125000.0,2048,8192,1,8,17,none,relative,-18.355996253781214,15.343737546418513,1.0,1999.0,-0.0,15.853721454588245,1999.0,-0.0,0.9815243791949291,0.002497305394032161,4.174343482937613,2.895570176022551,4.926113578481958,2.302908789970701,6.154126355654528,1.4283323046836236,10.907912404593961,21.30709773783355,215.71841262129408,12.384713984646384,2.305041499441952,1.201411467386382,0.9241280886246976,0.7578287731522736,0.561244465669344,0.5412569495203241,0.44489676957493385,-2.0648143249579696,1.4864944303004337,-2.3740486749320433,1.2425429212493553,-2.661360049033922,1.9387366789623712,-2.926497053651302,-3.0293124347063944,1.7272690471448042e-08,3.025870763227504,2.710337575913115,1.994624558304335,1.6705826180576133,0.8941898583322911,0.8897618270386874,0.9225759834058512,0.8636092879655446
2_1_29_11_2_16.bin,2,1,29,11,2,16,7,20207600,500000.0,125000.0,2048,8192,1,8,17,none,relative,-18.407706842132864,5.332153761039745,1.0,2004.0,-0.0,4.720645074355215,2004.0,-0.0,0.7873949018662272,0.023893839483839746,4.526242782876916,7.037701892759247,4.437385758006463,9.546966418130943,5.547580077014193,13.906204091552004,11.354240373385986,28.001018166710168,191.05083635308333,85.12603959206758,26.272915975842647,15.74257806125014,11.264631873088769,8.83006233445311,7.160478445626365,6.206864361962791,5.277066106610223,-0.8860711427198025,0.37904080161226905,-0.7597828506919939,0.19685029067229515,-0.4502072125422702,0.05711669837250833,-0.15519479009757525,-0.05126699592143238,8.856623788359554e-09,3.1071341462066293,3.1098603067693067,3.098767355458775,3.1070262793900025,3.0986122181508793,3.102792880424144,3.1107484399983574,3.099308297826119
2_1_29_11_2_16.bin,2,1,29,11,2,16,8,22708016,500000.0,125000.0,2048,8192,1,8,17,none,relative,-18.324704623907873,5.743820886792766,1.0,2003.0,-0.0,6.381736566540168,2003.0,-0.0,0.8035487590345016,0.04066909425483338,7.352578024324607,5.413160094065513,10.040494538656812,6.578147297631338,14.756852229980225,12.277777562626925,29.68348686902279,82.51261176712049,195.295538546945,22.3291693295291,14.471341037613977,10.420377176866475,8.059041692196336,6.4639711674004205,5.493503096937686,4.495293557400587,4.138279425865528,-2.712724844947956,2.5121396251600014,-2.867730764368102,2.77459900675886,-2.992950603299606,3.05074614705234,-3.0925170296267397,-3.1146391704671164,-7.712215371582272e-09,0.007285989538550099,0.012729531538749474,0.022562858856982743,0.048918592781088774,0.023634615113782835,0.06239219347183955,0.03174372669787322,0.0259355136762187
2_1_29_11_2_16.bin,2,1,29,11,2,16,9,27708880,500000.0,125000.0,2048,8192,1,8,17,none,relative,-18.32322007673669,2.605042846851682,1.0,2006.0,4.857023409786845e-06,2.0706509148628203,2006.0,4.857023409786845e-06,0.6602252816928986,0.05649610997511026,5.214241560781307,8.10458443996421,5.546576064173548,10.985925182959285,7.366141494876825,16.360351847447365,14.873132010934649,35.06864258057201,176.20418575438993,110.16631004052242,31.732033615174597,18.987825986632664,13.70779410152994,10.616664414610042,8.83449192189852,7.435131432543782,6.5109231231527485,-0.77800772433856,0.3254944947372944,-0.6378956209490926,0.17080515349688197,-0.38269082610719846,0.05266286661623584,-0.1527366553991692,-0.02067431616220074,-1.00616631232705e-08,3.1153508357718995,3.110342240809404,3.124167623237855,3.1159550477734212,3.1347998577251635,3.131079832882803,-3.1324154807963183,3.1348452556798208
2_1_29_11_2_16.bin,2,1,29,11,2,16,10,30209296,500000.0,125000.0,2048,8192,1,8,17,none,relative,-17.903837690285474,4.876152839095134,1.0,1999.9999999999998,-0.0,5.57122262595848,1999.9999999999998,-0.0,0.767108696824438,0.058286091998977725,7.965161784855494,5.652039307993198,10.758746399185517,7.111651232975025,16.004789544105773,13.949952954363283,33.54302174220601,93.70734723765877,199.98638780352954,27.844379313136624,17.004149735322677,12.447924490556996,9.559617885896866,7.96579903108043,6.595022437031393,5.903460413992117,5.09039341375122,-2.6476013890760366,2.61213158142694,-2.8306435810030606,2.8446740338235608,-2.9812259627104427,3.0837627317975724,-3.084599378214377,-3.0908876248321597,2.8088147976985603e-08,0.03236133802213668,0.011077400529900602,0.030117451254471437,0.012002689542458667,0.028751468563882984,0.00989929924495597,0.023861240609504664,0.010601236580266966
2_1_29_11_2_16.bin,2,1,29,11,2,16,11,32709616,500000.0,125000.0,2048,8192,1,8,17,none,relative,-18.3512554473418,1.536811598340891,1.5,1997.0000000000002,-0.0,2.1416882502897243,1997.0000000000002,-0.0,0.6000978151361446,0.05165405933526058,8.325566693578006,6.9037471589957535,11.624686523969343,8.844635728811927,17.467892904726543,16.662809862753434,37.59771653577977,119.79908273202727,167.64174615191402,33.333296489449104,19.755145701240238,14.108459440611927,10.962788290677748,8.947655995545773,7.566227801949205,6.6014618978325,5.811199370356895,-2.6948898107829087,2.678803509902068,-2.860352387198251,2.8597148605981135,-2.997220809638035,3.0570118872550744,-3.088873645715601,-3.10119316437318,4.716482796625981e-09,0.001323962684112078,0.0163403762218537,0.008198130525063718,0.016957223821178515,0.0020072486743430095,0.017998490256579458,-0.00037917343461183264,0.01804347692285249
2_1_29_11_2_16.bin,2,1,29,11,2,16,12,35209776,500000.0,125000.0,2048,8192,1,8,17,none,relative,-18.347024267795756,5.876058333803002,1.0,1928.0000000000002,-0.0,6.786383595718599,1928.0000000000002,-0.0,0.8295025264464817,0.017770023474722882,9.3571402717975,14.697825322151127,13.597466086227064,15.447768883359682,19.44626460493706,19.287255202864927,33.26182352874859,69.90832961317284,195.15358695082094,7.129176489209279,4.839885716103016,4.819242577534044,5.703003817940103,6.396943447220333,6.865257426443945,7.27293139450169,7.376894571424439,-2.2395800814626554,-2.8167130541987726,-2.4181297560406216,-3.0084596104931345,-2.674394644818428,-3.0723569631996095,-2.9127503425964214,-3.0181047316370413,1.0955532952755304e-08,0.6866267273993775,1.2768953890781714,1.835653804205519,1.9663282851172048,2.019381889822151,1.9745060128323146,1.9298531729013404,1.8484704790499449
2_1_29_11_2_16.bin,2,1,29,11,2,16,13,37709776,500000.0,125000.0,2048,8192,1,8,17,none,relative,-18.30687662783921,1.9832866874555468,1.0,1792.0,-0.0,2.2902621301755284,1792.0,-0.0,0.6311188685826488,0.02271047613222365,6.0792124292162315,15.265538967515432,12.063915872903877,17.950106430377826,20.063470779944705,16.23685829468966,23.42420906635003,21.697653308665856,172.18806915877278,105.31108736887347,42.87289457709974,30.046560261796266,22.631201661721484,16.984843942784963,12.237752505407151,8.300260339232842,5.47725886838591,-0.48300319820262866,-0.39362290641027137,-0.3632649316539064,-0.9603343625695298,-0.7821404040089741,-1.230031301910357,-1.174174664491822,-0.7357128722727259,-7.848101969708485e-09,2.97902684527093,2.938204248315203,2.798378885184289,2.619469075312592,2.4450464177774216,2.306427403749763,2.253629225772739,2.397014221522361
2_1_29_11_2_16.bin,2,1,29,11,2,16,14,47704400,500000.0,125000.0,2048,8192,1,8,17,none,relative,-18.403553915376932,9.578388678621753,1.0,2030.0000000000002,-0.0,2.266610286726299,2030.4999988234488,0.8660255736031911,0.9290000758749382,0.03146797489597726,4.848674080592404,3.292485958928051,4.87545259645518,3.032589513702015,4.275168492953345,3.784789353707254,2.990069063868499,3.736519795135626,206.5223129657695,48.12292526341433,18.026736667352186,12.161223500809683,9.733990947609312,8.40551566870563,7.5807099063947145,6.997903418150349,6.589021034265066,-3.0716175817897313,1.1307530356350106,-3.0716980657066895,0.7680126981880293,-3.067404670707636,0.30469612568271964,-2.9308213587693452,-0.12598384689101716,-1.813636085683871e-09,3.132295222767068,3.1201895215924984,-3.123632072170347,-3.1053508652553212,-3.0572400717633346,-3.025696718322202,-2.970277414451306,-2.9461088013194794
2_1_30_11_2_16.bin,2,1,30,11,2,16,0,2409152,500000.0,125000.0,2048,8192,1,8,17,none,relative,-23.572172831801343,4.072929457899291,1.0,2006.0,4.857023409786845e-06,3.5042194047364936,2006.0,4.857023409786845e-06,0.7317915041968133,0.061445298044373375,2.620633985044782,4.211009801979033,2.6557482340065963,5.640868983042075,3.5394327079390315,8.414300775891952,7.165002286912847,17.2554759609925,101.6327467609481,53.05567911757289,15.807698095065247,9.503352474752864,6.810650756684373,5.300555044569848,4.379030120752455,3.695504340388301,3.297114986691142,-0.8146771244317987,0.36411138764978224,-0.6787142703632979,0.18655117954985234,-0.3905536818942357,0.06908218206565889,-0.13923597560102216,-0.016617827726466205,-8.602819399143493e-10,3.1210380238170705,3.1152736205122253,3.1127139732227445,3.1205197161804086,3.1111551271969007,3.1343611065190107,3.124212908812921,3.1278571217658655
2_1_30_11_2_16.bin,2,1,30,11,2,16,1,7409648,500000.0,125000.0,2048,8192,1,8,17,none,relative,-21.443424263865026,8.008568945944765,1.0,2001.0,-0.0,8.805834723327559,2001.0,-0.0,0.8742532334876398,0.03047006170093097,4.456869589090054,3.0836757824359413,5.9897916002565434,3.5675954186738927,8.797143919116971,6.713588589162287,17.957754904845668,45.46622965049269,142.32323605720586,11.831935226671705,7.955561873700111,5.84886553613763,4.602758025897363,3.818270576882291,3.2066249086701437,2.7998198387016755,2.478782110694782,-2.5912857532274685,2.392965060923312,-2.796614787861345,2.6489150900454814,-2.950374431390142,3.011019013289602,-3.07075841274316,-3.1030423596806624,-6.646921337604812e-09,0.043994784081150935,0.05130785996457107,0.04716624409567715,0.06359519773783295,0.047905859422784726,0.06661549114704869,0.0770325094108118,0.08166030351406602
2_1_30_11_2_16.bin,2,1,30,11,2,16,2,9909840,500000.0,125000.0,2048,8192,1,8,17,none,relative,-21.277245252488935,5.101602316645073,1.0,2003.0,-0.0,5.741525259288149,2003.0,-0.0,0.7780174440370116,0.08450685342215705,5.469301023712819,4.003948838696471,7.409652419556027,5.037534551680838,10.823208752988084,9.56673616634178,22.572708807008077,62.02623500185614,136.31380005545935,17.964902643208802,11.036211555322886,7.856363590370028,6.062785745972926,4.8990385143685,4.115463937474831,3.5482910080120167,3.0945010772836667,-2.7327206173436727,2.570914981948824,-2.8861400989439527,2.789782405024582,-3.0146773734856,3.0489765586853346,-3.0953755171896113,-3.106961797856905,-1.813922104031911e-08,0.03128355973980621,0.033154482148518565,0.050046520062319085,0.04727334065741229,0.07918101849973966,0.05601303626634913,0.09232534833753275,0.07618436995978074
2_1_30_11_2_16.bin,2,1,30,11,2,16,3,12410000,500000.0,125000.0,2048,8192,1,8,17,none,relative,-19.421105265891278,8.64339902062096,1.0,1999.9999999999998,-0.0,9.587617322506066,1999.9999999999998,-0.0,0.889023659851059,0.1414657826359111,5.39919984880047,3.5120368923390206,7.222832320669769,3.9575622056160915,10.467934256862762,7.637547016292129,21.388166756131437,53.59470174265132,181.09916179032544,13.054986227132304,9.323599761141953,6.903497453029581,5.516205432096445,4.509869792584567,3.8791142615265346,3.413017474977858,2.9755472162299084,-2.5178487110375016,2.363339476155931,-2.745297079366256,2.6325906764747637,-2.934192126965459,3.0260023800305493,-3.0660446467596567,-3.107595327397673,2.080756480759581e-08,0.0054292043483023964,0.012251660375900385,0.010789344793060162,0.0014932891724393333,0.010966621873828655,0.004691121397457999,-0.008769782235031992,-0.011196574673568107
2_1_30_11_2_16.bin,2,1,30,11,2,16,4,14910704,500000.0,125000.0,2048,8192,1,8,17,none,relative,-20.889938259842516,9.544188715478676,1.0,2001.0,-0.0,10.436416032741771,2001.0,-0.0,0.9111986373832472,0.041369617736175784,4.296112396374109,2.9054274956839024,5.737468914161672,3.1327561565663524,8.228245395450928,5.569443761902383,16.65727202466302,41.065901286674546,154.98797779995047,8.137956722612396,6.737636689940928,5.141838461381233,3.954987333457783,3.221192531265179,2.8737230988732443,2.5325353476124994,2.1775679527149214,-2.549309087524347,2.2441543626505878,-2.739386470683951,2.556027447007458,-2.9519887748963662,2.9723605644876003,-3.0534108495036416,-3.0997638771908242,1.0470080595221783e-08,0.05436880224289273,0.08272415928646143,0.05776113876474335,0.04926954867315627,0.06361098243498824,0.0718034167916377,0.07252511430797186,0.03329834074775979
2_1_30_11_2_16.bin,2,1,30,11,2,16,5,17411472,500000.0,125000.0,2048,8192,1,8,17,none,relative,-23.465175836789058,9.262718651512671,1.0,1998.0,-0.0,8.48504101792221,1998.0,-0.0,0.9056861711598161,0.03205576436204133,2.2512244757552753,2.8780194224554063,2.0842956718111414,3.7874601395751495,1.958531786247864,5.350561227100755,3.0362586962223954,8.374434037799684,114.71652743935863,31.965422675726437,10.187100008752374,6.043048285940186,4.342264729191991,3.38909371682082,2.8159620485218126,2.3761771709041346,2.118859629910325,-1.0902730955315072,0.5988432225110937,-1.1468275067794556,0.3220827664903678,-0.9186099354671478,0.124702443568099,-0.4021483873512412,-0.04793548132660091,-5.854912674925564e-09,3.132380886007073,3.105434428200214,3.1129822027589893,3.122066866844131,3.1103130074679615,3.134127517607716,3.134747769606682,3.1414175014535926
2_1_30_11_2_16.bin,2,1,30,11,2,16,6,19912080,500000.0,125000.0,2048,8192,1,8,17,none,relative,-24.39610740462352,3.6266937072416456,1.0,2001.0,-0.0,4.234812997571625,2001.0,-0.0,0.7117333194095374,0.05386865392705616,3.935197213731332,3.049525345618509,5.353775951721934,3.896152164150659,7.998768492744954,7.405578685530831,17.073650700857318,49.51268380175803,90.90024670705449,14.802409593395062,8.865920499239948,6.339719041180953,4.9034896997646165,3.9963397513347236,3.383936717865237,3.0121830708380504,2.6192871489590153,-2.7341902663947533,2.584452393144768,-2.8929429499937016,2.806556580489327,-3.0263061794689214,3.041993143817803,-3.117761500080729,-3.1212541809294057,-6.573376742129557e-09,-0.001416335010133319,0.00708847813566168,0.017462143835037122,0.011726513082622904,0.02826043986170723,0.032091269754022336,0.02189298539144452,0.03710934687518864
2_1_30_11_2_16.bin,2,1,30,11,2,16,7,22412112,500000.0,125000.0,2048,8192,1,8,17,none,relative,-23.755651340716575,5.135191035443013,1.0,2005.0,-0.0,4.530260616235189,2005.0,-0.0,0.7789683021460514,0.09220871003263248,2.533611110887917,3.977482790058788,2.5382556041153266,5.322191551676904,3.2775836208994527,7.57835231711432,6.496853100681382,15.22862562838953,102.67747952178883,46.94863751762326,14.067542964789958,8.579111632346212,6.043440369688974,4.687463379840301,3.866440041591256,3.229307564084924,2.830278898875485,-0.832646555772838,0.3534324558802286,-0.7331757091881839,0.21017163489058652,-0.45576265931570625,0.07447737523992387,-0.15387610906652285,-0.04271603025162814,-4.535973139862503e-10,3.1200884735487397,3.124589455072291,3.1232358464035728,3.1193142818312873,3.1405692410827837,3.1247860184957736,3.130672992415525,-3.13897141596346
2_1_30_11_2_16.bin,2,1,30,11,2,16,8,24912624,500000.0,125000.0,2048,8192,1,8,17,none,relative,-24.693499866126665,7.538686327555132,1.0,1997.0000000000002,-0.0,8.277855931335685,1997.0000000000002,-0.0,0.8636726855860626,0.07304253010170651,3.1892056762958543,2.300946212852721,4.329704921480104,2.650692688982803,6.315622005675797,4.943249366987855,12.749822551754113,32.464570114447994,97.02048749732026,8.439297212226098,5.634720883754105,4.063005167282003,3.18312133526373,2.5878935703393044,2.1419645940959104,1.8670561642150367,1.617647240421363,-2.5530587447132898,2.525965694588376,-2.7689607220069914,2.756968981256807,-2.9484107103982375,3.0334198687740024,-3.07362778524451,-3.114477252696947,1.7811014826698983e-08,-0.026244485062734867,-0.018178562153694334,-0.0031598473521185074,-0.02369914552427944,-0.03553754890302995,-0.0498899916014634,-0.04973243416045951,-0.07557174744130368
2_1_30_11_2_16.bin,2,1,30,11,2,16,9,27412912,500000.0,125000.0,2048,8192,1,8,17,none,relative,-23.770071083366222,14.161771365417573,1.0,2001.0,-0.0,13.358326086076724,2001.0,-0.0,0.9723353244764785,0.005727595963864853,1.9612874692156583,2.0855237603136936,1.783617429082149,2.381530165043073,1.5799066854392103,2.6147586889014485,1.781046225746346,2.2341740332020312,114.97494136054466,17.047046500036863,4.898096325997508,2.7904067105830785,1.8231043873333252,1.403089380750627,1.1389897915246547,0.9260726567504625,0.7420235959769693,-1.6091272364039215,0.8169125038988246,-1.8724243004417636,0.49113088748755135,-2.17467897455479,0.1996173358582078,-2.5542505088868785,-2.587215832138761,-1.1210875151871532e-09,3.117047187760892,3.097449964443756,3.0587510285162134,3.110869479298186,3.0500247579331594,3.0796516775090335,3.050203768518195,3.0774250027676318
2_1_30_11_2_16.bin,2,1,30,11,2,16,10,29909424,500000.0,125000.0,2048,8192,1,8,17,none,relative,-21.582105291593034,4.967192502682153,1.0,1041.9999999999998,-0.0,3.5054874706279033,1042.2499998529313,0.4330127231092809,0.7746928478429882,0.029911013785177677,4.655030280605504,6.179670317324614,7.640388927286396,7.314735180019735,12.87221526413282,9.696308705869917,25.170007315188602,21.629364073086915,131.36101199214892,15.27149621213211,50.55650278111893,9.206028653404426,18.335717723393838,6.896283736389294,10.254490939057408,6.077282421824444,6.339653362558496,-0.4830038037645981,0.47161047754126295,-0.40162081286261675,0.48416994951355086,-0.2846696685353883,0.40896591149056616,-0.1497526974933769,0.19600369160372502,-2.585314899550605e-08,2.7337217930245523,-2.980634396278899,2.6804695630627813,-2.82432418849449,2.57268574541673,-2.6635153569382983,2.6052392553559,-2.5122260039062385
2_1_30_11_2_16.bin,2,1,30,11,2,16,11,32409904,500000.0,125000.0,2048,8192,1,8,17,none,relative,-22.167380091114545,5.126238470833551,1.0,1037.9999999999998,4.857023409786845e-06,4.119938714667076,1037.9999999999998,4.857023409786845e-06,0.777143707455529,0.03397719293210958,4.059695336803256,5.215424942895215,6.307906926301097,6.960398414824066,10.276781901015084,10.932329034914021,19.918104532546707,29.65372455681079,123.25825362742522,29.75488787142644,36.38669974184781,10.353674544312987,13.773126267639569,6.554935104502419,7.935542375271526,5.110200826022063,5.138871106678707,-0.18996642111172968,0.2520948664736868,-0.19288979815077406,0.21945019608999786,-0.1481157243687163,0.14205095561463835,-0.07846030460730717,0.052447585083593984,4.756398727201197e-10,3.0405465121036443,-3.036902363905838,2.9405466666988906,-2.9412708363965763,2.849941287800818,-2.8527386450452776,2.832680266271051,-2.7845637913869092
2_1_30_11_2_16.bin,2,1,30,11,2,16,12,34915152,500000.0,125000.0,2048,8192,1,8,17,none,relative,-21.399006240009868,3.6389736948989926,1.0,194.0,-0.0,3.613709912654655,194.0,-0.0,0.7161747759145387,0.01123204526541748,4.967900872579326,4.9706368241600805,8.749786333042557,5.346572235815809,11.57597985600806,9.554554522073792,14.311524574533165,22.396322177346264,128.69680690421228,67.82754980986132,20.90737448107643,13.216798905193635,9.706391256240494,7.847270840997374,6.509712741571906,5.517192121362475,4.7884950570585305,-0.5457075274866058,0.4624741208799582,-0.07500813984072946,0.2372679222502142,0.33426842894269376,0.0945884580344328,0.4975714089779845,0.15387401768546868,2.038779065125722e-08,-2.9826410549102618,-3.078500645952553,-3.1050459537647606,-3.1160579132226975,-3.100038660323402,-3.1038782281878805,-3.0949538242738783,-3.079072051065955
2_1_30_11_2_16.bin,2,1,30,11,2,16,13,37414320,500000.0,125000.0,2048,8192,1,8,17,none,relative,-24.37134349392128,4.304535110281174,1.0,2001.0,-0.0,4.915230805544095,2001.0,-0.0,0.7431118652818015,0.039864802525777336,3.8061766004669333,2.9434423950827666,5.243591678514017,3.659203695170211,7.8030383152806015,7.002357425784654,16.51218163194362,46.76358895435699,93.27085985975106,13.99158929322427,8.44271172486945,6.07041970378419,4.653059170655854,3.866399101304284,3.248134609530424,2.793700242442794,2.4873553443561955,-2.715705593737597,2.564946753457033,-2.8814487636704382,2.7962401441857865,-3.0191084214038715,3.0381995890435536,-3.1061660227844334,-3.117071300718918,1.1873544469506913e-08,0.0036734975576146445,0.00898347144574138,0.022262789929920118,0.027955057351775166,0.03714299936622228,0.039024488344983885,0.040230614540608174,0.04807035882725815
2_1_30_11_2_16.bin,2,1,30,11,2,16,14,39914896,500000.0,125000.0,2048,8192,1,8,17,none,relative,-24.405036716751706,13.848411181213013,1.0,1997.0000000000002,-0.0,14.799521573368931,1997.0000000000002,-0.0,0.9750895743958417,0.01485458367822619,2.340856016094702,1.4248980868600278,2.8114567284803016,1.1083172038876885,3.7665874392672283,1.2231317272924007,6.713661628708804,13.758054401343028,106.64065738282017,3.156580547008616,0.8547056275081464,0.657824078551136,0.530635502712928,0.45416417949143945,0.41688231597316877,0.3779993380292207,0.31691914355870476,-2.179141585107547,1.8576861702568632,-2.4749953475246773,1.8309437297605546,-2.7513562575285553,2.76080702795738,-2.9887374251726153,-3.049605468164974,-4.0047734727324857e-10,3.047639866166979,0.20330170918485704,0.08311559593108242,-0.06783396821483523,-0.15050076086334277,-0.09167744541292354,-0.11146029512405345,-0.20453347635384966
2_1_30_11_2_16.bin,2,1,30,11,2,16,15,42411664,500000.0,125000.0,2048,8192,1,8,17,none,relative,-22.680950865252306,4.210807577080523,1.0,1038.9999999999998,-0.0,2.7930371180557354,1039.2499998529313,0.43301272313652106,0.7428412913037974,0.09861807095621211,4.356122704697673,5.561400764977911,7.261652732778067,6.217928301617191,12.214366712249657,7.31738924589315,23.731976906096676,13.061067113551271,113.10550344928596,11.653085969515558,50.92943321754411,6.971559571593678,18.06096537220066,5.960031315410997,10.032759792487447,5.529367481957769,6.283026800151349,-0.6244910173992786,0.675973340319483,-0.4829369870777933,0.7322775052835014,-0.33069619460230765,0.6724006182411071,-0.16856138447888455,0.3906838923951224,1.0843671103023134e-08,0.7984229774044909,-2.978590045942765,2.3849704388480886,-2.804278496445908,2.3216636808164552,-2.6252768104319535,2.4097790582508036,-2.4433513368438184
2_1_30_11_2_16.bin,2,1,30,11,2,16,16,44915152,500000.0,125000.0,2048,8192,1,8,17,none,relative,-24.080576627074983,5.68840835754183,1.0,1781.0,4.857023409786845e-06,6.109677072946999,1781.0,4.857023409786845e-06,0.8083354435293224,0.09911417032834904,1.5493944626696872,6.331982382808909,5.341726278791923,8.187951446130809,10.441713802238088,8.913104804658374,13.628844771127136,12.540597135763678,100.23802321589892,33.397252270430805,15.891247015643865,11.92510406936649,9.54141896541753,7.342040878059558,5.372526199685803,3.591754336892034,2.3001693624444335,-0.4664709110952569,-0.1255988058459841,0.008903999245451696,-0.7266978125793954,-0.5867500054520154,-1.0647502951460046,-1.2120518415829467,-1.2689678922038192,2.817643838565132e-08,3.0661567850411946,3.107181807998663,2.97102710925808,2.783550040435121,2.5864823667376804,2.407055179597455,2.2941149480988785,2.3966552815658906
2_1_30_11_2_16.bin,2,1,30,11,2,16,17,47412592,500000.0,125000.0,2048,8192,1,8,17,none,relative,-32.50623251513118,5.501862920599966,1.0,1037.0,-0.0,4.545309502975927,1037.0,-0.0,0.7955123411054372,0.04070092145464949,1.0208721405979386,1.363371381398067,1.5855104180299948,1.995007276074473,2.5913889909787184,3.367519719918949,5.1219446663705845,9.94022396105487,37.59155299262151,9.336635699022462,9.153643684909426,3.197877593900735,3.5595439402203084,1.9146330663596411,2.074821403213167,1.4256577792959895,1.3673046028511764,-0.0874699815589978,0.14957759699007606,-0.10833680448874664,0.13815549624743073,-0.09945359131985558,0.0557179838420295,-0.0494959650499114,0.01672082697453578,-9.31358273452325e-09,3.072411610317898,-3.0743231880901014,3.0053163372782183,-3.0162295078372607,2.9296159182098065,-2.948389896864183,2.9468708537383392,-2.90171141566641
2_1_31_11_2_16.bin,2,1,31,11,2,16,0,1347584,500000.0,125000.0,2048,8192,1,8,17,none,relative,-8.161375921509933,6.3312947110810684,1.0,782.0,4.857023409786845e-06,3.92550196574776,782.0,4.857023409786845e-06,0.8329152497333466,0.023631931672912106,13.54098477599124,33.6807525359978,19.22213224261834,58.952513417195135,30.421448604965928,71.27402945545359,74.85742056058504,78.14378109532679,637.7945250918815,121.96706489256263,173.46609374517678,78.32260545569281,40.168747572735086,59.548530802859574,9.799019618058239,39.08474688133305,23.36784862818568,-0.5266805577895113,0.6030234419095669,-0.06969375664441646,-0.09316822544099543,0.06724983945981568,-0.6649029298573613,0.21382368793800277,-0.6384967603197632,7.220416784706478e-09,-1.595697159883069,2.5622370454086774,-2.6498375500819003,2.2100979380384937,-3.11682813269834,-2.9232896252142746,2.6887676972082204,-2.6112249617373333
2_1_31_11_2_16.bin,2,1,31,11,2,16,1,3849104,500000.0,125000.0,2048,8192,1,8,17,none,relative,-8.133402545079997,7.549642748881855,1.0,1041.0,-0.0,5.929691856032264,1041.0,-0.0,0.8610301884588379,0.007296329741714422,14.049765076239455,21.371344303572464,24.27403157260575,27.985078181186847,42.46895525912535,43.6760815923933,86.73235504924156,125.78299978750532,654.980847326787,74.42557432675275,158.73440318909434,38.01480616535215,61.26165260283207,26.212293219075264,35.15347248258359,21.74121130622476,22.497795784145808,-0.2856607834220801,0.3674826511465207,-0.2795971625670849,0.32662708665327195,-0.2176556331817809,0.2312857451814172,-0.12164441288753969,0.0929604823535459,-3.4868901161172567e-09,2.989501553236849,-3.0274794144910384,2.862827507381597,-2.9052615758546696,2.758688499850752,-2.7883612885322346,2.747141405165034,-2.6803957970769403
2_1_31_11_2_16.bin,2,1,31,11,2,16,2,6349392,500000.0,125000.0,2048,8192,1,8,17,none,relative,-7.825172543838912,4.416104165980047,1.0,1038.9999999999998,-0.0,2.867845718899944,1039.2499998529313,0.43301272313652106,0.7513951563158232,0.02368128026704452,23.00557855678243,30.38253103679806,38.92588043213078,33.78726990227931,66.2072725096872,39.75465003106174,129.44447955138918,69.35185380886848,630.7696547379355,70.6520825379238,276.5027773723799,35.9081806065235,98.47907304437577,31.792696470447634,55.21185381624875,30.029066665221272,34.53445652666065,-0.654684294173329,0.7131676743019514,-0.49904099669762964,0.7705940195531862,-0.3400631078290931,0.7274767824807069,-0.17595470323697346,0.44697153253464916,6.27642309936792e-09,0.49826872487746154,-2.980084096617878,2.340779158574982,-2.8011683025125844,2.287501597150817,-2.6182349390024857,2.380978851167691,-2.433631893543171
2_1_31_11_2_16.bin,2,1,31,11,2,16,3,8849840,500000.0,125000.0,2048,8192,1,8,17,none,relative,-8.393989116633067,4.286616622080253,1.0,1037.9999999999998,4.857023409786845e-06,3.711043206042541,1037.9999999999998,4.857023409786845e-06,0.7384058178394975,0.10166598093146142,19.748540194533916,26.82336351840147,28.912276995978683,37.9985736940594,45.93049555480281,62.96555798620193,88.16427234578946,178.37065893913612,587.9208988950353,191.4624458569598,155.57235133710236,58.17581479419615,60.380602413344164,34.16476679359587,35.824201515864516,24.803937493129503,24.28319297941295,-0.005692539126439266,0.0994391213939949,-0.05204254571389885,0.08184921803453944,-0.06312681381112066,0.056146373085693896,-0.04081700491946579,0.03007916808414847,1.7979774363814958e-08,3.141483223048052,-3.082326866308461,3.085236760194093,-3.0317199082765263,3.0381608784040917,-2.9825806355582953,3.0105752131794383,-2.943347760032272
2_1_31_11_2_16.bin,2,1,31,11,2,16,4,11350480,500000.0,125000.0,2048,8192,1,8,17,none,relative,-9.337414420366365,5.671224055927907,1.0,1043.9999999999998,4.857023409786845e-06,4.306243749090981,1043.9999999999998,4.857023409786845e-06,0.8014230876093026,0.027337546955199157,16.357032498356805,23.47168865749809,26.96939131686846,29.583162424081724,45.83780795802982,43.58587368932731,90.75818231077137,111.46000450643959,548.8405382194603,89.00691989743711,172.55243608660535,39.52317356764109,64.35053756843382,27.18197586331644,36.35246750873567,22.716625034681456,22.96735527061839,-0.34964493999564544,0.334705045096943,-0.324145631579503,0.3258252477408952,-0.24325455057417197,0.25198253535096254,-0.13410744796663673,0.119048830067364,-4.039717034042943e-09,3.031816487252161,-3.006195224540831,2.8620435956261163,-2.8708873718620396,2.7563969746578647,-2.738347370266019,2.7540629224381252,-2.6196757621315765
2_1_32_11_2_16.bin,2,1,32,11,2,16,0,2220672,500000.0,125000.0,2048,8192,1,8,17,none,relative,-20.47547459510718,3.591499195495647,1.0,1037.0,-0.0,2.6575433712345986,1037.2499998529313,0.4330127231092809,0.7119999623774927,0.024122462345401045,6.18905469744463,7.67946168104385,9.70963788028074,9.336217229226804,15.76470534771003,12.868286629971049,29.90563182216656,28.71459833058574,142.96259959249124,32.424018358803025,61.253463072481296,12.048240799111914,21.93812218477013,8.311804623036673,12.392157927546444,7.054319452529852,7.869503079358332,-0.3593006601858096,0.42587178922503793,-0.3031466282569471,0.412395982953645,-0.2167157132964232,0.33279566473404715,-0.11810209107799648,0.1708058484434114,-5.070187036901655e-09,3.0108005125681854,-3.017357173949979,2.8014894695266497,-2.891068498390165,2.659141696213688,-2.7651626443964252,2.6366274260774176,-2.647274107901813
2_1_32_11_2_16.bin,2,1,32,11,2,16,1,4724912,500000.0,125000.0,2048,8192,1,8,17,none,relative,-21.872522489812635,15.371637241118172,1.0,2001.0,-0.0,15.574903461995149,2001.0,-0.0,0.9820412810900656,0.09175848926143587,2.600545153577182,2.0499115013073808,2.9259811999232253,1.8638272959101716,3.822043687181321,1.3025998145975692,6.566633952335567,13.462422423981124,143.71446054794816,9.504466812299835,1.5747762348499583,0.6292946340439763,0.6232654001938769,0.40264477508039076,0.3173739838755214,0.30666818141862795,0.28819377592599793,-2.1157967347032507,1.3624336085703856,-2.411924644722005,1.1492440777501027,-2.724280974171635,1.3366719259144326,-3.0204960652587665,-3.134840850994229,8.636770961987014e-10,-3.115341588673773,-3.0637030782181673,2.6433043825784766,2.3010131549871886,0.3974270840461227,0.06706406263958287,0.9165576795829882,-0.059585087950184135
2_1_32_11_2_16.bin,2,1,32,11,2,16,2,7225648,500000.0,125000.0,2048,8192,1,8,17,none,relative,-15.360859274342257,7.443837676733491,1.0,1998.0,-0.0,6.724914858701679,1998.0,-0.0,0.8603000973522436,0.021215718730828375,6.442311294193106,8.275243526087873,5.998557412223986,11.270037316143037,6.492000353391942,16.386614562364525,11.614053996710796,30.032031862274778,284.2158662911163,98.1089825892575,31.236712509987797,18.632600546020853,13.434042310736114,10.446511208170811,8.64238624100471,7.330591793524328,6.464989388225133,-0.9642179630873781,0.49760932583616113,-0.945051194089881,0.26698806396150654,-0.6868132173621226,0.0789525329651085,-0.28690627732478335,-0.08640824225327205,-2.1420572551575746e-10,3.0903467070822774,3.0932810696041404,3.0748406599843556,3.092180174140133,3.0851088409987337,3.093087870384996,3.086046655313916,3.098851865247115
2_1_32_11_2_16.bin,2,1,32,11,2,16,3,9725680,500000.0,125000.0,2048,8192,1,8,17,none,relative,-15.893684619410134,12.347732363183066,1.0,1997.0000000000002,-0.0,11.48138391629196,1997.0000000000002,-0.0,0.9560603557671582,0.031044954047224658,5.167280801270393,5.0427558351719455,4.912029890604478,6.287477203094058,4.317815689027528,8.048342846125651,4.2066814750121235,7.065027665945272,282.2051359458715,53.23611749577145,16.79066353488204,9.808419328292215,6.897402706971805,5.445807337048387,4.534912225472641,3.8583997829050745,3.415769927075645,-1.4519239887741904,0.8105180254308872,-1.6674774695626688,0.4502508729824042,-1.7709292105326335,0.14724060929014285,-1.715550154281481,-0.5243667814540174,-5.266181027710408e-09,3.0864200471863064,3.0632746703075644,3.059448687425027,3.067173199490283,3.0828674788493613,3.082388930611162,3.081083323848901,3.1183553064089873
2_1_32_11_2_16.bin,2,1,32,11,2,16,4,12226128,500000.0,125000.0,2048,8192,1,8,17,none,relative,-16.603679804013872,2.5474091606737304,1.125,1999.9999999999998,-0.0,3.093018459438638,1999.9999999999998,-0.0,0.655229573723756,0.10831437419313632,9.846771038986846,7.5414364112393315,13.67428263282627,9.74745225756239,20.5085928868508,18.996634709464235,43.88451349928301,134.63227400408374,214.41546554963062,38.67619035664658,23.245042539532868,16.6395750575914,12.872490094002579,10.637177353787475,8.984587967661847,7.827948667283575,6.969902892104631,-2.704706163558697,2.662948173568465,-2.8673613132695963,2.8766730246369088,-2.996620551198993,3.0687087779027373,-3.091084865525413,-3.1002372174106445,1.0542409584603825e-08,0.011018564879866837,0.008108321401481954,0.018175712634903567,0.020438991812250576,0.008831059383068482,0.00875414207686262,0.003862466613543078,0.008090994259318888
2_1_32_11_2_16.bin,2,1,32,11,2,16,5,17226480,500000.0,125000.0,2048,8192,1,8,17,none,relative,-17.127488497087203,2.0730378838867902,1.25,1999.0,-0.0,2.6320583304022853,1999.0,-0.0,0.629251229883125,0.052409478047663195,9.492300586892732,7.47515591300102,13.092038817424376,9.671539206936238,19.752120415722338,18.578043863361735,42.29044456572744,132.40868879146785,197.91798415601255,37.51107534411473,22.261074990170616,15.960205894820387,12.364437799568336,10.035187839967504,8.530603515545211,7.420056200692969,6.512763759901008,-2.700332502005221,2.67893212766389,-2.8597095647326674,2.881275247333079,-2.9947573414752946,3.0737831595292615,-3.0854462354645835,-3.096068692180601,8.455330276515899e-09,0.011233123602907385,0.018568410967860303,0.013356555172983977,0.014059651926429021,0.01580085518196514,0.016534073841561726,0.011448278323111497,0.011357039361293038
2_1_32_11_2_16.bin,2,1,32,11,2,16,6,22223920,500000.0,125000.0,2048,8192,1,8,17,none,relative,-15.067305230001383,3.0356917372235515,1.0,1038.9999999999998,-0.0,2.2945683170047837,1039.2499998529313,0.43301272313652106,0.6837222459395369,0.08554670703440624,11.816805622211909,14.912207040240377,18.17733947315803,18.390935592542466,29.23376022904695,26.074906862382843,55.06273137009463,59.37736507455084,261.20043216350916,78.50613972219938,111.97216789284005,24.73541152644173,40.03548652222898,16.324329697888782,22.555965581372707,13.415196346775625,14.36563645056799,-0.3064601997647554,0.337096034030023,-0.27588626493551394,0.3294600852461063,-0.20495340800292078,0.26434156922592617,-0.1092755601476691,0.13451053915227684,-6.21407162718562e-09,3.0712841060383753,-3.016711293211429,2.8695376521583156,-2.896964999347803,2.741247200119057,-2.77774835686042,2.7173644462655306,-2.672564997780015
2_2_15_11_2_16.bin,2,2,15,11,2,16,0,3238592,500000.0,125000.0,2048,8192,1,8,17,none,relative,-44.08700978738815,2.5109501302278137,1.0,2004.0,-0.0,2.5411945675573655,2004.0,-0.0,0.9674674947966653,0.03863210001804759,0.18993132294298262,0.17824143724928498,0.18561663016764757,0.25154869211617,0.18299912410979866,0.28961481820691465,0.19806727118163303,0.222674239929183,7.221042326598747,0.965447152399425,0.38899531786185026,0.1375634340075628,0.23081371637654427,0.101168611075707,0.10738688723697183,0.14165976705091612,0.1746852437229266,-1.6300192966072815,0.7629753722631755,-1.9427279469904972,0.34820862059315283,-2.284989171281051,0.26515622768999286,-2.7730164329595266,-2.4179766793585045,3.992599106197906e-09,-3.1022180196284657,-3.134283331174757,-2.1825246910165523,2.8963372371821805,-2.242299749564735,2.973013400874101,-2.173479824025981,2.2049774996811022
2_2_15_11_2_16.bin,2,2,15,11,2,16,1,5706000,500000.0,125000.0,2048,8192,1,8,17,none,relative,-44.1822740337592,2.9876766708810036,1.0,1998.0,-0.0,3.3956558008972975,1998.0,-0.0,0.9753501238798256,0.04218354793665928,0.2362119527548747,0.211545008611801,0.2707110241986868,0.2371349640691527,0.28011813662579665,0.1338636202548676,0.3818245501507962,0.49100133615138153,7.386398271235479,0.647310127449407,0.16653861749860444,0.12761319318467929,0.13425985038708682,0.09523708380119292,0.1473556371660549,0.11742281233892013,0.1138624398889117,-1.78623925271242,1.217680086257135,-2.3342539824244746,0.739732882456678,-2.732930069615927,0.9075067831327184,-2.912693445016886,-3.0017161546898006,-3.4339594580412897e-09,3.0222763779376667,2.842325438417777,2.405990549650271,-3.1311285285604393,-0.7751104816679331,2.479398584267093,-1.2990353130595547,1.8164573841981424
2_2_15_11_2_16.bin,2,2,15,11,2,16,2,8208016,500000.0,125000.0,2048,8192,1,8,17,none,relative,-44.199366831511206,3.2425804867052737,1.0,292.99999999999994,4.857023409786845e-06,3.2092696289755653,292.99999999999994,4.857023409786845e-06,0.9562700737653498,0.030861373212783687,0.2760962893575429,0.11201365926719425,0.2869587650569534,0.2875912284429637,0.1476496476120291,0.3372361485547248,0.3736496671811925,1.1355778232833573,7.554113583635286,0.5746813567672135,0.4030800313536795,0.20477652521621856,0.24060037563206735,0.14410116358237476,0.1075512302275244,0.18407421146609731,0.11189843184696618,2.5768608474968837,0.72058794545381,-2.577110134018874,2.5236115622554434,-1.3656729585537273,-2.851089627478978,2.1369009507549825,2.6718553964249914,9.907872679978045e-09,-0.9349999181859436,-0.5681882309585666,-0.09095706585013986,0.1832785689443304,-0.5885513639144792,0.6604930423156232,0.1095392027145194,-1.3819971535406628
2_2_15_11_2_16.bin,2,2,15,11,2,16,3,18240688,500000.0,125000.0,2048,8192,1,8,17,none,relative,-44.72693157617931,1.9838474605385719,1.0,1993.0,4.857023409786845e-06,2.1249594165976182,1993.0,4.857023409786845e-06,0.9599792378436514,0.062167403689787015,0.2516535129925439,0.18546221437132507,0.2512302941566516,0.1258110961870745,0.28277644498888144,0.09835190170060684,0.5387737882832683,0.9667437647109185,6.536554060840212,0.22609055959219299,0.12755060104321492,0.1843149404542456,0.10049860210625722,0.1176633675565608,0.12996607276710737,0.14247570548345254,0.10839069574746149,-1.9740915325982584,1.2707471148996075,-2.524906601652668,1.4231853942336898,-2.8043125248290885,2.431477759204069,-2.9139294613990687,-3.0621274680992463,-1.5253271717784125e-08,3.0111725085016294,1.5066575254583305,0.10668396043689056,0.9720814450277111,-0.6120180164022969,1.999340032906931,-1.1711324369050822,1.2349071982505102
2_2_15_11_2_16.bin,2,2,15,11,2,16,4,23208560,500000.0,125000.0,2048,8192,1,8,17,none,relative,-44.47833543234132,2.2633873279504924,1.0,1996.0,4.857023409786845e-06,2.1408298865735276,1996.0,4.857023409786845e-06,0.9283267789455516,0.05591872339994479,0.20340355966388857,0.2296848606303605,0.16239119946470795,0.23497911253804227,0.1452832668466546,0.36344049730160155,0.1388574497783699,0.37383110572176276,6.9295341889727995,1.566194372487268,0.5828164042399688,0.26716361626927676,0.2891129486015912,0.16069245442374827,0.18382296210043314,0.13240022767956033,0.17926570676340112,-1.4718375648637223,0.8062197794050687,-1.6886493856942653,0.42399054314579404,-1.9065474701372704,0.2435590057534349,-1.1903772744953818,-0.1344150454883694,-1.8124900102291087e-08,-3.134049362175745,3.0722335618120944,-3.129382430070732,3.123675840074003,-2.8625924276514354,2.561867892460672,-2.0739350290478544,2.5714441803314747
2_2_15_11_2_16.bin,2,2,15,11,2,16,5,25717008,500000.0,125000.0,2048,8192,1,8,17,none,relative,-44.00964674570591,3.152384031973398,1.0,1998.0,-0.0,3.4038023987875383,1998.0,-0.0,0.965978820748747,0.032534811213247535,0.23668482671060245,0.1263777297300384,0.2521299269518647,0.09532177351499943,0.3745860116748879,0.13621536317848698,0.6098883309340666,1.047332654166393,7.645492073383673,0.2553589920887356,0.08956216927386978,0.1934919757993721,0.10594739155923028,0.11448224645745737,0.10225234583101624,0.10700371426534798,0.15060603374103151,-2.2870267631237464,1.5401566255146142,-2.330561280114567,1.3773648435343262,-2.8348211425606937,2.2993833361010516,-3.002038150161664,-3.044186873078445,-3.6512472070758665e-08,-3.0325984147746317,2.4496204234435055,-0.31374678057442645,2.6400544989082073,-0.049968387967711955,0.8736391614549118,-0.6775090294178896,1.4060232904353216
2_2_15_11_2_16.bin,2,2,15,11,2,16,6,28229296,500000.0,125000.0,2048,8192,1,8,17,none,relative,-44.026583266265064,2.6495734267815547,1.0,911.0,-0.0,2.944126007619678,911.0,-0.0,0.9324100555594816,0.01982376009114478,0.11513305600376163,0.0743666362495077,0.25971584601370173,0.1298584243470525,0.5007429689219172,0.22599774351543697,1.3886470310066974,0.3613311566712909,7.439585898269419,0.7880591653220985,0.6346648617320318,0.23902418909334283,0.3704130100367179,0.23230501494311462,0.24586425635174325,0.23889417488478484,0.18559615412285216,-0.8077429029160487,0.6083908585228124,-2.0141187074727753,-2.9451075202571495,-2.4662824723822254,-2.9699963541085697,-2.8369361617104545,1.351839863639238,-1.068476485708603e-08,-0.02991084870984447,-0.13663979727199646,0.5738350957216182,-0.047431160131638804,0.7736627600179987,-0.18250949619213688,0.5463176210554075,-0.12681689838828097
2_2_15_11_2_16.bin,2,2,15,11,2,16,7,33242576,500000.0,125000.0,2048,8192,1,8,17,none,relative,-44.43656614363061,1.4022685298357644,1.0,1997.0000000000002,-0.0,2.0620590828069956,1997.0000000000002,-0.0,0.8992183474090314,0.04931833085703734,0.2808945834014389,0.19077104733750697,0.33939732332909983,0.17123131352592583,0.42170268149467943,0.20748628726287838,0.7760858001675406,1.7704443227487807,6.57382553575,0.40235144527079597,0.22909334559540748,0.29799434985446327,0.12207836917010981,0.24347187598364545,0.16797213770637887,0.17269123663958327,0.16149628724625137,-2.3281218054493875,1.9992966712375422,-2.5897709395610646,2.0657303078178173,-2.8786407176226017,2.791955404193684,-3.041546376483854,-3.105964913570712,2.734738667850098e-09,-0.08630587065011897,0.07874601542245058,-0.1992041501894283,0.6428584623368813,-0.2566548853397844,0.35663254431448876,-0.45923956557867274,1.297629115909327
2_2_15_11_2_16.bin,2,2,15,11,2,16,8,40719984,500000.0,125000.0,2048,8192,1,8,17,none,relative,-44.23493595524658,2.867122204782214,1.0,2001.0,-0.0,3.0219460096273223,2001.0,-0.0,0.9716634781303353,0.045185432743073246,0.1994269419411897,0.1765962771731202,0.22782599544997292,0.194435914368159,0.2306770978602165,0.20895413588389244,0.3198846374693228,0.2519330377404483,7.277818219552965,0.8463460411411582,0.32300707763321135,0.09161437454611612,0.22891674873524495,0.12112304613763031,0.17022730932268476,0.12300098804845071,0.15231573074126548,-1.824553313661659,0.8462085266717405,-2.298573434571985,0.6981941977694989,-2.350687199940273,0.32233997782320334,-2.9038571334009835,-2.97701239612608,8.833537965720624e-09,3.133536367882345,3.030091806865247,-2.4116616401621145,3.0018151320515587,2.4099751474274775,2.7035691140658313,-3.043204731998148,2.7789210225602416
2_2_15_11_2_16.bin,2,2,15,11,2,16,9,50714384,500000.0,125000.0,2048,8192,1,8,17,none,relative,-43.5716159254398,2.9391527368221944,1.0,1999.9999999999998,-0.0,3.388505308468471,1999.9999999999998,-0.0,0.8825840495306356,0.011078294225689173,0.2790378218064448,0.2228971827536461,0.44093598785045574,0.24409033713058456,0.5586979121914342,0.3259432529052565,1.064456590895867,2.4546143658341197,8.261053612305997,0.7045547118216569,0.38830992809432197,0.3757686374202237,0.1949898510914445,0.2490819428763338,0.22255090421189025,0.16200032387111918,0.1545074018945409,-2.4484870957216227,1.9648863473528289,-2.52045863192126,2.235311953790543,-2.8414004390943557,2.838649044928724,-3.024042793389476,-3.1203289850287157,6.2034738852048e-09,-0.018732751144881373,0.14810098212354583,-0.04423353644070763,0.46673890904929416,-0.23504794788475777,0.9703430923960137,-0.4194451898693763,0.19499021443111506
