file_name,experiment_id,corridor_id,location_id,position_key,packet_index,payload_status,packet_bytes,packet_counter,total_counter,receiver_average_rssi,snr,sf,tp,serial_size,realtime_average_rssi,average_rssi,median_rssi,mode_rssi,rssi_variance,rssi_min,rssi_max,distance_m,PLM_RSSI,residual
2_0_33_11_2_16.txt,2,0,33,0_33,0,PLOK,17472,1,1,-68.0,10.0,11,2,66,-67.60802392031071,-67.60802392031071,-67.42056278359566,-67.0,1.0533544762270783,-72.93069375550738,-66.0,4.5,-65.30219008854255,-2.305833831768169
2_0_33_11_2_16.txt,2,0,33,0_33,1,PLOK,17472,2,2,-68.0,10.0,11,2,66,-65.91837795655333,-65.91837795655333,-65.82678825648959,-66.0,1.1391371660456078,-73.0,-64.04425095078516,4.5,-65.30219008854255,-0.6161878680107833
2_0_33_11_2_16.txt,2,0,33,0_33,2,PLOK,17472,3,3,-66.0,8.0,11,2,66,-65.2973659777096,-65.2973659777096,-65.31482533698487,-65.0,0.47608057150546723,-66.54664211705025,-63.0,4.5,-65.30219008854255,0.004824110832942097
2_0_33_11_2_16.txt,2,0,33,0_33,3,PLOK,17472,4,4,-68.0,10.0,11,2,66,-66.93465380759746,-66.93465380759746,-66.58188914297756,-67.0,0.868893288117321,-73.0,-65.6897703648017,4.5,-65.30219008854255,-1.6324637190549112
2_0_33_11_2_16.txt,2,0,33,0_33,4,PLOK,17472,5,5,-67.0,11.0,11,2,66,-67.00042444764301,-67.00042444764301,-66.6522842516043,-66.0,0.9349704898451453,-69.41183258804587,-65.0,4.5,-65.30219008854255,-1.6982343591004678
2_0_33_11_2_16.txt,2,0,33,0_33,5,PLOK,17472,6,6,-67.0,7.0,11,2,66,-65.250924094084,-65.250924094084,-65.22983242279528,-65.0,0.7005871177719032,-71.0,-64.01008222219859,4.5,-65.30219008854255,0.051265994458546515
2_0_33_11_2_16.txt,2,0,33,0_33,6,PLOK,17472,7,7,-68.0,10.0,11,2,66,-66.73164775558702,-66.73164775558702,-66.7456295007166,-67.0,0.2662447949270427,-68.1831825405094,-65.0,4.5,-65.30219008854255,-1.429457667044474
2_0_33_11_2_16.txt,2,0,33,0_33,7,PLOK,17472,8,8,-68.0,10.0,11,2,66,-66.99082372153116,-66.99082372153116,-66.77821160071065,-67.0,1.2823332992569794,-75.0,-66.20017385437453,4.5,-65.30219008854255,-1.688633632988612
2_0_33_11_2_16.txt,2,0,33,0_33,8,PLOK,17472,9,9,-68.0,10.0,11,2,66,-65.86997196684584,-65.86997196684584,-65.68187414335351,-66.0,0.5873941869822585,-70.93069375550738,-64.0,4.5,-65.30219008854255,-0.5677818783032933
2_0_33_11_2_16.txt,2,0,33,0_33,9,PLOK,17472,10,10,-68.0,10.0,11,2,66,-67.8660379693219,-67.8660379693219,-67.69339766978474,-68.0,1.3602247674090706,-75.0,-66.34655957830432,4.5,-65.30219008854255,-2.563847880779349
2_0_33_11_2_16.txt,2,0,33,0_33,10,PLOK,17472,11,11,-70.0,10.0,11,2,66,-67.99325554805914,-67.99325554805914,-67.95315189121291,-68.0,0.31487676918207913,-69.30848157435234,-67.0,4.5,-65.30219008854255,-2.6910654595165937
2_0_33_11_2_16.txt,2,0,33,0_33,11,PLOK,17472,12,12,-67.0,9.0,11,2,66,-68.65153129113705,-68.65153129113705,-68.26884288324896,-68.0,2.185651545303928,-75.0,-66.90570324333548,4.5,-65.30219008854255,-3.349341202594502
2_0_33_11_2_16.txt,2,0,33,0_33,12,PLOK,17472,13,13,-67.0,10.0,11,2,66,-67.46681784598816,-67.46681784598816,-67.22163265347464,-67.0,0.6782684777266427,-70.94059464757774,-65.0,4.5,-65.30219008854255,-2.164627757445615
2_0_33_11_2_16.txt,2,0,33,0_33,13,PLOK,17472,14,14,-69.0,9.0,11,2,66,-67.68937210149656,-67.68937210149656,-67.59046674015289,-68.0,0.8074150690739624,-74.0,-66.0262071632556,4.5,-65.30219008854255,-2.387182012954014
2_0_33_11_2_16.txt,2,0,33,0_33,14,PLOK,17472,15,15,-67.0,10.0,11,2,66,-67.09891438266808,-67.09891438266808,-66.99480567385118,-67.0,0.6286158353234904,-68.65417757953941,-65.73570630838259,4.5,-65.30219008854255,-1.7967242941255392
2_0_33_11_2_16.txt,2,0,33,0_33,15,PLOK,17472,16,16,-68.0,10.0,11,2,66,-66.99507457511848,-66.99507457511848,-66.80832543989308,-67.0,0.8639447779038946,-73.0,-65.3569864485613,4.5,-65.30219008854255,-1.6928844865759345
2_0_33_11_2_16.txt,2,0,33,0_33,16,PLOK,17472,17,17,-68.0,9.0,11,2,66,-67.50605412740636,-67.50605412740636,-67.3608521914032,-67.0,0.6706763454559469,-69.95049553964812,-65.0,4.5,-65.30219008854255,-2.203864038863813
2_0_33_11_2_16.txt,2,0,33,0_33,17,PLOK,17472,18,18,-69.0,10.0,11,2,66,-67.77561062162455,-67.77561062162455,-67.57004258735896,-68.0,1.019832605792972,-75.0,-66.36164164624216,4.5,-65.30219008854255,-2.473420533082006
2_0_33_11_2_16.txt,2,0,33,0_33,18,PLOK,17472,19,19,-68.0,8.0,11,2,66,-65.1524194217618,-65.1524194217618,-65.09446178847055,-65.0,0.2941370852903928,-66.39092834363807,-63.0,4.5,-65.30219008854255,0.14977066678073925
2_0_33_11_2_16.txt,2,0,33,0_33,19,PLOK,17472,20,20,-67.0,10.0,11,2,66,-67.44434262898969,-67.44434262898969,-66.97285353855827,-67.0,1.6743934085130447,-75.0,-66.32173324480858,4.5,-65.30219008854255,-2.1421525404471424
2_0_34_11_2_16.txt,2,0,34,0_34,0,PLOK,17472,32,32,-76.0,9.0,11,2,66,-75.07047127592391,-75.07047127592391,-74.88026014812706,-76.0,1.5365047004497572,-81.0,-72.69208583216424,7.89,-72.35571822986914,-2.714753046054767
2_0_34_11_2_16.txt,2,0,34,0_34,1,PLOK,17472,33,33,-67.0,9.0,11,2,66,-67.37173752257317,-67.37173752257317,-67.33821735727382,-67.0,0.43204449110890886,-70.94059464757774,-65.0,7.89,-72.35571822986914,4.98398070729597
2_0_34_11_2_16.txt,2,0,34,0_34,2,PLOK,17472,34,34,-69.0,9.0,11,2,66,-69.21117834136466,-69.21117834136466,-68.8758437744763,-69.0,0.8931826714164199,-75.0,-67.6904405635689,7.89,-72.35571822986914,3.1445398885044824
2_0_34_11_2_16.txt,2,0,34,0_34,3,PLOK,17472,35,35,-69.0,9.0,11,2,66,-67.47511868155472,-67.47511868155472,-67.53958729767507,-68.0,0.22640126119038773,-68.55072345245532,-65.0,7.89,-72.35571822986914,4.8805995483144216
2_0_34_11_2_16.txt,2,0,34,0_34,4,PLOK,17472,36,36,-69.0,10.0,11,2,66,-68.19213899843756,-68.19213899843756,-67.97006001589422,-68.0,0.9536114912015455,-75.0,-67.5093265597253,7.89,-72.35571822986914,4.163579231431584
2_0_34_11_2_16.txt,2,0,34,0_34,5,PLOK,17472,37,37,-68.0,9.0,11,2,66,-67.92997959383189,-67.92997959383189,-67.78600705827103,-68.0,0.44112310086349876,-71.94059464757774,-66.0,7.89,-72.35571822986914,4.425738636037252
2_0_34_11_2_16.txt,2,0,34,0_34,6,PLOK,17472,38,38,-68.0,9.0,11,2,66,-68.13713317249618,-68.13713317249618,-68.06344014204564,-68.0,0.8083853430689281,-75.0,-67.28807138133553,7.89,-72.35571822986914,4.218585057372962
2_0_34_11_2_16.txt,2,0,34,0_34,7,PLOK,17472,39,39,-69.0,9.0,11,2,66,-70.11870421042909,-70.11870421042909,-70.14270001930991,-70.0,0.9664968393530617,-71.87062165187758,-68.0,7.89,-72.35571822986914,2.2370140194400534
2_0_34_11_2_16.txt,2,0,34,0_34,8,PLOK,17472,40,40,-68.0,9.0,11,2,66,-71.12371367140261,-71.12371367140261,-69.99981765956827,-68.0,8.275784058416631,-77.0,-67.46457064528066,7.89,-72.35571822986914,1.232004558466528
2_0_34_11_2_16.txt,2,0,34,0_34,9,PLOK,17472,41,41,-68.0,10.0,11,2,66,-67.69847680117084,-67.69847680117084,-67.46429493327255,-67.0,0.7347122878492968,-70.00964027626895,-65.0,7.89,-72.35571822986914,4.657241428698299
2_0_34_11_2_16.txt,2,0,34,0_34,10,PLOK,17472,42,42,-69.0,9.0,11,2,66,-67.8795800521755,-67.8795800521755,-67.82974875000025,-68.0,0.9336755723168864,-75.0,-66.36164164624216,7.89,-72.35571822986914,4.476138177693642
2_0_34_11_2_16.txt,2,0,34,0_34,11,PLOK,17472,43,43,-68.0,9.0,11,2,66,-66.71011523946899,-66.71011523946899,-66.84875857738359,-67.0,0.38151688620191126,-68.0107183398242,-64.99949776482947,7.89,-72.35571822986914,5.64560299040015
2_0_34_11_2_16.txt,2,0,34,0_34,12,PLOK,17472,44,44,-68.0,9.0,11,2,66,-68.13800632366133,-68.13800632366133,-67.85413012568705,-68.0,0.905196076745872,-75.0,-67.02520484778825,7.89,-72.35571822986914,4.217711906207811
2_0_34_11_2_16.txt,2,0,34,0_34,13,PLOK,17472,45,45,-67.0,10.0,11,2,66,-66.73688888313433,-66.73688888313433,-66.5232174875776,-66.0,0.711048010234638,-70.94059464757774,-65.0,7.89,-72.35571822986914,5.618829346734813
2_0_34_11_2_16.txt,2,0,34,0_34,14,PLOK,17472,46,46,-69.0,9.0,11,2,66,-68.15085974131718,-68.15085974131718,-67.87288196239346,-68.0,0.8244697925036327,-74.0,-67.02322447980931,7.89,-72.35571822986914,4.204858488551963
2_0_34_11_2_16.txt,2,0,34,0_34,15,PLOK,17472,47,47,-68.0,10.0,11,2,66,-66.84603037539523,-66.84603037539523,-66.94596375266654,-67.0,0.19152656020103698,-67.72881200002276,-65.0,7.89,-72.35571822986914,5.50968785447391
2_0_34_11_2_16.txt,2,0,34,0_34,16,PLOK,17472,48,48,-68.0,9.0,11,2,66,-67.74556245222114,-67.74556245222114,-67.53990731735345,-67.0,0.7944172169465611,-73.0,-66.68545026650443,7.89,-72.35571822986914,4.6101557776480035
2_0_34_11_2_16.txt,2,0,34,0_34,17,PLOK,17472,49,49,-66.0,10.0,11,2,66,-66.11121101796225,-66.11121101796225,-65.84869946162951,-66.0,0.9110736291052705,-70.94059464757774,-64.9816174887219,7.89,-72.35571822986914,6.2445072119068925
2_0_34_11_2_16.txt,2,0,34,0_34,18,PLOK,17472,50,50,-69.0,9.0,11,2,66,-68.36139856927016,-68.36139856927016,-68.29025532781489,-68.0,0.820829619254504,-75.0,-67.35832386341227,7.89,-72.35571822986914,3.9943196605989755
2_0_34_11_2_16.txt,2,0,34,0_34,19,PLOK,17472,51,51,-67.0,10.0,11,2,66,-67.06361321395356,-67.06361321395356,-66.99019865217358,-67.0,0.5176627440876868,-69.01163045575707,-65.0,7.89,-72.35571822986914,5.292105015915581
2_0_34_11_2_16.txt,2,0,34,0_34,20,PLOK,17472,52,52,-67.0,10.0,11,2,66,-67.50752669712335,-67.50752669712335,-67.11378517087371,-67.0,1.2936409196040664,-75.0,-66.3603042313912,7.89,-72.35571822986914,4.848191532745787
2_0_35_11_2_16.txt,2,0,35,0_35,0,PLOK,17472,1,1,-94.0,8.0,11,2,66,-99.13557587252328,-99.13557587252328,-98.42900921718842,-98.0,3.405675651415693,-106.0,-96.65973887279813,11.28,-76.84564607136352,-22.289929801159758
2_0_35_11_2_16.txt,2,0,35,0_35,1,PLOK,17472,2,2,-83.0,8.0,11,2,66,-82.48426797860445,-82.48426797860445,-82.56191131656469,-83.0,0.13167904290509092,-83.25341792788736,-80.99866258514903,11.28,-76.84564607136352,-5.638621907240932
2_0_35_11_2_16.txt,2,0,35,0_35,2,PLOK,17472,3,3,-78.0,8.0,11,2,66,-78.347383967155,-78.347383967155,-78.35267108397728,-78.0,0.8834781646506041,-85.0,-76.54201578026178,11.28,-76.84564607136352,-1.5017378957914786
2_0_35_11_2_16.txt,2,0,35,0_35,3,PLOK,17472,4,4,-78.0,10.0,11,2,66,-77.91763368206865,-77.91763368206865,-77.94917828808977,-78.0,0.13200101771307282,-79.14844434319059,-77.0,11.28,-76.84564607136352,-1.0719876107051363
2_0_35_11_2_16.txt,2,0,35,0_35,4,PLOK,17472,5,5,-77.0,10.0,11,2,66,-79.4202215312775,-79.4202215312775,-79.25644399017241,-79.0,1.2166096171185843,-87.0,-78.35699287052702,11.28,-76.84564607136352,-2.574575459913987
2_0_35_11_2_16.txt,2,0,35,0_35,5,PLOK,17472,6,6,-77.0,8.0,11,2,66,-76.29875670178119,-76.29875670178119,-76.08812599450171,-76.0,0.7126368948253236,-81.93069375550738,-75.0,11.28,-76.84564607136352,0.5468893695823311
2_0_35_11_2_16.txt,2,0,35,0_35,6,PLOK,17472,7,7,-79.0,8.0,11,2,66,-76.82337561172868,-76.82337561172868,-76.83798017365861,-77.0,0.7930821268475116,-83.0,-75.02654226263921,11.28,-76.84564607136352,0.022270459634839312
2_0_35_11_2_16.txt,2,0,35,0_35,7,PLOK,17472,8,8,-82.0,8.0,11,2,66,-80.8325605799235,-80.8325605799235,-81.20971180542782,-82.0,1.5049090791499602,-82.42853305497617,-77.00231546736254,11.28,-76.84564607136352,-3.986914508559977
2_0_35_11_2_16.txt,2,0,35,0_35,8,PLOK,17472,9,9,-76.0,9.0,11,2,66,-77.4712529155523,-77.4712529155523,-77.16688676086599,-77.0,1.3601509647868537,-85.0,-76.33641484079342,11.28,-76.84564607136352,-0.6256068441887805
2_0_35_11_2_16.txt,2,0,35,0_35,9,PLOK,17472,10,10,-79.0,10.0,11,2,66,-78.43788652699905,-78.43788652699905,-78.32619533862216,-78.0,0.35087884644640016,-80.95049553964812,-76.0,11.28,-76.84564607136352,-1.5922404556355332
2_0_35_11_2_16.txt,2,0,35,0_35,10,PLOK,17472,11,11,-77.0,9.0,11,2,66,-77.3945209320867,-77.3945209320867,-77.60511298527791,-79.0,3.18010035161469,-85.0,-75.09900892070375,11.28,-76.84564607136352,-0.5488748607231884
2_0_35_11_2_16.txt,2,0,35,0_35,11,PLOK,17472,12,12,-82.0,9.0,11,2,66,-80.03307173994882,-80.03307173994882,-78.7303860614879,-77.0,8.960173611008486,-84.49723992241533,-76.49941322235898,11.28,-76.84564607136352,-3.1874256685853055
2_0_35_11_2_16.txt,2,0,35,0_35,12,PLOK,17472,13,13,-76.0,9.0,11,2,66,-76.96389126316389,-76.96389126316389,-76.80234307896396,-77.0,0.9082421245027987,-83.0,-76.17217410074974,11.28,-76.84564607136352,-0.1182451918003693
2_0_35_11_2_16.txt,2,0,35,0_35,13,PLOK,17472,14,14,-78.0,7.0,11,2,66,-77.48751495111969,-77.48751495111969,-77.41007360544424,-77.0,0.5191638018358573,-79.95049553964812,-75.0,11.28,-76.84564607136352,-0.6418688797561742
2_0_35_11_2_16.txt,2,0,35,0_35,14,PLOK,17472,15,15,-77.0,9.0,11,2,66,-77.44445319982114,-77.44445319982114,-77.2778023003241,-77.0,1.2832985738217006,-85.0,-75.09900892070375,11.28,-76.84564607136352,-0.5988071284576222
2_0_35_11_2_16.txt,2,0,35,0_35,15,PLOK,17472,16,16,-76.0,8.0,11,2,66,-76.02386577244627,-76.02386577244627,-76.0135738840059,-76.0,0.2759335571745943,-77.04814251985863,-74.0,11.28,-76.84564607136352,0.8217802989172469
2_0_35_11_2_16.txt,2,0,35,0_35,16,PLOK,17472,17,17,-78.0,7.0,11,2,66,-77.61371788320335,-77.61371788320335,-77.4260120725504,-77.0,0.8649917018535647,-83.0,-76.93756245124655,11.28,-76.84564607136352,-0.7680718118398318
2_0_35_11_2_16.txt,2,0,35,0_35,17,PLOK,17472,18,18,-76.0,8.0,11,2,66,-78.63219691039987,-78.63219691039987,-78.02886625189026,-77.0,2.652542902424186,-82.9603964317185,-76.72140140444489,11.28,-76.84564607136352,-1.7865508390363516
2_0_35_11_2_16.txt,2,0,35,0_35,18,PLOK,17472,19,19,-78.0,10.0,11,2,66,-78.02268968903931,-78.02268968903931,-77.7673835949235,-78.0,0.9357830021849086,-85.0,-77.34432359742033,11.28,-76.84564607136352,-1.1770436176757926
2_0_35_11_2_16.txt,2,0,35,0_35,19,PLOK,17472,20,20,-77.0,9.0,11,2,66,-77.02510971574831,-77.02510971574831,-77.00252873716829,-77.0,0.33584235747055086,-78.00862368709136,-75.0,11.28,-76.84564607136352,-0.17946364438479634
2_0_36_11_2_16.txt,2,0,36,0_36,0,PLOK,17472,1,1,-75.0,9.0,11,2,66,-74.90507408306827,-74.90507408306827,-74.83125090074877,-75.0,0.3758455014501885,-78.94059464757774,-73.0,14.67,-80.14647837792832,5.241404294860047
2_0_36_11_2_16.txt,2,0,36,0_36,1,PLOK,17472,2,2,-75.0,9.0,11,2,66,-74.70766324277733,-74.70766324277733,-74.6080687675585,-75.0,0.8984230199670851,-82.0,-73.84515068907331,14.67,-80.14647837792832,5.438815135150989
2_0_36_11_2_16.txt,2,0,36,0_36,2,PLOK,17472,3,3,-78.0,9.0,11,2,66,-75.30013835050715,-75.30013835050715,-75.34150778142703,-75.0,0.22528167070221783,-76.75063003698418,-74.0,14.67,-80.14647837792832,4.846340027421164
2_0_36_11_2_16.txt,2,0,36,0_36,3,PLOK,17472,4,4,-75.0,9.0,11,2,66,-75.4659747399822,-75.4659747399822,-75.23624034822569,-75.0,0.7142775035244229,-81.0,-74.35366866573139,14.67,-80.14647837792832,4.680503637946117
2_0_36_11_2_16.txt,2,0,36,0_36,4,PLOK,17472,5,5,-74.0,9.0,11,2,66,-75.49116884181602,-75.49116884181602,-75.3948134093965,-75.0,0.3233643747979199,-77.9603964317185,-74.0,14.67,-80.14647837792832,4.6553095361122985
2_0_36_11_2_16.txt,2,0,36,0_36,5,PLOK,17472,6,6,-75.0,9.0,11,2,66,-75.2499161785679,-75.2499161785679,-75.13095119055743,-75.0,0.8081601705793454,-82.0,-74.35832386341227,14.67,-80.14647837792832,4.896562199360417
2_0_36_11_2_16.txt,2,0,36,0_36,6,PLOK,17472,7,7,-77.0,9.0,11,2,66,-74.60430908773839,-74.60430908773839,-74.7261511669979,-75.0,0.1871484981901394,-75.77536303836646,-73.0,14.67,-80.14647837792832,5.542169290189932
2_0_36_11_2_16.txt,2,0,36,0_36,7,PLOK,17472,8,8,-76.0,8.0,11,2,66,-76.39796721229082,-76.39796721229082,-76.23062226521606,-76.0,0.7456908220235605,-82.0,-75.97978596610052,14.67,-80.14647837792832,3.7485111656374954
2_0_36_11_2_16.txt,2,0,36,0_36,8,PLOK,17472,9,9,-77.0,9.0,11,2,66,-75.799341649549,-75.799341649549,-75.69519854204569,-76.0,0.2354914878098326,-76.97029732378887,-74.0,14.67,-80.14647837792832,4.347136728379311
2_0_36_11_2_16.txt,2,0,36,0_36,9,PLOK,17472,10,10,-75.0,9.0,11,2,66,-74.9872214698205,-74.9872214698205,-75.01458383037837,-75.0,0.7908405205523993,-81.0,-73.02654226263921,14.67,-80.14647837792832,5.159256908107821
2_0_36_11_2_16.txt,2,0,36,0_36,10,PLOK,17472,11,11,-76.0,9.0,11,2,66,-76.35851305022685,-76.35851305022685,-76.41292586716446,-76.0,0.19569431118218156,-77.29529021672337,-75.0,14.67,-80.14647837792832,3.787965327701471
2_0_36_11_2_16.txt,2,0,36,0_36,11,PLOK,17472,12,12,-75.0,9.0,11,2,66,-75.61504236906838,-75.61504236906838,-75.44622492347516,-75.0,0.6217253599372038,-81.0,-74.35366866573139,14.67,-80.14647837792832,4.5314360088599415
2_0_36_11_2_16.txt,2,0,36,0_36,12,PLOK,17472,13,13,-84.0,9.0,11,2,66,-79.63420746747134,-79.63420746747134,-79.4383959670547,-79.0,0.6938248222677301,-82.31151353727414,-77.0,14.67,-80.14647837792832,0.5122709104569765
2_0_36_11_2_16.txt,2,0,36,0_36,13,PLOK,17472,14,14,-78.0,10.0,11,2,66,-78.3887555870231,-78.3887555870231,-78.35486603333273,-78.0,0.7974262108923497,-85.0,-77.02654226263921,14.67,-80.14647837792832,1.7577227909052198
2_0_36_11_2_16.txt,2,0,36,0_36,14,PLOK,17472,15,15,-77.0,8.0,11,2,66,-77.37501451646186,-77.37501451646186,-77.30070805861303,-77.0,0.38698655984159547,-78.46501653265416,-75.0,14.67,-80.14647837792832,2.771463861466458
2_0_36_11_2_16.txt,2,0,36,0_36,15,PLOK,17472,16,16,-78.0,10.0,11,2,66,-78.87298703308194,-78.87298703308194,-78.66348482140211,-79.0,1.5830154043516451,-87.0,-77.79048003390383,14.67,-80.14647837792832,1.2734913448463772
2_0_36_11_2_16.txt,2,0,36,0_36,16,PLOK,17472,17,17,-77.0,10.0,11,2,66,-77.30710330614477,-77.30710330614477,-77.23454379755687,-77.0,0.34181296081027673,-80.94059464757774,-75.0,14.67,-80.14647837792832,2.83937507178355
2_0_36_11_2_16.txt,2,0,36,0_36,17,PLOK,17472,18,18,-77.0,7.0,11,2,66,-76.8089166423,-76.8089166423,-76.73564790961655,-77.0,0.681384763345362,-83.0,-76.02322447980931,14.67,-80.14647837792832,3.337561735628313
2_0_36_11_2_16.txt,2,0,36,0_36,18,PLOK,17472,19,19,-77.0,9.0,11,2,66,-77.83569675011024,-77.83569675011024,-77.89243926101861,-78.0,0.09378670367880822,-78.45315626175993,-77.0,14.67,-80.14647837792832,2.3107816278180735
2_0_36_11_2_16.txt,2,0,36,0_36,19,PLOK,17472,20,20,-76.0,8.0,11,2,66,-77.00487201238015,-77.00487201238015,-76.79573064988018,-77.0,1.5417438586718029,-83.0,-75.67751552005362,14.67,-80.14647837792832,3.1416063655481707
2_0_37_11_2_16.txt,2,0,37,0_37,0,PLOK,17472,1,1,-83.0,9.0,11,2,66,-80.86757522760306,-80.86757522760306,-80.93008386358252,-81.0,0.1611653919053362,-81.9551310492043,-79.0,18.06,-82.75795475790576,1.8903795303027096
2_0_37_11_2_16.txt,2,0,37,0_37,1,PLOK,17472,2,2,-79.0,10.0,11,2,66,-79.64574449472904,-79.64574449472904,-79.49775124461439,-79.0,0.9604773053212645,-87.0,-78.99273891703054,18.06,-82.75795475790576,3.1122102631767206
2_0_37_11_2_16.txt,2,0,37,0_37,2,PLOK,17472,3,3,-76.0,8.0,11,2,66,-77.4339986890131,-77.4339986890131,-77.25897251203247,-77.0,0.8163078453420756,-82.93069375550738,-76.0,18.06,-82.75795475790576,5.32395606889267
2_0_37_11_2_16.txt,2,0,37,0_37,3,PLOK,17472,4,4,-79.0,10.0,11,2,66,-79.28345071127802,-79.28345071127802,-79.18847028329299,-79.0,1.0278468949525148,-87.0,-78.02952494608552,18.06,-82.75795475790576,3.474504046627743
2_0_37_11_2_16.txt,2,0,37,0_37,4,PLOK,17472,5,5,-78.0,10.0,11,2,66,-78.64710997707697,-78.64710997707697,-78.58127111099644,-79.0,0.2887592959165995,-79.73087981565948,-77.0,18.06,-82.75795475790576,4.110844780828799
2_0_37_11_2_16.txt,2,0,37,0_37,5,PLOK,17472,6,6,-78.0,8.0,11,2,66,-76.90584040569591,-76.90584040569591,-76.70719459644451,-77.0,0.9079269545972765,-83.0,-76.39336526044876,18.06,-82.75795475790576,5.852114352209853
2_0_37_11_2_16.txt,2,0,37,0_37,6,PLOK,17472,7,7,-76.0,9.0,11,2,66,-78.1138818424054,-78.1138818424054,-77.83453236999881,-78.0,0.8846549358086624,-82.94059464757774,-77.0,18.06,-82.75795475790576,4.6440729155003595
2_0_37_11_2_16.txt,2,0,37,0_37,7,PLOK,17472,8,8,-78.0,11.0,11,2,66,-77.80535023547122,-77.80535023547122,-77.72107048676878,-78.0,0.8589618079538092,-85.0,-77.01073809051881,18.06,-82.75795475790576,4.952604522434541
2_0_37_11_2_16.txt,2,0,37,0_37,8,PLOK,17472,9,9,-76.0,8.0,11,2,66,-79.57215949832849,-79.57215949832849,-79.33177348796453,-78.0,2.386260358855608,-82.10355633731005,-77.36693374696658,18.06,-82.75795475790576,3.185795259577276
2_0_37_11_2_16.txt,2,0,37,0_37,9,PLOK,17472,10,10,-79.0,10.0,11,2,66,-78.22461716443614,-78.22461716443614,-78.01128255664054,-78.0,1.2280261092166487,-85.0,-77.31590948530084,18.06,-82.75795475790576,4.533337593469625
2_0_37_11_2_16.txt,2,0,37,0_37,10,PLOK,17472,11,11,-78.0,10.0,11,2,66,-77.92880495424842,-77.92880495424842,-77.86324454854667,-78.0,0.36215202521052614,-81.94059464757774,-76.0,18.06,-82.75795475790576,4.829149803657344
2_0_37_11_2_16.txt,2,0,37,0_37,11,PLOK,17472,12,12,-77.0,11.0,11,2,66,-78.31509385027067,-78.31509385027067,-78.09497318649572,-78.0,1.448798526269272,-87.0,-77.34838083954541,18.06,-82.75795475790576,4.442860907635094
2_0_37_11_2_16.txt,2,0,37,0_37,12,PLOK,17472,13,13,-78.0,10.0,11,2,66,-77.87117463089666,-77.87117463089666,-77.89676395416743,-78.0,0.18833634841386562,-79.02672733084584,-76.99750459669919,18.06,-82.75795475790576,4.886780127009104
2_0_37_11_2_16.txt,2,0,37,0_37,13,PLOK,17472,14,14,-81.0,9.0,11,2,66,-78.43614966422493,-78.43614966422493,-78.23770946020308,-78.0,1.0803638575689378,-85.0,-77.67541188728093,18.06,-82.75795475790576,4.321805093680837
2_0_37_11_2_16.txt,2,0,37,0_37,14,PLOK,17472,15,15,-78.0,9.0,11,2,66,-78.43725734847573,-78.43725734847573,-78.11332520136077,-78.0,0.6738639072529946,-80.94059464757774,-75.0,18.06,-82.75795475790576,4.320697409430039
2_0_37_11_2_16.txt,2,0,37,0_37,15,PLOK,17472,16,16,-81.0,9.0,11,2,66,-81.35950760836056,-81.35950760836056,-81.44271470825996,-81.0,0.89124523525685,-87.0,-79.02654226263921,18.06,-82.75795475790576,1.3984471495452055
2_0_37_11_2_16.txt,2,0,37,0_37,16,PLOK,17472,17,17,-79.0,10.0,11,2,66,-80.18294893323251,-80.18294893323251,-80.0392259944743,-80.0,0.24384911450720304,-81.60682019363884,-79.0,18.06,-82.75795475790576,2.575005824673255
2_0_37_11_2_16.txt,2,0,37,0_37,17,PLOK,17472,18,18,-81.0,9.0,11,2,66,-81.93813339582144,-81.93813339582144,-81.80074455277483,-82.0,2.1808112057434843,-89.0,-79.87828198600478,18.06,-82.75795475790576,0.8198213620843262
2_0_37_11_2_16.txt,2,0,37,0_37,18,PLOK,17472,19,19,-78.0,10.0,11,2,66,-79.09983474675482,-79.09983474675482,-78.99842116866526,-79.0,0.3121530903956067,-80.9603964317185,-77.0,18.06,-82.75795475790576,3.6581200111509418
2_0_37_11_2_16.txt,2,0,37,0_37,19,PLOK,17472,20,20,-79.0,10.0,11,2,66,-79.27871443812785,-79.27871443812785,-79.09447304482507,-79.0,1.0807281038613363,-87.0,-77.6970761292287,18.06,-82.75795475790576,3.479240319777915
2_0_37_11_2_16.txt,2,0,37,0_37,20,PLOK,17472,21,21,-79.0,9.0,11,2,66,-80.01837923480645,-80.01837923480645,-80.08248840592101,-80.0,0.3589311152298931,-81.30467857670803,-78.0,18.06,-82.75795475790576,2.739575523099319
2_0_38_11_2_16.txt,2,0,38,0_38,0,PLOK,17472,1,1,-81.0,9.0,11,2,66,-80.2945317069695,-80.2945317069695,-80.14513714741268,-80.0,0.9226883639206007,-87.0,-79.01156933441239,21.45,-84.91885123941326,4.624319532443764
2_0_38_11_2_16.txt,2,0,38,0_38,1,PLOK,17472,2,2,-83.0,9.0,11,2,66,-81.53365153371573,-81.53365153371573,-81.49477432832458,-82.0,0.26423905372625606,-82.5824451302649,-80.0,21.45,-84.91885123941326,3.3851997056975307
2_0_38_11_2_16.txt,2,0,38,0_38,2,PLOK,17472,3,3,-82.0,8.0,11,2,66,-82.70746612560762,-82.70746612560762,-82.37852589782555,-82.0,1.0043325827345777,-89.0,-81.8397320400124,21.45,-84.91885123941326,2.2113851138056333
2_0_38_11_2_16.txt,2,0,38,0_38,3,PLOK,17472,4,4,-83.0,8.0,11,2,66,-82.44854950760917,-82.44854950760917,-82.53274363172349,-83.0,0.20079124687297104,-83.56900836962286,-80.0,21.45,-84.91885123941326,2.470301731804085
2_0_38_11_2_16.txt,2,0,38,0_38,4,PLOK,17472,5,5,-84.0,8.0,11,2,66,-82.17813413681884,-82.17813413681884,-82.09461062414519,-82.0,0.8405168661011253,-89.0,-81.02654226263921,21.45,-84.91885123941326,2.7407171025944166
2_0_38_11_2_16.txt,2,0,38,0_38,5,PLOK,17472,6,6,-82.0,8.0,11,2,66,-82.04729803532746,-82.04729803532746,-82.08534888984319,-82.0,0.29692730495184805,-83.25727551075775,-80.0,21.45,-84.91885123941326,2.8715532040857994
2_0_38_11_2_16.txt,2,0,38,0_38,6,PLOK,17472,7,7,-83.0,8.0,11,2,66,-84.02759048960232,-84.02759048960232,-83.6933823444748,-83.0,1.082706031525016,-89.0,-82.88524529505793,21.45,-84.91885123941326,0.8912607498109395
2_0_38_11_2_16.txt,2,0,38,0_38,7,PLOK,17472,8,8,-84.0,7.0,11,2,66,-83.42458256823828,-83.42458256823828,-83.32244919661187,-83.0,0.5648005490505067,-87.93069375550738,-81.0,21.45,-84.91885123941326,1.4942686711749786
2_0_38_11_2_16.txt,2,0,38,0_38,8,PLOK,17472,9,9,-85.0,8.0,11,2,66,-83.68987275191145,-83.68987275191145,-83.63165259493445,-84.0,0.7280868101647859,-89.0,-82.02222216434195,21.45,-84.91885123941326,1.2289784875018057
2_0_38_11_2_16.txt,2,0,38,0_38,9,PLOK,17472,10,10,-82.0,8.0,11,2,66,-83.62518382328702,-83.62518382328702,-83.5041565781888,-83.0,0.9836851929530345,-85.36428414612205,-81.0,21.45,-84.91885123941326,1.2936674161262403
2_0_38_11_2_16.txt,2,0,38,0_38,10,PLOK,17472,11,11,-83.0,10.0,11,2,66,-84.00109216933869,-84.00109216933869,-83.75810644158267,-84.0,1.0932451119069237,-91.0,-83.15189219205044,21.45,-84.91885123941326,0.9177590700745668
2_0_38_11_2_16.txt,2,0,38,0_38,11,PLOK,17472,12,12,-85.0,9.0,11,2,66,-83.68564354214604,-83.68564354214604,-83.57923329810578,-84.0,0.3885130723783106,-86.94059464757774,-81.0,21.45,-84.91885123941326,1.2332076972672184
2_0_38_11_2_16.txt,2,0,38,0_38,12,PLOK,17472,13,13,-83.0,9.0,11,2,66,-83.52274604324644,-83.52274604324644,-83.32687396692775,-83.0,1.0354593083614592,-91.0,-82.36164164624216,21.45,-84.91885123941326,1.3961051961668147
2_0_38_11_2_16.txt,2,0,38,0_38,13,PLOK,17472,14,14,-82.0,8.0,11,2,66,-82.25406339684707,-82.25406339684707,-82.2747456505776,-82.0,0.22545143191211767,-83.2104540543929,-81.0,21.45,-84.91885123941326,2.6647878425661844
2_0_38_11_2_16.txt,2,0,38,0_38,14,PLOK,17472,15,15,-83.0,8.0,11,2,66,-82.77028338517258,-82.77028338517258,-82.70574106633774,-83.0,1.0838973047393998,-89.0,-80.39871009972184,21.45,-84.91885123941326,2.1485678542406816
2_0_38_11_2_16.txt,2,0,38,0_38,15,PLOK,17472,16,16,-83.0,8.0,11,2,66,-81.8708034942009,-81.8708034942009,-81.7704519292364,-82.0,0.331054056056263,-84.95049553964812,-80.0,21.45,-84.91885123941326,3.048047745212358
2_0_38_11_2_16.txt,2,0,38,0_38,16,PLOK,17472,17,17,-81.0,9.0,11,2,66,-81.32783097930304,-81.32783097930304,-81.28410014767518,-81.0,0.8993853709133912,-88.0,-79.69375834639881,21.45,-84.91885123941326,3.591020260110213
2_0_38_11_2_16.txt,2,0,38,0_38,17,PLOK,17472,18,18,-82.0,9.0,11,2,66,-81.97783448528246,-81.97783448528246,-81.88833844213275,-82.0,0.4274894708276204,-83.18601492660383,-80.0,21.45,-84.91885123941326,2.9410167541308
2_0_38_11_2_16.txt,2,0,38,0_38,18,PLOK,17472,19,19,-84.0,10.0,11,2,66,-84.51680034187797,-84.51680034187797,-84.32670867279184,-84.0,0.8992073745731356,-91.0,-83.35665134917768,21.45,-84.91885123941326,0.40205089753528966
2_0_38_11_2_16.txt,2,0,38,0_38,19,PLOK,17472,20,20,-81.0,9.0,11,2,66,-81.90850746909963,-81.90850746909963,-81.7031592590622,-82.0,0.5638054235705499,-85.94059464757774,-80.0,21.45,-84.91885123941326,3.010343770313625
2_0_38_11_2_16.txt,2,0,38,0_38,20,PLOK,17472,21,21,-79.0,10.0,11,2,66,-79.94431607112378,-79.94431607112378,-79.85732976285348,-80.0,1.284114099062751,-87.0,-77.36495942907206,21.45,-84.91885123941326,4.974535168289478
2_0_39_11_2_16.txt,2,0,39,0_39,0,PLOK,17472,1,1,-90.0,9.0,11,2,66,-89.98716913018916,-89.98716913018916,-89.70740999925242,-90.0,1.2105099517869577,-97.0,-89.19784120687387,24.84,-86.76201056530574,-3.225158564883415
2_0_39_11_2_16.txt,2,0,39,0_39,1,PLOK,17472,2,2,-85.0,9.0,11,2,66,-86.31718527560409,-86.31718527560409,-86.22736079391814,-86.0,0.3419541611105717,-88.95049553964812,-84.0,24.84,-86.76201056530574,0.44482528970165447
2_0_39_11_2_16.txt,2,0,39,0_39,2,PLOK,17472,3,3,-85.0,9.0,11,2,66,-86.47784686790021,-86.47784686790021,-86.37118091948332,-86.0,0.910327949105062,-93.0,-85.35832386341227,24.84,-86.76201056530574,0.28416369740553193
2_0_39_11_2_16.txt,2,0,39,0_39,3,PLOK,17472,4,4,-87.0,9.0,11,2,66,-89.11481091842141,-89.11481091842141,-89.24095798361354,-89.0,0.446068018702386,-90.26394039787436,-87.99899768453264,24.84,-86.76201056530574,-2.3528003531156685
2_0_39_11_2_16.txt,2,0,39,0_39,4,PLOK,17472,5,5,-88.0,8.0,11,2,66,-90.3313128248067,-90.3313128248067,-90.07331646497236,-90.0,0.892148576017087,-97.0,-89.6897703648017,24.84,-86.76201056530574,-3.569302259500958
2_0_39_11_2_16.txt,2,0,39,0_39,5,PLOK,17472,6,6,-91.0,9.0,11,2,66,-90.6804935171732,-90.6804935171732,-90.71932690169119,-91.0,0.7340997324007807,-92.94059464757774,-87.0,24.84,-86.76201056530574,-3.9184829518674604
2_0_39_11_2_16.txt,2,0,39,0_39,6,PLOK,17472,7,7,-92.0,7.0,11,2,66,-94.46948774674424,-94.46948774674424,-93.70811583375064,-93.0,2.2819472109107926,-100.0,-92.51016044518137,24.84,-86.76201056530574,-7.707477181438492
2_0_39_11_2_16.txt,2,0,39,0_39,7,PLOK,17472,8,8,-86.0,9.0,11,2,66,-86.52130443946179,-86.52130443946179,-86.64683066244696,-87.0,0.2434864115083749,-87.28780585637462,-84.0,24.84,-86.76201056530574,0.2407061258439569
2_0_39_11_2_16.txt,2,0,39,0_39,8,PLOK,17472,9,9,-86.0,9.0,11,2,66,-86.00884824235875,-86.00884824235875,-85.66200806190687,-86.0,1.309762257595644,-93.0,-84.91317707148947,24.84,-86.76201056530574,0.7531623229469915
2_0_39_11_2_16.txt,2,0,39,0_39,9,PLOK,17472,10,10,-86.0,10.0,11,2,66,-85.63242694602131,-85.63242694602131,-85.51181670226447,-86.0,0.7470915825680805,-90.920792863437,-83.0,24.84,-86.76201056530574,1.129583619284432
2_0_39_11_2_16.txt,2,0,39,0_39,10,PLOK,17472,11,11,-85.0,10.0,11,2,66,-85.59510260103363,-85.59510260103363,-85.48926132322035,-85.0,1.0923350054983587,-93.0,-83.6970761292287,24.84,-86.76201056530574,1.166907964272113
2_0_39_11_2_16.txt,2,0,39,0_39,11,PLOK,17472,12,12,-84.0,10.0,11,2,66,-85.75699520807707,-85.75699520807707,-85.68208920533725,-86.0,0.45615104060093825,-87.2104240286642,-84.0,24.84,-86.76201056530574,1.0050153572286717
2_0_39_11_2_16.txt,2,0,39,0_39,12,PLOK,17472,13,13,-85.0,9.0,11,2,66,-85.76228633437472,-85.76228633437472,-85.61092449724404,-86.0,1.086853367086393,-93.0,-85.02451592457774,24.84,-86.76201056530574,0.9997242309310224
2_0_39_11_2_16.txt,2,0,39,0_39,13,PLOK,17472,14,14,-85.0,9.0,11,2,66,-85.80374434645245,-85.80374434645245,-85.70840617727504,-86.0,0.4330146369947301,-89.94059464757774,-84.0,24.84,-86.76201056530574,0.9582662188532964
2_0_39_11_2_16.txt,2,0,39,0_39,14,PLOK,17472,15,15,-87.0,9.0,11,2,66,-87.5933090923971,-87.5933090923971,-87.4025442210649,-87.0,1.2434418699530632,-94.0,-86.02654226263921,24.84,-86.76201056530574,-0.8312985270913629
2_0_39_11_2_16.txt,2,0,39,0_39,15,PLOK,17472,16,16,-87.0,8.0,11,2,66,-88.09096996323763,-88.09096996323763,-87.89817307428112,-88.0,0.3119672145563651,-89.18314191395382,-87.0,24.84,-86.76201056530574,-1.3289593979318823
2_0_39_11_2_16.txt,2,0,39,0_39,16,PLOK,17472,17,17,-90.0,9.0,11,2,66,-91.08203075311461,-91.08203075311461,-90.88160336233157,-91.0,0.8068181968178466,-97.0,-90.17383741978078,24.84,-86.76201056530574,-4.320020187808865
2_0_39_11_2_16.txt,2,0,39,0_39,17,PLOK,17472,18,18,-90.0,9.0,11,2,66,-90.00528310717937,-90.00528310717937,-90.01783116688361,-90.0,0.4196845875757008,-91.2557050742046,-87.0,24.84,-86.76201056530574,-3.2432725418736226
2_0_39_11_2_16.txt,2,0,39,0_39,18,PLOK,17472,19,19,-90.0,8.0,11,2,66,-90.63402385619995,-90.63402385619995,-90.62340854414622,-91.0,0.9675038693147303,-97.0,-89.35832386341227,24.84,-86.76201056530574,-3.872013290894202
2_0_39_11_2_16.txt,2,0,39,0_39,19,PLOK,17472,20,20,-88.0,9.0,11,2,66,-89.53393640527311,-89.53393640527311,-89.55877793609392,-90.0,0.20547917305436755,-90.51814346504536,-88.0,24.84,-86.76201056530574,-2.7719258399673663
2_0_39_11_2_16.txt,2,0,39,0_39,20,PLOK,17472,21,21,-88.0,8.0,11,2,66,-88.74376655610764,-88.74376655610764,-88.38186561787055,-88.0,0.9380054996027167,-94.0,-88.08844894957592,24.84,-86.76201056530574,-1.9817559908019007
2_0_40_11_2_16.txt,2,0,40,0_40,0,PLOK,17472,1,1,-81.0,9.0,11,2,66,-81.10259105702747,-81.10259105702747,-80.8711458910202,-81.0,1.901351748766847,-89.0,-80.09006751534064,28.23,-88.36900546953912,7.266414412511651
2_0_40_11_2_16.txt,2,0,40,0_40,1,PLOK,17472,2,2,-82.0,8.0,11,2,66,-82.40101348700973,-82.40101348700973,-82.34056893518826,-82.0,0.31559724754552787,-85.95049553964812,-81.0,28.23,-88.36900546953912,5.967991982529384
2_0_40_11_2_16.txt,2,0,40,0_40,2,PLOK,17472,3,3,-81.0,9.0,11,2,66,-80.90465729294219,-80.90465729294219,-80.87726014450737,-81.0,0.8418145018978233,-87.0,-79.02654226263921,28.23,-88.36900546953912,7.464348176596928
2_0_40_11_2_16.txt,2,0,40,0_40,3,PLOK,17472,4,4,-82.0,8.0,11,2,66,-83.07367822666816,-83.07367822666816,-83.14646363311951,-83.0,0.22154399545590683,-83.95372099236694,-81.0,28.23,-88.36900546953912,5.295327242870954
2_0_40_11_2_16.txt,2,0,40,0_40,4,PLOK,17472,5,5,-82.0,8.0,11,2,66,-83.05985046433537,-83.05985046433537,-83.01710021025917,-83.0,0.9308120307232007,-89.0,-81.83867096907159,28.23,-88.36900546953912,5.309155005203749
2_0_40_11_2_16.txt,2,0,40,0_40,5,PLOK,17472,6,6,-82.0,8.0,11,2,66,-83.41469789608999,-83.41469789608999,-83.21792218664666,-83.0,0.6743899722769481,-85.40164183111543,-81.0,28.23,-88.36900546953912,4.954307573449128
2_0_40_11_2_16.txt,2,0,40,0_40,6,PLOK,17472,7,7,-83.0,8.0,11,2,66,-83.18094881813099,-83.18094881813099,-83.0356397868679,-83.0,1.0860011857556564,-91.0,-82.34589456854822,28.23,-88.36900546953912,5.188056651408132
2_0_40_11_2_16.txt,2,0,40,0_40,7,PLOK,17472,8,8,-82.0,8.0,11,2,66,-82.5781560663536,-82.5781560663536,-82.59412282111518,-83.0,0.25163617099524477,-83.35477861296437,-81.0,28.23,-88.36900546953912,5.790849403185518
2_0_40_11_2_16.txt,2,0,40,0_40,8,PLOK,17472,9,9,-83.0,8.0,11,2,66,-82.21370095512519,-82.21370095512519,-81.83075710095511,-82.0,0.9347389957808208,-88.0,-81.35366866573139,28.23,-88.36900546953912,6.155304514413928
2_0_40_11_2_16.txt,2,0,40,0_40,9,PLOK,17472,10,10,-82.0,8.0,11,2,66,-82.04304448334055,-82.04304448334055,-81.88187903224636,-82.0,0.2354265827955973,-83.97029732378887,-81.0,28.23,-88.36900546953912,6.325960986198567
2_0_40_11_2_16.txt,2,0,40,0_40,10,PLOK,17472,11,11,-82.0,8.0,11,2,66,-82.58043100835118,-82.58043100835118,-82.45720599388744,-82.0,0.7845719656939631,-89.0,-81.35832386341227,28.23,-88.36900546953912,5.788574461187935
2_0_40_11_2_16.txt,2,0,40,0_40,11,PLOK,17472,12,12,-82.0,8.0,11,2,66,-82.16445010866506,-82.16445010866506,-82.1100841388504,-82.0,0.1693308269711546,-83.04917724925362,-81.0,28.23,-88.36900546953912,6.204555360874053
2_0_40_11_2_16.txt,2,0,40,0_40,12,PLOK,17472,13,13,-83.0,8.0,11,2,66,-83.43224747497963,-83.43224747497963,-83.17147163007071,-83.0,0.8696880674641966,-89.0,-82.56941843851499,28.23,-88.36900546953912,4.9367579945594855
2_0_40_11_2_16.txt,2,0,40,0_40,13,PLOK,17472,14,14,-82.0,8.0,11,2,66,-82.89664922501953,-82.89664922501953,-82.72209887239138,-83.0,0.4730095323937053,-84.9603964317185,-81.0,28.23,-88.36900546953912,5.472356244519588
2_0_40_11_2_16.txt,2,0,40,0_40,14,PLOK,17472,15,15,-83.0,8.0,11,2,66,-82.68157102087171,-82.68157102087171,-82.66929026080182,-83.0,0.7982633839279275,-89.0,-81.02654226263921,28.23,-88.36900546953912,5.687434448667403
2_0_40_11_2_16.txt,2,0,40,0_40,15,PLOK,17472,16,16,-82.0,8.0,11,2,66,-82.0711873129845,-82.0711873129845,-82.01068212440984,-82.0,0.3094964686273793,-83.10168246824209,-80.0,28.23,-88.36900546953912,6.297818156554612
2_0_40_11_2_16.txt,2,0,40,0_40,16,PLOK,17472,17,17,-82.0,8.0,11,2,66,-82.32655671982336,-82.32655671982336,-82.17294560006592,-82.0,0.5779030028540854,-88.0,-81.35467098119875,28.23,-88.36900546953912,6.04244874971576
2_0_40_11_2_16.txt,2,0,40,0_40,17,PLOK,17472,18,18,-83.0,8.0,11,2,66,-82.8221298310551,-82.8221298310551,-82.66422623738256,-83.0,0.5915110020186131,-87.93069375550738,-81.0,28.23,-88.36900546953912,5.546875638484025
2_0_40_11_2_16.txt,2,0,40,0_40,18,PLOK,17472,19,19,-82.0,8.0,11,2,66,-82.4034120954487,-82.4034120954487,-82.30725320607837,-82.0,0.829056809031714,-89.0,-81.02654226263921,28.23,-88.36900546953912,5.9655933740904175
2_0_40_11_2_16.txt,2,0,40,0_40,19,PLOK,17472,20,20,-84.0,9.0,11,2,66,-83.57157465399749,-83.57157465399749,-83.6557592967678,-84.0,0.33577875350354364,-84.83085721155894,-81.0,28.23,-88.36900546953912,4.797430815541631
2_0_41_11_2_16.txt,2,0,41,0_41,0,PLOK,17472,1,1,-88.0,9.0,11,2,66,-90.51772765673483,-90.51772765673483,-90.19198501218096,-89.0,1.8440719898850433,-92.95278299566468,-87.0,31.62,-89.79353934393687,-0.7241883127979634
2_0_41_11_2_16.txt,2,0,41,0_41,1,PLOK,17472,2,2,-88.0,7.0,11,2,66,-89.62171118713098,-89.62171118713098,-89.37630515673538,-89.0,1.05991596703689,-95.0,-88.54634217900306,31.62,-89.79353934393687,0.17182815680588703
2_0_41_11_2_16.txt,2,0,41,0_41,2,PLOK,17472,3,3,-88.0,9.0,11,2,66,-87.8171414162173,-87.8171414162173,-87.73434961801595,-88.0,0.21147021766811763,-88.98019821585925,-87.0,31.62,-89.79353934393687,1.9763979277195745
2_0_41_11_2_16.txt,2,0,41,0_41,3,PLOK,17472,4,4,-86.0,8.0,11,2,66,-87.57914209570671,-87.57914209570671,-87.53938128226972,-88.0,0.7786983238333325,-94.0,-86.35832386341227,31.62,-89.79353934393687,2.2143972482301564
2_0_41_11_2_16.txt,2,0,41,0_41,4,PLOK,17472,5,5,-88.0,8.0,11,2,66,-88.31134424146882,-88.31134424146882,-88.35847298691479,-88.0,0.16197218585087517,-88.93263484648942,-87.0,31.62,-89.79353934393687,1.4821951024680544
2_0_41_11_2_16.txt,2,0,41,0_41,5,PLOK,17472,6,6,-88.0,8.0,11,2,66,-88.94439897494328,-88.94439897494328,-88.601844362273,-89.0,1.136541692555672,-95.0,-88.31274836426368,31.62,-89.79353934393687,0.8491403689935879
2_0_41_11_2_16.txt,2,0,41,0_41,6,PLOK,17472,7,7,-88.0,7.0,11,2,66,-88.4618778522331,-88.4618778522331,-88.3736001634006,-88.0,0.4155740741801677,-92.94059464757774,-87.0,31.62,-89.79353934393687,1.3316614917037697
2_0_41_11_2_16.txt,2,0,41,0_41,7,PLOK,17472,8,8,-87.0,8.0,11,2,66,-87.92772792715526,-87.92772792715526,-87.90619605623513,-88.0,0.6934874316529206,-94.0,-86.53704320404448,31.62,-89.79353934393687,1.8658114167816109
2_0_41_11_2_16.txt,2,0,41,0_41,8,PLOK,17472,9,9,-87.0,8.0,11,2,66,-88.42600864867721,-88.42600864867721,-88.3424090106442,-88.0,0.27372692702660656,-89.437233779522,-87.0,31.62,-89.79353934393687,1.36753069525966
2_0_41_11_2_16.txt,2,0,41,0_41,9,PLOK,17472,10,10,-88.0,8.0,11,2,66,-88.81774899906665,-88.81774899906665,-88.6707156475536,-89.0,0.9581167792653881,-95.0,-88.23523900479317,31.62,-89.79353934393687,0.9757903448702194
2_0_41_11_2_16.txt,2,0,41,0_41,10,PLOK,17472,11,11,-88.0,7.0,11,2,66,-88.83682331594339,-88.83682331594339,-88.66140550007279,-89.0,0.6917775388347085,-93.93069375550738,-87.0,31.62,-89.79353934393687,0.9567160279934797
2_0_41_11_2_16.txt,2,0,41,0_41,11,PLOK,17472,12,12,-87.0,8.0,11,2,66,-88.22520663728517,-88.22520663728517,-88.15880042559583,-88.0,0.8291616039876938,-95.0,-87.02654226263921,31.62,-89.79353934393687,1.5683327066517023
2_0_41_11_2_16.txt,2,0,41,0_41,12,PLOK,17472,13,13,-87.0,8.0,11,2,66,-88.41379489234055,-88.41379489234055,-88.35215324665454,-88.0,0.32053964542627783,-89.43751737424482,-87.0,31.62,-89.79353934393687,1.3797444515963235
2_0_41_11_2_16.txt,2,0,41,0_41,13,PLOK,17472,14,14,-88.0,8.0,11,2,66,-88.82946957946501,-88.82946957946501,-88.50873353790934,-88.0,0.8671869596019963,-95.0,-88.02155196557474,31.62,-89.79353934393687,0.9640697644718585
2_0_41_11_2_16.txt,2,0,41,0_41,14,PLOK,17472,15,15,-87.0,8.0,11,2,66,-88.46231979767909,-88.46231979767909,-88.36535410863218,-88.0,0.3862185778156812,-90.20503647497253,-86.0,31.62,-89.79353934393687,1.3312195462577847
2_0_41_11_2_16.txt,2,0,41,0_41,15,PLOK,17472,16,16,-86.0,9.0,11,2,66,-87.77023739548164,-87.77023739548164,-87.55409791566197,-87.0,1.1855516146881768,-95.0,-86.79772281748264,31.62,-89.79353934393687,2.0233019484552273
2_0_41_11_2_16.txt,2,0,41,0_41,16,PLOK,17472,17,17,-88.0,8.0,11,2,66,-90.38167496995482,-90.38167496995482,-90.14082589079133,-90.0,0.6607303613079633,-92.00763467328137,-88.0,31.62,-89.79353934393687,-0.5881356260179444
2_0_41_11_2_16.txt,2,0,41,0_41,17,PLOK,17472,18,18,-89.0,8.0,11,2,66,-90.00763139378942,-90.00763139378942,-89.89404074640916,-90.0,1.1503581087637835,-97.0,-89.06396673997018,31.62,-89.79353934393687,-0.21409204985255315
2_0_41_11_2_16.txt,2,0,41,0_41,18,PLOK,17472,19,19,-86.0,9.0,11,2,66,-87.0421693081534,-87.0421693081534,-86.96934463121144,-87.0,0.416118153245944,-90.94059464757774,-85.0,31.62,-89.79353934393687,2.7513700357834665
2_0_41_11_2_16.txt,2,0,41,0_41,19,PLOK,17472,20,20,-85.0,10.0,11,2,66,-87.86883107060908,-87.86883107060908,-87.88846106716106,-88.0,0.9146778154347484,-94.0,-86.41570822326831,31.62,-89.79353934393687,1.924708273327795
2_0_42_11_2_16.txt,2,0,42,0_42,0,PLOK,17472,1,1,-88.0,8.0,11,2,66,-91.17909334038274,-91.17909334038274,-90.97663392168877,-90.0,2.1403036231338533,-93.84859287997212,-88.92622564886113,35.01,-91.0728534405493,-0.10623989983344018
2_0_42_11_2_16.txt,2,0,42,0_42,1,PLOK,17472,2,2,-86.0,8.0,11,2,66,-88.14574192157659,-88.14574192157659,-87.98195564213712,-88.0,1.037323204934152,-94.0,-87.1711749419663,35.01,-91.0728534405493,2.9271115189727084
2_0_42_11_2_16.txt,2,0,42,0_42,2,PLOK,17472,3,3,-87.0,9.0,11,2,66,-89.86097336387289,-89.86097336387289,-90.07235625292704,-90.0,1.0595591707695429,-92.94059464757774,-87.0,35.01,-91.0728534405493,1.2118800766764082
2_0_42_11_2_16.txt,2,0,42,0_42,3,PLOK,17472,4,4,-88.0,8.0,11,2,66,-90.64641022786915,-90.64641022786915,-90.55508211764733,-92.0,1.657109201646029,-97.0,-88.85386811800302,35.01,-91.0728534405493,0.42644321268014096
2_0_42_11_2_16.txt,2,0,42,0_42,4,PLOK,17472,5,5,-88.0,8.0,11,2,66,-90.05119810308045,-90.05119810308045,-89.87776740847414,-90.0,0.6199384685676775,-91.73603495560332,-88.98996444944947,35.01,-91.0728534405493,1.021655337468843
2_0_42_11_2_16.txt,2,0,42,0_42,5,PLOK,17472,6,6,-92.0,8.0,11,2,66,-92.82102438175878,-92.82102438175878,-92.5780073316937,-93.0,0.6024031182975196,-98.0,-91.6864525819718,35.01,-91.0728534405493,-1.7481709412094801
2_0_42_11_2_16.txt,2,0,42,0_42,6,PLOK,17472,7,7,-88.0,8.0,11,2,66,-90.04337520070938,-90.04337520070938,-89.9511369933503,-90.0,0.6377823271704816,-91.59736583301824,-87.0,35.01,-91.0728534405493,1.0294782398399178
2_0_42_11_2_16.txt,2,0,42,0_42,7,PLOK,17472,8,8,-89.0,9.0,11,2,66,-89.91231657031797,-89.91231657031797,-89.75930575679648,-90.0,0.9136895348717429,-97.0,-88.84531776358696,35.01,-91.0728534405493,1.1605368702313257
2_0_42_11_2_16.txt,2,0,42,0_42,8,PLOK,17472,9,9,-90.0,9.0,11,2,66,-90.52453672351251,-90.52453672351251,-90.71265098476265,-91.0,0.5403784937214045,-91.613840306782,-88.0,35.01,-91.0728534405493,0.5483167170367835
2_0_42_11_2_16.txt,2,0,42,0_42,9,PLOK,17472,10,10,-90.0,9.0,11,2,66,-91.42822741420375,-91.42822741420375,-90.72717687214686,-91.0,2.7680944040079116,-99.0,-90.0102131953423,35.01,-91.0728534405493,-0.35537397365445145
2_0_42_11_2_16.txt,2,0,42,0_42,10,PLOK,17472,11,11,-90.0,9.0,11,2,66,-91.46204000446303,-91.46204000446303,-91.21837478126997,-91.0,0.9803338322479218,-96.920792863437,-89.0,35.01,-91.0728534405493,-0.3891865639137393
2_0_42_11_2_16.txt,2,0,42,0_42,11,PLOK,17472,12,12,-91.0,8.0,11,2,66,-91.28078931640626,-91.28078931640626,-91.32431491838055,-91.0,1.1597201891058253,-99.0,-89.54698835647908,35.01,-91.0728534405493,-0.20793587585696116
2_0_42_11_2_16.txt,2,0,42,0_42,12,PLOK,17472,13,13,-86.0,9.0,11,2,66,-86.45737380509986,-86.45737380509986,-86.5547466334676,-87.0,0.21703764780811544,-87.2639383398337,-85.16557742876573,35.01,-91.0728534405493,4.615479635449432
2_0_42_11_2_16.txt,2,0,42,0_42,13,PLOK,17472,14,14,-84.0,10.0,11,2,66,-86.30157353689991,-86.30157353689991,-86.07115546910278,-86.0,0.9043873519644194,-92.0,-85.13129873198687,35.01,-91.0728534405493,4.771279903649386
2_0_42_11_2_16.txt,2,0,42,0_42,14,PLOK,17472,15,15,-85.0,9.0,11,2,66,-86.59286554769689,-86.59286554769689,-86.44911279735183,-86.0,0.4182734322402103,-88.95049553964812,-84.0,35.01,-91.0728534405493,4.479987892852407
2_0_42_11_2_16.txt,2,0,42,0_42,15,PLOK,17472,16,16,-86.0,9.0,11,2,66,-87.4956722478217,-87.4956722478217,-87.23695750761071,-87.0,0.9116806430488373,-93.0,-85.53704320404448,35.01,-91.0728534405493,3.5771811927275934
2_0_42_11_2_16.txt,2,0,42,0_42,16,PLOK,17472,17,17,-86.0,9.0,11,2,66,-87.17659941994262,-87.17659941994262,-87.23400814509196,-87.0,0.3450020746015388,-88.40782800599874,-85.0,35.01,-91.0728534405493,3.8962540206066762
2_0_42_11_2_16.txt,2,0,42,0_42,17,PLOK,17472,18,18,-86.0,9.0,11,2,66,-87.98013495165583,-87.98013495165583,-87.73369026343619,-88.0,0.8606365600197119,-94.0,-87.02188706495835,35.01,-91.0728534405493,3.0927184888934676
2_0_42_11_2_16.txt,2,0,42,0_42,18,PLOK,17472,19,19,-87.0,8.0,11,2,66,-87.51634432473188,-87.51634432473188,-87.41920803265064,-87.0,0.2779499714774074,-88.97029732378887,-86.0,35.01,-91.0728534405493,3.55650911581742
2_0_42_11_2_16.txt,2,0,42,0_42,19,PLOK,17472,20,20,-87.0,8.0,11,2,66,-87.19656091708904,-87.19656091708904,-87.31068996102482,-87.0,0.8574484061263679,-91.0,-84.02322447980931,35.01,-91.0728534405493,3.8762925234602505
2_0_43_11_2_16.txt,2,0,43,0_43,0,PLOK,17472,1,1,-87.0,8.0,11,2,66,-88.12037194020778,-88.12037194020778,-88.12848885398321,-88.0,0.7060695599707475,-94.0,-86.53704320404448,38.4,-92.23383578783631,4.1134638476285375
2_0_43_11_2_16.txt,2,0,43,0_43,1,PLOK,17472,2,2,-85.0,10.0,11,2,66,-87.18329524982948,-87.18329524982948,-86.97010467340077,-87.0,0.7896134693234206,-88.79459579338712,-85.89912589576522,38.4,-92.23383578783631,5.050540538006828
2_0_43_11_2_16.txt,2,0,43,0_43,2,PLOK,17472,3,3,-84.0,9.0,11,2,66,-85.76595607319142,-85.76595607319142,-85.6610326376302,-86.0,0.6621781738913414,-91.0,-85.01291953446706,38.4,-92.23383578783631,6.467879714644894
2_0_43_11_2_16.txt,2,0,43,0_43,3,PLOK,17472,4,4,-84.0,10.0,11,2,66,-85.51241160660763,-85.51241160660763,-85.36789648459319,-85.0,0.8113437298598423,-90.920792863437,-83.0,38.4,-92.23383578783631,6.721424181228684
2_0_43_11_2_16.txt,2,0,43,0_43,4,PLOK,17472,5,5,-85.0,10.0,11,2,66,-85.1464056405107,-85.1464056405107,-84.88848625610143,-85.0,1.3158618285998243,-93.0,-83.36495942907206,38.4,-92.23383578783631,7.08743014732562
2_0_43_11_2_16.txt,2,0,43,0_43,5,PLOK,17472,6,6,-85.0,9.0,11,2,66,-84.71880683345715,-84.71880683345715,-84.77037058593532,-85.0,0.5333161363308024,-85.9180000015414,-82.0,38.4,-92.23383578783631,7.5150289543791615
2_0_43_11_2_16.txt,2,0,43,0_43,6,PLOK,17472,7,7,-87.0,8.0,11,2,66,-87.98268494314084,-87.98268494314084,-87.79219362636623,-88.0,1.0072468835980761,-95.0,-87.25990607554714,38.4,-92.23383578783631,4.2511508446954736
2_0_43_11_2_16.txt,2,0,43,0_43,7,PLOK,17472,8,8,-86.0,8.0,11,2,66,-87.60172307217506,-87.60172307217506,-87.50591820623181,-87.0,0.3296475299856921,-88.9603964317185,-85.0,38.4,-92.23383578783631,4.6321127156612505
2_0_43_11_2_16.txt,2,0,43,0_43,8,PLOK,17472,9,9,-89.0,8.0,11,2,66,-88.42197752847055,-88.42197752847055,-88.39106073889945,-88.0,0.8392095028034674,-95.0,-87.02654226263921,38.4,-92.23383578783631,3.8118582593657635
2_0_43_11_2_16.txt,2,0,43,0_43,9,PLOK,17472,10,10,-85.0,9.0,11,2,66,-85.57430938109509,-85.57430938109509,-85.65359125442333,-86.0,0.24817479666978298,-86.446721244041,-84.0,38.4,-92.23383578783631,6.659526406741222
2_0_43_11_2_16.txt,2,0,43,0_43,10,PLOK,17472,11,11,-85.0,9.0,11,2,66,-86.51780684971556,-86.51780684971556,-86.29807641762437,-86.0,0.9410350876905477,-93.0,-85.84033428810262,38.4,-92.23383578783631,5.716028938120758
2_0_43_11_2_16.txt,2,0,43,0_43,11,PLOK,17472,12,12,-86.0,9.0,11,2,66,-86.9546449119584,-86.9546449119584,-86.81584654031298,-87.0,0.4164149431956888,-88.10299374985593,-85.0,38.4,-92.23383578783631,5.279190875877916
2_0_43_11_2_16.txt,2,0,43,0_43,12,PLOK,17472,13,13,-85.0,9.0,11,2,66,-86.87189557884484,-86.87189557884484,-86.60243203598861,-86.0,1.4176219822470333,-93.0,-85.02654226263921,38.4,-92.23383578783631,5.36194020899147
2_0_43_11_2_16.txt,2,0,43,0_43,13,PLOK,17472,14,14,-86.0,9.0,11,2,66,-86.70621166353087,-86.70621166353087,-86.73401412452088,-87.0,0.40256615199326984,-88.13499360152142,-85.0,38.4,-92.23383578783631,5.527624124305447
2_0_43_11_2_16.txt,2,0,43,0_43,14,PLOK,17472,15,15,-85.0,9.0,11,2,66,-87.42320491465784,-87.42320491465784,-87.10194633168106,-87.0,0.8889124355005957,-93.0,-86.48957132495032,38.4,-92.23383578783631,4.810630873178468
2_0_43_11_2_16.txt,2,0,43,0_43,15,PLOK,17472,16,16,-86.0,9.0,11,2,66,-86.12064357938468,-86.12064357938468,-85.93724422814654,-86.0,0.5907409755970016,-88.94059464757774,-83.0,38.4,-92.23383578783631,6.113192208451636
2_0_43_11_2_16.txt,2,0,43,0_43,16,PLOK,17472,17,17,-86.0,9.0,11,2,66,-86.93149102742933,-86.93149102742933,-86.71424093310131,-87.0,0.846165384561907,-93.0,-85.35832386341227,38.4,-92.23383578783631,5.3023447604069815
2_0_43_11_2_16.txt,2,0,43,0_43,17,PLOK,17472,18,18,-85.0,10.0,11,2,66,-85.78571196248309,-85.78571196248309,-85.7183038111485,-86.0,0.36353111293857904,-87.31043931552163,-84.0,38.4,-92.23383578783631,6.448123825353221
2_0_43_11_2_16.txt,2,0,43,0_43,18,PLOK,17472,19,19,-85.0,10.0,11,2,66,-86.18822214782878,-86.18822214782878,-85.81486872346392,-86.0,1.081333597882769,-93.0,-85.34813808622452,38.4,-92.23383578783631,6.045613640007531
2_0_43_11_2_16.txt,2,0,43,0_43,19,PLOK,17472,20,20,-86.0,9.0,11,2,66,-87.06491759175984,-87.06491759175984,-86.98999357303018,-87.0,0.2152841460943266,-88.9603964317185,-85.0,38.4,-92.23383578783631,5.168918196076476
2_0_44_11_2_16.txt,2,0,44,0_44,0,PLOK,17472,1,1,-90.0,8.0,11,2,66,-91.42778132903337,-91.42778132903337,-91.28740915729534,-91.0,1.213980478651198,-99.0,-89.36495942907206,41.79,-93.29653545899879,1.8687541299654242
2_0_44_11_2_16.txt,2,0,44,0_44,1,PLOK,17472,2,2,-90.0,9.0,11,2,66,-91.22304229945584,-91.22304229945584,-91.20971914408054,-91.0,0.16952718083961943,-92.09861631943318,-90.0,41.79,-93.29653545899879,2.0734931595429487
2_0_44_11_2_16.txt,2,0,44,0_44,2,PLOK,17472,3,3,-90.0,9.0,11,2,66,-92.06796894422868,-92.06796894422868,-91.77762549216891,-92.0,1.1287074317382229,-98.0,-91.32875023808441,41.79,-93.29653545899879,1.2285665147701081
2_0_44_11_2_16.txt,2,0,44,0_44,3,PLOK,17472,4,4,-89.0,9.0,11,2,66,-91.99260229254534,-91.99260229254534,-91.81369027938176,-92.0,0.7785854691669397,-93.80744052958683,-89.0,41.79,-93.29653545899879,1.3039331664534473
2_0_44_11_2_16.txt,2,0,44,0_44,4,PLOK,17472,5,5,-91.0,9.0,11,2,66,-91.2346004001982,-91.2346004001982,-91.13991833761251,-91.0,1.1353568017206483,-99.0,-90.01322352113984,41.79,-93.29653545899879,2.061935058800586
2_0_44_11_2_16.txt,2,0,44,0_44,5,PLOK,17472,6,6,-90.0,9.0,11,2,66,-91.58311910377424,-91.58311910377424,-91.56021291211025,-92.0,0.2091727925435939,-92.58036462696165,-89.0,41.79,-93.29653545899879,1.7134163552245525
2_0_44_11_2_16.txt,2,0,44,0_44,6,PLOK,17472,7,7,-90.0,9.0,11,2,66,-91.51877936391487,-91.51877936391487,-91.3027615693947,-91.0,1.2248267125492074,-99.0,-90.65280219063875,41.79,-93.29653545899879,1.777756095083916
2_0_44_11_2_16.txt,2,0,44,0_44,7,PLOK,17472,8,8,-90.0,9.0,11,2,66,-91.38008174357756,-91.38008174357756,-91.17487698541586,-91.0,0.853771444258777,-96.920792863437,-89.0,41.79,-93.29653545899879,1.9164537154212269
2_0_44_11_2_16.txt,2,0,44,0_44,8,PLOK,17472,9,9,-89.0,10.0,11,2,66,-91.17645413339,-91.17645413339,-90.88481100498987,-91.0,1.5243030270076572,-99.0,-89.6970761292287,41.79,-93.29653545899879,2.120081325608794
2_0_44_11_2_16.txt,2,0,44,0_44,9,PLOK,17472,10,10,-89.0,8.0,11,2,66,-89.3923226681125,-89.3923226681125,-89.4736622994926,-90.0,0.4663475646671838,-90.35957914985974,-87.0,41.79,-93.29653545899879,3.904212790886291
2_0_44_11_2_16.txt,2,0,44,0_44,10,PLOK,17472,11,11,-88.0,9.0,11,2,66,-90.12587674532162,-90.12587674532162,-89.83999940505149,-90.0,1.4292485055902748,-97.0,-89.16698550520137,41.79,-93.29653545899879,3.1706587136771702
2_0_44_11_2_16.txt,2,0,44,0_44,11,PLOK,17472,12,12,-89.0,10.0,11,2,66,-90.86077689772304,-90.86077689772304,-90.74897784707298,-91.0,0.4423860418788723,-94.94059464757774,-89.0,41.79,-93.29653545899879,2.4357585612757475
2_0_44_11_2_16.txt,2,0,44,0_44,12,PLOK,17472,13,13,-89.0,8.0,11,2,66,-90.00449588937886,-90.00449588937886,-89.838292133093,-90.0,1.0404127809073545,-97.0,-88.04425095078516,41.79,-93.29653545899879,3.2920395696199307
2_0_44_11_2_16.txt,2,0,44,0_44,13,PLOK,17472,14,14,-87.0,8.0,11,2,66,-88.77005906763479,-88.77005906763479,-88.7081958187216,-89.0,0.4076630641428407,-89.9975886197264,-87.0,41.79,-93.29653545899879,4.526476391364
2_0_44_11_2_16.txt,2,0,44,0_44,14,PLOK,17472,15,15,-89.0,9.0,11,2,66,-91.51789187253372,-91.51789187253372,-91.19650466106893,-91.0,0.8898549300362539,-97.0,-90.64482289132656,41.79,-93.29653545899879,1.7786435864650656
2_0_44_11_2_16.txt,2,0,44,0_44,15,PLOK,17472,16,16,-90.0,8.0,11,2,66,-92.96977916223793,-92.96977916223793,-92.54183703112594,-92.0,1.3566279899380445,-97.94059464757774,-91.4174952691236,41.79,-93.29653545899879,0.3267562967608626
2_0_44_11_2_16.txt,2,0,44,0_44,16,PLOK,17472,17,17,-90.0,9.0,11,2,66,-91.64162102229369,-91.64162102229369,-91.67070672713592,-92.0,1.0632103973042368,-99.0,-90.02952494608552,41.79,-93.29653545899879,1.6549144367050985
2_0_44_11_2_16.txt,2,0,44,0_44,17,PLOK,17472,18,18,-91.0,9.0,11,2,66,-91.29405356650105,-91.29405356650105,-91.21435571399059,-91.0,0.3846770306589687,-92.6887459302425,-90.0,41.79,-93.29653545899879,2.002481892497741
2_0_44_11_2_16.txt,2,0,44,0_44,18,PLOK,17472,19,19,-90.0,9.0,11,2,66,-92.0983318539879,-92.0983318539879,-91.81135812088118,-92.0,1.0578211146318113,-99.0,-91.02520484778825,41.79,-93.29653545899879,1.1982036050108889
2_0_44_11_2_16.txt,2,0,44,0_44,19,PLOK,17472,20,20,-89.0,9.0,11,2,66,-89.55531006232069,-89.55531006232069,-89.68147524638368,-90.0,2.507018735125043,-96.920792863437,-84.63639616560758,41.79,-93.29653545899879,3.7412253966781037
2_0_45_11_2_16.txt,2,0,45,0_45,0,PLOK,17472,1,1,-95.0,7.0,11,2,66,-97.51886177288878,-97.51886177288878,-97.16827776454198,-97.0,0.8463064977521743,-103.0,-96.60558816731496,45.18,-94.27630169376633,-3.2425600791224554
2_0_45_11_2_16.txt,2,0,45,0_45,1,PLOK,17472,2,2,-95.0,7.0,11,2,66,-97.00252408993195,-97.00252408993195,-96.78685284680803,-97.0,0.3907459720116187,-99.95049553964812,-95.0,45.18,-94.27630169376633,-2.7262223961656247
2_0_45_11_2_16.txt,2,0,45,0_45,2,PLOK,17472,3,3,-95.0,7.0,11,2,66,-97.30086758426233,-97.30086758426233,-97.19346487484071,-97.0,0.66379568283126,-103.0,-96.02322447980931,45.18,-94.27630169376633,-3.0245658904960067
2_0_45_11_2_16.txt,2,0,45,0_45,3,PLOK,17472,4,4,-94.0,7.0,11,2,66,-97.13755991463873,-97.13755991463873,-97.12893052997808,-97.0,0.15268226677671803,-98.02164707591716,-95.99949776482947,45.18,-94.27630169376633,-2.8612582208724007
2_0_45_11_2_16.txt,2,0,45,0_45,4,PLOK,17472,5,5,-95.0,7.0,11,2,66,-97.4506341092058,-97.4506341092058,-97.20165294364566,-97.0,0.8307368194098788,-103.0,-96.81932304985669,45.18,-94.27630169376633,-3.1743324154394656
2_0_45_11_2_16.txt,2,0,45,0_45,5,PLOK,17472,6,6,-95.0,7.0,11,2,66,-97.35498725328506,-97.35498725328506,-97.1374368312857,-97.0,0.5986627181607033,-100.95049553964812,-96.0,45.18,-94.27630169376633,-3.078685559518732
2_0_45_11_2_16.txt,2,0,45,0_45,6,PLOK,17472,7,7,-95.0,7.0,11,2,66,-97.2369781257766,-97.2369781257766,-97.13219681479166,-97.0,0.3673049273368362,-101.0,-96.01558659868215,45.18,-94.27630169376633,-2.960676432010274
2_0_45_11_2_16.txt,2,0,45,0_45,7,PLOK,17472,8,8,-94.0,7.0,11,2,66,-96.79038065929383,-96.79038065929383,-96.7678870234177,-97.0,0.22566307373818562,-97.87198577880443,-96.0033177828299,45.18,-94.27630169376633,-2.514078965527503
2_0_45_11_2_16.txt,2,0,45,0_45,8,PLOK,17472,9,9,-96.0,7.0,11,2,66,-97.22556844349599,-97.22556844349599,-97.0967193074364,-97.0,0.7212048972456359,-103.0,-96.33975748314137,45.18,-94.27630169376633,-2.9492667497296594
2_0_45_11_2_16.txt,2,0,45,0_45,9,PLOK,17472,10,10,-94.0,8.0,11,2,66,-96.75621913420758,-96.75621913420758,-96.63279013077344,-97.0,0.3197827119718833,-98.9603964317185,-95.0,45.18,-94.27630169376633,-2.4799174404412554
2_0_45_11_2_16.txt,2,0,45,0_45,10,PLOK,17472,11,11,-94.0,8.0,11,2,66,-96.21071221588359,-96.21071221588359,-96.1140504776226,-96.0,0.6092687421648941,-101.0,-95.0199066969794,45.18,-94.27630169376633,-1.9344105221172612
2_0_45_11_2_16.txt,2,0,45,0_45,11,PLOK,17472,12,12,-96.0,7.0,11,2,66,-96.55865701074664,-96.55865701074664,-96.5492101880503,-97.0,0.32961282707895484,-97.69500504225033,-95.0,45.18,-94.27630169376633,-2.282355316980315
2_0_45_11_2_16.txt,2,0,45,0_45,12,PLOK,17472,13,13,-94.0,8.0,11,2,66,-96.07315870240303,-96.07315870240303,-95.8672793392407,-96.0,0.9350635118617534,-101.0,-95.26209052178879,45.18,-94.27630169376633,-1.7968570086367066
2_0_45_11_2_16.txt,2,0,45,0_45,13,PLOK,17472,14,14,-94.0,7.0,11,2,66,-96.62561318837886,-96.62561318837886,-96.48823200407335,-96.0,0.3231396244564584,-99.95049553964812,-95.0,45.18,-94.27630169376633,-2.349311494612536
2_0_45_11_2_16.txt,2,0,45,0_45,14,PLOK,17472,15,15,-95.0,8.0,11,2,66,-96.01680677243387,-96.01680677243387,-96.03137811887308,-96.0,0.5368157959099394,-101.0,-94.53207062782718,45.18,-94.27630169376633,-1.740505078667539
2_0_45_11_2_16.txt,2,0,45,0_45,15,PLOK,17472,16,16,-94.0,8.0,11,2,66,-96.35658847150138,-96.35658847150138,-96.31250731843275,-96.0,0.5044268562233023,-97.6054325261769,-93.0,45.18,-94.27630169376633,-2.080286777735054
2_0_45_11_2_16.txt,2,0,45,0_45,16,PLOK,17472,17,17,-94.0,7.0,11,2,66,-97.67921083014703,-97.67921083014703,-97.17977730591471,-97.0,1.9431831395442647,-103.0,-96.17367034526711,45.18,-94.27630169376633,-3.4029091363807
2_0_45_11_2_16.txt,2,0,45,0_45,17,PLOK,17472,18,18,-94.0,7.0,11,2,66,-96.48637543627588,-96.48637543627588,-96.36248652191608,-96.0,0.3178364300603692,-99.95049553964812,-95.0,45.18,-94.27630169376633,-2.2100737425095502
2_0_45_11_2_16.txt,2,0,45,0_45,18,PLOK,17472,19,19,-94.0,8.0,11,2,66,-97.16001211085472,-97.16001211085472,-96.98035055559404,-97.0,1.0535956944065494,-103.0,-95.03978060973839,45.18,-94.27630169376633,-2.8837104170883947
2_0_45_11_2_16.txt,2,0,45,0_45,19,PLOK,17472,20,20,-94.0,8.0,11,2,66,-95.22385818555817,-95.22385818555817,-95.39330893314634,-95.0,0.43815324822503354,-96.2162535006893,-93.0,45.18,-94.27630169376633,-0.9475564917918433
2_0_46_11_2_16.txt,2,0,46,0_46,0,PLOK,17472,1,1,-100.0,3.0,11,2,66,-101.37699057208486,-101.37699057208486,-101.31078580550482,-101.0,0.25680756441337327,-103.95049553964812,-99.0,48.57,-95.18514698486233,-6.191843587222536
2_0_46_11_2_16.txt,2,0,46,0_46,1,PLOK,17472,2,2,-100.0,3.0,11,2,66,-101.87749389209566,-101.87749389209566,-101.89309440538176,-102.0,0.46018679479645114,-106.0,-100.05940535242226,48.57,-95.18514698486233,-6.692346907233329
2_0_46_11_2_16.txt,2,0,46,0_46,2,PLOK,17472,3,3,-98.0,5.0,11,2,66,-99.72916946909137,-99.72916946909137,-99.74167920960694,-100.0,0.06193720060529577,-100.30080475399929,-98.99899768453264,48.57,-95.18514698486233,-4.544022484229046
2_0_46_11_2_16.txt,2,0,46,0_46,3,PLOK,17472,4,4,-105.0,-2.0,11,2,66,-105.37591223008647,-105.37591223008647,-105.3451018740825,-105.0,0.13252894201358795,-107.0,-104.94383326078636,48.57,-95.18514698486233,-10.190765245224142
2_0_46_11_2_16.txt,2,0,46,0_46,4,PLOK,17472,5,5,-100.0,3.0,11,2,66,-100.30521765126906,-100.30521765126906,-100.76250520878558,-101.0,0.7671795409761359,-101.24097882949368,-98.0,48.57,-95.18514698486233,-5.120070666406733
2_0_46_11_2_16.txt,2,0,46,0_46,5,PLOK,17472,6,6,-101.0,4.0,11,2,66,-102.81965900186584,-102.81965900186584,-102.80564502923173,-103.0,0.22606816780124855,-104.0,-101.34173494926276,48.57,-95.18514698486233,-7.634512017003516
2_0_46_11_2_16.txt,2,0,46,0_46,6,PLOK,17472,7,7,-100.0,3.0,11,2,66,-101.74509115565358,-101.74509115565358,-101.6120030402623,-102.0,0.32053508149082277,-102.85014553105793,-100.0,48.57,-95.18514698486233,-6.559944170791255
2_0_46_11_2_16.txt,2,0,46,0_46,7,PLOK,17472,8,8,-100.0,3.0,11,2,66,-101.69415487121609,-101.69415487121609,-101.67300158436345,-102.0,0.2552085703035269,-105.0,-101.01293603193601,48.57,-95.18514698486233,-6.509007886353757
2_0_46_11_2_16.txt,2,0,46,0_46,8,PLOK,17472,9,9,-100.0,4.0,11,2,66,-102.0049929876922,-102.0049929876922,-101.84801475521385,-102.0,0.31708582185054734,-104.95049553964812,-100.0,48.57,-95.18514698486233,-6.819846002829877
2_0_46_11_2_16.txt,2,0,46,0_46,9,PLOK,17472,10,10,-98.0,6.0,11,2,66,-99.39004173233585,-99.39004173233585,-99.23269744011972,-99.0,0.7242177035289563,-105.0,-98.35500608058236,48.57,-95.18514698486233,-4.204894747473517
2_0_46_11_2_16.txt,2,0,46,0_46,10,PLOK,17472,11,11,-96.0,7.0,11,2,66,-97.43913242739521,-97.43913242739521,-97.5468604424033,-98.0,0.3273270311566609,-98.10443566707093,-95.00990089207038,48.57,-95.18514698486233,-2.25398544253288
2_0_46_11_2_16.txt,2,0,46,0_46,11,PLOK,17472,12,12,-98.0,6.0,11,2,66,-98.89085503285,-98.89085503285,-98.5875886227892,-99.0,0.8186824010986286,-105.0,-98.02188706495835,48.57,-95.18514698486233,-3.7057080479876703
2_0_46_11_2_16.txt,2,0,46,0_46,12,PLOK,17472,13,13,-100.0,3.0,11,2,66,-102.59870952292708,-102.59870952292708,-102.29094571240371,-102.0,0.7774605240340782,-105.9603964317185,-101.58341387826879,48.57,-95.18514698486233,-7.4135625380647525
2_0_46_11_2_16.txt,2,0,46,0_46,13,PLOK,17472,14,14,-99.0,6.0,11,2,66,-98.8367365741099,-98.8367365741099,-98.69039809972702,-99.0,0.6195938475636734,-105.0,-98.34142261249103,48.57,-95.18514698486233,-3.6515895892475783
2_0_46_11_2_16.txt,2,0,46,0_46,14,PLOK,17472,15,15,-96.0,7.0,11,2,66,-98.30713949277673,-98.30713949277673,-98.41573920286268,-98.0,0.2858999054924614,-99.10242579604152,-96.0,48.57,-95.18514698486233,-3.121992507914399
2_0_46_11_2_16.txt,2,0,46,0_46,15,PLOK,17472,16,16,-94.0,7.0,11,2,66,-95.31428824332734,-95.31428824332734,-94.86547021935736,-95.0,3.3134643295385873,-103.0,-91.82633895634457,48.57,-95.18514698486233,-0.1291412584650118
2_0_46_11_2_16.txt,2,0,46,0_46,16,PLOK,17472,17,17,-99.0,5.0,11,2,66,-100.42902169873219,-100.42902169873219,-100.4988891908414,-101.0,0.1923190988678759,-101.97029732378887,-99.0,48.57,-95.18514698486233,-5.243874713869857
2_0_46_11_2_16.txt,2,0,46,0_46,17,PLOK,17472,18,18,-96.0,7.0,11,2,66,-99.25530035522137,-99.25530035522137,-99.08455986731347,-99.0,0.8649076448779963,-105.0,-97.35832386341227,48.57,-95.18514698486233,-4.070153370359037
2_0_46_11_2_16.txt,2,0,46,0_46,18,PLOK,17472,19,19,-98.0,6.0,11,2,66,-98.57039559138553,-98.57039559138553,-98.42375804842982,-98.0,0.1512552744016945,-99.4857665274614,-98.0,48.57,-95.18514698486233,-3.3852486065232057
2_0_46_11_2_16.txt,2,0,46,0_46,19,PLOK,17472,20,20,-96.0,7.0,11,2,66,-99.3126307931829,-99.3126307931829,-99.24318915106795,-99.0,0.656281562198134,-105.0,-98.02155196557474,48.57,-95.18514698486233,-4.1274838083205765
2_0_47_11_2_16.txt,2,0,47,0_47,0,PLOK,17472,1,1,-101.0,3.0,11,2,66,-101.61796451612021,-101.61796451612021,-101.84925557495453,-102.0,0.9231911912386482,-102.920792863437,-95.0,51.96,-96.03264923140938,-5.5853152847108305
2_0_47_11_2_16.txt,2,0,47,0_47,1,PLOK,17472,2,2,-101.0,3.0,11,2,66,-103.69646033412366,-103.69646033412366,-103.7591497860358,-104.0,0.29956933195849056,-106.0,-101.04950446035188,51.96,-96.03264923140938,-7.663811102714277
2_0_47_11_2_16.txt,2,0,47,0_47,2,PLOK,17472,3,3,-111.0,-7.0,11,2,66,-105.57446133974454,-105.57446133974454,-105.61183228074358,-106.0,0.033163866435205566,-105.99009910792962,-104.99949776482947,51.96,-96.03264923140938,-9.541812108335165
2_0_47_11_2_16.txt,2,0,47,0_47,3,PLOK,17472,4,4,-104.0,-1.0,11,2,66,-102.8395130766708,-102.8395130766708,-102.69804234124102,-103.0,0.3415281115966048,-105.0,-101.83621294449362,51.96,-96.03264923140938,-6.806863845261418
2_0_47_11_2_16.txt,2,0,47,0_47,4,PLOK,17472,5,5,-99.0,4.0,11,2,66,-100.42466918132482,-100.42466918132482,-100.08661277447618,-100.0,0.5194816351948427,-102.9603964317185,-99.0,51.96,-96.03264923140938,-4.392019949915436
2_0_47_11_2_16.txt,2,0,47,0_47,5,PLOK,17472,6,6,-103.0,1.0,11,2,66,-103.41915917540513,-103.41915917540513,-104.0779700023444,-104.0,1.6657499651055552,-105.0,-99.05940535242226,51.96,-96.03264923140938,-7.386509943995748
2_0_47_11_2_16.txt,2,0,47,0_47,6,PLOK,17472,7,7,-105.0,-2.0,11,2,66,-104.12885232919209,-104.12885232919209,-104.24718964343853,-104.0,0.18997364743417636,-104.52139130907176,-102.01980178414075,51.96,-96.03264923140938,-8.096203097782706
2_0_47_11_2_16.txt,2,0,47,0_47,7,PLOK,17472,8,8,-103.0,1.0,11,2,66,-105.05126711240214,-105.05126711240214,-105.10530160479487,-105.0,0.12578694557449296,-105.99009910792962,-104.33476428421935,51.96,-96.03264923140938,-9.018617880992764
2_0_47_11_2_16.txt,2,0,47,0_47,8,PLOK,17472,9,9,-102.0,0.0,11,2,66,-104.03688917091485,-104.03688917091485,-104.00834448566313,-104.0,0.19073277183787865,-105.9603964317185,-102.0,51.96,-96.03264923140938,-8.004239939505467
2_0_47_11_2_16.txt,2,0,47,0_47,9,PLOK,17472,10,10,-103.0,1.0,11,2,66,-104.13060553618992,-104.13060553618992,-104.12706959266325,-104.0,0.09220117683313582,-106.0,-103.01441549348137,51.96,-96.03264923140938,-8.097956304780539
2_0_47_11_2_16.txt,2,0,47,0_47,10,PLOK,17472,11,11,-102.0,2.0,11,2,66,-103.96838512173814,-103.96838512173814,-104.02063653003017,-104.0,0.2927649831893952,-105.0,-103.2357618444911,51.96,-96.03264923140938,-7.935735890328758
2_0_47_11_2_16.txt,2,0,47,0_47,11,PLOK,17472,12,12,-103.0,-1.0,11,2,66,-103.38136919691556,-103.38136919691556,-103.43156979662716,-103.0,0.3696727388639657,-107.0,-102.02436064591598,51.96,-96.03264923140938,-7.348719965506177
2_0_47_11_2_16.txt,2,0,47,0_47,12,PLOK,17472,13,13,-104.0,-2.0,11,2,66,-105.68082752438406,-105.68082752438406,-105.93627019988028,-106.0,0.5431248029103146,-106.34241513365679,-102.0,51.96,-96.03264923140938,-9.648178292974677
2_0_47_11_2_16.txt,2,0,47,0_47,13,PLOK,17472,14,14,-101.0,1.0,11,2,66,-100.89130073576405,-100.89130073576405,-100.72897676039017,-101.0,0.8222863048972464,-106.0,-99.02288938042571,51.96,-96.03264923140938,-4.858651504354668
2_0_47_11_2_16.txt,2,0,47,0_47,14,PLOK,17472,15,15,-107.0,-3.0,11,2,66,-104.90272228633295,-104.90272228633295,-104.91429323499159,-105.0,0.11150648320481615,-106.0,-104.0099451524346,51.96,-96.03264923140938,-8.870073054923566
2_0_47_11_2_16.txt,2,0,47,0_47,15,PLOK,17472,16,16,-104.0,-1.0,11,2,66,-105.00095672832671,-105.00095672832671,-104.81468271453258,-105.0,0.3521521970075947,-107.99009910792962,-104.37745972358974,51.96,-96.03264923140938,-8.968307496917333
2_0_47_11_2_16.txt,2,0,47,0_47,16,PLOK,17472,17,17,-102.0,3.0,11,2,66,-103.87419225788727,-103.87419225788727,-103.67623268561366,-104.0,0.1894928693147566,-104.99009910792962,-103.30725698997628,51.96,-96.03264923140938,-7.841543026477893
2_0_47_11_2_16.txt,2,0,47,0_47,17,PLOK,17472,18,18,-101.0,1.0,11,2,66,-103.68697524346848,-103.68697524346848,-103.57731300470743,-104.0,0.15522092806972443,-105.0,-103.01980178414075,51.96,-96.03264923140938,-7.6543260120591015
2_0_47_11_2_16.txt,2,0,47,0_47,18,PLOK,17472,19,19,-106.0,-3.0,11,2,66,-104.92467039197464,-104.92467039197464,-104.89961637392148,-105.0,0.055476599291848984,-105.43224380809059,-104.0,51.96,-96.03264923140938,-8.892021160565264
2_0_47_11_2_16.txt,2,0,47,0_47,19,PLOK,17472,20,20,-108.0,-5.0,11,2,66,-105.63108011106354,-105.63108011106354,-105.60340242625352,-106.0,0.04379025872695375,-106.98019821585925,-105.0,51.96,-96.03264923140938,-9.59843087965416
2_0_48_11_2_16.txt,2,0,48,0_48,0,PLOK,17472,1,1,-98.0,5.0,11,2,66,-98.98332828563338,-98.98332828563338,-98.8791578212664,-99.0,0.3014193924175128,-100.95049553964812,-96.0,55.35,-96.82656820834944,-2.156760077283934
2_0_48_11_2_16.txt,2,0,48,0_48,1,PLOK,17472,2,2,-95.0,7.0,11,2,66,-97.06938615297943,-97.06938615297943,-97.16630481573563,-97.0,0.5348540648683511,-101.0,-95.35168829775246,55.35,-96.82656820834944,-0.24281794462999073
2_0_48_11_2_16.txt,2,0,48,0_48,2,PLOK,17472,3,3,-95.0,7.0,11,2,66,-96.65825777805087,-96.65825777805087,-96.59158587019735,-97.0,0.14143915744708224,-97.56629255251845,-95.0,55.35,-96.82656820834944,0.1683104302985754
2_0_48_11_2_16.txt,2,0,48,0_48,3,PLOK,17472,4,4,-95.0,7.0,11,2,66,-97.10640517384759,-97.10640517384759,-96.90868372746829,-97.0,0.750981528208521,-103.0,-96.33859273695651,55.35,-96.82656820834944,-0.2798369654981485
2_0_48_11_2_16.txt,2,0,48,0_48,4,PLOK,17472,5,5,-94.0,8.0,11,2,66,-96.75764483026191,-96.75764483026191,-96.70586467832763,-97.0,0.4745655517375546,-100.95049553964812,-95.99120077126985,55.35,-96.82656820834944,0.06892337808753268
2_0_48_11_2_16.txt,2,0,48,0_48,5,PLOK,17472,6,6,-95.0,7.0,11,2,66,-96.5884425628301,-96.5884425628301,-96.45925974693156,-96.0,0.79264351532681,-103.0,-95.079207136563,55.35,-96.82656820834944,0.23812564551934656
2_0_48_11_2_16.txt,2,0,48,0_48,6,PLOK,17472,7,7,-95.0,8.0,11,2,66,-96.56496691633237,-96.56496691633237,-96.62469435510164,-97.0,0.26535256091205056,-97.33657908743528,-95.0,55.35,-96.82656820834944,0.26160129201707605
2_0_48_11_2_16.txt,2,0,48,0_48,7,PLOK,17472,8,8,-95.0,7.0,11,2,66,-96.72792655480107,-96.72792655480107,-96.50737637696218,-96.0,0.5735295822345001,-101.0,-96.02057755836128,55.35,-96.82656820834944,0.09864165354836985
2_0_48_11_2_16.txt,2,0,48,0_48,8,PLOK,17472,9,9,-95.0,7.0,11,2,66,-97.02178791238613,-97.02178791238613,-96.92757348508869,-97.0,0.49171477023465493,-100.94059464757774,-95.0,55.35,-96.82656820834944,-0.1952197040366883
2_0_48_11_2_16.txt,2,0,48,0_48,9,PLOK,17472,10,10,-94.0,7.0,11,2,66,-96.6109185178738,-96.6109185178738,-96.50859194306508,-97.0,0.5743784764140172,-101.0,-95.0199066969794,55.35,-96.82656820834944,0.21564969047564375
2_0_48_11_2_16.txt,2,0,48,0_48,10,PLOK,17472,11,11,-95.0,8.0,11,2,66,-96.3138192497674,-96.3138192497674,-96.29594248058288,-96.0,0.29993531553066877,-97.17679334019968,-94.00231546736254,55.35,-96.82656820834944,0.5127489585820371
2_0_48_11_2_16.txt,2,0,48,0_48,11,PLOK,17472,12,12,-99.0,3.0,11,2,66,-101.12049511756224,-101.12049511756224,-101.03441124769961,-101.0,0.1929009903593558,-103.0,-100.59820122725365,55.35,-96.82656820834944,-4.2939269092128
2_0_48_11_2_16.txt,2,0,48,0_48,12,PLOK,17472,13,13,-98.0,5.0,11,2,66,-99.74725122814301,-99.74725122814301,-99.66301626895444,-100.0,0.18292264342005607,-100.98019821585925,-99.0,55.35,-96.82656820834944,-2.9206830197935716
2_0_48_11_2_16.txt,2,0,48,0_48,13,PLOK,17472,14,14,-99.0,5.0,11,2,66,-99.43536588570083,-99.43536588570083,-99.41921999789841,-99.0,0.4415262748301786,-104.0,-98.02983545730379,55.35,-96.82656820834944,-2.60879767735139
2_0_48_11_2_16.txt,2,0,48,0_48,14,PLOK,17472,15,15,-95.0,6.0,11,2,66,-99.07856608211519,-99.07856608211519,-98.81813716649248,-99.0,0.4041623983038103,-100.25248183783646,-98.0,55.35,-96.82656820834944,-2.2519978737657453
2_0_48_11_2_16.txt,2,0,48,0_48,15,PLOK,17472,16,16,-95.0,7.0,11,2,66,-98.28043407268251,-98.28043407268251,-98.07259232300983,-98.0,0.87351347433966,-103.0,-97.27609780317631,55.35,-96.82656820834944,-1.4538658643330677
2_0_48_11_2_16.txt,2,0,48,0_48,16,PLOK,17472,17,17,-98.0,5.0,11,2,66,-99.94643971387286,-99.94643971387286,-99.92034706907768,-100.0,0.13494809757443185,-100.97029732378887,-98.0,55.35,-96.82656820834944,-3.1198715055234203
2_0_48_11_2_16.txt,2,0,48,0_48,17,PLOK,17472,18,18,-98.0,5.0,11,2,66,-99.45492551334632,-99.45492551334632,-99.45213503829818,-99.0,0.33086728142524535,-103.0,-98.01625381476592,55.35,-96.82656820834944,-2.6283573049968822
2_0_48_11_2_16.txt,2,0,48,0_48,18,PLOK,17472,19,19,-99.0,5.0,11,2,66,-99.68014195477788,-99.68014195477788,-99.64006826186039,-100.0,0.2902731803533056,-100.7199466396183,-97.0,55.35,-96.82656820834944,-2.853573746428438
2_0_48_11_2_16.txt,2,0,48,0_48,19,PLOK,17472,20,20,-96.0,5.0,11,2,66,-99.60347052837069,-99.60347052837069,-99.41436609919202,-99.0,0.55834404218007,-104.0,-99.05018758615174,55.35,-96.82656820834944,-2.77690232002125
2_0_49_11_2_16.txt,2,0,49,0_49,0,PLOK,17472,1,1,-98.0,5.0,11,2,66,-99.91660689138259,-99.91660689138259,-99.7943787343037,-100.0,0.31903793683454973,-101.2734179791163,-99.0,58.74,-97.57327847637687,-2.3433284150057148
2_0_49_11_2_16.txt,2,0,49,0_49,1,PLOK,17472,2,2,-99.0,3.0,11,2,66,-100.92310031473305,-100.92310031473305,-100.68307805722276,-101.0,0.3980833842328574,-104.0,-100.22057233676009,58.74,-97.57327847637687,-3.3498218383561778
2_0_49_11_2_16.txt,2,0,49,0_49,2,PLOK,17472,3,3,-99.0,4.0,11,2,66,-100.87122716971047,-100.87122716971047,-100.91647414053614,-101.0,0.6982721828315227,-104.94059464757774,-99.0,58.74,-97.57327847637687,-3.297948693333595
2_0_49_11_2_16.txt,2,0,49,0_49,3,PLOK,17472,4,4,-100.0,3.0,11,2,66,-101.03889120649256,-101.03889120649256,-100.9919608882346,-101.0,0.8937654584415329,-108.0,-99.54201578026178,58.74,-97.57327847637687,-3.4656127301156943
2_0_49_11_2_16.txt,2,0,49,0_49,4,PLOK,17472,5,5,-96.0,5.0,11,2,66,-98.66026422260978,-98.66026422260978,-98.68857911209537,-99.0,0.2191648487843979,-99.4234826249268,-97.0033177828299,58.74,-97.57327847637687,-1.0869857462329122
2_0_49_11_2_16.txt,2,0,49,0_49,5,PLOK,17472,6,6,-96.0,7.0,11,2,66,-98.79128904815289,-98.79128904815289,-98.63763308340847,-99.0,0.3723812943968583,-101.0,-98.03372636599678,58.74,-97.57327847637687,-1.21801057177602
2_0_49_11_2_16.txt,2,0,49,0_49,6,PLOK,17472,7,7,-93.0,7.0,11,2,66,-96.4216225450091,-96.4216225450091,-96.34220532534135,-96.0,0.20229825742976892,-97.97029732378887,-95.0,58.74,-97.57327847637687,1.1516559313677703
2_0_49_11_2_16.txt,2,0,49,0_49,7,PLOK,17472,8,8,-95.0,6.0,11,2,66,-98.068677416763,-98.068677416763,-97.8643915777292,-98.0,0.5852226012143597,-103.0,-96.687122780739,58.74,-97.57327847637687,-0.4953989403861243
2_0_49_11_2_16.txt,2,0,49,0_49,8,PLOK,17472,9,9,-94.0,7.0,11,2,66,-96.15220353622894,-96.15220353622894,-96.14326671826626,-96.0,0.17644823235169285,-96.86812269188341,-95.0,58.74,-97.57327847637687,1.421074940147932
2_0_49_11_2_16.txt,2,0,49,0_49,9,PLOK,17472,10,10,-96.0,6.0,11,2,66,-98.38540574784366,-98.38540574784366,-98.19496239344842,-98.0,0.5169175382687389,-103.0,-97.6831347991419,58.74,-97.57327847637687,-0.8121272714667924
2_0_49_11_2_16.txt,2,0,49,0_49,10,PLOK,17472,11,11,-98.0,4.0,11,2,66,-98.99458753011321,-98.99458753011321,-99.0070798988298,-99.0,0.20078872642460618,-101.9603964317185,-98.0,58.74,-97.57327847637687,-1.421309053736337
2_0_49_11_2_16.txt,2,0,49,0_49,11,PLOK,17472,12,12,-96.0,6.0,11,2,66,-98.78193216528913,-98.78193216528913,-98.67306236001045,-99.0,0.7754174487002731,-105.0,-97.9189152771135,58.74,-97.57327847637687,-1.208653688912264
2_0_49_11_2_16.txt,2,0,49,0_49,12,PLOK,17472,13,13,-99.0,4.0,11,2,66,-101.69615745484863,-101.69615745484863,-101.74084737411192,-101.0,0.5901049539260007,-102.98031307773212,-100.38799753988353,58.74,-97.57327847637687,-4.1228789784717605
2_0_49_11_2_16.txt,2,0,49,0_49,13,PLOK,17472,14,14,-94.0,7.0,11,2,66,-95.11194870122321,-95.11194870122321,-94.99811967538386,-95.0,0.8439719301723984,-101.0,-94.3392577467126,58.74,-97.57327847637687,2.461329775153658
2_0_49_11_2_16.txt,2,0,49,0_49,14,PLOK,17472,15,15,-92.0,7.0,11,2,66,-94.40553276818939,-94.40553276818939,-94.27808743588749,-94.0,0.31451092137854236,-95.9603964317185,-92.0,58.74,-97.57327847637687,3.167745708187482
2_0_49_11_2_16.txt,2,0,49,0_49,15,PLOK,17472,16,16,-93.0,7.0,11,2,66,-94.74669249666313,-94.74669249666313,-94.49259483267232,-94.0,0.869902025945381,-101.0,-93.35832386341227,58.74,-97.57327847637687,2.826585979713741
2_0_49_11_2_16.txt,2,0,49,0_49,16,PLOK,17472,17,17,-93.0,7.0,11,2,66,-94.51271348748934,-94.51271348748934,-94.53600493927459,-95.0,0.26050356911120776,-95.52878961009253,-93.0,58.74,-97.57327847637687,3.060564988887535
2_0_49_11_2_16.txt,2,0,49,0_49,17,PLOK,17472,18,18,-92.0,7.0,11,2,66,-94.90633416348048,-94.90633416348048,-94.42430674548689,-94.0,1.100411686597907,-101.0,-94.11109327768216,58.74,-97.57327847637687,2.6669443128963906
2_0_49_11_2_16.txt,2,0,49,0_49,18,PLOK,17472,19,19,-93.0,7.0,11,2,66,-94.58477805635653,-94.58477805635653,-94.53139231590862,-95.0,0.2238422697875179,-95.9603964317185,-92.0,58.74,-97.57327847637687,2.988500420020344
2_0_49_11_2_16.txt,2,0,49,0_49,19,PLOK,17472,20,20,-93.0,7.0,11,2,66,-94.49643757120167,-94.49643757120167,-94.33237617727227,-94.0,0.6793494373095436,-100.0,-93.02322447980931,58.74,-97.57327847637687,3.076840905175203
2_0_50_11_2_16.txt,2,0,50,0_50,0,PLOK,17472,1,1,-90.0,9.0,11,2,66,-91.72648304969623,-91.72648304969623,-91.42083269595702,-91.0,1.2872863802462,-99.0,-90.02986004546912,62.13,-98.27808065001761,6.5515976003213865
2_0_50_11_2_16.txt,2,0,50,0_50,1,PLOK,17472,2,2,-90.0,9.0,11,2,66,-91.04345421598772,-91.04345421598772,-91.0647921776915,-91.0,0.26856537667007163,-91.88159040591783,-89.0,62.13,-98.27808065001761,7.234626434029892
2_0_50_11_2_16.txt,2,0,50,0_50,2,PLOK,17472,3,3,-88.0,9.0,11,2,66,-90.2252263171882,-90.2252263171882,-89.97165361662476,-90.0,1.0530356598729793,-97.0,-88.69208583216424,62.13,-98.27808065001761,8.052854332829412
2_0_50_11_2_16.txt,2,0,50,0_50,3,PLOK,17472,4,4,-88.0,10.0,11,2,66,-90.20422595835768,-90.20422595835768,-90.0793616205589,-90.0,0.2830025598778575,-91.9603964317185,-88.0,62.13,-98.27808065001761,8.073854691659932
2_0_50_11_2_16.txt,2,0,50,0_50,4,PLOK,17472,5,5,-89.0,9.0,11,2,66,-90.55782217396693,-90.55782217396693,-90.5007172585571,-91.0,0.8206165203175038,-97.0,-89.02654226263921,62.13,-98.27808065001761,7.720258476050688
2_0_50_11_2_16.txt,2,0,50,0_50,5,PLOK,17472,6,6,-89.0,9.0,11,2,66,-90.09085435721681,-90.09085435721681,-90.13899308977192,-90.0,0.32316962228211993,-90.94855464904477,-88.0,62.13,-98.27808065001761,8.187226292800801
2_0_50_11_2_16.txt,2,0,50,0_50,6,PLOK,17472,7,7,-88.0,8.0,11,2,66,-90.30674214620664,-90.30674214620664,-89.93581884840707,-90.0,1.2378141142955066,-97.0,-89.3123601582139,62.13,-98.27808065001761,7.971338503810969
2_0_50_11_2_16.txt,2,0,50,0_50,7,PLOK,17472,8,8,-91.0,8.0,11,2,66,-93.82178285706442,-93.82178285706442,-93.71603599403483,-94.0,0.7129918566443811,-97.94059464757774,-92.0,62.13,-98.27808065001761,4.456297792953194
2_0_50_11_2_16.txt,2,0,50,0_50,8,PLOK,17472,9,9,-90.0,9.0,11,2,66,-90.58504659759889,-90.58504659759889,-90.48864014991852,-90.0,0.7784248012396334,-97.0,-89.51099252945113,62.13,-98.27808065001761,7.693034052418724
2_0_50_11_2_16.txt,2,0,50,0_50,9,PLOK,17472,10,10,-90.0,9.0,11,2,66,-91.44169091634926,-91.44169091634926,-91.36101576217297,-91.0,0.291042326926576,-92.76640889463602,-89.0,62.13,-98.27808065001761,6.836389733668355
2_0_50_11_2_16.txt,2,0,50,0_50,10,PLOK,17472,11,11,-89.0,9.0,11,2,66,-91.3331090197304,-91.3331090197304,-91.12287826101635,-91.0,1.297708432939775,-97.0,-90.29955807225136,62.13,-98.27808065001761,6.944971630287213
2_0_50_11_2_16.txt,2,0,50,0_50,11,PLOK,17472,12,12,-90.0,9.0,11,2,66,-91.99309705786078,-91.99309705786078,-91.99476521194276,-92.0,0.43126069862421795,-94.95049553964812,-90.0,62.13,-98.27808065001761,6.284983592156834
2_0_50_11_2_16.txt,2,0,50,0_50,12,PLOK,17472,13,13,-91.0,8.0,11,2,66,-94.1892067994187,-94.1892067994187,-94.04794650078877,-94.0,1.3980491558847534,-101.0,-92.89319734452522,62.13,-98.27808065001761,4.088873850598915
2_0_50_11_2_16.txt,2,0,50,0_50,13,PLOK,17472,14,14,-90.0,9.0,11,2,66,-90.68307011747255,-90.68307011747255,-90.58442066487154,-91.0,0.4394172437135664,-92.0654094177317,-88.0,62.13,-98.27808065001761,7.595010532545061
2_0_50_11_2_16.txt,2,0,50,0_50,14,PLOK,17472,15,15,-89.0,9.0,11,2,66,-91.4923928854211,-91.4923928854211,-91.12131994910048,-91.0,1.2497280683936856,-97.0,-90.5372711779636,62.13,-98.27808065001761,6.785687764596517
2_0_50_11_2_16.txt,2,0,50,0_50,15,PLOK,17472,16,16,-89.0,9.0,11,2,66,-91.60620750534801,-91.60620750534801,-91.50157311595004,-92.0,0.3213552478764622,-94.95049553964812,-90.0,62.13,-98.27808065001761,6.671873144669604
2_0_50_11_2_16.txt,2,0,50,0_50,16,PLOK,17472,17,17,-90.0,9.0,11,2,66,-91.16410048199646,-91.16410048199646,-90.91060132279407,-91.0,1.3027868601026948,-99.0,-89.04972576217298,62.13,-98.27808065001761,7.113980168021158
2_0_50_11_2_16.txt,2,0,50,0_50,17,PLOK,17472,18,18,-89.0,9.0,11,2,66,-90.68965795722659,-90.68965795722659,-90.6908021264425,-91.0,0.4540272459507542,-91.9620048385637,-89.0,62.13,-98.27808065001761,7.588422692791028
2_0_50_11_2_16.txt,2,0,50,0_50,18,PLOK,17472,19,19,-89.0,10.0,11,2,66,-91.86752812821527,-91.86752812821527,-91.51275670067571,-91.0,1.2487258974778908,-97.0,-90.5186617655449,62.13,-98.27808065001761,6.4105525218023445
2_0_50_11_2_16.txt,2,0,50,0_50,19,PLOK,17472,20,20,-89.0,9.0,11,2,66,-90.24638874336348,-90.24638874336348,-90.18211621548522,-90.0,0.41604272262764364,-93.94059464757774,-88.0,62.13,-98.27808065001761,8.031691906654132
2_0_50_11_2_16.txt,2,0,50,0_50,20,PLOK,17472,21,21,-90.0,9.0,11,2,66,-91.56785420868826,-91.56785420868826,-91.5377409537615,-92.0,1.1172245326111843,-99.0,-89.36495942907206,62.13,-98.27808065001761,6.710226441329354
2_0_51_11_2_16.txt,2,0,51,0_51,0,PLOK,17472,1,1,-105.0,-3.0,11,2,66,-104.11241224262294,-104.11241224262294,-104.12043863506969,-104.0,0.03350251075483197,-104.33650036509657,-103.00990089207038,65.52,-98.9454298662733,-5.166982376349637
2_0_51_11_2_16.txt,2,0,51,0_51,1,PLOK,17472,2,2,-104.0,-2.0,11,2,66,-104.4185112736144,-104.4185112736144,-104.47508546116362,-104.0,0.11883117105660589,-105.0,-102.02970267621113,65.52,-98.9454298662733,-5.473081407341098
2_0_51_11_2_16.txt,2,0,51,0_51,2,PLOK,17472,3,3,-104.0,-2.0,11,2,66,-104.50128586443613,-104.50128586443613,-104.51171869279949,-105.0,0.07612899547621063,-105.98019821585925,-104.0,65.52,-98.9454298662733,-5.555855998162826
2_0_51_11_2_16.txt,2,0,51,0_51,3,PLOK,17472,4,4,-114.0,-9.0,11,2,66,-106.56760276333135,-106.56760276333135,-106.6915929337757,-107.0,0.14440422728698638,-106.98841192269653,-105.0,65.52,-98.9454298662733,-7.62217289705805
2_0_51_11_2_16.txt,2,0,51,0_51,4,PLOK,17472,5,5,-104.0,-2.0,11,2,66,-104.3769567783402,-104.3769567783402,-104.41268993114332,-104.0,0.07826433726134488,-104.78693046345302,-103.00990089207038,65.52,-98.9454298662733,-5.4315269120669
2_0_51_11_2_16.txt,2,0,51,0_51,5,PLOK,17472,6,6,-105.0,-2.0,11,2,66,-105.29948125905436,-105.29948125905436,-105.20426202146751,-105.0,0.0441526315662934,-106.0,-105.00990089207038,65.52,-98.9454298662733,-6.354051392781059
2_0_51_11_2_16.txt,2,0,51,0_51,6,PLOK,17472,7,7,-109.0,-5.0,11,2,66,-105.43945362552142,-105.43945362552142,-105.40183134719898,-105.0,0.06801327386083096,-107.0,-105.11185027496707,65.52,-98.9454298662733,-6.4940237592481225
2_0_51_11_2_16.txt,2,0,51,0_51,7,PLOK,17472,8,8,-105.0,-2.0,11,2,66,-104.24314118538967,-104.24314118538967,-104.25708839235239,-104.0,0.16242962496096472,-107.0,-103.51665066400476,65.52,-98.9454298662733,-5.297711319116374
2_0_51_11_2_16.txt,2,0,51,0_51,8,PLOK,17472,9,9,-107.0,-4.0,11,2,66,-104.4282146610874,-104.4282146610874,-104.35809100599056,-104.0,0.2667374459448343,-105.17864659324945,-103.0,65.52,-98.9454298662733,-5.482784794814094
2_0_51_11_2_16.txt,2,0,51,0_51,9,PLOK,17472,10,10,-105.0,-2.0,11,2,66,-104.592498799496,-104.592498799496,-104.59309870795312,-105.0,0.07781815231086744,-106.0,-104.00181128856133,65.52,-98.9454298662733,-5.647068933222698
2_0_51_11_2_16.txt,2,0,51,0_51,10,PLOK,17472,11,11,-103.0,0.0,11,2,66,-103.8713087603521,-103.8713087603521,-103.91963957234381,-104.0,0.06153811127329443,-105.0,-103.33841716643285,65.52,-98.9454298662733,-4.925878894078792
2_0_51_11_2_16.txt,2,0,51,0_51,11,PLOK,17472,12,12,-108.0,-5.0,11,2,66,-105.5512790313813,-105.5512790313813,-105.56117611489346,-106.0,0.06115840822386669,-106.0,-104.67019876720589,65.52,-98.9454298662733,-6.605849165107998
2_0_51_11_2_16.txt,2,0,51,0_51,12,PLOK,17472,13,13,-108.0,-4.0,11,2,66,-105.28210202613188,-105.28210202613188,-105.32256205631042,-105.0,0.02440459031427626,-105.53037383639615,-104.6672160837596,65.52,-98.9454298662733,-6.33667215985858
2_0_51_11_2_16.txt,2,0,51,0_51,13,PLOK,17472,14,14,-111.0,-7.0,11,2,66,-105.60522928630647,-105.60522928630647,-105.5061835116725,-106.0,0.14599646690090148,-107.0,-105.0099451524346,65.52,-98.9454298662733,-6.659799420033167
2_0_51_11_2_16.txt,2,0,51,0_51,14,PLOK,17472,15,15,-108.0,-4.0,11,2,66,-105.53834758330936,-105.53834758330936,-105.55824248277924,-106.0,0.07807840565508099,-106.06582740977419,-104.0,65.52,-98.9454298662733,-6.592917717036059
2_0_51_11_2_16.txt,2,0,51,0_51,15,PLOK,17472,16,16,-107.0,-4.0,11,2,66,-105.11823076365192,-105.11823076365192,-105.0576762346502,-105.0,0.08524062426300447,-107.0,-104.83747685092523,65.52,-98.9454298662733,-6.172800897378622
2_0_51_11_2_16.txt,2,0,51,0_51,16,PLOK,17472,17,17,-106.0,-2.0,11,2,66,-105.31412866672119,-105.31412866672119,-105.49654884171441,-106.0,0.23294890002503357,-105.99009910792962,-103.50620327639963,65.52,-98.9454298662733,-6.368698800447888
2_0_51_11_2_16.txt,2,0,51,0_51,17,PLOK,17472,18,18,-107.0,-4.0,11,2,66,-104.91471660801378,-104.91471660801378,-104.94871514981267,-105.0,0.0648609799023181,-105.14507678936044,-103.01980178414075,65.52,-98.9454298662733,-5.969286741740476
2_0_51_11_2_16.txt,2,0,51,0_51,18,PLOK,17472,19,19,-108.0,-4.0,11,2,66,-105.25417547965624,-105.25417547965624,-105.21189553832625,-105.0,0.09330935396335778,-105.98019821585925,-104.0,65.52,-98.9454298662733,-6.308745613382939
2_0_51_11_2_16.txt,2,0,51,0_51,19,PLOK,17472,20,20,-108.0,-4.0,11,2,66,-105.29770856350734,-105.29770856350734,-105.37422384769278,-105.0,0.08980548484288488,-106.0,-104.00944291726407,65.52,-98.9454298662733,-6.352278697234041
2_0_51_11_2_16.txt,2,0,51,0_51,20,PLOK,17472,21,21,-101.0,1.0,11,2,66,-104.02236804399396,-104.02236804399396,-104.23009535039142,-104.0,0.2018129967648464,-104.98019821585925,-102.99866258514903,65.52,-98.9454298662733,-5.076938177720663
2_0_52_11_2_16.txt,2,0,52,0_52,0,PLOK,17472,1,1,-117.0,-12.0,11,2,66,-107.2703932433001,-107.2703932433001,-107.2015927691274,-107.0,0.1636355808396036,-108.2586462973383,-106.00990089207038,68.91,-99.57910655428732,-7.6912866890127844
2_0_52_11_2_16.txt,2,0,52,0_52,1,PLOK,17472,2,2,-115.0,-10.0,11,2,66,-106.77928723703134,-106.77928723703134,-106.80174147258809,-107.0,0.04152695997157081,-107.20081232675288,-106.0,68.91,-99.57910655428732,-7.200180682744019
2_0_52_11_2_16.txt,2,0,52,0_52,2,PLOK,17472,3,3,-113.0,-9.0,11,2,66,-106.78291939814433,-106.78291939814433,-106.60445102393916,-107.0,0.14103899613585397,-107.99851348976236,-106.34531044592664,68.91,-99.57910655428732,-7.203812843857008
2_0_52_11_2_16.txt,2,0,52,0_52,3,PLFL,17472,4,3,-126.0,-19.0,11,2,66,-107.14309338464965,-107.14309338464965,-107.11309161373009,-107.0,0.10806824429997318,-107.86971641528298,-106.56110422202941,68.91,-99.57910655428732,-7.5639868303623246
2_0_52_11_2_16.txt,2,0,52,0_52,4,PLOK,17472,5,4,-116.0,-11.0,11,2,66,-106.5873626678109,-106.5873626678109,-106.62435547258232,-107.0,0.042492082376959055,-106.924188299539,-106.0,68.91,-99.57910655428732,-7.008256113523572
2_0_52_11_2_16.txt,2,0,52,0_52,5,PLOK,17472,6,5,-116.0,-9.0,11,2,66,-107.85864372668158,-107.85864372668158,-107.82781247591487,-108.0,0.09300822559704988,-109.0,-107.01980178414075,68.91,-99.57910655428732,-8.279537172394257
2_0_52_11_2_16.txt,2,0,52,0_52,6,PLOK,17472,7,6,-115.0,-10.0,11,2,66,-106.5615094519088,-106.5615094519088,-106.67462920893057,-107.0,0.11374518651431263,-107.0,-105.00944291726407,68.91,-99.57910655428732,-6.982402897621483
2_0_52_11_2_16.txt,2,0,52,0_52,7,PLOK,17472,8,7,-118.0,-13.0,11,2,66,-107.94009809639374,-107.94009809639374,-107.8393227567138,-108.0,0.08950606122933868,-108.71683208741507,-107.00447034104677,68.91,-99.57910655428732,-8.360991542106419
2_0_52_11_2_16.txt,2,0,52,0_52,8,PLOK,17472,9,8,-116.0,-11.0,11,2,66,-106.77226784801363,-106.77226784801363,-106.7976517043557,-107.0,0.021708836873205316,-107.13213156183252,-106.0,68.91,-99.57910655428732,-7.193161293726305
2_0_52_11_2_16.txt,2,0,52,0_52,9,PLOK,17472,10,9,-112.0,-8.0,11,2,66,-107.14643229652746,-107.14643229652746,-107.00647677839561,-107.0,0.3467772501221382,-109.0,-106.35985423106779,68.91,-99.57910655428732,-7.567325742240143
2_0_52_11_2_16.txt,2,0,52,0_52,10,PLOK,17472,11,10,-112.0,-7.0,11,2,66,-106.72956332831824,-106.72956332831824,-106.7843673310632,-107.0,0.03580069207844946,-106.9988115832336,-105.99949776482947,68.91,-99.57910655428732,-7.150456774030914
2_0_52_11_2_16.txt,2,0,52,0_52,11,PLOK,17472,12,11,-114.0,-10.0,11,2,66,-106.30035304808702,-106.30035304808702,-106.42404778586297,-107.0,0.14970745978622277,-106.75605921984277,-105.16491326851812,68.91,-99.57910655428732,-6.721246493799697
2_0_52_11_2_16.txt,2,0,52,0_52,12,PLOK,17472,13,12,-113.0,-8.0,11,2,66,-107.13202980562237,-107.13202980562237,-107.08310870232997,-107.0,0.10070318408315608,-109.0,-106.62963597399818,68.91,-99.57910655428732,-7.552923251335045
2_0_52_11_2_16.txt,2,0,52,0_52,13,PLOK,17472,14,13,-115.0,-10.0,11,2,66,-106.88223207954047,-106.88223207954047,-106.89915051084003,-107.0,0.01246501696100784,-107.14692617185034,-106.50024301210672,68.91,-99.57910655428732,-7.303125525253151
2_0_52_11_2_16.txt,2,0,52,0_52,14,PLOK,17472,15,14,-113.0,-9.0,11,2,66,-107.45037337405728,-107.45037337405728,-107.23648859870072,-107.0,0.29200240876160427,-108.4294045330331,-106.0,68.91,-99.57910655428732,-7.871266819769957
2_0_52_11_2_16.txt,2,0,52,0_52,15,PLOK,17472,16,15,-114.0,-8.0,11,2,66,-107.27338081856797,-107.27338081856797,-107.19915572372035,-107.0,0.09054589565661628,-108.98019821585925,-106.9865183645725,68.91,-99.57910655428732,-7.694274264280651
2_0_52_11_2_16.txt,2,0,52,0_52,16,PLOK,17472,17,16,-116.0,-11.0,11,2,66,-106.64640895618216,-106.64640895618216,-106.45664169691638,-106.0,0.25249718904830726,-108.9603964317185,-105.0,68.91,-99.57910655428732,-7.067302401894835
2_0_52_11_2_16.txt,2,0,52,0_52,17,PLOK,17472,18,17,-113.0,-8.0,11,2,66,-107.57327316091006,-107.57327316091006,-107.63521601242496,-108.0,0.06449657185663007,-108.00755518658062,-106.50223517052339,68.91,-99.57910655428732,-7.994166606622741
2_0_52_11_2_16.txt,2,0,52,0_52,18,PLOK,17472,19,18,-115.0,-11.0,11,2,66,-106.24716281264709,-106.24716281264709,-106.20361103487477,-106.0,0.04369652758527183,-107.0,-105.01980178414075,68.91,-99.57910655428732,-6.668056258359769
2_0_52_11_2_16.txt,2,0,52,0_52,19,PLOK,17472,20,19,-114.0,-9.0,11,2,66,-107.13631321990277,-107.13631321990277,-107.129565435557,-107.0,0.09487898822851111,-108.98019821585925,-106.55232649453872,68.91,-99.57910655428732,-7.557206665615453
2_0_53_11_2_16.txt,2,0,53,0_53,0,PLOK,17472,1,1,-125.0,-19.0,11,2,66,-107.73122442304442,-107.73122442304442,-107.77611438815072,-108.0,0.14929827598567336,-108.33501031881772,-105.01980178414075,72.3,-100.18234615449293,-7.548878268551491
2_0_53_11_2_16.txt,2,0,53,0_53,1,PLOK,17472,2,2,-122.0,-18.0,11,2,66,-107.0651850804832,-107.0651850804832,-106.95380466729867,-107.0,0.27919649636112603,-109.0,-106.46905386379646,72.3,-100.18234615449293,-6.882838925990271
2_0_53_11_2_16.txt,2,0,53,0_53,2,PLFL,17472,3,2,-122.0,-18.0,11,2,66,-106.34985561827372,-106.34985561827372,-106.27064792427853,-106.0,0.18560309833785,-108.9603964317185,-105.0,72.3,-100.18234615449293,-6.167509463780789
2_0_53_11_2_16.txt,2,0,53,0_53,3,PLFL,17472,4,2,-126.0,-20.0,11,2,66,-107.28444647680394,-107.28444647680394,-107.47116839020171,-108.0,0.35744748612766297,-108.01582236858947,-105.99949776482947,72.3,-100.18234615449293,-7.102100322311003
2_0_53_11_2_16.txt,2,0,53,0_53,4,PLFL,17472,5,2,-124.0,-20.0,11,2,66,-106.3780183441296,-106.3780183441296,-106.37223961566526,-106.0,0.032868362696778876,-107.0,-106.0783534183654,72.3,-100.18234615449293,-6.195672189636667
2_0_53_11_2_16.txt,2,0,53,0_53,5,PLOK,17472,6,3,-125.0,-19.0,11,2,66,-107.67216474087432,-107.67216474087432,-107.7485951108946,-108.0,0.14417239814604943,-108.13477904706733,-106.00990089207038,72.3,-100.18234615449293,-7.489818586381389
2_0_53_11_2_16.txt,2,0,53,0_53,6,PLOK,17472,7,4,-122.0,-17.0,11,2,66,-106.8299946779236,-106.8299946779236,-106.70113238616686,-107.0,0.17367103640953926,-108.98019821585925,-106.32269595995487,72.3,-100.18234615449293,-6.647648523430661
2_1_16_11_2_16.txt,2,1,16,1_16,0,PLOK,17472,1,1,-96.0,3.0,11,2,66,-98.28498823959175,-98.28498823959175,-98.41364598455853,-98.0,0.19953924772098303,-98.90192460957724,-96.6672160837596,55.24,-93.45766722754868,-4.827321012043072
2_1_16_11_2_16.txt,2,1,16,1_16,1,PLOK,17472,2,2,-96.0,3.0,11,2,66,-98.84499171050878,-98.84499171050878,-98.72081681501975,-99.0,0.14671273382409308,-100.0,-98.33741485096549,55.24,-93.45766722754868,-5.387324482960096
2_1_16_11_2_16.txt,2,1,16,1_16,2,PLOK,17472,3,3,-95.0,3.0,11,2,66,-98.89949459298194,-98.89949459298194,-98.86223586518743,-99.0,0.1369837954794793,-99.99009910792962,-98.00198036797893,55.24,-93.45766722754868,-5.441827365433255
2_1_16_11_2_16.txt,2,1,16,1_16,3,PLOK,17472,4,4,-98.0,3.0,11,2,66,-98.74124539434547,-98.74124539434547,-98.63842029244853,-99.0,0.3428506030863141,-103.0,-98.04950446035188,55.24,-93.45766722754868,-5.2835781667967865
2_1_16_11_2_16.txt,2,1,16,1_16,4,PLOK,17472,5,5,-96.0,4.0,11,2,66,-97.4039891265776,-97.4039891265776,-97.39663506845469,-97.0,0.8840346806201178,-98.99009910792962,-95.28412634985972,55.24,-93.45766722754868,-3.9463218990289164
2_1_16_11_2_16.txt,2,1,16,1_16,5,PLOK,17472,6,6,-96.0,3.0,11,2,66,-99.04778967333505,-99.04778967333505,-98.83002245398113,-99.0,0.47879842339881756,-102.98019821585925,-98.39732314623258,55.24,-93.45766722754868,-5.590122445786363
2_1_16_11_2_16.txt,2,1,16,1_16,6,PLOK,17472,7,7,-98.0,3.0,11,2,66,-98.85358958693773,-98.85358958693773,-98.85858615061994,-99.0,0.06242363275850519,-99.98019821585925,-98.0,55.24,-93.45766722754868,-5.395922359389047
2_1_16_11_2_16.txt,2,1,16,1_16,7,PLOK,17472,8,8,-96.0,3.0,11,2,66,-98.43488325170921,-98.43488325170921,-98.46482938936626,-98.0,0.4265433061855188,-103.0,-97.47520404758453,55.24,-93.45766722754868,-4.977216024160526
2_1_16_11_2_16.txt,2,1,16,1_16,8,PLOK,17472,9,9,-96.0,3.0,11,2,66,-98.77942408905824,-98.77942408905824,-98.85490067256055,-99.0,0.3485237437970476,-99.45048222064688,-96.0,55.24,-93.45766722754868,-5.321756861509556
2_1_16_11_2_16.txt,2,1,16,1_16,9,PLOK,17472,10,10,-96.0,3.0,11,2,66,-99.09664879195819,-99.09664879195819,-98.96307203340666,-99.0,0.4310274492381871,-103.0,-98.3718826976518,55.24,-93.45766722754868,-5.638981564409505
2_1_16_11_2_16.txt,2,1,16,1_16,10,PLOK,17472,11,11,-96.0,3.0,11,2,66,-98.64675789178341,-98.64675789178341,-98.60830828022327,-99.0,0.11995742051659011,-99.98019821585925,-97.99899552965894,55.24,-93.45766722754868,-5.189090664234726
2_1_16_11_2_16.txt,2,1,16,1_16,11,PLOK,17472,12,12,-96.0,4.0,11,2,66,-98.89223735413616,-98.89223735413616,-98.79934024691866,-99.0,0.4621150691530497,-103.0,-97.02983545730379,55.24,-93.45766722754868,-5.434570126587474
2_1_16_11_2_16.txt,2,1,16,1_16,12,PLOK,17472,13,13,-96.0,3.0,11,2,66,-98.98981761680932,-98.98981761680932,-98.9373894338859,-99.0,0.11599023223534687,-99.64677299950169,-97.99933278391623,55.24,-93.45766722754868,-5.532150389260636
2_1_16_11_2_16.txt,2,1,16,1_16,13,PLOK,17472,14,14,-96.0,3.0,11,2,66,-99.00116747021481,-99.00116747021481,-98.91661966786043,-99.0,0.7085369608700329,-103.0,-98.06462889932347,55.24,-93.45766722754868,-5.543500242666127
2_1_16_11_2_16.txt,2,1,16,1_16,14,PLOK,17472,15,15,-96.0,3.0,11,2,66,-98.94236552825377,-98.94236552825377,-98.84784783314187,-99.0,0.3793523082589204,-102.95049553964812,-98.0,55.24,-93.45766722754868,-5.484698300705091
2_1_16_11_2_16.txt,2,1,16,1_16,15,PLOK,17472,16,16,-96.0,3.0,11,2,66,-98.9808880087822,-98.9808880087822,-98.89052876567123,-99.0,0.3200980498689504,-103.0,-98.02486288108649,55.24,-93.45766722754868,-5.523220781233519
2_1_16_11_2_16.txt,2,1,16,1_16,16,PLOK,17472,17,17,-98.0,3.0,11,2,66,-98.74497750627188,-98.74497750627188,-98.77517325959867,-99.0,0.13600902477161073,-99.34997015721899,-97.0,55.24,-93.45766722754868,-5.287310278723197
2_1_16_11_2_16.txt,2,1,16,1_16,17,PLOK,17472,18,18,-96.0,4.0,11,2,66,-98.29609596982925,-98.29609596982925,-97.97124439752133,-98.0,0.697762518505422,-101.0,-97.23169637367224,55.24,-93.45766722754868,-4.83842874228057
2_1_16_11_2_16.txt,2,1,16,1_16,18,PLOK,17472,19,19,-96.0,4.0,11,2,66,-98.78795021800872,-98.78795021800872,-98.80049207578548,-99.0,0.12405453089129244,-99.97029732378887,-97.0,55.24,-93.45766722754868,-5.330282990460034
2_1_16_11_2_16.txt,2,1,16,1_16,19,PLOK,17472,20,20,-96.0,4.0,11,2,66,-98.77308507109339,-98.77308507109339,-98.6436337098021,-99.0,0.3666247182922393,-103.0,-98.01592169806575,55.24,-93.45766722754868,-5.315417843544708
2_1_16_11_2_16.txt,2,1,16,1_16,20,PLOK,17472,21,21,-98.0,3.0,11,2,66,-98.9549061480913,-98.9549061480913,-98.83928509848677,-99.0,0.09159144393726704,-99.70423807133932,-98.0,55.24,-93.45766722754868,-5.497238920542614
2_1_16_11_2_16.txt,2,1,16,1_16,21,PLOK,17472,22,22,-94.0,6.0,11,2,66,-97.14875158979362,-97.14875158979362,-97.10826724801676,-97.0,0.873276315061159,-101.0,-95.85503344964252,55.24,-93.45766722754868,-3.6910843622449363
2_1_17_11_2_16.txt,2,1,17,1_17,0,PLOK,17472,1,1,-96.0,4.0,11,2,66,-98.91367491460316,-98.91367491460316,-98.77971501743707,-99.0,0.36610380251762115,-103.0,-98.34736819945519,51.85,-92.66211617627918,-6.251558738323979
2_1_17_11_2_16.txt,2,1,17,1_17,1,PLOK,17472,2,2,-95.0,6.0,11,2,66,-97.13982136435857,-97.13982136435857,-97.03192573021514,-97.0,0.1609145529506526,-98.3003826915907,-96.0,51.85,-92.66211617627918,-4.4777051880793834
2_1_17_11_2_16.txt,2,1,17,1_17,2,PLOK,17472,3,3,-98.0,4.0,11,2,66,-97.7290565933868,-97.7290565933868,-97.57126534151104,-97.0,0.7427759130803734,-101.0,-95.83752649145269,51.85,-92.66211617627918,-5.066940417107617
2_1_17_11_2_16.txt,2,1,17,1_17,3,PLOK,17472,4,4,-96.0,5.0,11,2,66,-98.5062220496768,-98.5062220496768,-98.48539062808234,-98.0,0.16965990461919236,-100.9603964317185,-97.0,51.85,-92.66211617627918,-5.844105873397609
2_1_17_11_2_16.txt,2,1,17,1_17,4,PLOK,17472,5,5,-98.0,4.0,11,2,66,-98.85352790303081,-98.85352790303081,-98.74409504542248,-99.0,0.5123867003382944,-103.0,-97.52709805160988,51.85,-92.66211617627918,-6.191411726751625
2_1_17_11_2_16.txt,2,1,17,1_17,5,PLOK,17472,6,6,-96.0,4.0,11,2,66,-98.46431246086462,-98.46431246086462,-98.49494504164161,-99.0,0.127468491145634,-99.11729524300915,-97.0,51.85,-92.66211617627918,-5.802196284585435
2_1_17_11_2_16.txt,2,1,17,1_17,6,PLOK,17472,7,7,-94.0,6.0,11,2,66,-96.58479069624296,-96.58479069624296,-96.4612573321728,-96.0,0.4902289355088731,-101.0,-95.94613817394546,51.85,-92.66211617627918,-3.9226745199637776
2_1_17_11_2_16.txt,2,1,17,1_17,7,PLOK,17472,8,8,-94.0,6.0,11,2,66,-96.48780275890445,-96.48780275890445,-96.37275405649837,-96.0,0.4119863152333045,-99.9603964317185,-95.79181299199476,51.85,-92.66211617627918,-3.8256865826252664
2_1_17_11_2_16.txt,2,1,17,1_17,8,PLOK,17472,9,9,-94.0,6.0,11,2,66,-96.74852116965671,-96.74852116965671,-96.68737198593121,-97.0,0.42489801650520304,-101.0,-95.6838049979091,51.85,-92.66211617627918,-4.086404993377528
2_1_17_11_2_16.txt,2,1,17,1_17,9,PLOK,17472,10,10,-98.0,3.0,11,2,66,-100.78574630211263,-100.78574630211263,-100.97931921152048,-101.0,1.0554996429267638,-101.9163179063942,-96.0,51.85,-92.66211617627918,-8.123630125833444
2_1_17_11_2_16.txt,2,1,17,1_17,10,PLOK,17472,11,11,-93.0,6.0,11,2,66,-95.83055894162932,-95.83055894162932,-95.6196033849956,-96.0,0.40460438613623884,-100.0,-95.3236713943724,51.85,-92.66211617627918,-3.168442765350136
2_1_17_11_2_16.txt,2,1,17,1_17,11,PLOK,17472,12,12,-93.0,6.0,11,2,66,-94.71081972591172,-94.71081972591172,-94.70881470828004,-95.0,0.15677623389062353,-95.97029732378887,-93.0,51.85,-92.66211617627918,-2.0487035496325348
2_1_17_11_2_16.txt,2,1,17,1_17,12,PLOK,17472,13,13,-94.0,6.0,11,2,66,-96.33288616457362,-96.33288616457362,-96.1982771875884,-96.0,0.5666089433803897,-100.0,-94.02983545730379,51.85,-92.66211617627918,-3.6707699882944382
2_1_17_11_2_16.txt,2,1,17,1_17,13,PLOK,17472,14,14,-94.0,6.0,11,2,66,-95.97400653174634,-95.97400653174634,-95.94924250855951,-96.0,0.06410951413043277,-96.57803444848575,-95.0,51.85,-92.66211617627918,-3.311890355467156
2_1_17_11_2_16.txt,2,1,17,1_17,14,PLOK,17472,15,15,-93.0,5.0,11,2,66,-96.16407264851301,-96.16407264851301,-95.92703153401483,-96.0,0.5864508706034197,-101.0,-95.3503508829015,51.85,-92.66211617627918,-3.5019564722338288
2_1_17_11_2_16.txt,2,1,17,1_17,15,PLOK,17472,16,16,-93.0,6.0,11,2,66,-95.7840439262611,-95.7840439262611,-95.41206384713601,-95.0,0.9998507274829606,-97.87453200702515,-93.0,51.85,-92.66211617627918,-3.1219277499819214
2_1_17_11_2_16.txt,2,1,17,1_17,16,PLOK,17472,17,17,-95.0,6.0,11,2,66,-96.60136209504195,-96.60136209504195,-96.45834069243051,-96.0,0.4444803596705913,-101.0,-95.05940535242226,51.85,-92.66211617627918,-3.939245918762765
2_1_17_11_2_16.txt,2,1,17,1_17,17,PLOK,17472,18,18,-95.0,6.0,11,2,66,-96.91243048427464,-96.91243048427464,-96.95717834420518,-97.0,0.1881786510734767,-97.55731749509685,-95.0,51.85,-92.66211617627918,-4.250314307995453
2_1_17_11_2_16.txt,2,1,17,1_17,18,PLOK,17472,19,19,-95.0,5.0,11,2,66,-97.86814082808687,-97.86814082808687,-97.68524794932299,-98.0,0.5444334817352509,-103.0,-97.3389345311752,51.85,-92.66211617627918,-5.206024651807681
2_1_17_11_2_16.txt,2,1,17,1_17,19,PLOK,17472,20,20,-95.0,5.0,11,2,66,-97.78565671445504,-97.78565671445504,-97.7187964422415,-98.0,0.25924651637988416,-100.9603964317185,-97.0,51.85,-92.66211617627918,-5.12354053817586
2_1_17_11_2_16.txt,2,1,17,1_17,20,PLOK,17472,21,21,-94.0,5.0,11,2,66,-95.63805308369066,-95.63805308369066,-95.44337271010112,-95.0,0.5457140541951877,-101.0,-94.687122780739,51.85,-92.66211617627918,-2.97593690741148
2_1_18_11_2_16.txt,2,1,18,1_18,0,PLOK,17472,1,1,-94.0,7.0,11,2,66,-99.15176374574776,-99.15176374574776,-98.08967657656035,-97.0,8.25337126524209,-110.26243722778052,-96.34703310007158,48.46,-91.81275377177322,-7.339009973974541
2_1_18_11_2_16.txt,2,1,18,1_18,1,PLOK,17472,2,2,-94.0,7.0,11,2,66,-96.83806181026932,-96.83806181026932,-96.61349806344809,-96.0,0.44835355429196216,-98.9603964317185,-95.0,48.46,-91.81275377177322,-5.025308038496107
2_1_18_11_2_16.txt,2,1,18,1_18,2,PLOK,17472,3,3,-95.0,6.0,11,2,66,-97.83743824192685,-97.83743824192685,-97.57325766677744,-98.0,0.6620081542065855,-103.0,-96.35500608058236,48.46,-91.81275377177322,-6.02468447015363
2_1_18_11_2_16.txt,2,1,18,1_18,3,PLOK,17472,4,4,-96.0,6.0,11,2,66,-97.67944871235271,-97.67944871235271,-97.66650706596837,-98.0,0.12165522623381049,-98.32887401101702,-96.0,48.46,-91.81275377177322,-5.866694940579492
2_1_18_11_2_16.txt,2,1,18,1_18,4,PLOK,17472,5,5,-95.0,6.0,11,2,66,-97.8614594346058,-97.8614594346058,-97.6550094637533,-98.0,0.6426947668999698,-103.0,-97.33026152124825,48.46,-91.81275377177322,-6.048705662832589
2_1_18_11_2_16.txt,2,1,18,1_18,5,PLOK,17472,6,6,-95.0,6.0,11,2,66,-97.90884857631032,-97.90884857631032,-97.70802291113918,-98.0,0.3740194880755174,-99.09918156724449,-96.0,48.46,-91.81275377177322,-6.096094804537103
2_1_18_11_2_16.txt,2,1,18,1_18,6,PLOK,17472,7,7,-96.0,6.0,11,2,66,-98.3881475030532,-98.3881475030532,-98.29590153140892,-98.0,0.601534418618856,-103.0,-97.02983545730379,48.46,-91.81275377177322,-6.575393731279988
2_1_18_11_2_16.txt,2,1,18,1_18,7,PLOK,17472,8,8,-95.0,5.0,11,2,66,-97.94048114711745,-97.94048114711745,-97.8142381021836,-98.0,0.26959371588082054,-99.0280753878391,-96.01980178414075,48.46,-91.81275377177322,-6.127727375344236
2_1_18_11_2_16.txt,2,1,18,1_18,8,PLOK,17472,9,9,-95.0,5.0,11,2,66,-98.3126484355759,-98.3126484355759,-98.16329632415162,-98.0,0.5300091271491587,-103.0,-97.62531165236167,48.46,-91.81275377177322,-6.499894663802678
2_1_18_11_2_16.txt,2,1,18,1_18,9,PLOK,17472,10,10,-95.0,5.0,11,2,66,-98.20294680889316,-98.20294680889316,-98.09869933458262,-98.0,0.3914593744334132,-100.95049553964812,-96.0,48.46,-91.81275377177322,-6.390193037119943
2_1_18_11_2_16.txt,2,1,18,1_18,10,PLOK,17472,11,11,-96.0,5.0,11,2,66,-97.77477796655396,-97.77477796655396,-97.67264206426677,-98.0,0.5516884506915565,-103.0,-96.53207062782718,48.46,-91.81275377177322,-5.962024194780739
2_1_18_11_2_16.txt,2,1,18,1_18,11,PLOK,17472,12,12,-96.0,5.0,11,2,66,-97.76220244475526,-97.76220244475526,-97.75222082023967,-98.0,0.08267907939262402,-98.40332610882304,-97.0,48.46,-91.81275377177322,-5.949448672982044
2_1_18_11_2_16.txt,2,1,18,1_18,12,PLOK,17472,13,13,-95.0,6.0,11,2,66,-98.2716707193744,-98.2716707193744,-98.00070808796596,-98.0,0.5842815985019396,-103.0,-97.56988415232735,48.46,-91.81275377177322,-6.458916947601182
2_1_18_11_2_16.txt,2,1,18,1_18,13,PLOK,17472,14,14,-95.0,5.0,11,2,66,-98.20663067850282,-98.20663067850282,-98.14020141614536,-98.0,0.20161084602375676,-100.9603964317185,-97.0,48.46,-91.81275377177322,-6.393876906729602
2_1_18_11_2_16.txt,2,1,18,1_18,14,PLOK,17472,15,15,-96.0,6.0,11,2,66,-98.16474659118015,-98.16474659118015,-97.95731525679045,-98.0,0.6330903367133183,-103.0,-96.06930624449262,48.46,-91.81275377177322,-6.351992819406931
2_1_18_11_2_16.txt,2,1,18,1_18,15,PLOK,17472,16,16,-95.0,6.0,11,2,66,-98.00131148761042,-98.00131148761042,-97.94366844680303,-98.0,0.14422007714975066,-98.82614036037052,-97.0033177828299,48.46,-91.81275377177322,-6.188557715837206
2_1_18_11_2_16.txt,2,1,18,1_18,16,PLOK,17472,17,17,-95.0,5.0,11,2,66,-98.42488987044003,-98.42488987044003,-98.26025327516149,-98.0,0.5102996382374403,-103.0,-97.6831347991419,48.46,-91.81275377177322,-6.612136098666809
2_1_18_11_2_16.txt,2,1,18,1_18,17,PLOK,17472,18,18,-96.0,5.0,11,2,66,-98.49842394132759,-98.49842394132759,-98.33130827890139,-98.0,0.22900839932597,-99.98019821585925,-97.83845472801808,48.46,-91.81275377177322,-6.6856701695543705
2_1_18_11_2_16.txt,2,1,18,1_18,18,PLOK,17472,19,19,-95.0,6.0,11,2,66,-97.91178707754467,-97.91178707754467,-97.65219771678434,-98.0,0.6433636026875769,-103.0,-97.00576555765669,48.46,-91.81275377177322,-6.0990333057714565
2_1_18_11_2_16.txt,2,1,18,1_18,19,PLOK,17472,20,20,-96.0,6.0,11,2,66,-97.77708567806529,-97.77708567806529,-97.77049279047708,-98.0,0.11559102570521636,-98.38006733454614,-96.0,48.46,-91.81275377177322,-5.964331906292074
2_1_18_11_2_16.txt,2,1,18,1_18,20,PLOK,17472,21,21,-95.0,6.0,11,2,66,-97.57564844840589,-97.57564844840589,-97.29018199143745,-97.0,0.7568646181849754,-103.0,-97.01190694545446,48.46,-91.81275377177322,-5.762894676632669
2_1_19_11_2_16.txt,2,1,19,1_19,0,PLOK,17472,1,1,-88.0,8.0,11,2,66,-89.73792222215462,-89.73792222215462,-89.6383003249498,-90.0,0.7097393947042266,-95.0,-87.6904405635689,45.07,-90.90176883488573,1.1638466127311062
2_1_19_11_2_16.txt,2,1,19,1_19,1,PLOK,17472,2,2,-88.0,8.0,11,2,66,-90.03972021578454,-90.03972021578454,-89.90593584375873,-90.0,0.5957585688027265,-91.66411561886903,-87.99899768453264,45.07,-90.90176883488573,0.8620486191011878
2_1_19_11_2_16.txt,2,1,19,1_19,2,PLOK,17472,3,3,-89.0,8.0,11,2,66,-91.35472320582832,-91.35472320582832,-91.07787357084538,-91.0,0.8389014005581474,-97.0,-90.70515568184368,45.07,-90.90176883488573,-0.4529543709425923
2_1_19_11_2_16.txt,2,1,19,1_19,3,PLOK,17472,4,4,-89.0,9.0,11,2,66,-91.0257106736026,-91.0257106736026,-90.8929932467764,-91.0,0.3891280140687006,-92.9603964317185,-89.0,45.07,-90.90176883488573,-0.12394183871687403
2_1_19_11_2_16.txt,2,1,19,1_19,4,PLOK,17472,5,5,-90.0,8.0,11,2,66,-91.16759092647503,-91.16759092647503,-90.9479554865402,-91.0,1.111401060216215,-97.0,-89.02654226263921,45.07,-90.90176883488573,-0.2658220915892997
2_1_19_11_2_16.txt,2,1,19,1_19,5,PLOK,17472,6,6,-91.0,8.0,11,2,66,-92.33718354010921,-92.33718354010921,-92.37791683802396,-92.0,0.18954711634504692,-93.12557462746015,-90.99949776482947,45.07,-90.90176883488573,-1.4354147052234794
2_1_19_11_2_16.txt,2,1,19,1_19,6,PLOK,17472,7,7,-90.0,7.0,11,2,66,-92.72186834978329,-92.72186834978329,-92.51109886832253,-92.0,0.8749807065740223,-99.0,-92.03463120363233,45.07,-90.90176883488573,-1.8200995148975636
2_1_19_11_2_16.txt,2,1,19,1_19,7,PLOK,17472,8,8,-91.0,8.0,11,2,66,-92.79602906948294,-92.79602906948294,-92.68197577585084,-93.0,0.4865670693634424,-94.9603964317185,-91.0,45.07,-90.90176883488573,-1.894260234597212
2_1_19_11_2_16.txt,2,1,19,1_19,8,PLOK,17472,9,9,-90.0,8.0,11,2,66,-91.92392382166395,-91.92392382166395,-91.73558089499994,-92.0,1.0074928541318438,-99.0,-90.69375834639881,45.07,-90.90176883488573,-1.0221549867782187
2_1_19_11_2_16.txt,2,1,19,1_19,9,PLOK,17472,10,10,-90.0,8.0,11,2,66,-91.49120586506392,-91.49120586506392,-91.484222163853,-92.0,0.35788133446351306,-92.6865001044495,-89.6672160837596,45.07,-90.90176883488573,-0.589437030178189
2_1_19_11_2_16.txt,2,1,19,1_19,10,PLOK,17472,11,11,-89.0,8.0,11,2,66,-92.01729887069591,-92.01729887069591,-91.62147334805394,-91.0,1.3417652515226777,-99.0,-90.95500212505172,45.07,-90.90176883488573,-1.1155300358101812
2_1_19_11_2_16.txt,2,1,19,1_19,11,PLOK,17472,12,12,-90.0,9.0,11,2,66,-91.50235510436626,-91.50235510436626,-91.40523392890884,-91.0,0.2677977551391697,-92.9603964317185,-89.0,45.07,-90.90176883488573,-0.6005862694805302
2_1_19_11_2_16.txt,2,1,19,1_19,12,PLOK,17472,13,13,-91.0,8.0,11,2,66,-91.97046200009217,-91.97046200009217,-91.73742011997008,-92.0,0.6703408282941867,-97.0,-90.35500608058236,45.07,-90.90176883488573,-1.0686931652064402
2_1_19_11_2_16.txt,2,1,19,1_19,13,PLOK,17472,14,14,-90.0,8.0,11,2,66,-91.63849567243346,-91.63849567243346,-91.49427343914894,-91.0,0.33110401490381275,-92.7111905572282,-90.0,45.07,-90.90176883488573,-0.7367268375477352
2_1_19_11_2_16.txt,2,1,19,1_19,14,PLOK,17472,15,15,-89.0,9.0,11,2,66,-91.763990101851,-91.763990101851,-91.57728468331243,-92.0,1.0712189486881945,-99.0,-91.02486974840465,45.07,-90.90176883488573,-0.862221266965264
2_1_19_11_2_16.txt,2,1,19,1_19,15,PLOK,17472,16,16,-89.0,8.0,11,2,66,-91.82539792546224,-91.82539792546224,-91.69273566489915,-92.0,0.6773902522744807,-95.93069375550738,-89.0,45.07,-90.90176883488573,-0.9236290905765117
2_1_19_11_2_16.txt,2,1,19,1_19,16,PLOK,17472,17,17,-90.0,8.0,11,2,66,-91.37448849078704,-91.37448849078704,-91.23982588019823,-91.0,1.0251047782681133,-99.0,-90.36164164624216,45.07,-90.90176883488573,-0.47271965590131515
2_1_19_11_2_16.txt,2,1,19,1_19,17,PLOK,17472,18,18,-91.0,8.0,11,2,66,-91.07661738625522,-91.07661738625522,-91.12335833725314,-91.0,0.3390768808069926,-91.9651024332097,-89.0,45.07,-90.90176883488573,-0.17484855136949307
2_1_19_11_2_16.txt,2,1,19,1_19,18,PLOK,17472,19,19,-89.0,9.0,11,2,66,-90.2667649103968,-90.2667649103968,-89.95960751414663,-90.0,1.048428896683312,-97.0,-89.68374337552909,45.07,-90.90176883488573,0.6350039244889274
2_1_19_11_2_16.txt,2,1,19,1_19,19,PLOK,17472,20,20,-89.0,9.0,11,2,66,-90.71774094969773,-90.71774094969773,-90.51078384437605,-90.0,0.4677897242868808,-92.9603964317185,-89.0,45.07,-90.90176883488573,0.1840278851880015
2_1_19_11_2_16.txt,2,1,19,1_19,20,PLOK,17472,21,21,-89.0,9.0,11,2,66,-90.34205601960863,-90.34205601960863,-90.3087234360363,-90.0,0.8378817342121783,-97.0,-89.02654226263921,45.07,-90.90176883488573,0.5597128152770949
2_1_20_11_2_16.txt,2,1,20,1_20,0,PLOK,17472,1,1,-87.0,8.0,11,2,66,-89.04993911542412,-89.04993911542412,-88.96526482418338,-89.0,0.8063294001499588,-95.0,-87.6904405635689,41.68,-89.91951536065577,0.8695762452316416
2_1_20_11_2_16.txt,2,1,20,1_20,1,PLOK,17472,2,2,-88.0,8.0,11,2,66,-90.04965534969824,-90.04965534969824,-89.85855206414257,-90.0,0.494478495517221,-91.32513727095979,-88.0,41.68,-89.91951536065577,-0.13013998904247615
2_1_20_11_2_16.txt,2,1,20,1_20,2,PLOK,17472,3,3,-90.0,8.0,11,2,66,-92.23276042047942,-92.23276042047942,-91.74821696043541,-92.0,1.9588209383513477,-99.0,-91.12141874088036,41.68,-89.91951536065577,-2.3132450598236574
2_1_20_11_2_16.txt,2,1,20,1_20,3,PLOK,17472,4,4,-86.0,8.0,11,2,66,-87.91907033906672,-87.91907033906672,-87.67680990970356,-88.0,0.5778858517945619,-90.94059464757774,-85.0,41.68,-89.91951536065577,2.0004450215890444
2_1_20_11_2_16.txt,2,1,20,1_20,4,PLOK,17472,5,5,-88.0,7.0,11,2,66,-88.84619322251918,-88.84619322251918,-88.62646983967761,-88.0,1.0500403798601055,-94.0,-87.02322447980931,41.68,-89.91951536065577,1.0733221381365894
2_1_20_11_2_16.txt,2,1,20,1_20,5,PLOK,17472,6,6,-86.0,8.0,11,2,66,-87.2596634458946,-87.2596634458946,-87.22248738469779,-87.0,0.3367384466371117,-88.44301225245194,-85.0,41.68,-89.91951536065577,2.6598519147611626
2_1_20_11_2_16.txt,2,1,20,1_20,6,PLOK,17472,7,7,-84.0,9.0,11,2,66,-85.25972410859849,-85.25972410859849,-84.9411872993916,-85.0,1.4082188594771985,-93.0,-84.3980630455132,41.68,-89.91951536065577,4.659791252057275
2_1_20_11_2_16.txt,2,1,20,1_20,7,PLOK,17472,8,8,-87.0,8.0,11,2,66,-88.38283959490548,-88.38283959490548,-88.2223867341136,-88.0,0.5573241573081522,-90.9603964317185,-87.0,41.68,-89.91951536065577,1.5366757657502887
2_1_20_11_2_16.txt,2,1,20,1_20,8,PLOK,17472,9,9,-86.0,8.0,11,2,66,-87.29199717118348,-87.29199717118348,-87.26047163332922,-87.0,0.8719506766192833,-94.0,-86.0262071632556,41.68,-89.91951536065577,2.6275181894722834
2_1_20_11_2_16.txt,2,1,20,1_20,9,PLOK,17472,10,10,-87.0,9.0,11,2,66,-87.21273216372649,-87.21273216372649,-87.23425234795532,-87.0,0.3020094035440138,-88.25713692157233,-85.6672160837596,41.68,-89.91951536065577,2.7067831969292797
2_1_20_11_2_16.txt,2,1,20,1_20,10,PLOK,17472,11,11,-87.0,8.0,11,2,66,-88.69522603374764,-88.69522603374764,-88.4189156289522,-88.0,0.910142281963512,-95.0,-88.00132335588742,41.68,-89.91951536065577,1.2242893269081208
2_1_20_11_2_16.txt,2,1,20,1_20,11,PLOK,17472,12,12,-89.0,9.0,11,2,66,-90.43402583973304,-90.43402583973304,-90.14619010053008,-90.0,0.6159361877235794,-92.95049553964812,-88.0,41.68,-89.91951536065577,-0.5145104790772734
2_1_20_11_2_16.txt,2,1,20,1_20,12,PLOK,17472,13,13,-91.0,8.0,11,2,66,-92.0087221862884,-92.0087221862884,-91.92156888193563,-92.0,0.5141526543696844,-97.0,-90.53156839265665,41.68,-89.91951536065577,-2.0892068256326297
2_1_20_11_2_16.txt,2,1,20,1_20,13,PLOK,17472,14,14,-90.0,8.0,11,2,66,-92.46921840141195,-92.46921840141195,-92.44981980774803,-92.0,0.3796082745119558,-93.65476568712249,-91.0,41.68,-89.91951536065577,-2.549703040756185
2_1_20_11_2_16.txt,2,1,20,1_20,14,PLOK,17472,15,15,-90.0,9.0,11,2,66,-91.91125156324304,-91.91125156324304,-91.64141729271887,-92.0,1.0968432606311385,-99.0,-91.19716249056614,41.68,-89.91951536065577,-1.9917362025872762
2_1_20_11_2_16.txt,2,1,20,1_20,15,PLOK,17472,16,16,-90.0,8.0,11,2,66,-91.60057049511342,-91.60057049511342,-91.52567259629453,-92.0,0.2726757363553586,-93.95049553964812,-89.0,41.68,-89.91951536065577,-1.681055134457651
2_1_20_11_2_16.txt,2,1,20,1_20,16,PLOK,17472,17,17,-93.0,6.0,11,2,66,-98.59602630629163,-98.59602630629163,-98.8163224506184,-99.0,1.6721934417433066,-101.0,-95.35168829775246,41.68,-89.91951536065577,-8.676510945635869
2_1_20_11_2_16.txt,2,1,20,1_20,17,PLOK,17472,18,18,-91.0,8.0,11,2,66,-92.46786740370227,-92.46786740370227,-92.45724857582815,-92.0,0.2736085144431257,-93.5036054729792,-90.6672160837596,41.68,-89.91951536065577,-2.5483520430465063
2_1_20_11_2_16.txt,2,1,20,1_20,18,PLOK,17472,19,19,-89.0,9.0,11,2,66,-90.45279233106388,-90.45279233106388,-90.55751697325708,-91.0,1.4770352506269955,-97.0,-86.79449805786287,41.68,-89.91951536065577,-0.5332769704081102
2_1_20_11_2_16.txt,2,1,20,1_20,19,PLOK,17472,20,20,-89.0,9.0,11,2,66,-91.40941813768927,-91.40941813768927,-91.30669935177997,-91.0,0.4204145001158045,-93.95049553964812,-89.0,41.68,-89.91951536065577,-1.4899027770335067
2_1_20_11_2_16.txt,2,1,20,1_20,20,PLOK,17472,21,21,-87.0,7.0,11,2,66,-88.73330465325958,-88.73330465325958,-88.59560372961282,-89.0,0.9240194741838846,-95.0,-87.02654226263921,41.68,-89.91951536065577,1.1862107073961852
2_1_21_11_2_16.txt,2,1,21,1_21,0,PLOK,17472,3,3,-83.0,9.0,11,2,66,-87.70114617196198,-87.70114617196198,-87.45790771487347,-89.0,3.7904191765912087,-97.0,-84.71623679040874,38.29,-88.85388866608062,1.152742494118641
2_1_21_11_2_16.txt,2,1,21,1_21,1,PLOK,17472,4,4,-85.0,9.0,11,2,66,-84.40987457838423,-84.40987457838423,-84.44794166837829,-84.0,0.15630954974418332,-85.15195943447596,-83.0,38.29,-88.85388866608062,4.444014087696388
2_1_21_11_2_16.txt,2,1,21,1_21,2,PLOK,17472,5,5,-88.0,8.0,11,2,66,-89.08231262122968,-89.08231262122968,-88.98125797255433,-89.0,0.4884884254752096,-94.0,-88.17318155146056,38.29,-88.85388866608062,-0.22842395514905434
2_1_21_11_2_16.txt,2,1,21,1_21,3,PLOK,17472,6,6,-85.0,9.0,11,2,66,-86.3557593730974,-86.3557593730974,-86.20928840992393,-86.0,0.3399210897467455,-88.9603964317185,-85.0,38.29,-88.85388866608062,2.498129292983222
2_1_21_11_2_16.txt,2,1,21,1_21,4,PLOK,17472,7,7,-86.0,8.0,11,2,66,-87.12207200178902,-87.12207200178902,-86.9111085639474,-87.0,0.8879259729954662,-93.0,-86.02322447980931,38.29,-88.85388866608062,1.7318166642915997
2_1_21_11_2_16.txt,2,1,21,1_21,5,PLOK,17472,8,8,-84.0,9.0,11,2,66,-85.26455374070581,-85.26455374070581,-85.26877765073559,-85.0,0.31237120978529015,-86.42145376885605,-84.0,38.29,-88.85388866608062,3.589334925374814
2_1_21_11_2_16.txt,2,1,21,1_21,6,PLOK,17472,9,9,-84.0,10.0,11,2,66,-84.96238600677363,-84.96238600677363,-84.77382049022056,-85.0,1.1357566144781164,-93.0,-84.3603042313912,38.29,-88.85388866608062,3.891502659306994
2_1_21_11_2_16.txt,2,1,21,1_21,7,PLOK,17472,10,10,-84.0,10.0,11,2,66,-85.13166218909225,-85.13166218909225,-84.80711674356284,-85.0,0.5358532202393265,-87.95049553964812,-83.0,38.29,-88.85388866608062,3.722226476988368
2_1_21_11_2_16.txt,2,1,21,1_21,8,PLOK,17472,11,11,-83.0,7.0,11,2,66,-83.59601325084886,-83.59601325084886,-83.28162474620444,-83.0,1.2180897467864182,-91.0,-81.6970761292287,38.29,-88.85388866608062,5.257875415231766
2_1_21_11_2_16.txt,2,1,21,1_21,9,PLOK,17472,12,12,-84.0,9.0,11,2,66,-83.83591800423514,-83.83591800423514,-83.85743248324746,-84.0,0.23636346102485511,-84.9369625417691,-82.0,38.29,-88.85388866608062,5.017970661845482
2_1_21_11_2_16.txt,2,1,21,1_21,10,PLOK,17472,13,13,-83.0,8.0,11,2,66,-83.3960511218236,-83.3960511218236,-83.16587387794623,-83.0,0.6947779668780272,-89.0,-82.02088474949099,38.29,-88.85388866608062,5.457837544257018
2_1_21_11_2_16.txt,2,1,21,1_21,11,PLOK,17472,14,14,-82.0,9.0,11,2,66,-83.65380986846232,-83.65380986846232,-83.51294900592318,-83.0,0.4635624498725859,-84.9603964317185,-81.0,38.29,-88.85388866608062,5.200078797618303
2_1_21_11_2_16.txt,2,1,21,1_21,12,PLOK,17472,15,15,-83.0,8.0,11,2,66,-83.40170071708154,-83.40170071708154,-83.2750015178986,-83.0,1.0167342278971956,-91.0,-82.34589456854822,38.29,-88.85388866608062,5.452187948999082
2_1_21_11_2_16.txt,2,1,21,1_21,13,PLOK,17472,16,16,-83.0,10.0,11,2,66,-84.1095774398196,-84.1095774398196,-84.09502374586515,-84.0,0.46511331319599797,-85.50010899892176,-82.0,38.29,-88.85388866608062,4.7443112262610185
2_1_21_11_2_16.txt,2,1,21,1_21,14,PLOK,17472,17,17,-82.0,8.0,11,2,66,-81.92799649111318,-81.92799649111318,-81.77679653623723,-82.0,0.9188476817888712,-88.0,-81.27642333752169,38.29,-88.85388866608062,6.925892174967444
2_1_21_11_2_16.txt,2,1,21,1_21,15,PLOK,17472,18,18,-83.0,9.0,11,2,66,-83.75246638556652,-83.75246638556652,-83.61241014305297,-84.0,0.4126966355534243,-86.95049553964812,-82.0,38.29,-88.85388866608062,5.1014222805141
2_1_21_11_2_16.txt,2,1,21,1_21,16,PLOK,17472,19,19,-82.0,7.0,11,2,66,-83.04302418986939,-83.04302418986939,-83.00637357846425,-83.0,0.6343992350534097,-89.0,-82.02322447980931,38.29,-88.85388866608062,5.810864476211236
2_1_21_11_2_16.txt,2,1,21,1_21,17,PLOK,17472,20,20,-83.0,10.0,11,2,66,-84.05394436326327,-84.05394436326327,-83.97568171019032,-84.0,0.4040255523939353,-85.33208713051809,-82.0,38.29,-88.85388866608062,4.799944302817352
2_1_21_11_2_16.txt,2,1,21,1_21,18,PLOK,17472,21,21,-82.0,8.0,11,2,66,-82.60812283369854,-82.60812283369854,-82.31815371055481,-82.0,0.8855856732011483,-89.0,-81.96997650991982,38.29,-88.85388866608062,6.245765832382077
2_1_22_11_2_16.txt,2,1,22,1_22,0,PLOK,17472,1,1,-81.0,9.0,11,2,66,-80.10848535104115,-80.10848535104115,-80.00201901739862,-80.0,0.3332754415300611,-81.2084439609366,-78.0,34.9,-87.6894115578967,7.580926206855551
2_1_22_11_2_16.txt,2,1,22,1_22,1,PLOK,17472,2,2,-79.0,9.0,11,2,66,-81.20208480847823,-81.20208480847823,-81.02306062476327,-81.0,1.0319861910199488,-88.0,-80.36201302978822,34.9,-87.6894115578967,6.487326749418472
2_1_22_11_2_16.txt,2,1,22,1_22,2,PLOK,17472,3,3,-79.0,9.0,11,2,66,-80.50109497408137,-80.50109497408137,-80.36562867320595,-80.0,0.4564576845396388,-84.94059464757774,-79.0,34.9,-87.6894115578967,7.188316583815336
2_1_22_11_2_16.txt,2,1,22,1_22,3,PLOK,17472,4,4,-81.0,9.0,11,2,66,-80.21356256854308,-80.21356256854308,-80.09027534516048,-80.0,0.9934140675871063,-88.0,-79.36164164624216,34.9,-87.6894115578967,7.475848989353622
2_1_22_11_2_16.txt,2,1,22,1_22,4,PLOK,17472,5,5,-79.0,9.0,11,2,66,-80.08830634512947,-80.08830634512947,-80.15302247881557,-80.0,0.2691723737309797,-80.91654144990119,-78.0,34.9,-87.6894115578967,7.601105212767237
2_1_22_11_2_16.txt,2,1,22,1_22,5,PLOK,17472,6,6,-78.0,10.0,11,2,66,-80.42415513999536,-80.42415513999536,-80.10597696611137,-80.0,1.0042731301044105,-87.0,-79.64334748334238,34.9,-87.6894115578967,7.265256417901341
2_1_22_11_2_16.txt,2,1,22,1_22,6,PLOK,17472,7,7,-79.0,10.0,11,2,66,-80.33795241857084,-80.33795241857084,-80.17860668711455,-80.0,0.39459924108230854,-82.00885810841578,-78.0,34.9,-87.6894115578967,7.351459139325868
2_1_22_11_2_16.txt,2,1,22,1_22,7,PLOK,17472,8,8,-79.0,9.0,11,2,66,-79.64433764852579,-79.64433764852579,-79.48770971499627,-79.0,0.9279806073900082,-87.0,-78.54201578026178,34.9,-87.6894115578967,8.045073909370913
2_1_22_11_2_16.txt,2,1,22,1_22,8,PLOK,17472,9,9,-79.0,9.0,11,2,66,-80.0278135361157,-80.0278135361157,-79.95023757814145,-80.0,0.3555455359557822,-81.21457165033321,-78.0,34.9,-87.6894115578967,7.661598021781003
2_1_22_11_2_16.txt,2,1,22,1_22,9,PLOK,17472,10,10,-78.0,10.0,11,2,66,-80.17287672885374,-80.17287672885374,-79.91642975866728,-80.0,1.0473078373287295,-87.0,-79.33118269795474,34.9,-87.6894115578967,7.516534829042968
2_1_22_11_2_16.txt,2,1,22,1_22,10,PLOK,17472,11,11,-81.0,9.0,11,2,66,-80.21897015865241,-80.21897015865241,-80.11334579724115,-80.0,0.39158883954552576,-81.9603964317185,-78.0,34.9,-87.6894115578967,7.470441399244294
2_1_22_11_2_16.txt,2,1,22,1_22,11,PLOK,17472,12,12,-79.0,9.0,11,2,66,-80.08874101118741,-80.08874101118741,-79.90928659131366,-80.0,1.1145903463760491,-87.0,-78.02885773000176,34.9,-87.6894115578967,7.600670546709296
2_1_22_11_2_16.txt,2,1,22,1_22,12,PLOK,17472,13,13,-79.0,10.0,11,2,66,-79.52790183456378,-79.52790183456378,-79.61188697450783,-80.0,0.21629530663350463,-80.2256756807611,-77.0,34.9,-87.6894115578967,8.161509723332927
2_1_22_11_2_16.txt,2,1,22,1_22,13,PLOK,17472,14,14,-81.0,9.0,11,2,66,-80.60355604362202,-80.60355604362202,-80.24747175401788,-80.0,1.0687147019807441,-87.0,-79.60827445992938,34.9,-87.6894115578967,7.085855514274684
2_1_22_11_2_16.txt,2,1,22,1_22,14,PLOK,17472,15,15,-79.0,10.0,11,2,66,-80.19667534573043,-80.19667534573043,-80.07835883026772,-80.0,0.5282568052653579,-84.93069375550738,-78.0,34.9,-87.6894115578967,7.492736212166278
2_1_22_11_2_16.txt,2,1,22,1_22,15,PLOK,17472,16,16,-81.0,9.0,11,2,66,-79.25360246687336,-79.25360246687336,-79.13498020710176,-79.0,1.1094493743214737,-87.0,-78.02986004546912,34.9,-87.6894115578967,8.435809091023344
2_1_22_11_2_16.txt,2,1,22,1_22,16,PLOK,17472,17,17,-79.0,10.0,11,2,66,-80.80837231606962,-80.80837231606962,-80.76260144849712,-81.0,0.13586491544663307,-81.91723616719243,-80.0,34.9,-87.6894115578967,6.881039241827082
2_1_22_11_2_16.txt,2,1,22,1_22,17,PLOK,17472,18,18,-79.0,9.0,11,2,66,-79.68414780712247,-79.68414780712247,-79.47648704672795,-79.0,0.808965607818382,-86.0,-78.3569864485613,34.9,-87.6894115578967,8.005263750774233
2_1_22_11_2_16.txt,2,1,22,1_22,18,PLOK,17472,19,19,-78.0,9.0,11,2,66,-79.47074196263125,-79.47074196263125,-79.40560873812512,-79.0,0.2971170056139712,-82.95049553964812,-78.0,34.9,-87.6894115578967,8.218669595265453
2_1_22_11_2_16.txt,2,1,22,1_22,19,PLOK,17472,20,20,-78.0,10.0,11,2,66,-79.60476177026727,-79.60476177026727,-79.53573358165724,-80.0,0.729356866858227,-86.0,-78.35832386341227,34.9,-87.6894115578967,8.08464978762943
2_1_22_11_2_16.txt,2,1,22,1_22,20,PLOK,17472,21,21,-78.0,10.0,11,2,66,-78.78190383633932,-78.78190383633932,-78.64113743190775,-79.0,0.5327638783783722,-80.10546236116258,-77.0,34.9,-87.6894115578967,8.90750772155738
2_1_23_11_2_16.txt,2,1,23,1_23,0,PLOK,17472,1,1,-94.0,9.0,11,2,66,-96.00636124339506,-96.00636124339506,-95.97694194222396,-96.0,0.6505249919192094,-100.93069375550738,-94.0,31.51,-86.40585204161172,-9.600509201783339
2_1_23_11_2_16.txt,2,1,23,1_23,1,PLOK,17472,2,2,-84.0,10.0,11,2,66,-83.80083416366524,-83.80083416366524,-83.64705097146947,-84.0,0.972328310536724,-91.0,-82.54201578026178,31.51,-86.40585204161172,2.60501787794648
2_1_23_11_2_16.txt,2,1,23,1_23,2,PLOK,17472,3,3,-84.0,10.0,11,2,66,-83.55673366348695,-83.55673366348695,-83.45183871281682,-83.0,0.3360566315066578,-84.80164576084096,-82.0,31.51,-86.40585204161172,2.8491183781247713
2_1_23_11_2_16.txt,2,1,23,1_23,3,PLOK,17472,4,4,-83.0,9.0,11,2,66,-84.18308502077164,-84.18308502077164,-83.9327685873262,-84.0,1.223795822407388,-91.0,-83.49802665429468,31.51,-86.40585204161172,2.222767020840081
2_1_23_11_2_16.txt,2,1,23,1_23,4,PLOK,17472,5,5,-85.0,10.0,11,2,66,-84.059849567148,-84.059849567148,-83.95302164044637,-84.0,0.42343598055268744,-85.95049553964812,-81.0,31.51,-86.40585204161172,2.3460024744637167
2_1_23_11_2_16.txt,2,1,23,1_23,5,PLOK,17472,6,6,-85.0,9.0,11,2,66,-86.55074139139923,-86.55074139139923,-86.1356493032525,-86.0,1.4342088981308143,-94.0,-85.502659386631,31.51,-86.40585204161172,-0.14488934978750478
2_1_23_11_2_16.txt,2,1,23,1_23,6,PLOK,17472,7,7,-85.0,9.0,11,2,66,-87.18009170922849,-87.18009170922849,-87.11193674759812,-87.0,0.5155239588314633,-88.60683116885363,-85.0,31.51,-86.40585204161172,-0.7742396676167687
2_1_23_11_2_16.txt,2,1,23,1_23,7,PLOK,17472,8,8,-84.0,10.0,11,2,66,-84.77364313322828,-84.77364313322828,-84.58632561672016,-85.0,0.9419084216104476,-91.0,-84.17283826099735,31.51,-86.40585204161172,1.632208908383447
2_1_23_11_2_16.txt,2,1,23,1_23,8,PLOK,17472,9,9,-85.0,10.0,11,2,66,-84.40770749645039,-84.40770749645039,-84.11998711115723,-84.0,0.5890647776772517,-87.95049553964812,-83.0,31.51,-86.40585204161172,1.9981445451613382
2_1_23_11_2_16.txt,2,1,23,1_23,9,PLOK,17472,10,10,-84.0,9.0,11,2,66,-85.00232433823693,-85.00232433823693,-84.76639684826173,-85.0,1.4045128117703765,-93.0,-83.03317782829902,31.51,-86.40585204161172,1.4035277033747917
2_1_23_11_2_16.txt,2,1,23,1_23,10,PLOK,17472,11,11,-86.0,9.0,11,2,66,-84.72109202118425,-84.72109202118425,-84.75843384347888,-85.0,0.35456778502425684,-85.70142954556384,-83.0,31.51,-86.40585204161172,1.6847600204274755
2_1_23_11_2_16.txt,2,1,23,1_23,11,PLOK,17472,12,12,-88.0,8.0,11,2,66,-91.69680682981426,-91.69680682981426,-91.31281040575078,-91.0,2.686273210686976,-99.0,-89.76895579677061,31.51,-86.40585204161172,-5.290954788202541
2_1_23_11_2_16.txt,2,1,23,1_23,12,PLOK,17472,13,13,-87.0,8.0,11,2,66,-86.97521918740063,-86.97521918740063,-87.1195052208407,-87.0,0.8150942273320281,-88.20945521632753,-84.0,31.51,-86.40585204161172,-0.5693671457889025
2_1_23_11_2_16.txt,2,1,23,1_23,13,PLOK,17472,14,14,-85.0,9.0,11,2,66,-85.09485668797203,-85.09485668797203,-85.10952221466653,-85.0,0.8804280249629499,-91.0,-83.02654226263921,31.51,-86.40585204161172,1.3109953536396972
2_1_23_11_2_16.txt,2,1,23,1_23,14,PLOK,17472,15,15,-83.0,10.0,11,2,66,-83.61365513433152,-83.61365513433152,-83.61587203560337,-84.0,0.3249981050794268,-84.58359350829424,-81.0,31.51,-86.40585204161172,2.7921969072802
2_1_23_11_2_16.txt,2,1,23,1_23,15,PLOK,17472,16,16,-83.0,10.0,11,2,66,-84.18922184484322,-84.18922184484322,-83.94983823453921,-84.0,0.9761781147351625,-91.0,-83.55615097879148,31.51,-86.40585204161172,2.216630196768506
2_1_23_11_2_16.txt,2,1,23,1_23,16,PLOK,17472,17,17,-83.0,10.0,11,2,66,-83.95562406631286,-83.95562406631286,-83.85299241599597,-84.0,0.5119885042360939,-88.93069375550738,-82.0,31.51,-86.40585204161172,2.4502279752988585
2_1_23_11_2_16.txt,2,1,23,1_23,17,PLOK,17472,18,18,-85.0,9.0,11,2,66,-83.38148273762174,-83.38148273762174,-83.3519586427555,-83.0,0.6163288880374628,-89.0,-82.17550254913043,31.51,-86.40585204161172,3.0243693039899853
2_1_23_11_2_16.txt,2,1,23,1_23,18,PLOK,17472,19,19,-83.0,10.0,11,2,66,-83.34051594539103,-83.34051594539103,-83.33905082158435,-83.0,0.13060154807022795,-84.13147984733493,-82.0,31.51,-86.40585204161172,3.0653360962206904
2_1_23_11_2_16.txt,2,1,23,1_23,19,PLOK,17472,20,20,-83.0,10.0,11,2,66,-83.65093677785083,-83.65093677785083,-83.37125346082489,-83.0,0.964494505493871,-91.0,-83.02520484778825,31.51,-86.40585204161172,2.7549152637608927
2_1_23_11_2_16.txt,2,1,23,1_23,20,PLOK,17472,21,21,-83.0,9.0,11,2,66,-83.85625384940495,-83.85625384940495,-83.56063273603846,-84.0,0.5167827213538293,-86.95049553964812,-82.0,31.51,-86.40585204161172,2.5495981922067728
2_1_24_11_2_16.txt,2,1,24,1_24,0,PLOK,17472,1,1,-82.0,8.0,11,2,66,-81.4852599253361,-81.4852599253361,-81.3028831303273,-81.0,0.9470713260498427,-88.0,-80.92855369653029,28.12,-84.97605113107122,3.490791205735121
2_1_24_11_2_16.txt,2,1,24,1_24,1,PLOK,17472,2,2,-82.0,8.0,11,2,66,-82.86437036638831,-82.86437036638831,-82.74429996891806,-83.0,0.5461397312199435,-87.93069375550738,-81.0,28.12,-84.97605113107122,2.1116807646829017
2_1_24_11_2_16.txt,2,1,24,1_24,2,PLOK,17472,3,3,-82.0,8.0,11,2,66,-82.31467409124198,-82.31467409124198,-82.05072389769099,-82.0,1.0004646861773872,-89.0,-81.02654226263921,28.12,-84.97605113107122,2.661377039829233
2_1_24_11_2_16.txt,2,1,24,1_24,3,PLOK,17472,4,4,-82.0,8.0,11,2,66,-82.57327140693967,-82.57327140693967,-82.54827667077316,-83.0,0.2526347078512101,-83.40259354566241,-81.0,28.12,-84.97605113107122,2.4027797241315483
2_1_24_11_2_16.txt,2,1,24,1_24,4,PLOK,17472,5,5,-83.0,8.0,11,2,66,-82.69521607084606,-82.69521607084606,-82.54714299111075,-83.0,0.7788397032777011,-88.0,-81.99807094736944,28.12,-84.97605113107122,2.280835060225158
2_1_24_11_2_16.txt,2,1,24,1_24,5,PLOK,17472,6,6,-83.0,8.0,11,2,66,-83.5288437301121,-83.5288437301121,-83.46583903122993,-83.0,0.45585997777658116,-86.94059464757774,-81.0,28.12,-84.97605113107122,1.4472074009591154
2_1_24_11_2_16.txt,2,1,24,1_24,6,PLOK,17472,7,7,-82.0,8.0,11,2,66,-82.89445874547891,-82.89445874547891,-82.8276478418834,-83.0,0.8079537869104166,-89.0,-81.079207136563,28.12,-84.97605113107122,2.0815923855923018
2_1_24_11_2_16.txt,2,1,24,1_24,7,PLOK,17472,8,8,-83.0,8.0,11,2,66,-83.41609444283785,-83.41609444283785,-83.39378626023104,-83.0,0.49209642004111087,-85.00800116834803,-81.0,28.12,-84.97605113107122,1.5599566882333704
2_1_24_11_2_16.txt,2,1,24,1_24,8,PLOK,17472,9,9,-83.0,7.0,11,2,66,-83.85128141005006,-83.85128141005006,-83.39349960768588,-83.0,1.0162615312669425,-89.0,-83.01291953446706,28.12,-84.97605113107122,1.1247697210211527
2_1_24_11_2_16.txt,2,1,24,1_24,9,PLOK,17472,10,10,-82.0,8.0,11,2,66,-84.10445116044843,-84.10445116044843,-83.90046574965237,-83.0,0.8118251358908585,-86.95049553964812,-82.0,28.12,-84.97605113107122,0.8715999706227819
2_1_24_11_2_16.txt,2,1,24,1_24,10,PLOK,17472,11,11,-83.0,8.0,11,2,66,-83.84033339185306,-83.84033339185306,-83.6298625717356,-84.0,0.7606871144067388,-89.0,-82.02322447980931,28.12,-84.97605113107122,1.1357177392181512
2_1_24_11_2_16.txt,2,1,24,1_24,11,PLOK,17472,12,12,-83.0,8.0,11,2,66,-83.50499099613022,-83.50499099613022,-83.48772234702614,-83.0,0.34754377707162504,-84.87854498653547,-81.0,28.12,-84.97605113107122,1.4710601349409984
2_1_24_11_2_16.txt,2,1,24,1_24,12,PLOK,17472,13,13,-84.0,7.0,11,2,66,-83.9940232306454,-83.9940232306454,-83.6844173527684,-83.0,1.010799289212038,-89.0,-82.9188434240803,28.12,-84.97605113107122,0.9820279004258197
2_1_24_11_2_16.txt,2,1,24,1_24,13,PLOK,17472,14,14,-82.0,7.0,11,2,66,-83.20766107053778,-83.20766107053778,-82.82451140217785,-83.0,0.6918071074548848,-85.95049553964812,-81.0,28.12,-84.97605113107122,1.7683900605334344
2_1_24_11_2_16.txt,2,1,24,1_24,14,PLOK,17472,15,15,-83.0,8.0,11,2,66,-83.82856951343516,-83.82856951343516,-83.63658359251627,-84.0,0.8638611604368271,-89.0,-81.6904405635689,28.12,-84.97605113107122,1.1474816176360605
2_1_24_11_2_16.txt,2,1,24,1_24,15,PLOK,17472,16,16,-83.0,8.0,11,2,66,-83.53473332613453,-83.53473332613453,-83.41821118310374,-83.0,0.4734686216479285,-84.77671379488577,-81.0,28.12,-84.97605113107122,1.4413178049366877
2_1_24_11_2_16.txt,2,1,24,1_24,16,PLOK,17472,17,17,-84.0,10.0,11,2,66,-84.30019592965186,-84.30019592965186,-84.14071393721977,-84.0,1.1508739766467562,-91.0,-83.17166554609149,28.12,-84.97605113107122,0.6758552014193526
2_1_24_11_2_16.txt,2,1,24,1_24,17,PLOK,17472,18,18,-83.0,9.0,11,2,66,-84.47080841049461,-84.47080841049461,-84.29281872937409,-84.0,0.6531692842965516,-87.94059464757774,-82.0,28.12,-84.97605113107122,0.5052427205766037
2_1_24_11_2_16.txt,2,1,24,1_24,18,PLOK,17472,19,19,-83.0,7.0,11,2,66,-83.2858677148215,-83.2858677148215,-83.10061165289994,-83.0,1.122507638975175,-91.0,-82.01272493916136,28.12,-84.97605113107122,1.6901834162497096
2_1_24_11_2_16.txt,2,1,24,1_24,19,PLOK,17472,20,20,-83.0,8.0,11,2,66,-82.96391091571515,-82.96391091571515,-83.00705900423075,-83.0,0.3704628792617679,-84.02479359420921,-81.0,28.12,-84.97605113107122,2.0121402153560695
2_1_24_11_2_16.txt,2,1,24,1_24,20,PLOK,17472,21,21,-81.0,9.0,11,2,66,-82.43699305326477,-82.43699305326477,-82.12644630635177,-82.0,1.8042497497631647,-89.0,-80.83072707346084,28.12,-84.97605113107122,2.5390580778064447
2_1_25_11_2_16.txt,2,1,25,1_25,0,PLOK,17472,1,1,-83.0,9.0,11,2,66,-83.71550491034394,-83.71550491034394,-83.45420990352201,-83.0,0.7641481644078217,-89.0,-82.68545026650443,24.73,-83.36234837321454,-0.35315653712939366
2_1_25_11_2_16.txt,2,1,25,1_25,1,PLOK,17472,2,2,-84.0,9.0,11,2,66,-84.45330896552252,-84.45330896552252,-84.10800422687076,-84.0,0.5443687618816145,-86.9603964317185,-83.0,24.73,-83.36234837321454,-1.0909605923079795
2_1_25_11_2_16.txt,2,1,25,1_25,2,PLOK,17472,3,3,-84.0,9.0,11,2,66,-83.96724059825469,-83.96724059825469,-83.71645216022205,-84.0,1.0547365557438833,-91.0,-82.36164164624216,24.73,-83.36234837321454,-0.6048922250401461
2_1_25_11_2_16.txt,2,1,25,1_25,3,PLOK,17472,4,4,-83.0,9.0,11,2,66,-83.9572212121912,-83.9572212121912,-84.06475494432871,-84.0,0.40970926428462967,-85.21867052545439,-81.99949776482947,24.73,-83.36234837321454,-0.5948728389766558
2_1_25_11_2_16.txt,2,1,25,1_25,4,PLOK,17472,5,5,-82.0,8.0,11,2,66,-84.03257032023022,-84.03257032023022,-83.67921748530708,-84.0,1.143884091404745,-91.0,-82.69242093154784,24.73,-83.36234837321454,-0.6702219470156763
2_1_25_11_2_16.txt,2,1,25,1_25,5,PLOK,17472,6,6,-84.0,8.0,11,2,66,-83.75727717419728,-83.75727717419728,-83.56097692413212,-83.0,0.465579060390026,-85.40662683816774,-82.0,24.73,-83.36234837321454,-0.39492880098273986
2_1_25_11_2_16.txt,2,1,25,1_25,6,PLOK,17472,7,7,-83.0,8.0,11,2,66,-83.5218596564601,-83.5218596564601,-83.38471835290395,-83.0,1.148134160415618,-91.0,-82.02986004546912,24.73,-83.36234837321454,-0.15951128324554986
2_1_25_11_2_16.txt,2,1,25,1_25,7,PLOK,17472,8,8,-82.0,7.0,11,2,66,-83.25927610634487,-83.25927610634487,-83.22197589090429,-83.0,0.34737585405618276,-84.42966067793715,-81.0,24.73,-83.36234837321454,0.10307226686967397
2_1_25_11_2_16.txt,2,1,25,1_25,8,PLOK,17472,9,9,-83.0,8.0,11,2,66,-83.982772288676,-83.982772288676,-83.68033307836676,-84.0,1.2874365181700647,-91.0,-83.06190460555278,24.73,-83.36234837321454,-0.6204239154614584
2_1_25_11_2_16.txt,2,1,25,1_25,9,PLOK,17472,10,10,-84.0,9.0,11,2,66,-84.11985961104264,-84.11985961104264,-83.99664725107459,-84.0,0.7315025998671497,-88.93069375550738,-82.0,24.73,-83.36234837321454,-0.7575112378280977
2_1_25_11_2_16.txt,2,1,25,1_25,10,PLOK,17472,11,11,-82.0,7.0,11,2,66,-83.23518047087039,-83.23518047087039,-83.13382026120398,-83.0,0.8074290379753928,-89.0,-81.6904405635689,24.73,-83.36234837321454,0.12716790234415498
2_1_25_11_2_16.txt,2,1,25,1_25,11,PLOK,17472,12,12,-83.0,8.0,11,2,66,-83.54809861660249,-83.54809861660249,-83.41205386256277,-83.0,0.6367927584297867,-84.86648512689743,-81.0,24.73,-83.36234837321454,-0.18575024338794321
2_1_25_11_2_16.txt,2,1,25,1_25,12,PLOK,17472,13,13,-83.0,8.0,11,2,66,-83.83746526599012,-83.83746526599012,-83.58472940905182,-84.0,0.6776568091252558,-89.0,-83.01756696666108,24.73,-83.36234837321454,-0.47511689277557423
2_1_25_11_2_16.txt,2,1,25,1_25,13,PLOK,17472,14,14,-83.0,10.0,11,2,66,-84.1788704591562,-84.1788704591562,-84.09348337827367,-84.0,0.44657114089260247,-87.94059464757774,-82.0,24.73,-83.36234837321454,-0.8165220859416564
2_1_25_11_2_16.txt,2,1,25,1_25,14,PLOK,17472,15,15,-83.0,10.0,11,2,66,-84.33154621553085,-84.33154621553085,-84.080655554222,-84.0,0.9827601602337452,-91.0,-83.02654226263921,24.73,-83.36234837321454,-0.969197842316305
2_1_25_11_2_16.txt,2,1,25,1_25,15,PLOK,17472,16,16,-84.0,10.0,11,2,66,-83.832574320665,-83.832574320665,-83.89205037983552,-84.0,0.2855944239474275,-84.86659178265568,-81.0,24.73,-83.36234837321454,-0.47022594745045865
2_1_25_11_2_16.txt,2,1,25,1_25,16,PLOK,17472,17,17,-85.0,9.0,11,2,66,-87.53893893739557,-87.53893893739557,-87.16874020774833,-87.0,1.1145488366877514,-93.0,-86.37500923145797,24.73,-83.36234837321454,-4.176590564181026
2_1_25_11_2_16.txt,2,1,25,1_25,17,PLOK,17472,18,18,-85.0,10.0,11,2,66,-84.95022413905671,-84.95022413905671,-84.65605058535881,-85.0,0.5065368588065374,-87.95049553964812,-83.0,24.73,-83.36234837321454,-1.5878757658421705
2_1_25_11_2_16.txt,2,1,25,1_25,18,PLOK,17472,19,19,-83.0,10.0,11,2,66,-84.58976092903144,-84.58976092903144,-84.44941260205403,-84.0,0.9030856545039088,-91.0,-83.02654226263921,24.73,-83.36234837321454,-1.2274125558168976
2_1_25_11_2_16.txt,2,1,25,1_25,19,PLOK,17472,20,20,-84.0,9.0,11,2,66,-83.80697772639985,-83.80697772639985,-83.83884631948439,-84.0,0.2813522952112343,-85.04150236087017,-82.0,24.73,-83.36234837321454,-0.44462935318530583
2_1_25_11_2_16.txt,2,1,25,1_25,20,PLOK,17472,21,21,-84.0,9.0,11,2,66,-84.1754946230765,-84.1754946230765,-83.85732043718085,-84.0,1.1840382260603204,-91.0,-83.29548842130309,24.73,-83.36234837321454,-0.8131462498619584
2_1_26_11_2_16.txt,2,1,26,1_26,0,PLOK,17472,1,1,-81.0,9.0,11,2,66,-80.7805663930015,-80.7805663930015,-80.87313045441373,-81.0,0.20392179997119728,-81.83710955019103,-79.0,21.34,-81.51035548627623,0.7297890932747322
2_1_26_11_2_16.txt,2,1,26,1_26,1,PLOK,17472,2,2,-82.0,8.0,11,2,66,-83.32947335244508,-83.32947335244508,-82.89978972340563,-83.0,0.9810549314721416,-89.0,-82.51651348765897,21.34,-81.51035548627623,-1.8191178661688525
2_1_26_11_2_16.txt,2,1,26,1_26,2,PLOK,17472,3,3,-83.0,8.0,11,2,66,-82.7941200754982,-82.7941200754982,-82.59817293162187,-83.0,0.4175439762858196,-84.95049553964812,-80.0,21.34,-81.51035548627623,-1.283764589221974
2_1_26_11_2_16.txt,2,1,26,1_26,3,PLOK,17472,4,4,-81.0,8.0,11,2,66,-82.72697176236949,-82.72697176236949,-82.70967221507905,-83.0,0.8113393175902995,-89.0,-81.02654226263921,21.34,-81.51035548627623,-1.2166162760932622
2_1_26_11_2_16.txt,2,1,26,1_26,4,PLOK,17472,5,5,-78.0,10.0,11,2,66,-79.0446790940093,-79.0446790940093,-78.92736037386743,-79.0,0.28847247290855327,-80.4533994546871,-77.0,21.34,-81.51035548627623,2.4656763922669285
2_1_26_11_2_16.txt,2,1,26,1_26,5,PLOK,17472,6,6,-78.0,10.0,11,2,66,-79.10692841841882,-79.10692841841882,-78.73756857330882,-79.0,1.6545942376607168,-85.0,-77.79847576613925,21.34,-81.51035548627623,2.4034270678574075
2_1_26_11_2_16.txt,2,1,26,1_26,6,PLOK,17472,7,7,-78.0,10.0,11,2,66,-78.58337698921619,-78.58337698921619,-78.50864288382468,-78.0,0.6049879753800479,-82.94059464757774,-77.0,21.34,-81.51035548627623,2.926978497060034
2_1_26_11_2_16.txt,2,1,26,1_26,7,PLOK,17472,8,8,-76.0,10.0,11,2,66,-77.56983764892496,-77.56983764892496,-77.42057894627254,-77.0,0.971690516199891,-85.0,-76.54201578026178,21.34,-81.51035548627623,3.9405178373512655
2_1_26_11_2_16.txt,2,1,26,1_26,8,PLOK,17472,9,9,-76.0,9.0,11,2,66,-77.76257547842884,-77.76257547842884,-77.69756504712953,-78.0,0.3759327500762666,-79.0289369928163,-76.0,21.34,-81.51035548627623,3.747780007847382
2_1_26_11_2_16.txt,2,1,26,1_26,9,PLOK,17472,10,10,-77.0,8.0,11,2,66,-77.64864559989451,-77.64864559989451,-77.31220975364378,-77.0,1.1516957583531828,-85.0,-76.88627768025904,21.34,-81.51035548627623,3.8617098863817176
2_1_26_11_2_16.txt,2,1,26,1_26,10,PLOK,17472,11,11,-76.0,8.0,11,2,66,-77.62103017636024,-77.62103017636024,-77.44645254277546,-77.0,0.38354131192243063,-79.95049553964812,-75.0,21.34,-81.51035548627623,3.8893253099159892
2_1_26_11_2_16.txt,2,1,26,1_26,11,PLOK,17472,12,12,-78.0,9.0,11,2,66,-77.48064026149451,-77.48064026149451,-77.362980459738,-77.0,0.9617441725233721,-85.0,-76.54201578026178,21.34,-81.51035548627623,4.029715224781711
2_1_26_11_2_16.txt,2,1,26,1_26,12,PLOK,17472,13,13,-83.0,10.0,11,2,66,-83.78414711252424,-83.78414711252424,-83.706142509555,-84.0,0.27319653917836745,-84.95160934710722,-82.0,21.34,-81.51035548627623,-2.2737916262480127
2_1_26_11_2_16.txt,2,1,26,1_26,13,PLOK,17472,14,14,-84.0,10.0,11,2,66,-85.36189956820277,-85.36189956820277,-85.11530145619975,-85.0,1.15165795799711,-93.0,-84.61869709772306,21.34,-81.51035548627623,-3.851544081926548
2_1_26_11_2_16.txt,2,1,26,1_26,14,PLOK,17472,15,15,-84.0,9.0,11,2,66,-85.03117947695029,-85.03117947695029,-84.97032600866092,-85.0,0.3410243774607146,-87.95049553964812,-83.0,21.34,-81.51035548627623,-3.52082399067406
2_1_26_11_2_16.txt,2,1,26,1_26,15,PLOK,17472,16,16,-85.0,9.0,11,2,66,-85.04516723627216,-85.04516723627216,-84.92366636728681,-85.0,0.9385739637171165,-91.0,-83.35832386341227,21.34,-81.51035548627623,-3.5348117499959386
2_1_26_11_2_16.txt,2,1,26,1_26,16,PLOK,17472,17,17,-84.0,9.0,11,2,66,-84.64059770848532,-84.64059770848532,-84.5772842380712,-85.0,0.2591345232003121,-85.96227084814504,-83.0,21.34,-81.51035548627623,-3.130242222209091
2_1_26_11_2_16.txt,2,1,26,1_26,17,PLOK,17472,18,18,-84.0,9.0,11,2,66,-85.66108184722539,-85.66108184722539,-85.30737625624673,-85.0,1.1676721086047916,-93.0,-85.02623794973567,21.34,-81.51035548627623,-4.1507263609491645
2_1_26_11_2_16.txt,2,1,26,1_26,18,PLOK,17472,19,19,-83.0,9.0,11,2,66,-83.72643343464036,-83.72643343464036,-83.56880651340735,-83.0,0.943812259293533,-86.13904809063462,-81.0,21.34,-81.51035548627623,-2.2160779483641306
2_1_26_11_2_16.txt,2,1,26,1_26,19,PLOK,17472,20,20,-95.0,4.0,11,2,66,-92.90466123168395,-92.90466123168395,-92.4616340697174,-92.0,2.946250795648245,-100.0,-90.60104407241111,21.34,-81.51035548627623,-11.39430574540772
2_1_26_11_2_16.txt,2,1,26,1_26,20,PLOK,17472,21,21,-77.0,10.0,11,2,66,-77.55924596485706,-77.55924596485706,-77.60969786524652,-78.0,0.11627249507884982,-78.5308708249809,-76.0,21.34,-81.51035548627623,3.95110952141917
2_1_27_11_2_16.txt,2,1,27,1_27,0,PLOK,17472,1,1,-72.0,10.0,11,2,66,-73.06872663645662,-73.06872663645662,-72.98436990920976,-73.0,0.4125416940749238,-76.94059464757774,-71.0,17.95,-79.33729903315468,6.268572396698062
2_1_27_11_2_16.txt,2,1,27,1_27,1,PLOK,17472,2,2,-75.0,9.0,11,2,66,-74.22630017774985,-74.22630017774985,-74.12788816872617,-74.0,0.9319487696799738,-81.0,-72.36164164624216,17.95,-79.33729903315468,5.11099885540483
2_1_27_11_2_16.txt,2,1,27,1_27,2,PLOK,17472,3,3,-74.0,9.0,11,2,66,-75.59505468306783,-75.59505468306783,-75.50478046648745,-75.0,0.37083164435920024,-77.01098365109425,-74.0,17.95,-79.33729903315468,3.7422443500868496
2_1_27_11_2_16.txt,2,1,27,1_27,3,PLOK,17472,4,4,-75.0,9.0,11,2,66,-75.89949217322649,-75.89949217322649,-75.63404813452166,-76.0,1.1819156911433544,-82.0,-75.05336294689845,17.95,-79.33729903315468,3.4378068599281875
2_1_27_11_2_16.txt,2,1,27,1_27,4,PLOK,17472,5,5,-75.0,9.0,11,2,66,-75.76082600670385,-75.76082600670385,-75.61603422200419,-76.0,0.33118604703354776,-76.97029732378887,-74.0,17.95,-79.33729903315468,3.5764730264508273
2_1_27_11_2_16.txt,2,1,27,1_27,5,PLOK,17472,6,6,-75.0,9.0,11,2,66,-75.25616265873296,-75.25616265873296,-75.11789433197607,-75.0,0.8195522264367209,-82.0,-74.34424038182077,17.95,-79.33729903315468,4.0811363744217175
2_1_27_11_2_16.txt,2,1,27,1_27,6,PLOK,17472,7,7,-75.0,9.0,11,2,66,-75.4950634701288,-75.4950634701288,-75.46432912182107,-75.0,0.21351773566923565,-76.41892690342564,-74.0,17.95,-79.33729903315468,3.8422355630258807
2_1_27_11_2_16.txt,2,1,27,1_27,7,PLOK,17472,8,8,-76.0,8.0,11,2,66,-76.41354056630868,-76.41354056630868,-75.97490897350295,-76.0,1.014686224704334,-82.0,-75.6654549395308,17.95,-79.33729903315468,2.923758466845996
2_1_27_11_2_16.txt,2,1,27,1_27,8,PLOK,17472,9,9,-75.0,8.0,11,2,66,-76.38597830625628,-76.38597830625628,-76.23888785547994,-76.0,0.3126816931439125,-79.95049553964812,-75.0,17.95,-79.33729903315468,2.951320726898402
2_1_27_11_2_16.txt,2,1,27,1_27,9,PLOK,17472,10,10,-75.0,8.0,11,2,66,-76.29285290365317,-76.29285290365317,-76.19150397271555,-76.0,0.8483502825122234,-83.0,-75.02654226263921,17.95,-79.33729903315468,3.044446129501509
2_1_27_11_2_16.txt,2,1,27,1_27,10,PLOK,17472,11,11,-75.0,9.0,11,2,66,-75.2990288825437,-75.2990288825437,-75.15650968800077,-75.0,0.17442589270058956,-76.27150702183934,-74.0,17.95,-79.33729903315468,4.038270150610984
2_1_27_11_2_16.txt,2,1,27,1_27,11,PLOK,17472,12,12,-74.0,9.0,11,2,66,-75.21118756059374,-75.21118756059374,-75.02498522561277,-75.0,0.6374397796177709,-81.0,-74.35366866573139,17.95,-79.33729903315468,4.126111472560936
2_1_27_11_2_16.txt,2,1,27,1_27,12,PLOK,17472,13,13,-75.0,9.0,11,2,66,-74.66995221286511,-74.66995221286511,-74.58264085844586,-75.0,0.2361986212196104,-75.97029732378887,-73.0,17.95,-79.33729903315468,4.667346820289566
2_1_27_11_2_16.txt,2,1,27,1_27,13,PLOK,17472,14,14,-75.0,9.0,11,2,66,-74.86938302218574,-74.86938302218574,-74.84887656914657,-75.0,0.987479127497521,-82.0,-73.02986004546912,17.95,-79.33729903315468,4.467916010968935
2_1_27_11_2_16.txt,2,1,27,1_27,14,PLOK,17472,15,15,-75.0,9.0,11,2,66,-75.35647994988052,-75.35647994988052,-75.40790734684904,-75.0,0.12228267851714139,-76.34364898444389,-74.0,17.95,-79.33729903315468,3.980819083274156
2_1_27_11_2_16.txt,2,1,27,1_27,15,PLOK,17472,16,16,-74.0,9.0,11,2,66,-75.17318742957876,-75.17318742957876,-75.05500353714318,-75.0,0.7175540870215715,-81.0,-74.50617612848045,17.95,-79.33729903315468,4.164111603575918
2_1_27_11_2_16.txt,2,1,27,1_27,16,PLOK,17472,17,17,-75.0,9.0,11,2,66,-75.01216587470562,-75.01216587470562,-74.87874551835961,-75.0,0.30390357772969223,-76.9603964317185,-73.0,17.95,-79.33729903315468,4.325133158449063
2_1_27_11_2_16.txt,2,1,27,1_27,17,PLOK,17472,18,18,-74.0,10.0,11,2,66,-74.45250751127676,-74.45250751127676,-74.2856530407249,-74.0,0.9853631529057169,-82.0,-73.36164164624216,17.95,-79.33729903315468,4.884791521877915
2_1_27_11_2_16.txt,2,1,27,1_27,18,PLOK,17472,19,19,-74.0,9.0,11,2,66,-75.01309468415991,-75.01309468415991,-74.97021034796649,-75.0,0.2137837463896939,-75.8627788901327,-73.0,17.95,-79.33729903315468,4.324204348994769
2_1_27_11_2_16.txt,2,1,27,1_27,19,PLOK,17472,20,20,-75.0,9.0,11,2,66,-75.16361321313435,-75.16361321313435,-74.9098926033323,-75.0,0.8772966233279881,-81.0,-74.54999644165797,17.95,-79.33729903315468,4.173685820020324
2_1_28_11_2_16.txt,2,1,28,1_28,0,PLOK,17472,1,1,-92.0,9.0,11,2,66,-94.99233105266984,-94.99233105266984,-95.09605415128406,-95.0,2.2905051996115273,-98.9603964317185,-92.66349584553296,14.56,-76.70802151984368,-18.284309532826157
2_1_28_11_2_16.txt,2,1,28,1_28,1,PLOK,17472,2,2,-77.0,10.0,11,2,66,-78.16027270118796,-78.16027270118796,-78.06243942401758,-78.0,0.7803729956027944,-85.0,-77.35832386341227,14.56,-76.70802151984368,-1.4522511813442804
2_1_28_11_2_16.txt,2,1,28,1_28,2,PLOK,17472,3,3,-76.0,8.0,11,2,66,-76.76825255709281,-76.76825255709281,-76.82689596404884,-77.0,0.17123662511337562,-77.38497777756902,-75.0,14.56,-76.70802151984368,-0.0602310372491246
2_1_28_11_2_16.txt,2,1,28,1_28,3,PLOK,17472,4,4,-76.0,8.0,11,2,66,-76.337849725476,-76.337849725476,-76.07554097424403,-76.0,1.1291216488394926,-83.0,-75.67225232373252,14.56,-76.70802151984368,0.37017179436767833
2_1_28_11_2_16.txt,2,1,28,1_28,4,PLOK,17472,5,5,-76.0,8.0,11,2,66,-76.80594030522086,-76.80594030522086,-76.55204841116574,-77.0,0.6620886410562808,-81.93069375550738,-75.0,14.56,-76.70802151984368,-0.0979187853771748
2_1_28_11_2_16.txt,2,1,28,1_28,5,PLOK,17472,6,6,-75.0,8.0,11,2,66,-76.81579526387976,-76.81579526387976,-76.6813489422911,-77.0,0.9384045653980249,-83.0,-75.02654226263921,14.56,-76.70802151984368,-0.10777374403608064
2_1_28_11_2_16.txt,2,1,28,1_28,6,PLOK,17472,7,7,-75.0,8.0,11,2,66,-75.86138065233706,-75.86138065233706,-75.92720467357434,-76.0,0.14789908842536023,-76.6361827617602,-74.50223517052339,14.56,-76.70802151984368,0.8466408675066219
2_1_28_11_2_16.txt,2,1,28,1_28,7,PLOK,17472,8,8,-76.0,8.0,11,2,66,-76.57002344532484,-76.57002344532484,-76.30465788245138,-76.0,0.6406710772447192,-82.0,-75.6864525819718,14.56,-76.70802151984368,0.1379980745188476
2_1_28_11_2_16.txt,2,1,28,1_28,8,PLOK,17472,9,9,-76.0,8.0,11,2,66,-76.64917564829022,-76.64917564829022,-76.5878612103865,-77.0,0.40643080365985096,-80.94059464757774,-75.0,14.56,-76.70802151984368,0.05884587155345855
2_1_28_11_2_16.txt,2,1,28,1_28,9,PLOK,17472,10,10,-75.0,8.0,11,2,66,-75.8639736841296,-75.8639736841296,-75.724173483069,-76.0,0.8647330563115747,-83.0,-75.02654226263921,14.56,-76.70802151984368,0.844047835714079
2_1_28_11_2_16.txt,2,1,28,1_28,10,PLOK,17472,11,11,-77.0,9.0,11,2,66,-84.75016473169885,-84.75016473169885,-84.54233743328473,-80.0,12.861795826532127,-91.00763467328137,-79.46037928458469,14.56,-76.70802151984368,-8.042143211855162
2_1_28_11_2_16.txt,2,1,28,1_28,11,PLOK,17472,12,12,-82.0,9.0,11,2,66,-81.44956112287531,-81.44956112287531,-81.48510081729185,-83.0,1.8183547409284522,-83.35143884111885,-78.0047745703667,14.56,-76.70802151984368,-4.741539603031626
2_1_28_11_2_16.txt,2,1,28,1_28,12,PLOK,17472,13,13,-77.0,8.0,11,2,66,-78.5269300114256,-78.5269300114256,-78.05216414474296,-78.0,1.5290054656960794,-82.94059464757774,-77.0,14.56,-76.70802151984368,-1.8189084915819222
2_1_28_11_2_16.txt,2,1,28,1_28,13,PLOK,17472,14,14,-75.0,8.0,11,2,66,-76.46869102946351,-76.46869102946351,-76.36605427549138,-76.0,0.8159124119657135,-83.0,-75.02654226263921,14.56,-76.70802151984368,0.23933049038016918
2_1_28_11_2_16.txt,2,1,28,1_28,14,PLOK,17472,15,15,-76.0,8.0,11,2,66,-76.58980427197477,-76.58980427197477,-76.5570458568416,-77.0,0.20072030585563247,-77.56238026262064,-75.0,14.56,-76.70802151984368,0.11821724786891252
2_1_28_11_2_16.txt,2,1,28,1_28,15,PLOK,17472,16,16,-78.0,10.0,11,2,66,-79.04688287733178,-79.04688287733178,-78.75524598388596,-79.0,1.2630780879894992,-87.0,-78.26667812826663,14.56,-76.70802151984368,-2.338861357488099
2_1_28_11_2_16.txt,2,1,28,1_28,16,PLOK,17472,17,17,-78.0,10.0,11,2,66,-78.92181080102111,-78.92181080102111,-78.65645885187476,-79.0,0.5204292370318386,-82.94059464757774,-77.0,14.56,-76.70802151984368,-2.2137892811774265
2_1_28_11_2_16.txt,2,1,28,1_28,17,PLOK,17472,18,18,-77.0,10.0,11,2,66,-78.61203161613616,-78.61203161613616,-78.52701497135445,-79.0,1.2269345608753248,-87.0,-77.03317782829902,14.56,-76.70802151984368,-1.904010096292481
2_1_28_11_2_16.txt,2,1,28,1_28,18,PLOK,17472,19,19,-77.0,10.0,11,2,66,-77.87705408906848,-77.87705408906848,-77.83227650903274,-78.0,0.17747702946354604,-78.68528756358961,-76.0,14.56,-76.70802151984368,-1.1690325692247967
2_1_28_11_2_16.txt,2,1,28,1_28,19,PLOK,17472,20,20,-76.0,8.0,11,2,66,-76.86119233501546,-76.86119233501546,-76.53526381399911,-77.0,0.8686225435383127,-83.0,-76.02188706495835,14.56,-76.70802151984368,-0.15317081517177655
2_1_28_11_2_16.txt,2,1,28,1_28,20,PLOK,17472,21,21,-76.0,8.0,11,2,66,-76.64044703323044,-76.64044703323044,-76.40926067768069,-76.0,0.2928933277550536,-78.9603964317185,-75.0,14.56,-76.70802151984368,0.06757448661323906
2_1_29_11_2_16.txt,2,1,29,1_29,0,PLOK,17472,1,1,-69.0,9.0,11,2,66,-72.40137456862135,-72.40137456862135,-72.81552724795591,-73.0,0.6718724490204878,-73.41166831037877,-70.49134581702124,11.17,-73.37863583104934,0.9772612624279873
2_1_29_11_2_16.txt,2,1,29,1_29,1,PLOK,17472,2,2,-70.0,8.0,11,2,66,-69.49620155981623,-69.49620155981623,-69.11894254616107,-69.0,0.6985224887666653,-73.95049553964812,-68.83372563364671,11.17,-73.37863583104934,3.882434271233109
2_1_29_11_2_16.txt,2,1,29,1_29,2,PLOK,17472,3,3,-74.0,9.0,11,2,66,-72.78561369626529,-72.78561369626529,-72.66253317431355,-73.0,0.46722712545135925,-76.94059464757774,-71.0,11.17,-73.37863583104934,0.5930221347840501
2_1_29_11_2_16.txt,2,1,29,1_29,3,PLOK,17472,4,4,-74.0,10.0,11,2,66,-74.62405599822533,-74.62405599822533,-74.48290573294813,-74.0,0.9740477660199746,-82.0,-73.54201578026178,11.17,-73.37863583104934,-1.2454201671759932
2_1_29_11_2_16.txt,2,1,29,1_29,4,PLOK,17472,5,5,-74.0,9.0,11,2,66,-74.75458199059463,-74.75458199059463,-74.66196956423866,-75.0,0.39196490890420466,-76.1805115520095,-73.0,11.17,-73.37863583104934,-1.3759461595452933
2_1_29_11_2_16.txt,2,1,29,1_29,5,PLOK,17472,6,6,-74.0,9.0,11,2,66,-75.23183248723645,-75.23183248723645,-74.99707211032717,-75.0,0.9563262112408931,-81.0,-73.35665134917768,11.17,-73.37863583104934,-1.8531966561871087
2_1_29_11_2_16.txt,2,1,29,1_29,6,PLOK,17472,7,7,-73.0,11.0,11,2,66,-73.23023072061913,-73.23023072061913,-73.07719995879555,-73.0,0.7492316295198128,-75.95049553964812,-71.0,11.17,-73.37863583104934,0.148405110430204
2_1_29_11_2_16.txt,2,1,29,1_29,7,PLOK,17472,8,8,-73.0,10.0,11,2,66,-73.09198778521133,-73.09198778521133,-72.87120481471914,-73.0,1.3597206922814153,-81.0,-71.6967410298451,11.17,-73.37863583104934,0.28664804583800674
2_1_29_11_2_16.txt,2,1,29,1_29,8,PLOK,17472,9,9,-73.0,10.0,11,2,66,-73.04813109126621,-73.04813109126621,-73.05826400764961,-73.0,0.3003045920060044,-74.03124141918947,-71.0,11.17,-73.37863583104934,0.3305047397831231
2_1_29_11_2_16.txt,2,1,29,1_29,9,PLOK,17472,10,10,-73.0,10.0,11,2,66,-73.44803179526292,-73.44803179526292,-73.09599813518051,-73.0,1.6540290910410995,-81.0,-72.50374512152143,11.17,-73.37863583104934,-0.06939596421358374
2_1_29_11_2_16.txt,2,1,29,1_29,10,PLOK,17472,11,11,-72.0,10.0,11,2,66,-73.58985652244034,-73.58985652244034,-73.37919439373343,-73.0,1.1348523805179085,-78.920792863437,-71.0,11.17,-73.37863583104934,-0.21122069139100574
2_1_29_11_2_16.txt,2,1,29,1_29,11,PLOK,17472,12,12,-75.0,10.0,11,2,66,-73.60314446178799,-73.60314446178799,-73.37701630429513,-73.0,1.3132224780531394,-81.0,-71.6970761292287,11.17,-73.37863583104934,-0.22450863073865435
2_1_29_11_2_16.txt,2,1,29,1_29,12,PLOK,17472,13,13,-73.0,10.0,11,2,66,-73.0228714941934,-73.0228714941934,-73.09067048870641,-73.0,0.24825013160375728,-73.95621114200443,-71.50223517052339,11.17,-73.37863583104934,0.3557643368559411
2_1_29_11_2_16.txt,2,1,29,1_29,13,PLOK,17472,14,14,-72.0,10.0,11,2,66,-73.36338165992159,-73.36338165992159,-73.19622296367558,-73.0,0.7782550413130872,-79.0,-72.34025606511985,11.17,-73.37863583104934,0.015254171127750737
2_1_29_11_2_16.txt,2,1,29,1_29,14,PLOK,17472,15,15,-72.0,10.0,11,2,66,-73.41255730099921,-73.41255730099921,-73.15107601882303,-73.0,0.5400262385925797,-75.20643487011655,-71.0,11.17,-73.37863583104934,-0.033921469949873995
2_1_29_11_2_16.txt,2,1,29,1_29,15,PLOK,17472,16,16,-74.0,10.0,11,2,66,-73.24950109947734,-73.24950109947734,-73.10736078042152,-73.0,1.0774629943583294,-81.0,-72.02952494608552,11.17,-73.37863583104934,0.12913473157199462
2_1_29_11_2_16.txt,2,1,29,1_29,16,PLOK,17472,17,17,-73.0,10.0,11,2,66,-72.9221763696581,-72.9221763696581,-72.93272121053596,-73.0,0.24609179131213021,-73.78537894678968,-71.0,11.17,-73.37863583104934,0.4564594613912334
2_1_29_11_2_16.txt,2,1,29,1_29,17,PLOK,17472,18,18,-72.0,10.0,11,2,66,-73.75125128429731,-73.75125128429731,-73.49676762869962,-73.0,1.370322036492559,-81.0,-72.63129579183233,11.17,-73.37863583104934,-0.37261545324797396
2_1_29_11_2_16.txt,2,1,29,1_29,18,PLOK,17472,19,19,-74.0,10.0,11,2,66,-74.10404971979621,-74.10404971979621,-74.00026696041544,-74.0,0.1823520252726451,-75.02513347606494,-72.0,11.17,-73.37863583104934,-0.7254138887468713
2_1_29_11_2_16.txt,2,1,29,1_29,19,PLOK,17472,20,20,-74.0,9.0,11,2,66,-74.00798009974129,-74.00798009974129,-73.95966823708304,-74.0,1.0484558939441178,-81.0,-72.02986004546912,11.17,-73.37863583104934,-0.6293442686919519
2_1_29_11_2_16.txt,2,1,29,1_29,20,PLOK,17472,21,21,-74.0,9.0,11,2,66,-74.43417293786023,-74.43417293786023,-74.19776678967773,-74.0,0.9055360706948128,-76.6703923272192,-72.0,11.17,-73.37863583104934,-1.0555371068108883
2_1_30_11_2_16.txt,2,1,30,1_30,0,PLOK,17472,1,1,-61.0,10.0,11,2,66,-60.4878078231744,-60.4878078231744,-60.47517647690617,-61.0,0.261014049154603,-61.63159418469401,-59.0,7.78,-68.83544509411966,8.347637270945263
2_1_30_11_2_16.txt,2,1,30,1_30,1,PLOK,17472,2,2,-62.0,9.0,11,2,66,-61.94588743369769,-61.94588743369769,-61.626194161923266,-62.0,1.4215528241476685,-69.0,-61.00574548273089,7.78,-68.83544509411966,6.889557660421971
2_1_30_11_2_16.txt,2,1,30,1_30,2,PLOK,17472,3,3,-61.0,10.0,11,2,66,-60.87083765806874,-60.87083765806874,-60.58449161768674,-61.0,0.5346983927908502,-64.95049553964812,-60.0,7.78,-68.83544509411966,7.964607436050926
2_1_30_11_2_16.txt,2,1,30,1_30,3,PLOK,17472,4,4,-66.0,8.0,11,2,66,-64.72367662463475,-64.72367662463475,-64.7817381328664,-65.0,0.8883105678493114,-71.0,-63.02654226263922,7.78,-68.83544509411966,4.111768469484915
2_1_30_11_2_16.txt,2,1,30,1_30,4,PLOK,17472,5,5,-61.0,9.0,11,2,66,-59.049517027241954,-59.049517027241954,-59.15961991555536,-59.0,0.6270469906863816,-61.282445786235634,-57.0,7.78,-68.83544509411966,9.785928066877709
2_1_30_11_2_16.txt,2,1,30,1_30,5,PLOK,17472,6,6,-61.0,10.0,11,2,66,-62.052788752640055,-62.052788752640055,-61.987746383767856,-62.0,0.7362870318848105,-67.0,-61.02730831238393,7.78,-68.83544509411966,6.782656341479608
2_1_30_11_2_16.txt,2,1,30,1_30,6,PLOK,17472,7,7,-61.0,10.0,11,2,66,-60.97630686868153,-60.97630686868153,-60.709298657588484,-60.0,0.6002843886350734,-63.950495539648124,-59.0,7.78,-68.83544509411966,7.85913822543813
2_1_30_11_2_16.txt,2,1,30,1_30,7,PLOK,17472,8,8,-61.0,8.0,11,2,66,-58.97844182418655,-58.97844182418655,-58.93147299620854,-59.0,0.7568612427187452,-65.0,-57.07920713656301,7.78,-68.83544509411966,9.857003269933116
2_1_30_11_2_16.txt,2,1,30,1_30,8,PLOK,17472,9,9,-59.0,8.0,11,2,66,-59.6251041940949,-59.6251041940949,-59.49293843111362,-59.0,0.6544415471824125,-61.00763467328136,-57.0,7.78,-68.83544509411966,9.210340900024761
2_1_30_11_2_16.txt,2,1,30,1_30,9,PLOK,17472,10,10,-60.0,9.0,11,2,66,-59.77757500235214,-59.77757500235214,-59.466447556142775,-59.0,1.2485135165338195,-67.0,-59.152459565317365,7.78,-68.83544509411966,9.057870091767526
2_1_30_11_2_16.txt,2,1,30,1_30,10,PLOK,17472,11,11,-59.0,9.0,11,2,66,-59.42247480607919,-59.42247480607919,-59.40627178764324,-59.0,0.22369402015168519,-60.9603964317185,-57.0,7.78,-68.83544509411966,9.412970288040476
2_1_30_11_2_16.txt,2,1,30,1_30,11,PLOK,17472,12,12,-61.0,9.0,11,2,66,-59.019540688107035,-59.019540688107035,-58.64968206942379,-59.0,1.3692714357290077,-67.0,-57.69707612922871,7.78,-68.83544509411966,9.815904406012628
2_1_30_11_2_16.txt,2,1,30,1_30,12,PLOK,17472,13,13,-60.0,8.0,11,2,66,-59.023593100035484,-59.023593100035484,-59.0219389578135,-59.0,0.24351581081336376,-60.60911734542902,-57.0,7.78,-68.83544509411966,9.81185199408418
2_1_30_11_2_16.txt,2,1,30,1_30,13,PLOK,17472,14,14,-60.0,8.0,11,2,66,-59.799794465601806,-59.799794465601806,-59.51617977667733,-59.0,0.7478609193326872,-65.0,-59.017566966661086,7.78,-68.83544509411966,9.035650628517857
2_1_30_11_2_16.txt,2,1,30,1_30,14,PLOK,17472,15,15,-62.0,10.0,11,2,66,-60.76344104563835,-60.76344104563835,-60.72211858163057,-61.0,0.5031558219757076,-62.9603964317185,-59.0,7.78,-68.83544509411966,8.072004048481311
2_1_30_11_2_16.txt,2,1,30,1_30,15,PLOK,17472,16,16,-60.0,10.0,11,2,66,-60.64611278192238,-60.64611278192238,-60.52369097470491,-60.0,0.9054263758503731,-67.0,-59.51099252945114,7.78,-68.83544509411966,8.18933231219728
2_1_30_11_2_16.txt,2,1,30,1_30,16,PLOK,17472,17,17,-61.0,11.0,11,2,66,-60.802839730914435,-60.802839730914435,-60.69092939994998,-60.0,0.5841847268573468,-62.19012368926134,-59.0,7.78,-68.83544509411966,8.032605363205228
2_1_30_11_2_16.txt,2,1,30,1_30,17,PLOK,17472,18,18,-60.0,10.0,11,2,66,-60.922521453272026,-60.922521453272026,-60.765534280160566,-61.0,0.946628803737347,-67.0,-60.172174100749736,7.78,-68.83544509411966,7.912923640847637
2_1_30_11_2_16.txt,2,1,30,1_30,18,PLOK,17472,19,19,-64.0,9.0,11,2,66,-61.4204499888704,-61.4204499888704,-61.250773370030515,-61.0,0.3601298018084232,-64.95049553964812,-60.0,7.78,-68.83544509411966,7.414995105249261
2_1_30_11_2_16.txt,2,1,30,1_30,19,PLOK,17472,20,20,-64.0,10.0,11,2,66,-62.00075458358401,-62.00075458358401,-61.951188161196704,-62.0,0.9177938722014635,-69.0,-60.6792306257127,7.78,-68.83544509411966,6.834690510535651
2_1_30_11_2_16.txt,2,1,30,1_30,20,PLOK,17472,21,21,-59.0,10.0,11,2,66,-60.16591129571121,-60.16591129571121,-60.05131513802384,-60.0,0.3756565016856721,-61.49774225967442,-59.0,7.78,-68.83544509411966,8.669533798408452
2_1_31_11_2_16.txt,2,1,31,1_31,0,PLOK,17472,1,1,-56.0,10.0,11,2,66,-62.63617428501618,-62.63617428501618,-62.763147898197055,-66.0,9.479360338406496,-71.0,-57.35874160781496,4.39,-61.647403524595596,-0.9887707604205858
2_1_31_11_2_16.txt,2,1,31,1_31,1,PLOK,17472,2,2,-54.0,10.0,11,2,66,-54.03611077701364,-54.03611077701364,-53.87949541768488,-54.0,0.38757266180683037,-55.9603964317185,-52.0,4.39,-61.647403524595596,7.611292747581956
2_1_31_11_2_16.txt,2,1,31,1_31,2,PLOK,17472,3,3,-55.0,10.0,11,2,66,-53.60821991313645,-53.60821991313645,-53.51608663898968,-54.0,1.0007933546317038,-61.0,-52.344730985945944,4.39,-61.647403524595596,8.039183611459144
2_1_31_11_2_16.txt,2,1,31,1_31,3,PLOK,17472,4,4,-55.0,8.0,11,2,66,-52.679754243684634,-52.679754243684634,-52.65457601180271,-53.0,0.20889424047220354,-54.65379866708327,-51.0,4.39,-61.647403524595596,8.967649280910962
2_1_31_11_2_16.txt,2,1,31,1_31,4,PLOK,17472,5,5,-54.0,8.0,11,2,66,-53.635102282200734,-53.635102282200734,-53.44166829805473,-53.0,0.869823726040773,-59.0,-53.004599850661684,4.39,-61.647403524595596,8.012301242394862
2_1_31_11_2_16.txt,2,1,31,1_31,5,PLOK,17472,6,6,-54.0,8.0,11,2,66,-53.12764392351341,-53.12764392351341,-52.99472100225693,-53.0,0.5631421920029779,-57.93069375550737,-51.0,4.39,-61.647403524595596,8.519759601082185
2_1_31_11_2_16.txt,2,1,31,1_31,6,PLOK,17472,7,7,-54.0,8.0,11,2,66,-52.710403755885366,-52.710403755885366,-52.5808218399098,-53.0,0.7599481815119892,-59.0,-51.53704320404448,4.39,-61.647403524595596,8.93699976871023
2_1_31_11_2_16.txt,2,1,31,1_31,7,PLOK,17472,8,8,-56.0,7.0,11,2,66,-52.908499374476555,-52.908499374476555,-52.88739647256881,-53.0,0.4356546865504087,-54.334897375443845,-51.0,4.39,-61.647403524595596,8.73890415011904
2_1_31_11_2_16.txt,2,1,31,1_31,8,PLOK,17472,9,9,-54.0,7.0,11,2,66,-53.02342084867353,-53.02342084867353,-52.805576102438735,-53.0,0.864938150080915,-59.0,-52.24681796987185,4.39,-61.647403524595596,8.623982675922065
2_1_31_11_2_16.txt,2,1,31,1_31,9,PLOK,17472,10,10,-54.0,8.0,11,2,66,-53.357521867427145,-53.357521867427145,-53.11736074595552,-53.0,0.6441722504309935,-55.950495539648124,-51.0,4.39,-61.647403524595596,8.28988165716845
2_1_31_11_2_16.txt,2,1,31,1_31,10,PLOK,17472,11,11,-54.0,8.0,11,2,66,-53.18301625330823,-53.18301625330823,-53.064365639878574,-53.0,0.9475515609983929,-59.0,-51.02654226263922,4.39,-61.647403524595596,8.464387271287364
2_1_31_11_2_16.txt,2,1,31,1_31,11,PLOK,17472,12,12,-55.0,8.0,11,2,66,-53.17178117137174,-53.17178117137174,-53.07945115301966,-53.0,0.5279031804441341,-54.49450630980423,-51.0,4.39,-61.647403524595596,8.475622353223855
2_1_31_11_2_16.txt,2,1,31,1_31,12,PLOK,17472,13,13,-54.0,8.0,11,2,66,-53.15602476955989,-53.15602476955989,-52.95403401167747,-53.0,0.8977149612131942,-59.0,-52.53368206144643,4.39,-61.647403524595596,8.491378755035704
2_1_31_11_2_16.txt,2,1,31,1_31,13,PLOK,17472,14,14,-54.0,8.0,11,2,66,-52.74511174775297,-52.74511174775297,-52.592082293199894,-53.0,0.6051115172941158,-57.93069375550737,-51.0,4.39,-61.647403524595596,8.902291776842624
2_1_31_11_2_16.txt,2,1,31,1_31,14,PLOK,17472,15,15,-54.0,8.0,11,2,66,-53.19944479294324,-53.19944479294324,-53.034058606022825,-53.0,0.9845864629118756,-59.0,-51.02654226263922,4.39,-61.647403524595596,8.447958731652356
2_1_31_11_2_16.txt,2,1,31,1_31,15,PLOK,17472,16,16,-55.0,10.0,11,2,66,-53.503150669777874,-53.503150669777874,-53.49392468844242,-54.0,0.2920377857268745,-54.94379107447803,-52.0,4.39,-61.647403524595596,8.144252854817722
2_1_31_11_2_16.txt,2,1,31,1_31,16,PLOK,17472,17,17,-54.0,8.0,11,2,66,-53.26930237064787,-53.26930237064787,-52.99433536769161,-53.0,1.499665016090192,-61.0,-52.47900049369285,4.39,-61.647403524595596,8.378101153947725
2_1_31_11_2_16.txt,2,1,31,1_31,17,PLOK,17472,18,18,-54.0,8.0,11,2,66,-53.42309503279523,-53.42309503279523,-53.26336633805147,-53.0,0.4558214284571214,-54.9603964317185,-51.0,4.39,-61.647403524595596,8.224308491800365
2_1_31_11_2_16.txt,2,1,31,1_31,18,PLOK,17472,19,19,-55.0,10.0,11,2,66,-53.48547184359753,-53.48547184359753,-53.362865923491896,-53.0,1.0262240889680676,-61.0,-52.344730985945944,4.39,-61.647403524595596,8.161931680998066
2_1_31_11_2_16.txt,2,1,31,1_31,19,PLOK,17472,20,20,-54.0,10.0,11,2,66,-53.490339323844815,-53.490339323844815,-53.43616098536772,-53.0,0.30728360433794444,-55.09544445013218,-52.0,4.39,-61.647403524595596,8.157064200750781
2_1_31_11_2_16.txt,2,1,31,1_31,20,PLOK,17472,21,21,-54.0,10.0,11,2,66,-54.347968169914964,-54.347968169914964,-53.94366952360845,-54.0,1.221097029492139,-61.0,-53.42739959868839,4.39,-61.647403524595596,7.299435354680632
2_1_32_11_2_16.txt,2,1,32,1_32,0,PLOK,17472,1,1,-60.0,8.0,11,2,66,-59.05924002611456,-59.05924002611456,-58.97062669052923,-59.0,0.24308129346599708,-60.36807937469359,-57.0,1.0,-43.06478174211292,-15.994458284001638
2_1_32_11_2_16.txt,2,1,32,1_32,1,PLOK,17472,2,2,-58.0,9.0,11,2,66,-57.636123892546856,-57.636123892546856,-57.25440646723199,-57.0,0.9682540806595548,-64.0,-56.35698644856129,1.0,-43.06478174211292,-14.571342150433935
2_1_32_11_2_16.txt,2,1,32,1_32,2,PLOK,17472,3,3,-57.0,9.0,11,2,66,-57.19687163379935,-57.19687163379935,-57.1158409811594,-57.0,0.49123441832311115,-61.94059464757775,-56.0,1.0,-43.06478174211292,-14.132089891686427
2_1_32_11_2_16.txt,2,1,32,1_32,3,PLOK,17472,4,4,-58.0,9.0,11,2,66,-57.366060774941296,-57.366060774941296,-57.29088184318594,-57.0,0.7744069731489582,-64.0,-56.51099252945114,1.0,-43.06478174211292,-14.301279032828376
2_1_32_11_2_16.txt,2,1,32,1_32,4,PLOK,17472,5,5,-58.0,9.0,11,2,66,-57.0119869382438,-57.0119869382438,-56.954796666230834,-57.0,0.32603474105554103,-58.03065184982743,-56.0,1.0,-43.06478174211292,-13.94720519613088
2_1_32_11_2_16.txt,2,1,32,1_32,5,PLOK,17472,6,6,-58.0,8.0,11,2,66,-58.25262841828387,-58.25262841828387,-58.05629948212565,-58.0,0.9656228811778926,-64.0,-57.50351449104219,1.0,-43.06478174211292,-15.187846676170949
2_1_32_11_2_16.txt,2,1,32,1_32,6,PLOK,17472,7,7,-58.0,9.0,11,2,66,-58.31255174158366,-58.31255174158366,-58.102745211882336,-58.0,0.38878542627461665,-59.80683114609989,-56.0,1.0,-43.06478174211292,-15.24776999947074
2_1_32_11_2_16.txt,2,1,32,1_32,7,PLOK,17472,8,8,-59.0,9.0,11,2,66,-57.96556558713768,-57.96556558713768,-57.85397074615288,-58.0,0.6377474988040633,-64.0,-57.06930624449263,1.0,-43.06478174211292,-14.900783845024762
2_1_32_11_2_16.txt,2,1,32,1_32,8,PLOK,17472,9,9,-58.0,9.0,11,2,66,-57.7235801510415,-57.7235801510415,-57.723581919069474,-58.0,0.111589159487683,-58.944967291739864,-57.0,1.0,-43.06478174211292,-14.658798408928583
2_1_32_11_2_16.txt,2,1,32,1_32,9,PLOK,17472,10,10,-58.0,9.0,11,2,66,-58.76392110658421,-58.76392110658421,-58.6428296790528,-59.0,0.9374944941638865,-64.0,-57.46389318732112,1.0,-43.06478174211292,-15.699139364471293
2_1_32_11_2_16.txt,2,1,32,1_32,10,PLOK,17472,11,11,-58.0,9.0,11,2,66,-57.95448195586713,-57.95448195586713,-57.88113033994426,-58.0,0.46245242115555557,-61.94059464757775,-56.0,1.0,-43.06478174211292,-14.88970021375421
2_1_32_11_2_16.txt,2,1,32,1_32,11,PLOK,17472,12,12,-58.0,9.0,11,2,66,-57.668187824512906,-57.668187824512906,-57.50413328792497,-57.0,1.1475749051622401,-64.0,-56.52636280348841,1.0,-43.06478174211292,-14.603406082399985
2_1_32_11_2_16.txt,2,1,32,1_32,12,PLOK,17472,13,13,-57.0,9.0,11,2,66,-56.09306530303729,-56.09306530303729,-56.061657300581345,-56.0,0.564146464134117,-57.59563401816981,-54.0,1.0,-43.06478174211292,-13.028283560924372
2_1_32_11_2_16.txt,2,1,32,1_32,13,PLOK,17472,14,14,-58.0,9.0,11,2,66,-57.39118798780304,-57.39118798780304,-57.16415133803166,-57.0,0.821444613825074,-64.0,-56.68910314871794,1.0,-43.06478174211292,-14.326406245690123
2_1_32_11_2_16.txt,2,1,32,1_32,14,PLOK,17472,15,15,-58.0,9.0,11,2,66,-58.546311301383646,-58.546311301383646,-58.322776462581146,-58.0,1.263570292794409,-63.93069375550737,-57.0,1.0,-43.06478174211292,-15.481529559270726
2_1_32_11_2_16.txt,2,1,32,1_32,15,PLOK,17472,16,16,-58.0,9.0,11,2,66,-57.67690450353177,-57.67690450353177,-57.6510746754487,-58.0,0.7493948363904901,-63.0,-55.35832386341226,1.0,-43.06478174211292,-14.612122761418853
2_1_32_11_2_16.txt,2,1,32,1_32,16,PLOK,17472,17,17,-58.0,9.0,11,2,66,-55.99548431863803,-55.99548431863803,-55.89188611086941,-56.0,0.12992624397142766,-57.49800903102355,-55.0,1.0,-43.06478174211292,-12.930702576525107
2_1_32_11_2_16.txt,2,1,32,1_32,17,PLOK,17472,18,18,-58.0,9.0,11,2,66,-57.043423136824245,-57.043423136824245,-56.88315545231461,-57.0,0.8003703830523606,-63.0,-56.44435286611565,1.0,-43.06478174211292,-13.978641394711325
2_1_32_11_2_16.txt,2,1,32,1_32,18,PLOK,17472,19,19,-57.0,9.0,11,2,66,-56.644734950832365,-56.644734950832365,-56.551993988833374,-57.0,0.49589004989179164,-60.94059464757775,-55.0,1.0,-43.06478174211292,-13.579953208719445
2_1_32_11_2_16.txt,2,1,32,1_32,19,PLOK,17472,20,20,-57.0,9.0,11,2,66,-56.50514988308256,-56.50514988308256,-56.249190890975584,-56.0,1.1264714410651218,-64.0,-55.029860045469114,1.0,-43.06478174211292,-13.440368140969639
2_1_32_11_2_16.txt,2,1,32,1_32,20,PLOK,17472,21,21,-58.0,9.0,11,2,66,-56.02139253359577,-56.02139253359577,-55.9827943761738,-56.0,0.09045669879102505,-57.57111380454553,-55.0,1.0,-43.06478174211292,-12.956610791482852
2_2_0_11_2_16.txt,2,2,0,2_0,0,PLFL,17472,1,1,-124.0,-21.0,11,2,66,-105.41966684079969,-105.41966684079969,-105.43190816666501,-105.0,0.07489306131846359,-107.0,-104.02970267621113,109.48,-108.50571868888275,3.086051848083059
2_2_0_11_2_16.txt,2,2,0,2_0,1,PLFL,18752,2,1,-125.0,-22.0,11,2,83,-105.33357371336699,-105.33357371336699,-105.33425679891525,-105.0,0.10101315243517281,-105.97029732378887,-103.0,109.48,-108.50571868888275,3.1721449755157636
2_2_0_11_2_16.txt,2,2,0,2_0,2,PLFL,17472,3,1,-122.0,-19.0,11,2,66,-105.05112253787398,-105.05112253787398,-105.17152494241535,-105.0,0.08689664771436219,-105.37809823404777,-104.0049725762173,109.48,-108.50571868888275,3.454596151008772
2_2_0_11_2_16.txt,2,2,0,2_0,3,PLFL,17472,4,1,-125.0,-21.0,11,2,66,-105.48854565366085,-105.48854565366085,-105.44201846023972,-105.0,0.055312789542674996,-106.98019821585925,-105.0,109.48,-108.50571868888275,3.0171730352219015
2_2_0_11_2_16.txt,2,2,0,2_0,4,PLFL,17472,5,1,-122.0,-19.0,11,2,66,-105.53226127366239,-105.53226127366239,-105.52688254876495,-106.0,0.01357253023444285,-105.99009910792962,-105.0,109.48,-108.50571868888275,2.9734574152203663
2_2_10_11_2_16.txt,2,2,10,2_10,0,PLOK,17472,1,1,-108.0,-5.0,11,2,66,-105.43765846191243,-105.43765846191243,-105.43342190161101,-105.0,0.029142628248155368,-105.9950274237827,-105.0,75.58,-103.85104558674169,-1.5866128751707436
2_2_10_11_2_16.txt,2,2,10,2_10,1,PLOK,17472,2,2,-109.0,-5.0,11,2,66,-105.29845397378072,-105.29845397378072,-105.27092589891689,-105.0,0.05702449744792324,-105.98019821585925,-104.0,75.58,-103.85104558674169,-1.447408387039033
2_2_10_11_2_16.txt,2,2,10,2_10,2,PLOK,17472,3,3,-108.0,-5.0,11,2,66,-105.07950232362303,-105.07950232362303,-105.11182752582953,-105.0,0.07904080884055525,-106.0,-104.0099451524346,75.58,-103.85104558674169,-1.2284567368813413
2_2_10_11_2_16.txt,2,2,10,2_10,3,PLOK,17472,4,4,-109.0,-5.0,11,2,66,-105.65580270835677,-105.65580270835677,-105.62471989913851,-106.0,0.053492309773797236,-106.99009910792962,-105.19316803304368,75.58,-103.85104558674169,-1.8047571216150828
2_2_10_11_2_16.txt,2,2,10,2_10,4,PLOK,17472,5,5,-109.0,-6.0,11,2,66,-105.33102488510464,-105.33102488510464,-105.3565875139135,-105.0,0.039294980437713734,-105.98019821585925,-104.0,75.58,-103.85104558674169,-1.4799792983629487
2_2_10_11_2_16.txt,2,2,10,2_10,5,PLOK,17472,6,6,-108.0,-5.0,11,2,66,-104.84887377077054,-104.84887377077054,-104.9069739519623,-105.0,0.11568161747992299,-105.19762671814043,-103.0,75.58,-103.85104558674169,-0.9978281840288474
2_2_10_11_2_16.txt,2,2,10,2_10,6,PLOK,17472,7,7,-109.0,-6.0,11,2,66,-104.84173390315178,-104.84173390315178,-104.96037334417233,-105.0,0.17347157854890705,-106.98019821585925,-103.99383531490993,75.58,-103.85104558674169,-0.9906883164100861
2_2_10_11_2_16.txt,2,2,10,2_10,7,PLOK,17472,8,8,-109.0,-6.0,11,2,66,-105.09159334364433,-105.09159334364433,-104.93673084638215,-105.0,0.1832486956611329,-107.0,-104.8198841160549,75.58,-103.85104558674169,-1.240547756902643
2_2_10_11_2_16.txt,2,2,10,2_10,8,PLOK,17472,9,9,-108.0,-5.0,11,2,66,-105.21555346959157,-105.21555346959157,-105.24671046870097,-105.0,0.23124663111563956,-106.95049553964812,-102.0,75.58,-103.85104558674169,-1.3645078828498782
2_2_10_11_2_16.txt,2,2,10,2_10,9,PLOK,17472,10,10,-110.0,-7.0,11,2,66,-104.84980555569307,-104.84980555569307,-104.82994442107235,-105.0,0.045075485953524806,-106.0,-104.01980178414075,75.58,-103.85104558674169,-0.9987599689513758
2_2_10_11_2_16.txt,2,2,10,2_10,10,PLOK,17472,11,11,-107.0,-5.0,11,2,66,-104.88780674457553,-104.88780674457553,-104.9155257545215,-105.0,0.02921798632118565,-105.08123064453336,-104.0,75.58,-103.85104558674169,-1.036761157833837
2_2_10_11_2_16.txt,2,2,10,2_10,11,PLOK,17472,12,12,-108.0,-5.0,11,2,66,-104.57397531062846,-104.57397531062846,-104.64522304211904,-105.0,0.14326049542156763,-105.00050223517053,-102.33806376946035,75.58,-103.85104558674169,-0.7229297238867645
2_2_10_11_2_16.txt,2,2,10,2_10,12,PLOK,17472,13,13,-108.0,-5.0,11,2,66,-104.82362948769737,-104.82362948769737,-104.79546290067239,-105.0,0.0217231722771253,-105.02391153980433,-104.49161585163633,75.58,-103.85104558674169,-0.9725839009556836
2_2_10_11_2_16.txt,2,2,10,2_10,13,PLOK,17472,14,14,-108.0,-5.0,11,2,66,-104.92022306762328,-104.92022306762328,-104.83749314707191,-105.0,0.045723528902964744,-105.99009910792962,-104.74541469541545,75.58,-103.85104558674169,-1.0691774808815921
2_2_10_11_2_16.txt,2,2,10,2_10,14,PLOK,17472,15,15,-108.0,-5.0,11,2,66,-104.39527859955456,-104.39527859955456,-104.46413751421721,-104.0,0.08288179915284542,-104.99009910792962,-103.25098839485406,75.58,-103.85104558674169,-0.5442330128128674
2_2_10_11_2_16.txt,2,2,10,2_10,15,PLOK,17472,16,16,-108.0,-5.0,11,2,66,-104.91352429919445,-104.91352429919445,-104.95247111999711,-105.0,0.046374175483617414,-105.20713617938245,-104.0049725762173,75.58,-103.85104558674169,-1.0624787124527586
2_2_10_11_2_16.txt,2,2,10,2_10,16,PLOK,17472,17,17,-108.0,-5.0,11,2,66,-105.22640870313195,-105.22640870313195,-105.2517129945081,-105.0,0.10606152152395842,-106.99009910792962,-104.7250017950076,75.58,-103.85104558674169,-1.375363116390261
2_2_10_11_2_16.txt,2,2,10,2_10,17,PLOK,17472,18,18,-108.0,-5.0,11,2,66,-104.81349359026609,-104.81349359026609,-104.88861344562159,-105.0,0.07173855622967115,-105.01865848991652,-103.50223517052339,75.58,-103.85104558674169,-0.9624480035244005
2_2_10_11_2_16.txt,2,2,10,2_10,18,PLOK,17472,19,19,-109.0,-6.0,11,2,66,-104.67551197200282,-104.67551197200282,-104.69869972116122,-105.0,0.0755386340519765,-105.09309881277187,-103.0,75.58,-103.85104558674169,-0.8244663852611325
2_2_10_11_2_16.txt,2,2,10,2_10,19,PLOK,17472,20,20,-109.0,-6.0,11,2,66,-105.15273505607928,-105.15273505607928,-105.19672732945614,-105.0,0.12055378407554936,-106.0,-104.0099451524346,75.58,-103.85104558674169,-1.301689469337589
2_2_11_11_2_16.txt,2,2,11,2_11,0,PLOK,17472,1,1,-119.0,-18.0,11,2,66,-102.6893580938317,-102.6893580938317,-102.75550426891058,-103.0,0.09182365869829107,-103.04419431920869,-101.5024792689771,72.19,-103.27459541024949,0.5852373164177891
2_2_11_11_2_16.txt,2,2,11,2_11,1,PLFL,17472,2,1,-120.0,-19.0,11,2,66,-103.08994838273959,-103.08994838273959,-103.0642735919321,-103.0,0.04849776518264164,-103.98019821585925,-102.0,72.19,-103.27459541024949,0.1846470275098966
2_2_11_11_2_16.txt,2,2,11,2_11,2,PLOK,17472,3,2,-119.0,-18.0,11,2,66,-102.76367052181372,-102.76367052181372,-102.75225240393831,-103.0,0.02509020548540101,-103.49776482947661,-102.49708573394803,72.19,-103.27459541024949,0.5109248884357669
2_2_11_11_2_16.txt,2,2,11,2_11,3,PLFL,17472,4,2,-119.0,-18.0,11,2,66,-102.62680958291479,-102.62680958291479,-102.60872937615784,-103.0,0.02139009445293878,-103.0,-102.24620262526979,72.19,-103.27459541024949,0.647785827334701
2_2_11_11_2_16.txt,2,2,11,2_11,4,PLOK,17472,5,3,-119.0,-18.0,11,2,66,-102.92250570227462,-102.92250570227462,-102.91344649363229,-103.0,0.03376761293807137,-103.99009910792962,-102.33476428421935,72.19,-103.27459541024949,0.35208970797486927
2_2_11_11_2_16.txt,2,2,11,2_11,5,PLOK,17472,6,4,-117.0,-16.0,11,2,66,-102.87247692824057,-102.87247692824057,-102.798555818909,-103.0,0.10469117044538971,-105.0,-102.02970267621113,72.19,-103.27459541024949,0.4021184820089161
2_2_11_11_2_16.txt,2,2,11,2_11,6,PLOK,17472,7,5,-119.0,-18.0,11,2,66,-102.8316941090786,-102.8316941090786,-102.88264654704162,-103.0,0.02197484841545426,-103.03737647893881,-102.39839514403415,72.19,-103.27459541024949,0.44290130117089177
2_2_11_11_2_16.txt,2,2,11,2_11,7,PLFL,17472,8,5,-120.0,-19.0,11,2,66,-103.1429186542779,-103.1429186542779,-103.04825865686277,-103.0,0.08707650657601454,-104.49776482947661,-102.83278498696758,72.19,-103.27459541024949,0.1316767559715828
2_2_11_11_2_16.txt,2,2,11,2_11,8,PLOK,17472,9,6,-118.0,-17.0,11,2,66,-102.92814265989306,-102.92814265989306,-102.9180615725056,-103.0,0.061798369174972015,-103.98019821585925,-102.0,72.19,-103.27459541024949,0.3464527503564341
2_2_11_11_2_16.txt,2,2,11,2_11,9,PLOK,17472,10,7,-118.0,-17.0,11,2,66,-102.99853499124839,-102.99853499124839,-102.96230233660918,-103.0,0.04640682330044408,-103.9950274237827,-102.77239344907497,72.19,-103.27459541024949,0.276060419001098
2_2_11_11_2_16.txt,2,2,11,2_11,10,PLFL,17472,11,7,-121.0,-20.0,11,2,66,-103.04178272777766,-103.04178272777766,-102.99645855718292,-103.0,0.06314303359784064,-103.9900548475654,-102.0,72.19,-103.27459541024949,0.23281268247183107
2_2_11_11_2_16.txt,2,2,11,2_11,11,PLFL,17472,12,7,-119.0,-17.0,11,2,66,-103.45293062325435,-103.45293062325435,-103.47164766002888,-103.0,0.05206619130840775,-103.99768453263746,-103.0,72.19,-103.27459541024949,-0.178335213004857
2_2_11_11_2_16.txt,2,2,11,2_11,12,PLFL,17472,13,7,-119.0,-18.0,11,2,66,-103.2026451466964,-103.2026451466964,-103.09073722544213,-103.0,0.11081648021173308,-104.99009910792962,-102.93441682541584,72.19,-103.27459541024949,0.07195026355309153
2_2_11_11_2_16.txt,2,2,11,2_11,13,PLFL,17986,14,7,-121.0,-20.0,11,2,66,-102.79963291652487,-102.79963291652487,-102.78143789793319,-103.0,0.03741782773940085,-103.20240092548835,-102.0049725762173,72.19,-103.27459541024949,0.4749624937246182
2_2_11_11_2_16.txt,2,2,11,2_11,14,PLOK,17472,15,8,-119.0,-18.0,11,2,66,-103.30035245339405,-103.30035245339405,-103.19276441763907,-103.0,0.2445734903226795,-105.0,-102.70964201073218,72.19,-103.27459541024949,-0.025757043144565728
2_2_11_11_2_16.txt,2,2,11,2_11,15,PLOK,17472,16,9,-118.0,-17.0,11,2,66,-102.86128465957306,-102.86128465957306,-102.84214124649878,-103.0,0.07606576504900951,-103.66158283356715,-102.0,72.19,-103.27459541024949,0.4133107506764304
2_2_11_11_2_16.txt,2,2,11,2_11,16,PLOK,17472,17,10,-119.0,-18.0,11,2,66,-102.83098350915807,-102.83098350915807,-102.88238193284725,-103.0,0.040560723792556944,-103.07981093467572,-102.0,72.19,-103.27459541024949,0.44361190109141546
2_2_11_11_2_16.txt,2,2,11,2_11,17,PLOK,17472,18,11,-119.0,-18.0,11,2,66,-102.80589586668933,-102.80589586668933,-102.829106109261,-103.0,0.0445932150688784,-103.43280346069047,-102.4902391240071,72.19,-103.27459541024949,0.4686995435601631
2_2_11_11_2_16.txt,2,2,11,2_11,18,PLFL,17472,19,11,-120.0,-19.0,11,2,66,-103.01480326634962,-103.01480326634962,-103.11703926951746,-103.0,0.13170021566922016,-103.33172325099716,-101.0,72.19,-103.27459541024949,0.2597921438998725
2_2_11_11_2_16.txt,2,2,11,2_11,19,PLOK,17472,20,12,-119.0,-19.0,11,2,66,-103.0004222334969,-103.0004222334969,-102.9859146136778,-103.0,0.06947619593379725,-103.99009910792962,-102.25048815184195,72.19,-103.27459541024949,0.27417317675258346
2_2_11_11_2_16.txt,2,2,11,2_11,20,PLFL,17472,21,12,-120.0,-19.0,11,2,66,-102.97841545601825,-102.97841545601825,-103.00050018872734,-103.0,0.04756795455125033,-103.29927998914933,-102.0049725762173,72.19,-103.27459541024949,0.2961799542312349
2_2_12_11_2_16.txt,2,2,12,2_12,0,PLOK,17472,1,1,-118.0,-17.0,11,2,66,-102.96051275057376,-102.96051275057376,-102.99176375511584,-103.0,0.02838357938487706,-103.24559500425799,-102.50223517052339,68.8,-102.67041415568818,-0.29009859488557765
2_2_12_11_2_16.txt,2,2,12,2_12,1,PLOK,17472,2,2,-118.0,-17.0,11,2,66,-103.41001328822017,-103.41001328822017,-103.3713557483996,-103.0,0.023968432716074545,-103.99552965895323,-103.0,68.8,-102.67041415568818,-0.7395991325319926
2_2_12_11_2_16.txt,2,2,12,2_12,2,PLOK,17472,3,3,-115.0,-14.0,11,2,66,-102.98689219537701,-102.98689219537701,-102.92885430536272,-103.0,0.09628407674217757,-104.99009910792962,-102.69814325752063,68.8,-102.67041415568818,-0.3164780396888318
2_2_12_11_2_16.txt,2,2,12,2_12,3,PLOK,17472,4,4,-111.0,-11.0,11,2,66,-102.97477361441456,-102.97477361441456,-102.8492376251094,-103.0,0.16891794225396223,-105.0,-102.60886123095638,68.8,-102.67041415568818,-0.30435945872638115
2_2_12_11_2_16.txt,2,2,12,2_12,4,PLOK,17472,5,5,-116.0,-15.0,11,2,66,-102.92525550633361,-102.92525550633361,-102.93375211562537,-103.0,0.06147222664138962,-103.99009910792962,-102.28088829865887,68.8,-102.67041415568818,-0.2548413506454352
2_2_12_11_2_16.txt,2,2,12,2_12,5,PLOK,17472,6,6,-113.0,-12.0,11,2,66,-102.95854365764312,-102.95854365764312,-103.01070457349235,-103.0,0.05468640538815709,-103.20946879761323,-102.0049725762173,68.8,-102.67041415568818,-0.28812950195494125
2_2_12_11_2_16.txt,2,2,12,2_12,6,PLOK,17472,7,7,-112.0,-12.0,11,2,66,-102.59597413304013,-102.59597413304013,-102.63645650467348,-103.0,0.05887680090203418,-103.0,-101.01980178414075,68.8,-102.67041415568818,0.07444002264804794
2_2_12_11_2_16.txt,2,2,12,2_12,7,PLOK,17472,8,8,-114.0,-13.0,11,2,66,-103.26282542670312,-103.26282542670312,-103.16475252596031,-103.0,0.07137458416304662,-103.99801274650724,-102.96367569563846,68.8,-102.67041415568818,-0.5924112710149387
2_2_12_11_2_16.txt,2,2,12,2_12,8,PLOK,17472,9,9,-116.0,-14.0,11,2,66,-102.96827462092398,-102.96827462092398,-102.9607744347726,-103.0,0.04659526480731056,-103.66523571578065,-102.00990089207038,68.8,-102.67041415568818,-0.2978604652358001
2_2_12_11_2_16.txt,2,2,12,2_12,9,PLOK,17472,10,10,-113.0,-13.0,11,2,66,-102.85798969291626,-102.85798969291626,-102.87015572477559,-103.0,0.06083528670018062,-103.2337082370596,-102.00198725349276,68.8,-102.67041415568818,-0.18757553722808495
2_2_12_11_2_16.txt,2,2,12,2_12,10,PLOK,17472,11,11,-114.0,-13.0,11,2,66,-102.90601828309427,-102.90601828309427,-102.89517807906134,-103.0,0.026358678683128835,-103.16085826584279,-102.0,68.8,-102.67041415568818,-0.23560412740609138
2_2_12_11_2_16.txt,2,2,12,2_12,11,PLOK,17472,12,12,-116.0,-15.0,11,2,66,-103.04430342093163,-103.04430342093163,-103.11561154912161,-103.0,0.07343454400967576,-103.29861223820059,-102.0,68.8,-102.67041415568818,-0.3738892652434487
2_2_12_11_2_16.txt,2,2,12,2_12,12,PLOK,17472,13,13,-116.0,-15.0,11,2,66,-103.1993596153174,-103.1993596153174,-103.18167316203528,-103.0,0.03968943840627292,-104.0,-102.01980178414075,68.8,-102.67041415568818,-0.5289454596292273
2_2_12_11_2_16.txt,2,2,12,2_12,13,PLOK,17472,14,14,-117.0,-16.0,11,2,66,-103.21439343806564,-103.21439343806564,-103.21591261594037,-103.0,0.09099417087858333,-103.98019821585925,-102.0,68.8,-102.67041415568818,-0.5439792823774638
2_2_12_11_2_16.txt,2,2,12,2_12,14,PLOK,17472,15,15,-119.0,-18.0,11,2,66,-103.07972794081009,-103.07972794081009,-103.08877986855612,-103.0,0.04031502520565377,-103.49826706464714,-102.00990089207038,68.8,-102.67041415568818,-0.40931378512190975
2_2_12_11_2_16.txt,2,2,12,2_12,15,PLOK,17472,16,16,-117.0,-16.0,11,2,66,-103.1372748209891,-103.1372748209891,-103.15710185905385,-103.0,0.10205675488265468,-104.97029732378887,-102.0,68.8,-102.67041415568818,-0.46686066530092774
2_2_12_11_2_16.txt,2,2,12,2_12,16,PLOK,17472,17,17,-117.0,-16.0,11,2,66,-103.02719103433995,-103.02719103433995,-103.00658576406647,-103.0,0.12989464408946885,-104.97029732378887,-102.0,68.8,-102.67041415568818,-0.35677687865177177
2_2_12_11_2_16.txt,2,2,12,2_12,17,PLFL,17472,18,17,-118.0,-17.0,11,2,66,-103.38867327387243,-103.38867327387243,-103.35078343039474,-103.0,0.08799961528719971,-104.32614835058061,-102.0,68.8,-102.67041415568818,-0.7182591181842497
2_2_12_11_2_16.txt,2,2,12,2_12,18,PLOK,17472,19,18,-118.0,-17.0,11,2,66,-103.14924614795996,-103.14924614795996,-103.14168476230559,-103.0,0.00982670629196274,-103.4471186519094,-102.99278595624294,68.8,-102.67041415568818,-0.478831992271779
2_2_12_11_2_16.txt,2,2,12,2_12,19,PLFL,17472,20,18,-117.0,-16.0,11,2,66,-102.98737162791538,-102.98737162791538,-103.0278356504914,-103.0,0.06726151831491893,-103.99009910792962,-102.32920401600813,68.8,-102.67041415568818,-0.3169574722272017
2_2_12_11_2_16.txt,2,2,12,2_12,20,PLOK,17472,21,19,-117.0,-16.0,11,2,66,-103.05729032074098,-103.05729032074098,-103.11087322398112,-103.0,0.11695893075102584,-104.0,-101.02970267621113,68.8,-102.67041415568818,-0.3868761650527972
2_2_12_11_2_16.txt,2,2,12,2_12,21,PLOK,17472,22,20,-116.0,-15.0,11,2,66,-103.22626842821568,-103.22626842821568,-103.1706534459909,-103.0,0.043826549954921225,-103.9966822171701,-102.94926784851647,68.8,-102.67041415568818,-0.5558542725274975
2_2_12_11_2_16.txt,2,2,12,2_12,22,PLOK,17472,23,21,-118.0,-17.0,11,2,66,-103.82987373405854,-103.82987373405854,-103.76312099007595,-104.0,0.1076437638290973,-105.0,-103.36853153463137,68.8,-102.67041415568818,-1.1594595783703596
2_2_13_11_2_16.txt,2,2,13,2_13,0,PLFL,17472,29,25,-122.0,-17.0,11,2,66,-106.23339512037548,-106.23339512037548,-105.88425954850064,-105.0,1.207981292293912,-108.66490061639705,-104.9741493636096,65.41,-102.03569828913265,-4.197696831242823
2_2_13_11_2_16.txt,2,2,13,2_13,1,PLOK,17472,30,26,-114.0,-12.0,11,2,66,-104.10074220244493,-104.10074220244493,-104.07795744407028,-104.0,0.04265504811692727,-104.9950274237827,-103.78671042305693,65.41,-102.03569828913265,-2.06504391331228
2_2_13_11_2_16.txt,2,2,13,2_13,2,PLOK,17472,31,27,-120.0,-18.0,11,2,66,-104.47052139469274,-104.47052139469274,-104.43603832844897,-104.0,0.039515614504793906,-105.49279225325931,-104.0,65.41,-102.03569828913265,-2.434823105560085
2_2_13_11_2_16.txt,2,2,13,2_13,3,PLOK,17472,32,28,-121.0,-18.0,11,2,66,-104.40639442595938,-104.40639442595938,-104.39652320993262,-104.0,0.07899913763852161,-105.98019821585925,-104.0,65.41,-102.03569828913265,-2.370696136826723
2_2_13_11_2_16.txt,2,2,13,2_13,4,PLOK,17472,33,29,-119.0,-17.0,11,2,66,-104.2244348731496,-104.2244348731496,-104.27653641512963,-104.0,0.08763348471416152,-104.48781967704201,-102.0,65.41,-102.03569828913265,-2.188736584016951
2_2_13_11_2_16.txt,2,2,13,2_13,5,PLOK,17472,34,30,-119.0,-16.0,11,2,66,-105.0227005881842,-105.0227005881842,-105.04629146746248,-105.0,0.04553215982120178,-105.98019821585925,-104.0,65.41,-102.03569828913265,-2.9870022990515395
2_2_13_11_2_16.txt,2,2,13,2_13,6,PLFL,17472,35,30,-122.0,-20.0,11,2,66,-104.84876686335436,-104.84876686335436,-104.86258395188045,-105.0,0.048557771281775686,-106.0,-104.01980178414075,65.41,-102.03569828913265,-2.8130685742217025
2_2_13_11_2_16.txt,2,2,13,2_13,7,PLOK,17472,36,31,-120.0,-17.0,11,2,66,-104.94007331447172,-104.94007331447172,-104.9802620952006,-105.0,0.024598690213506365,-105.16820845489272,-104.2504898878558,65.41,-102.03569828913265,-2.904375025339064
2_2_13_11_2_16.txt,2,2,13,2_13,8,PLFL,17472,37,31,-122.0,-19.0,11,2,66,-104.70957663327395,-104.70957663327395,-104.74497669133086,-105.0,0.016521497643435173,-105.0,-104.28487475051227,65.41,-102.03569828913265,-2.6738783441413005
2_2_13_11_2_16.txt,2,2,13,2_13,9,PLFL,17472,38,31,-122.0,-19.0,11,2,66,-105.13315266854715,-105.13315266854715,-105.15076891969753,-105.0,0.06236219319223601,-106.0,-104.8093330708668,65.41,-102.03569828913265,-3.0974543794145006
2_2_13_11_2_16.txt,2,2,13,2_13,10,PLOK,17472,39,32,-120.0,-17.0,11,2,66,-104.79611911114102,-104.79611911114102,-104.73111795108441,-105.0,0.05601249819229446,-105.99009910792962,-104.54468213270741,65.41,-102.03569828913265,-2.7604208220083706
2_2_13_11_2_16.txt,2,2,13,2_13,11,PLFL,17472,40,32,-116.0,-13.0,11,2,66,-104.9409633442275,-104.9409633442275,-104.89852267482054,-105.0,0.03085296663428251,-105.49992177701722,-104.73511681238095,65.41,-102.03569828913265,-2.9052650550948442
2_2_13_11_2_16.txt,2,2,13,2_13,12,PLOK,17472,41,33,-119.0,-16.0,11,2,66,-104.81027588489195,-104.81027588489195,-104.80478055373797,-105.0,0.016494423940065794,-105.03309333591234,-104.49738332124402,65.41,-102.03569828913265,-2.774577595759297
2_2_13_11_2_16.txt,2,2,13,2_13,13,PLOK,17472,42,34,-119.0,-16.0,11,2,66,-104.88484915718783,-104.88484915718783,-104.77715898996543,-105.0,0.12422455059692307,-106.49279225325931,-104.58670215287553,65.41,-102.03569828913265,-2.849150868055176
2_2_13_11_2_16.txt,2,2,13,2_13,14,PLFL,17472,43,34,-120.0,-18.0,11,2,66,-104.88278776007438,-104.88278776007438,-104.94972568073865,-105.0,0.09248805393980702,-105.09513892072941,-103.00990089207038,65.41,-102.03569828913265,-2.847089470941725
2_2_13_11_2_16.txt,2,2,13,2_13,15,PLOK,17472,44,35,-121.0,-18.0,11,2,66,-104.76683041598054,-104.76683041598054,-104.69342491764556,-105.0,0.051989006744814804,-105.99009910792962,-104.53398150154493,65.41,-102.03569828913265,-2.731132126847882
2_2_13_11_2_16.txt,2,2,13,2_13,16,PLOK,17472,45,36,-120.0,-17.0,11,2,66,-104.84309308178108,-104.84309308178108,-104.8429534488517,-105.0,0.024424523674461185,-105.12240589074268,-104.00990089207038,65.41,-102.03569828913265,-2.8073947926484237
2_2_13_11_2_16.txt,2,2,13,2_13,17,PLFL,17472,46,36,-123.0,-20.0,11,2,66,-104.92951833548837,-104.92951833548837,-104.9603598775143,-105.0,0.01733631290053362,-105.09258434168818,-104.49974556106768,65.41,-102.03569828913265,-2.8938200463557138
2_2_13_11_2_16.txt,2,2,13,2_13,18,PLOK,17472,47,37,-120.0,-17.0,11,2,66,-104.87244789001947,-104.87244789001947,-104.86025290228356,-105.0,0.035730042628456596,-105.49279225325931,-104.0,65.41,-102.03569828913265,-2.8367496008868187
2_2_13_11_2_16.txt,2,2,13,2_13,19,PLOK,17472,48,38,-119.0,-16.0,11,2,66,-105.1053198101476,-105.1053198101476,-105.08390281922013,-105.0,0.015529729989865045,-105.3648709367844,-104.6672160837596,65.41,-102.03569828913265,-3.069621521014952
2_2_13_11_2_16.txt,2,2,13,2_13,20,PLOK,17472,49,39,-118.0,-15.0,11,2,66,-105.06357558307715,-105.06357558307715,-105.02838226441324,-105.0,0.032245804847838545,-106.0,-104.88264065695701,65.41,-102.03569828913265,-3.027877293944499
2_2_13_11_2_16.txt,2,2,13,2_13,21,PLOK,17472,50,40,-119.0,-16.0,11,2,66,-104.59281189896468,-104.59281189896468,-104.6574408171593,-105.0,0.08472832812350499,-105.0,-103.50720774674069,65.41,-102.03569828913265,-2.5571136098320295
2_2_13_11_2_16.txt,2,2,13,2_13,22,PLOK,17472,51,41,-117.0,-14.0,11,2,66,-105.14001754792788,-105.14001754792788,-105.0707947243942,-105.0,0.043553055051612465,-106.0,-104.90924444779546,65.41,-102.03569828913265,-3.104319258795229
2_2_14_11_2_16.txt,2,2,14,2_14,0,PLOK,17472,1,1,-108.0,-7.0,11,2,66,-103.402090188327,-103.402090188327,-103.40083429827988,-103.0,0.05887964905772309,-105.0,-102.99998088588434,62.02,-101.36719639234973,-2.0348937959772684
2_2_14_11_2_16.txt,2,2,14,2_14,1,PLOK,17472,2,2,-107.0,-6.0,11,2,66,-103.39358161396126,-103.39358161396126,-103.38952690908272,-103.0,0.04601170286062373,-103.98019821585925,-102.0,62.02,-101.36719639234973,-2.026385221611534
2_2_14_11_2_16.txt,2,2,14,2_14,2,PLOK,17472,3,3,-109.0,-7.0,11,2,66,-103.0417109632173,-103.0417109632173,-103.05469524720212,-103.0,0.027692615758437723,-104.0,-102.72697746087591,62.02,-101.36719639234973,-1.6745145708675722
2_2_14_11_2_16.txt,2,2,14,2_14,3,PLOK,17472,4,4,-109.0,-8.0,11,2,66,-103.61902710209118,-103.61902710209118,-103.61332193578394,-104.0,0.054183587276463586,-103.9966822171701,-102.99501655335611,62.02,-101.36719639234973,-2.251830709741455
2_2_14_11_2_16.txt,2,2,14,2_14,4,PLOK,17472,5,5,-108.0,-7.0,11,2,66,-103.3793494808832,-103.3793494808832,-103.3837846039223,-103.0,0.03820652936343048,-104.0,-102.87134915162433,62.02,-101.36719639234973,-2.0121530885334806
2_2_14_11_2_16.txt,2,2,14,2_14,5,PLOK,17472,6,6,-112.0,-10.0,11,2,66,-103.73782401238032,-103.73782401238032,-103.70654781085767,-104.0,0.0803864418097181,-104.98019821585925,-103.0,62.02,-101.36719639234973,-2.3706276200305894
2_2_14_11_2_16.txt,2,2,14,2_14,6,PLOK,17472,7,7,-110.0,-9.0,11,2,66,-104.02421871182958,-104.02421871182958,-103.911448184371,-104.0,0.09569225894190311,-105.0,-103.66941522130325,62.02,-101.36719639234973,-2.65702231947985
2_2_14_11_2_16.txt,2,2,14,2_14,7,PLOK,17472,8,8,-112.0,-10.0,11,2,66,-103.88505805531335,-103.88505805531335,-103.86447593070463,-104.0,0.06730346205651812,-105.0,-103.0099451524346,62.02,-101.36719639234973,-2.5178616629636252
2_2_14_11_2_16.txt,2,2,14,2_14,8,PLOK,17472,9,9,-108.0,-7.0,11,2,66,-103.90043491127776,-103.90043491127776,-103.87784141023354,-104.0,0.08834974558235106,-105.0,-103.32899378776584,62.02,-101.36719639234973,-2.53323851892803
2_2_14_11_2_16.txt,2,2,14,2_14,9,PLOK,17472,10,10,-110.0,-8.0,11,2,66,-103.70159168665171,-103.70159168665171,-103.59327902511802,-104.0,0.09260587398802847,-104.99009910792962,-103.3217721196852,62.02,-101.36719639234973,-2.3343952943019843
2_2_14_11_2_16.txt,2,2,14,2_14,10,PLOK,17472,11,11,-107.0,-5.0,11,2,66,-103.46525337730549,-103.46525337730549,-103.37025921657475,-103.0,0.07944312134807337,-105.0,-103.10991992160034,62.02,-101.36719639234973,-2.098056984955761
2_2_14_11_2_16.txt,2,2,14,2_14,11,PLOK,17472,12,12,-108.0,-6.0,11,2,66,-103.99412458554127,-103.99412458554127,-103.99678937056439,-104.0,0.07742311459457556,-105.0,-103.60477882111573,62.02,-101.36719639234973,-2.626928193191546
2_2_14_11_2_16.txt,2,2,14,2_14,12,PLOK,17472,13,13,-109.0,-7.0,11,2,66,-104.1036456542801,-104.1036456542801,-104.05200440911126,-104.0,0.027228157676142412,-104.99009910792962,-103.88102682880027,62.02,-101.36719639234973,-2.7364492619303746
2_2_14_11_2_16.txt,2,2,14,2_14,13,PLOK,17472,14,14,-108.0,-7.0,11,2,66,-103.86043844057514,-103.86043844057514,-103.87024771101012,-104.0,0.06998491119596303,-104.99009910792962,-103.3941557196319,62.02,-101.36719639234973,-2.4932420482254116
2_2_14_11_2_16.txt,2,2,14,2_14,14,PLOK,17472,15,15,-109.0,-7.0,11,2,66,-103.87058197060075,-103.87058197060075,-103.79992083720451,-104.0,0.0464563597360365,-105.0,-103.58996422851122,62.02,-101.36719639234973,-2.5033855782510273
2_2_14_11_2_16.txt,2,2,14,2_14,15,PLOK,17472,16,16,-108.0,-6.0,11,2,66,-103.59055037162061,-103.59055037162061,-103.54500795277201,-104.0,0.020924239370097065,-104.0,-103.3305297946787,62.02,-101.36719639234973,-2.2233539792708825
2_2_14_11_2_16.txt,2,2,14,2_14,16,PLOK,17472,17,17,-112.0,-9.0,11,2,66,-104.1817796677277,-104.1817796677277,-104.19749842291574,-104.0,0.047508871038871726,-104.5630034511393,-103.33443216751918,62.02,-101.36719639234973,-2.81458327537797
2_2_14_11_2_16.txt,2,2,14,2_14,17,PLOK,17472,18,18,-111.0,-8.0,11,2,66,-104.67357078235915,-104.67357078235915,-104.6376964961829,-105.0,0.06197594673363312,-106.0,-104.48258242405261,62.02,-101.36719639234973,-3.306374390009424
2_2_14_11_2_16.txt,2,2,14,2_14,18,PLOK,17472,19,19,-110.0,-8.0,11,2,66,-104.47442085310779,-104.47442085310779,-104.45313314397194,-104.0,0.035790175150934564,-105.0,-104.00298268344629,62.02,-101.36719639234973,-3.1072244607580615
2_2_14_11_2_16.txt,2,2,14,2_14,19,PLOK,17472,20,20,-111.0,-9.0,11,2,66,-104.3082757927122,-104.3082757927122,-104.29603746606142,-104.0,0.07593328896266383,-105.48781967704201,-103.0,62.02,-101.36719639234973,-2.9410794003624687
2_2_14_11_2_16.txt,2,2,14,2_14,20,PLOK,17472,21,21,-111.0,-9.0,11,2,66,-104.53034141079894,-104.53034141079894,-104.46944663853665,-104.0,0.08967884244821955,-105.48781967704201,-103.0,62.02,-101.36719639234973,-3.163145018449214
2_2_14_11_2_16.txt,2,2,14,2_14,21,PLOK,17472,22,22,-111.0,-9.0,11,2,66,-104.282570243939,-104.282570243939,-104.29992889957316,-104.0,0.04608720609937035,-104.63479407139144,-103.0,62.02,-101.36719639234973,-2.9153738515892798
2_2_15_11_2_16.txt,2,2,15,2_15,0,PLOK,17472,1,1,-96.0,3.0,11,2,66,-103.63758631136199,-103.63758631136199,-103.08643736940677,-107.0,6.8208204255143,-111.0,-99.93282711131087,58.63,-100.6611083664943,-2.976477944867682
2_2_15_11_2_16.txt,2,2,15,2_15,1,PLOK,17472,2,2,-100.0,-1.0,11,2,66,-101.43876869121978,-101.43876869121978,-101.45582683055025,-101.0,0.0624693774642052,-101.93943712097196,-100.0,58.63,-100.6611083664943,-0.7776603247254741
2_2_15_11_2_16.txt,2,2,15,2_15,2,PLOK,17472,3,3,-98.0,3.0,11,2,66,-99.79945378570376,-99.79945378570376,-99.56408275682935,-100.0,0.28281904546849335,-103.0,-99.34471763270905,58.63,-100.6611083664943,0.8616545807905425
2_2_15_11_2_16.txt,2,2,15,2_15,3,PLOK,17472,4,4,-98.0,2.0,11,2,66,-99.69926352308575,-99.69926352308575,-99.6954155992755,-100.0,0.08967813433830255,-100.97029732378887,-98.0,58.63,-100.6611083664943,0.9618448434085565
2_2_15_11_2_16.txt,2,2,15,2_15,4,PLOK,17472,5,5,-99.0,0.0,11,2,66,-101.49614171496792,-101.49614171496792,-101.43217222321056,-101.0,0.268106978155903,-105.0,-100.679817016312,58.63,-100.6611083664943,-0.8350333484736154
2_2_15_11_2_16.txt,2,2,15,2_15,5,PLOK,17472,6,6,-100.0,0.0,11,2,66,-101.3479354497928,-101.3479354497928,-101.22514817791617,-101.0,0.16517437491813458,-102.44782316937162,-100.0,58.63,-100.6611083664943,-0.6868270832984962
2_2_15_11_2_16.txt,2,2,15,2_15,6,PLOK,17472,7,7,-101.0,-1.0,11,2,66,-102.97530947307864,-102.97530947307864,-102.84874878126374,-103.0,1.5794114803762687,-105.83381182497287,-101.16556648614352,58.63,-100.6611083664943,-2.314201106584335
2_2_15_11_2_16.txt,2,2,15,2_15,7,PLOK,17472,8,8,-99.0,1.0,11,2,66,-100.69188717620133,-100.69188717620133,-100.93489024423049,-101.0,0.25995465220878616,-101.99009910792962,-99.84506038395612,58.63,-100.6611083664943,-0.030778809707030064
2_2_15_11_2_16.txt,2,2,15,2_15,8,PLOK,17472,9,9,-99.0,0.0,11,2,66,-101.30527551804043,-101.30527551804043,-101.24451373361529,-101.0,0.10571277858096793,-103.0,-100.89757907584742,58.63,-100.6611083664943,-0.644167151546128
2_2_15_11_2_16.txt,2,2,15,2_15,9,PLOK,17472,10,10,-99.0,0.0,11,2,66,-100.76614118645213,-100.76614118645213,-100.86980622318484,-101.0,0.10373026018289058,-101.11960419535018,-99.50670551157016,58.63,-100.6611083664943,-0.10503281995782743
2_2_15_11_2_16.txt,2,2,15,2_15,10,PLOK,17472,11,11,-99.0,0.0,11,2,66,-101.27935352049923,-101.27935352049923,-101.19038913566632,-101.0,0.11535035943088728,-103.0,-100.83505849419494,58.63,-100.6611083664943,-0.6182451540049243
2_2_15_11_2_16.txt,2,2,15,2_15,11,PLOK,17472,12,12,-100.0,0.0,11,2,66,-101.4462366079447,-101.4462366079447,-101.38726142100157,-101.0,0.11147403454673989,-103.0,-101.04735634618221,58.63,-100.6611083664943,-0.7851282414503942
2_2_15_11_2_16.txt,2,2,15,2_15,12,PLOK,17472,13,13,-100.0,0.0,11,2,66,-101.3283174022785,-101.3283174022785,-101.19830853674692,-101.0,0.4229142512086594,-105.0,-100.02436064591598,58.63,-100.6611083664943,-0.6672090357841967
2_2_15_11_2_16.txt,2,2,15,2_15,13,PLOK,17472,14,14,-99.0,0.0,11,2,66,-100.88927928368314,-100.88927928368314,-101.0095382061525,-101.0,0.16323703813187254,-101.26798011992848,-99.33509938360295,58.63,-100.6611083664943,-0.22817091718883376
2_2_15_11_2_16.txt,2,2,15,2_15,14,PLOK,17472,15,15,-99.0,1.0,11,2,66,-100.74147143642946,-100.74147143642946,-100.13124792100447,-100.0,1.063150027061412,-105.0,-99.82909145516508,58.63,-100.6611083664943,-0.08036306993516007
2_2_15_11_2_16.txt,2,2,15,2_15,15,PLOK,17472,16,16,-100.0,-1.0,11,2,66,-100.93190720645177,-100.93190720645177,-100.94723963598967,-101.0,0.014058682618265511,-101.16877970169487,-100.50223517052339,58.63,-100.6611083664943,-0.27079883995746457
2_2_15_11_2_16.txt,2,2,15,2_15,16,PLOK,17472,17,17,-99.0,0.0,11,2,66,-101.74563751532668,-101.74563751532668,-101.2869492051472,-101.0,0.9683923790741724,-105.0,-100.02486288108649,58.63,-100.6611083664943,-1.0845291488323738
2_2_15_11_2_16.txt,2,2,15,2_15,17,PLOK,17472,18,18,-100.0,0.0,11,2,66,-101.210599469042,-101.210599469042,-101.17677573327305,-101.0,0.10946685499168714,-103.0,-100.01441549348137,58.63,-100.6611083664943,-0.549491102547691
2_2_15_11_2_16.txt,2,2,15,2_15,18,PLOK,17472,19,19,-100.0,-1.0,11,2,66,-101.63372689668293,-101.63372689668293,-101.51196656150269,-102.0,0.10314841160621828,-103.0,-101.28675768858245,58.63,-100.6611083664943,-0.9726185301886261
2_2_15_11_2_16.txt,2,2,15,2_15,19,PLOK,17472,20,20,-99.0,0.0,11,2,66,-101.050282590557,-101.050282590557,-101.04742299995713,-101.0,0.061296796531996066,-101.98019821585925,-100.0,58.63,-100.6611083664943,-0.38917422406269964
2_2_15_11_2_16.txt,2,2,15,2_15,20,PLOK,17472,21,21,-96.0,3.0,11,2,66,-98.90555351499029,-98.90555351499029,-98.89809272471823,-99.0,0.1126102055527292,-101.0,-98.02970267621113,58.63,-100.6611083664943,1.7555548515040158
2_2_1_11_2_16.txt,2,2,1,2_1,0,PLFL,17472,1,1,-123.0,-20.0,11,2,66,-105.50730834457029,-105.50730834457029,-105.46901454753088,-105.0,0.04607973050061436,-106.99009910792962,-105.33050950199114,106.09,-108.11060750196128,2.6032991573909925
2_2_1_11_2_16.txt,2,2,1,2_1,1,PLFL,17472,2,1,-123.0,-19.0,11,2,66,-105.56798613325024,-105.56798613325024,-105.42316043099734,-105.0,0.06830936761348295,-106.22930991802114,-105.2845774520732,106.09,-108.11060750196128,2.542621368711039
2_2_1_11_2_16.txt,2,2,1,2_1,2,PLOK,17472,3,2,-122.0,-18.0,11,2,66,-105.37537807521124,-105.37537807521124,-105.38926897831035,-105.0,0.046125524847251735,-105.98019821585925,-104.0,106.09,-108.11060750196128,2.7352294267500383
2_2_1_11_2_16.txt,2,2,1,2_1,3,PLFL,17472,4,2,-125.0,-21.0,11,2,66,-105.42529990596982,-105.42529990596982,-105.37729595161123,-105.0,0.05323468581598994,-106.99009910792962,-105.16690743914563,106.09,-108.11060750196128,2.6853075959914605
2_2_1_11_2_16.txt,2,2,1,2_1,4,PLFL,17472,5,2,-123.0,-20.0,11,2,66,-105.66631991226821,-105.66631991226821,-105.65523633077026,-106.0,0.05197155137615763,-107.0,-105.35448526397587,106.09,-108.11060750196128,2.444287589693076
2_2_1_11_2_16.txt,2,2,1,2_1,5,PLFL,17472,6,2,-122.0,-19.0,11,2,66,-105.51354039402653,-105.51354039402653,-105.58022239883184,-106.0,0.04585663079724612,-106.0,-105.00098901381,106.09,-108.11060750196128,2.5970671079347483
2_2_2_11_2_16.txt,2,2,2,2_2,0,PLFL,17472,7,2,-122.0,-19.0,11,2,66,-105.76103010336811,-105.76103010336811,-105.74744995057034,-106.0,0.014053779400378635,-106.0,-105.57826225964189,102.7,-107.70266372081151,1.9416336174434008
2_2_2_11_2_16.txt,2,2,2,2_2,1,PLOK,17472,8,3,-121.0,-18.0,11,2,66,-105.57967936043069,-105.57967936043069,-105.57604122429336,-106.0,0.03142447636724921,-105.99009910792962,-104.99949776482947,102.7,-107.70266372081151,2.1229843603808263
2_2_2_11_2_16.txt,2,2,2,2_2,2,PLOK,17472,9,4,-121.0,-18.0,11,2,66,-105.54323170240622,-105.54323170240622,-105.4550278786453,-105.0,0.03838365549810679,-106.0,-105.25123963448856,102.7,-107.70266372081151,2.1594320184052975
2_2_2_11_2_16.txt,2,2,2,2_2,3,PLFL,17472,10,4,-123.0,-20.0,11,2,66,-104.6617300623554,-104.6617300623554,-104.69840915479207,-105.0,0.1087119653665147,-105.09256377662032,-103.50720774674069,102.7,-107.70266372081151,3.0409336584561117
2_2_2_11_2_16.txt,2,2,2,2_2,4,PLOK,17472,11,5,-120.0,-17.0,11,2,66,-105.30351184300572,-105.30351184300572,-105.4304916780142,-105.0,0.19861351671052657,-105.5801888882657,-103.01980178414075,102.7,-107.70266372081151,2.3991518778057923
2_2_2_11_2_16.txt,2,2,2,2_2,5,PLFL,17472,12,5,-124.0,-20.0,11,2,66,-105.85486007642832,-105.85486007642832,-105.85797606700673,-106.0,0.052394769687926,-106.33317992527303,-105.0,102.7,-107.70266372081151,1.8478036443831911
2_2_2_11_2_16.txt,2,2,2,2_2,6,PLFL,17472,13,5,-123.0,-20.0,11,2,66,-105.67798247643796,-105.67798247643796,-105.60416762513356,-106.0,0.05119534872440061,-107.0,-105.47322016377728,102.7,-107.70266372081151,2.0246812443735536
2_2_2_11_2_16.txt,2,2,2,2_2,7,PLFL,17472,14,5,-122.0,-19.0,11,2,66,-105.71876430707286,-105.71876430707286,-105.75511679453894,-106.0,0.02236883147565012,-106.0,-105.37085959564861,102.7,-107.70266372081151,1.983899413738655
2_2_2_11_2_16.txt,2,2,2,2_2,8,PLOK,17472,15,6,-122.0,-18.0,11,2,66,-105.48645828013093,-105.48645828013093,-105.46756350743135,-105.0,0.01752661053583417,-105.99009910792962,-105.0,102.7,-107.70266372081151,2.2162054406805822
2_2_2_11_2_16.txt,2,2,2,2_2,9,PLOK,17472,16,7,-122.0,-18.0,11,2,66,-105.34712323693859,-105.34712323693859,-105.34831946906952,-105.0,0.028352280083283325,-105.59421428669883,-104.99850291510643,102.7,-107.70266372081151,2.355540483872929
2_2_2_11_2_16.txt,2,2,2,2_2,10,PLFL,17472,17,7,-120.0,-17.0,11,2,66,-105.68746573040667,-105.68746573040667,-105.68922971540627,-106.0,0.018683882195908684,-106.00050223517053,-105.00990089207038,102.7,-107.70266372081151,2.015197990404843
2_2_2_11_2_16.txt,2,2,2,2_2,11,PLOK,17472,18,8,-120.0,-17.0,11,2,66,-105.81078162087682,-105.81078162087682,-105.83723582948829,-106.0,0.08118154372963819,-107.0,-104.02970267621113,102.7,-107.70266372081151,1.8918820999346906
2_2_2_11_2_16.txt,2,2,2,2_2,12,PLOK,17472,19,9,-121.0,-17.0,11,2,66,-105.705172163349,-105.705172163349,-105.7490291460095,-106.0,0.032963824030354597,-105.90481827347793,-105.0,102.7,-107.70266372081151,1.99749155746251
2_2_2_11_2_16.txt,2,2,2,2_2,13,PLOK,17472,20,10,-123.0,-19.0,11,2,66,-105.69445332715998,-105.69445332715998,-105.6747135103308,-106.0,0.01763674278796217,-106.00100231546736,-105.00990089207038,102.7,-107.70266372081151,2.008210393651538
2_2_2_11_2_16.txt,2,2,2,2_2,14,PLOK,17472,21,11,-121.0,-18.0,11,2,66,-105.71689091784563,-105.71689091784563,-105.70480452877072,-106.0,0.02678453282034477,-106.49279225325931,-105.0,102.7,-107.70266372081151,1.985772802965883
2_2_2_11_2_16.txt,2,2,2,2_2,15,PLOK,17472,22,12,-122.0,-18.0,11,2,66,-105.51552207233087,-105.51552207233087,-105.51394073672807,-106.0,0.06620077908082339,-105.99685870105876,-104.0,102.7,-107.70266372081151,2.1871416484806474
2_2_2_11_2_16.txt,2,2,2,2_2,16,PLFL,17472,23,12,-122.0,-19.0,11,2,66,-105.48547435858544,-105.48547435858544,-105.4751896644973,-105.0,0.018507874744154607,-105.9950274237827,-105.0,102.7,-107.70266372081151,2.2171893622260797
2_2_2_11_2_16.txt,2,2,2,2_2,17,PLOK,17472,24,13,-122.0,-18.0,11,2,66,-105.57978260912714,-105.57978260912714,-105.46897302712047,-105.0,0.09272842998576813,-106.74876036551144,-105.36167080905379,102.7,-107.70266372081151,2.1228811116843787
2_2_2_11_2_16.txt,2,2,2,2_2,18,PLOK,17472,25,14,-122.0,-19.0,11,2,66,-105.9097573038457,-105.9097573038457,-105.84101197153629,-106.0,0.07900954794410293,-106.50275800459428,-105.0,102.7,-107.70266372081151,1.7929064169658204
2_2_2_11_2_16.txt,2,2,2,2_2,19,PLFL,17472,26,14,-121.0,-18.0,11,2,66,-105.30017780377746,-105.30017780377746,-105.32402894571631,-105.0,0.04089072460844542,-105.60614997093843,-104.00990089207038,102.7,-107.70266372081151,2.4024859170340562
2_2_2_11_2_16.txt,2,2,2,2_2,20,PLOK,17472,27,15,-119.0,-16.0,11,2,66,-105.44533637307792,-105.44533637307792,-105.43490156624468,-105.0,0.023157240552600957,-105.9950274237827,-105.0,102.7,-107.70266372081151,2.257327347733593
2_2_3_11_2_16.txt,2,2,3,2_3,0,PLOK,17472,45,33,-119.0,-15.0,11,2,66,-105.47729812534386,-105.47729812534386,-105.41185891060393,-105.0,0.07530466661039958,-106.99009910792962,-105.21918595757427,99.31,-107.28102571761131,1.8037275922674496
2_2_3_11_2_16.txt,2,2,3,2_3,1,PLOK,17472,46,34,-117.0,-14.0,11,2,66,-105.39444220026797,-105.39444220026797,-105.35519356815058,-105.0,0.029905704032162143,-106.0,-104.99998902478522,99.31,-107.28102571761131,1.8865835173433396
2_2_3_11_2_16.txt,2,2,3,2_3,2,PLOK,17472,47,35,-118.0,-15.0,11,2,66,-105.21293970228481,-105.21293970228481,-105.16102159211447,-105.0,0.06834325602229456,-106.0,-104.85146278033432,99.31,-107.28102571761131,2.0680860153265
2_2_3_11_2_16.txt,2,2,3,2_3,3,PLOK,17472,48,36,-118.0,-15.0,11,2,66,-105.55433522003845,-105.55433522003845,-105.57410974743539,-106.0,0.029927146014872983,-106.00050223517053,-105.00990089207038,99.31,-107.28102571761131,1.7266904975728607
2_2_3_11_2_16.txt,2,2,3,2_3,4,PLOK,17472,49,37,-118.0,-15.0,11,2,66,-105.55777989210462,-105.55777989210462,-105.4765022951376,-105.0,0.041626748614576825,-106.33650560252498,-105.0,99.31,-107.28102571761131,1.7232458255066945
2_2_3_11_2_16.txt,2,2,3,2_3,5,PLOK,17472,50,38,-117.0,-14.0,11,2,66,-105.64590275495169,-105.64590275495169,-105.64586545460568,-106.0,0.020073684077040188,-105.9950274237827,-105.0,99.31,-107.28102571761131,1.6351229626596222
2_2_3_11_2_16.txt,2,2,3,2_3,6,PLOK,17472,51,39,-117.0,-14.0,11,2,66,-105.51128386032205,-105.51128386032205,-105.50388013869006,-106.0,0.020373825250425078,-106.0,-105.19979138628857,99.31,-107.28102571761131,1.7697418572892616
2_2_3_11_2_16.txt,2,2,3,2_3,7,PLOK,17472,52,40,-118.0,-15.0,11,2,66,-105.44545317219276,-105.44545317219276,-105.33917209082242,-105.0,0.05550596689909865,-106.00083208426976,-105.22479958917089,99.31,-107.28102571761131,1.8355725454185574
2_2_3_11_2_16.txt,2,2,3,2_3,8,PLOK,17472,53,41,-118.0,-15.0,11,2,66,-105.44005479842502,-105.44005479842502,-105.41141984958608,-105.0,0.02953751095064077,-106.0,-105.00248749650487,99.31,-107.28102571761131,1.8409709191862902
2_2_3_11_2_16.txt,2,2,3,2_3,9,PLOK,17472,54,42,-118.0,-15.0,11,2,66,-105.3505401396157,-105.3505401396157,-105.30367123950833,-105.0,0.02653627415375423,-106.0,-105.00138741992924,99.31,-107.28102571761131,1.9304855779956114
2_2_3_11_2_16.txt,2,2,3,2_3,10,PLOK,17472,55,43,-118.0,-15.0,11,2,66,-105.21624648825087,-105.21624648825087,-105.26477844696902,-105.0,0.03949950137231474,-105.45120287376804,-104.00447034104677,99.31,-107.28102571761131,2.0647792293604397
2_2_3_11_2_16.txt,2,2,3,2_3,11,PLOK,17472,56,44,-119.0,-15.0,11,2,66,-105.73262930413716,-105.73262930413716,-105.74324980941847,-106.0,0.10681652072103479,-107.0,-104.02970267621113,99.31,-107.28102571761131,1.5483964134741512
2_2_3_11_2_16.txt,2,2,3,2_3,12,PLOK,17472,57,45,-119.0,-15.0,11,2,66,-105.41923947868645,-105.41923947868645,-105.48359079440834,-105.0,0.041315133724379685,-105.99552965895323,-105.0,99.31,-107.28102571761131,1.8617862389248643
2_2_3_11_2_16.txt,2,2,3,2_3,13,PLOK,17472,58,46,-119.0,-16.0,11,2,66,-105.56969390649077,-105.56969390649077,-105.54276042927049,-106.0,0.040979495912793255,-107.0,-105.33841716643285,99.31,-107.28102571761131,1.7113318111205444
2_2_3_11_2_16.txt,2,2,3,2_3,14,PLOK,17472,59,47,-119.0,-15.0,11,2,66,-105.49771446243014,-105.49771446243014,-105.471163441957,-105.0,0.02298749099273021,-106.0,-105.00990089207038,99.31,-107.28102571761131,1.7833112551811752
2_2_3_11_2_16.txt,2,2,3,2_3,15,PLOK,17472,60,48,-119.0,-15.0,11,2,66,-105.75503190376973,-105.75503190376973,-105.7821314290259,-106.0,0.03150819020793396,-106.01922543051167,-105.0,99.31,-107.28102571761131,1.5259938138415805
2_2_3_11_2_16.txt,2,2,3,2_3,16,PLOK,17472,61,49,-118.0,-15.0,11,2,66,-105.55564752712498,-105.55564752712498,-105.56096252512131,-106.0,0.01250579714964719,-106.0,-105.00990089207038,99.31,-107.28102571761131,1.7253781904863388
2_2_3_11_2_16.txt,2,2,3,2_3,17,PLOK,17472,62,50,-119.0,-15.0,11,2,66,-105.30308127086995,-105.30308127086995,-105.29018822822101,-105.0,0.05486142432590983,-105.9933644343402,-104.0,99.31,-107.28102571761131,1.9779444467413612
2_2_3_11_2_16.txt,2,2,3,2_3,18,PLOK,17472,63,51,-119.0,-16.0,11,2,66,-105.640389599994,-105.640389599994,-105.65361377384978,-106.0,0.018763706300587397,-106.0,-105.0049725762173,99.31,-107.28102571761131,1.6406361176173192
2_2_3_11_2_16.txt,2,2,3,2_3,19,PLOK,17472,64,52,-118.0,-15.0,11,2,66,-105.61991113416927,-105.61991113416927,-105.60221659770161,-106.0,0.022877275895003935,-105.9990113874601,-105.0,99.31,-107.28102571761131,1.6611145834420427
2_2_3_11_2_16.txt,2,2,3,2_3,20,PLOK,17472,65,53,-117.0,-14.0,11,2,66,-105.51822428094938,-105.51822428094938,-105.57119869459473,-106.0,0.05038804611048729,-106.0,-104.99936840247385,99.31,-107.28102571761131,1.7628014366619311
2_2_3_11_2_16.txt,2,2,3,2_3,21,PLOK,17472,66,54,-118.0,-15.0,11,2,66,-105.81822975325208,-105.81822975325208,-105.7732623831107,-106.0,0.049255544623346685,-107.0,-105.53281417127981,99.31,-107.28102571761131,1.4627959643592305
2_2_3_11_2_16.txt,2,2,3,2_3,22,PLOK,17472,67,55,-118.0,-15.0,11,2,66,-105.58820417181094,-105.58820417181094,-105.59545339199467,-106.0,0.021398433100660884,-105.79617089563943,-105.0,99.31,-107.28102571761131,1.6928215458003706
2_2_3_11_2_16.txt,2,2,3,2_3,23,PLOK,17472,68,56,-118.0,-15.0,11,2,66,-105.79550084166092,-105.79550084166092,-105.78952461281929,-106.0,0.14723643267450565,-106.98019821585925,-105.0,99.31,-107.28102571761131,1.4855248759503894
2_2_3_11_2_16.txt,2,2,3,2_3,24,PLOK,17472,69,57,-116.0,-12.0,11,2,66,-105.62115616368023,-105.62115616368023,-105.63131759884527,-106.0,0.0439101384929002,-106.0,-105.35261043958509,99.31,-107.28102571761131,1.6598695539310881
2_2_4_11_2_16.txt,2,2,4,2_4,0,PLOK,17472,80,68,-120.0,-16.0,11,2,66,-105.38993865062544,-105.38993865062544,-105.50419002163144,-106.0,0.16998975287263188,-106.0,-103.02970267621113,95.92,-106.84474206165113,1.4548034110256935
2_2_4_11_2_16.txt,2,2,4,2_4,1,PLOK,17472,81,69,-122.0,-19.0,11,2,66,-105.78331209760366,-105.78331209760366,-105.79481821418102,-106.0,0.04347262951164875,-106.25051708968232,-105.0,95.92,-106.84474206165113,1.061429964047477
2_2_4_11_2_16.txt,2,2,4,2_4,2,PLOK,17472,82,70,-122.0,-19.0,11,2,66,-105.3699930413731,-105.3699930413731,-105.3707691650599,-105.0,0.05575312580986136,-107.0,-105.00596834957604,95.92,-106.84474206165113,1.4747490202780256
2_2_4_11_2_16.txt,2,2,4,2_4,3,PLFL,17472,83,70,-123.0,-19.0,11,2,66,-105.6204467782843,-105.6204467782843,-105.69665032353981,-106.0,0.08815047122763109,-106.0,-104.01980178414075,95.92,-106.84474206165113,1.2242952833668284
2_2_4_11_2_16.txt,2,2,4,2_4,4,PLFL,17472,84,70,-122.0,-19.0,11,2,66,-105.64235123192408,-105.64235123192408,-105.76588286807477,-106.0,0.08333623999043688,-106.0,-105.00123538929253,95.92,-106.84474206165113,1.202390829727051
2_2_4_11_2_16.txt,2,2,4,2_4,5,PLFL,17472,85,70,-123.0,-19.0,11,2,66,-105.74993634036046,-105.74993634036046,-105.76839580039231,-106.0,0.029239969857723792,-106.0,-105.0049725762173,95.92,-106.84474206165113,1.094805721290669
2_2_4_11_2_16.txt,2,2,4,2_4,6,PLFL,17483,86,70,-123.0,-19.0,11,2,66,-105.70810577722654,-105.70810577722654,-105.70013995238662,-106.0,0.051914845921239496,-106.3048123433813,-105.0,95.92,-106.84474206165113,1.136636284424597
2_2_4_11_2_16.txt,2,2,4,2_4,7,PLOK,17472,87,71,-122.0,-18.0,11,2,66,-106.14547668376436,-106.14547668376436,-106.1328687539071,-106.0,0.062520676816295,-106.98019821585925,-105.0,95.92,-106.84474206165113,0.6992653778867748
2_2_4_11_2_16.txt,2,2,4,2_4,8,PLOK,17472,88,72,-119.0,-16.0,11,2,66,-105.80682235420669,-105.80682235420669,-105.77576691163756,-106.0,0.020555366675824166,-106.33549795817399,-105.63006802704733,95.92,-106.84474206165113,1.0379197074444448
2_2_4_11_2_16.txt,2,2,4,2_4,9,PLOK,17472,89,73,-118.0,-15.0,11,2,66,-105.3229352882171,-105.3229352882171,-105.38831448190089,-105.0,0.06482406456251084,-105.65865367471031,-104.00990089207038,95.92,-106.84474206165113,1.5218067734340366
2_2_4_11_2_16.txt,2,2,4,2_4,10,PLOK,17472,90,74,-120.0,-16.0,11,2,66,-105.67631968609331,-105.67631968609331,-105.59992021229417,-106.0,0.03763804946455587,-106.09063260774414,-105.0,95.92,-106.84474206165113,1.1684223755578245
2_2_4_11_2_16.txt,2,2,4,2_4,11,PLOK,17472,91,75,-119.0,-15.0,11,2,66,-105.89033320777303,-105.89033320777303,-105.92826741510306,-106.0,0.02890638209932842,-106.1030284688221,-105.00990089207038,95.92,-106.84474206165113,0.9544088538781068
2_2_4_11_2_16.txt,2,2,4,2_4,12,PLOK,17472,92,76,-121.0,-17.0,11,2,66,-105.80069755074126,-105.80069755074126,-105.74098814556572,-106.0,0.06097016097007631,-107.0,-105.01980178414075,95.92,-106.84474206165113,1.0440445109098704
2_2_4_11_2_16.txt,2,2,4,2_4,13,PLOK,17472,93,77,-119.0,-15.0,11,2,66,-105.61544531166747,-105.61544531166747,-105.6325948151224,-106.0,0.060027929449526125,-107.0,-105.0099451524346,95.92,-106.84474206165113,1.2292967499836607
2_2_4_11_2_16.txt,2,2,4,2_4,14,PLOK,17472,94,78,-121.0,-17.0,11,2,66,-105.59967037732477,-105.59967037732477,-105.65209579881797,-106.0,0.03372845948542867,-105.99941039129928,-105.0,95.92,-106.84474206165113,1.245071684326362
2_2_4_11_2_16.txt,2,2,4,2_4,15,PLOK,17472,95,79,-121.0,-17.0,11,2,66,-105.71239761806876,-105.71239761806876,-105.73925735701657,-106.0,0.018843026227367377,-105.9966822171701,-105.0,95.92,-106.84474206165113,1.1323444435823689
2_2_4_11_2_16.txt,2,2,4,2_4,16,PLOK,17472,96,80,-119.0,-16.0,11,2,66,-105.91731492194734,-105.91731492194734,-105.8069147187741,-106.0,0.1968665602315405,-108.97029732378887,-105.69125119645342,95.92,-106.84474206165113,0.927427139703795
2_2_4_11_2_16.txt,2,2,4,2_4,17,PLOK,17472,97,81,-121.0,-17.0,11,2,66,-105.6988010535238,-105.6988010535238,-105.70159934761277,-106.0,0.015395676652068016,-106.0,-105.45353748537404,95.92,-106.84474206165113,1.1459410081273376
2_2_4_11_2_16.txt,2,2,4,2_4,18,PLOK,17472,98,82,-122.0,-18.0,11,2,66,-105.59618742121481,-105.59618742121481,-105.62596532988528,-106.0,0.038437261261852394,-106.0,-104.50720774674069,95.92,-106.84474206165113,1.2485546404363248
2_2_4_11_2_16.txt,2,2,4,2_4,19,PLOK,17472,99,83,-123.0,-19.0,11,2,66,-106.08147688224447,-106.08147688224447,-106.00747182389314,-106.0,0.13114270526698235,-107.0,-105.72197914816294,95.92,-106.84474206165113,0.763265179406659
2_2_4_11_2_16.txt,2,2,4,2_4,20,PLOK,17472,100,84,-121.0,-17.0,11,2,66,-105.57848633949813,-105.57848633949813,-105.60809090667942,-106.0,0.0740285696731053,-105.98019821585925,-104.0,95.92,-106.84474206165113,1.266255722153005
2_2_5_11_2_16.txt,2,2,5,2_5,0,PLOK,17472,1,1,-119.0,-17.0,11,2,66,-104.7464706352591,-104.7464706352591,-104.78766857527664,-105.0,0.051972242256217466,-105.98019821585925,-104.0,92.53,-106.39275858920516,1.6462879539460573
2_2_5_11_2_16.txt,2,2,5,2_5,1,PLOK,17472,2,2,-119.0,-17.0,11,2,66,-104.95908610059337,-104.95908610059337,-104.92950812797392,-105.0,0.05345015730716409,-106.0,-104.59384615148097,92.53,-106.39275858920516,1.4336724886117906
2_2_5_11_2_16.txt,2,2,5,2_5,2,PLOK,17472,3,3,-119.0,-16.0,11,2,66,-105.11666288759828,-105.11666288759828,-105.05699746275153,-105.0,0.06043385684453779,-105.9950274237827,-104.80907566651236,92.53,-106.39275858920516,1.2760957016068772
2_2_5_11_2_16.txt,2,2,5,2_5,3,PLOK,17472,4,4,-119.0,-16.0,11,2,66,-105.00338546994705,-105.00338546994705,-104.98120946532653,-105.0,0.05447657701526942,-105.6379735341865,-104.00990089207038,92.53,-106.39275858920516,1.38937311925811
2_2_5_11_2_16.txt,2,2,5,2_5,4,PLOK,17472,5,5,-119.0,-16.0,11,2,66,-104.95688925428111,-104.95688925428111,-104.94652834299498,-105.0,0.023445704691198003,-106.0,-104.66665481053192,92.53,-106.39275858920516,1.4358693349240497
2_2_5_11_2_16.txt,2,2,5,2_5,5,PLOK,17472,6,6,-119.0,-16.0,11,2,66,-105.03441228511493,-105.03441228511493,-104.96541087095413,-105.0,0.04025150305004281,-105.50386436844141,-104.50223517052339,92.53,-106.39275858920516,1.358346304090233
2_2_5_11_2_16.txt,2,2,5,2_5,6,PLOK,17472,7,7,-120.0,-17.0,11,2,66,-104.92496266884214,-104.92496266884214,-104.94609378287394,-105.0,0.007970959234482624,-105.05257601631408,-104.69806279003961,92.53,-106.39275858920516,1.4677959203630166
2_2_5_11_2_16.txt,2,2,5,2_5,7,PLOK,17472,8,8,-120.0,-17.0,11,2,66,-105.18246544739601,-105.18246544739601,-105.18810194949266,-105.0,0.05414647072967189,-105.98019821585925,-104.0,92.53,-106.39275858920516,1.2102931418091458
2_2_5_11_2_16.txt,2,2,5,2_5,8,PLOK,17472,9,9,-120.0,-17.0,11,2,66,-104.69656250063733,-104.69656250063733,-104.75230705333036,-105.0,0.05008363130470119,-105.0,-103.79878787970793,92.53,-106.39275858920516,1.6961960885678309
2_2_5_11_2_16.txt,2,2,5,2_5,9,PLOK,17472,10,10,-119.0,-16.0,11,2,66,-104.99277538790874,-104.99277538790874,-105.00489004476185,-105.0,0.04079308086923007,-105.39841709446374,-104.0,92.53,-106.39275858920516,1.399983201296422
2_2_5_11_2_16.txt,2,2,5,2_5,10,PLOK,17472,11,11,-119.0,-16.0,11,2,66,-105.18888404793213,-105.18888404793213,-105.20659143135941,-105.0,0.10396540391041821,-105.9850822713481,-103.0,92.53,-106.39275858920516,1.2038745412730236
2_2_5_11_2_16.txt,2,2,5,2_5,11,PLOK,17472,12,12,-120.0,-17.0,11,2,66,-104.89995617805654,-104.89995617805654,-104.89204867954402,-105.0,0.046734468506150526,-105.98019821585925,-104.0,92.53,-106.39275858920516,1.4928024111486167
2_2_5_11_2_16.txt,2,2,5,2_5,12,PLOK,17472,13,13,-120.0,-18.0,11,2,66,-104.77634753527998,-104.77634753527998,-104.77530204598801,-105.0,0.031241509286854697,-105.39961469923145,-104.0,92.53,-106.39275858920516,1.6164110539251766
2_2_5_11_2_16.txt,2,2,5,2_5,13,PLOK,17472,14,14,-121.0,-18.0,11,2,66,-104.79978013211546,-104.79978013211546,-104.84724530230491,-105.0,0.048431695659619536,-105.00452283499979,-104.0033177828299,92.53,-106.39275858920516,1.5929784570896999
2_2_5_11_2_16.txt,2,2,5,2_5,14,PLFL,17472,15,14,-123.0,-20.0,11,2,66,-105.16944712172344,-105.16944712172344,-105.113786092087,-105.0,0.08642130756055848,-106.99009910792962,-104.79632225259739,92.53,-106.39275858920516,1.2233114674817216
2_2_5_11_2_16.txt,2,2,5,2_5,15,PLOK,17472,16,15,-122.0,-19.0,11,2,66,-104.93119107567766,-104.93119107567766,-104.90682263082628,-105.0,0.05459571156793908,-106.0,-104.01980178414075,92.53,-106.39275858920516,1.4615675135274984
2_2_5_11_2_16.txt,2,2,5,2_5,16,PLOK,17472,17,16,-119.0,-17.0,11,2,66,-104.6016969665859,-104.6016969665859,-104.6185300614699,-105.0,0.05504653155712323,-104.98019821585925,-103.0,92.53,-106.39275858920516,1.791061622619253
2_2_5_11_2_16.txt,2,2,5,2_5,17,PLOK,17472,18,17,-120.0,-17.0,11,2,66,-105.0368067722373,-105.0368067722373,-105.0495522972313,-105.0,0.031622158713166384,-106.0,-104.50720774674069,92.53,-106.39275858920516,1.3559518169678597
2_2_5_11_2_16.txt,2,2,5,2_5,18,PLOK,17472,19,18,-120.0,-17.0,11,2,66,-105.03362470970497,-105.03362470970497,-104.98024799203313,-105.0,0.03251418343166896,-106.0,-104.81130303984392,92.53,-106.39275858920516,1.3591338795001917
2_2_5_11_2_16.txt,2,2,5,2_5,19,PLOK,17472,20,19,-121.0,-18.0,11,2,66,-104.97405806166054,-104.97405806166054,-104.91640485201245,-105.0,0.04975304650139741,-106.00050223517053,-104.74333600878396,92.53,-106.39275858920516,1.4187005275446154
2_2_6_11_2_16.txt,2,2,6,2_6,0,PLOK,17472,24,22,-116.0,-14.0,11,2,66,-104.60640425314459,-104.60640425314459,-104.78581427124062,-105.0,0.1680947699654975,-104.89574937092976,-103.00298268344629,89.14,-105.92390305907116,1.3174988059265758
2_2_6_11_2_16.txt,2,2,6,2_6,1,PLOK,17472,25,23,-117.0,-14.0,11,2,66,-104.68654920453334,-104.68654920453334,-104.7288207084271,-105.0,0.05913531265888007,-104.9015461806884,-103.0,89.14,-105.92390305907116,1.2373538545378295
2_2_6_11_2_16.txt,2,2,6,2_6,2,PLOK,17472,26,24,-115.0,-13.0,11,2,66,-104.6541963048543,-104.6541963048543,-104.64158398040252,-105.0,0.020390912617225757,-105.0,-104.00990089207038,89.14,-105.92390305907116,1.2697067542168696
2_2_6_11_2_16.txt,2,2,6,2_6,3,PLOK,17472,27,25,-118.0,-15.0,11,2,66,-104.78278203899436,-104.78278203899436,-104.7531374175926,-105.0,0.054818613565243236,-105.98019821585925,-104.0,89.14,-105.92390305907116,1.1411210200768096
2_2_6_11_2_16.txt,2,2,6,2_6,4,PLOK,17472,28,26,-119.0,-17.0,11,2,66,-104.65882698678276,-104.65882698678276,-104.52081008467732,-105.0,0.10052665434543348,-106.0,-104.3310474066069,89.14,-105.92390305907116,1.2650760722884087
2_2_6_11_2_16.txt,2,2,6,2_6,5,PLOK,17472,29,27,-119.0,-17.0,11,2,66,-105.0167710706777,-105.0167710706777,-104.98836139763638,-105.0,0.0907615190646057,-106.98019821585925,-104.64608408766765,89.14,-105.92390305907116,0.9071319883934592
2_2_6_11_2_16.txt,2,2,6,2_6,6,PLOK,17472,30,28,-117.0,-15.0,11,2,66,-104.85099430549666,-104.85099430549666,-104.8246371698149,-105.0,0.034790856544124234,-105.49925674488118,-104.55469711652955,89.14,-105.92390305907116,1.0729087535745094
2_2_6_11_2_16.txt,2,2,6,2_6,7,PLOK,17472,31,29,-119.0,-16.0,11,2,66,-104.96913315319497,-104.96913315319497,-104.98342416164779,-105.0,0.03014906986411992,-106.0,-104.50720774674069,89.14,-105.92390305907116,0.9547699058761907
2_2_6_11_2_16.txt,2,2,6,2_6,8,PLOK,17472,32,30,-118.0,-16.0,11,2,66,-104.73805018206126,-104.73805018206126,-104.74757397510746,-105.0,0.027738511587221897,-105.01760184565066,-104.0,89.14,-105.92390305907116,1.185852877009907
2_2_6_11_2_16.txt,2,2,6,2_6,9,PLOK,17472,33,31,-119.0,-16.0,11,2,66,-104.81158982765369,-104.81158982765369,-104.8241598429016,-105.0,0.0672656896332561,-105.02462899623342,-103.0,89.14,-105.92390305907116,1.112313231417474
2_2_6_11_2_16.txt,2,2,6,2_6,10,PLOK,17472,34,32,-119.0,-16.0,11,2,66,-105.21775689674924,-105.21775689674924,-105.11586767281781,-105.0,0.0641419161290731,-105.99751250349513,-104.98693541115385,89.14,-105.92390305907116,0.7061461623219287
2_2_6_11_2_16.txt,2,2,6,2_6,11,PLOK,17472,35,33,-118.0,-15.0,11,2,66,-104.89543164562646,-104.89543164562646,-104.9298051506529,-105.0,0.016009456642339624,-105.14442018203896,-104.49858113808921,89.14,-105.92390305907116,1.0284714134447057
2_2_6_11_2_16.txt,2,2,6,2_6,12,PLOK,17472,36,34,-118.0,-15.0,11,2,66,-104.90288108200232,-104.90288108200232,-104.85505945952872,-105.0,0.04118432723120115,-105.33378623170776,-104.00990089207038,89.14,-105.92390305907116,1.0210219770688411
2_2_6_11_2_16.txt,2,2,6,2_6,13,PLOK,17472,37,35,-118.0,-15.0,11,2,66,-105.09945945740824,-105.09945945740824,-105.06150306268857,-105.0,0.03116747796993518,-105.99009910792962,-104.7985980645464,89.14,-105.92390305907116,0.8244436016629209
2_2_6_11_2_16.txt,2,2,6,2_6,14,PLOK,17472,38,36,-118.0,-15.0,11,2,66,-104.84855657514007,-104.84855657514007,-104.81879739943025,-105.0,0.04832972003262748,-105.98019821585925,-104.0,89.14,-105.92390305907116,1.0753464839310993
2_2_6_11_2_16.txt,2,2,6,2_6,15,PLOK,17472,39,37,-118.0,-15.0,11,2,66,-105.15856850720407,-105.15856850720407,-105.02001622457382,-105.0,0.34868886684390105,-108.97029732378887,-104.79343143073169,89.14,-105.92390305907116,0.7653345518670989
2_2_6_11_2_16.txt,2,2,6,2_6,16,PLOK,17472,40,38,-117.0,-14.0,11,2,66,-105.10620678455724,-105.10620678455724,-105.14074837925122,-105.0,0.05130632180258416,-105.38293515227365,-103.99949776482947,89.14,-105.92390305907116,0.8176962745139207
2_2_6_11_2_16.txt,2,2,6,2_6,17,PLOK,17472,41,39,-118.0,-15.0,11,2,66,-104.84080272863679,-104.84080272863679,-104.90768658570315,-105.0,0.08137102552076281,-105.08288526072934,-103.0,89.14,-105.92390305907116,1.0831003304343767
2_2_6_11_2_16.txt,2,2,6,2_6,18,PLOK,17472,42,40,-118.0,-15.0,11,2,66,-105.02095877945159,-105.02095877945159,-105.07157942563646,-105.0,0.04045432543180723,-105.31791573859032,-104.0,89.14,-105.92390305907116,0.9029442796195752
2_2_6_11_2_16.txt,2,2,6,2_6,19,PLOK,17472,43,41,-118.0,-15.0,11,2,66,-104.72618771115127,-104.72618771115127,-104.74809989042714,-105.0,0.03971934609316882,-105.0,-104.0049725762173,89.14,-105.92390305907116,1.197715347919896
2_2_6_11_2_16.txt,2,2,6,2_6,20,PLOK,17472,44,42,-119.0,-16.0,11,2,66,-104.8171668138398,-104.8171668138398,-104.90092258470608,-105.0,0.052884726209054767,-105.08508842545876,-104.0049725762173,89.14,-105.92390305907116,1.1067362452313603
2_2_7_11_2_16.txt,2,2,7,2_7,0,PLOK,17472,1,1,-122.0,-18.0,11,2,66,-106.00341739302355,-106.00341739302355,-105.93974986322067,-106.0,0.10226947271464269,-106.47392025980064,-104.0,85.75,-105.43686683175402,-0.566550561269537
2_2_7_11_2_16.txt,2,2,7,2_7,1,PLFL,17472,2,1,-121.0,-18.0,11,2,66,-105.31767302383219,-105.31767302383219,-105.30508947747661,-105.0,0.026295071083618636,-106.0,-105.00198800384474,85.75,-105.43686683175402,0.11919380792183176
2_2_7_11_2_16.txt,2,2,7,2_7,2,PLOK,17472,3,2,-121.0,-18.0,11,2,66,-105.48567871206637,-105.48567871206637,-105.50571195862435,-106.0,0.029425609876234493,-106.0,-105.00098918610365,85.75,-105.43686683175402,-0.04881188031235695
2_2_7_11_2_16.txt,2,2,7,2_7,3,PLOK,17472,4,3,-119.0,-15.0,11,2,66,-105.56331672065463,-105.56331672065463,-105.62511396896295,-106.0,0.08137862910908614,-105.81328150387209,-104.00990089207038,85.75,-105.43686683175402,-0.12644988890060915
2_2_7_11_2_16.txt,2,2,7,2_7,4,PLOK,17472,5,4,-119.0,-15.0,11,2,66,-105.34139254686534,-105.34139254686534,-105.35899051276449,-105.0,0.029991432017520345,-106.0,-104.50720774674069,85.75,-105.43686683175402,0.09547428488868093
2_2_7_11_2_16.txt,2,2,7,2_7,5,PLOK,17472,6,5,-119.0,-15.0,11,2,66,-105.4228178795186,-105.4228178795186,-105.54934999612459,-106.0,0.15150270674934288,-105.7557293610917,-104.0,85.75,-105.43686683175402,0.014048952235413026
2_2_7_11_2_16.txt,2,2,7,2_7,6,PLOK,17472,7,6,-118.0,-15.0,11,2,66,-105.60849094749557,-105.60849094749557,-105.55944108429298,-106.0,0.0801943662632692,-106.98019821585925,-105.0,85.75,-105.43686683175402,-0.171624115741551
2_2_7_11_2_16.txt,2,2,7,2_7,7,PLOK,17472,8,7,-119.0,-16.0,11,2,66,-105.29763745454086,-105.29763745454086,-105.30056590420486,-105.0,0.05616959042424228,-105.752305075791,-104.00990089207038,85.75,-105.43686683175402,0.1392293772131552
2_2_7_11_2_16.txt,2,2,7,2_7,8,PLOK,17472,9,8,-119.0,-16.0,11,2,66,-105.1602233819085,-105.1602233819085,-105.20851086441994,-105.0,0.09535933406982791,-106.98019821585925,-104.66654588499237,85.75,-105.43686683175402,0.2766434498455226
2_2_7_11_2_16.txt,2,2,7,2_7,9,PLOK,17472,10,9,-119.0,-16.0,11,2,66,-105.39247799454034,-105.39247799454034,-105.37298164638182,-105.0,0.05603705205705131,-107.0,-105.00347376373041,85.75,-105.43686683175402,0.04438883721367404
2_2_7_11_2_16.txt,2,2,7,2_7,10,PLOK,17472,11,10,-116.0,-13.0,11,2,66,-105.02552475660343,-105.02552475660343,-105.0183223713386,-105.0,0.0437542774653941,-105.33311901562402,-104.00990089207038,85.75,-105.43686683175402,0.41134207515058563
2_2_7_11_2_16.txt,2,2,7,2_7,11,PLOK,17472,12,11,-117.0,-14.0,11,2,66,-105.36925572261148,-105.36925572261148,-105.3388064031491,-105.0,0.11127083061941732,-106.98019821585925,-104.97059004281137,85.75,-105.43686683175402,0.06761110914253265
2_2_7_11_2_16.txt,2,2,7,2_7,12,PLOK,17472,13,12,-117.0,-14.0,11,2,66,-105.20975297726245,-105.20975297726245,-105.29481853922144,-105.0,0.1368961933000076,-105.4919693313135,-103.01980178414075,85.75,-105.43686683175402,0.22711385449156296
2_2_7_11_2_16.txt,2,2,7,2_7,13,PLOK,17472,14,13,-118.0,-15.0,11,2,66,-105.54216637266093,-105.54216637266093,-105.51976685416787,-106.0,0.0628672247438921,-106.98019821585925,-105.0,85.75,-105.43686683175402,-0.10529954090691263
2_2_7_11_2_16.txt,2,2,7,2_7,14,PLOK,17472,15,14,-118.0,-15.0,11,2,66,-105.33784737358164,-105.33784737358164,-105.33179225355353,-105.0,0.07422169036259647,-106.0,-104.98107883349394,85.75,-105.43686683175402,0.09901945817237845
2_2_7_11_2_16.txt,2,2,7,2_7,15,PLOK,17472,16,15,-118.0,-14.0,11,2,66,-105.02143908540174,-105.02143908540174,-105.05156620930094,-105.0,0.030558330232379204,-105.2017341295659,-104.00990089207038,85.75,-105.43686683175402,0.41542774635227886
2_2_7_11_2_16.txt,2,2,7,2_7,16,PLOK,17472,17,16,-118.0,-15.0,11,2,66,-105.41926646633158,-105.41926646633158,-105.3300235942266,-105.0,0.04876751901551968,-105.99552965895323,-105.0,85.75,-105.43686683175402,0.017600365422438813
2_2_7_11_2_16.txt,2,2,7,2_7,17,PLOK,17472,18,17,-117.0,-14.0,11,2,66,-105.04141221639081,-105.04141221639081,-105.07578770896163,-105.0,0.04829651890453224,-106.0,-104.01980178414075,85.75,-105.43686683175402,0.3954546153632066
2_2_7_11_2_16.txt,2,2,7,2_7,18,PLOK,17472,19,18,-118.0,-14.0,11,2,66,-105.33616795628252,-105.33616795628252,-105.30290472169989,-105.0,0.03703502464032708,-106.00100231546736,-105.00990089207038,85.75,-105.43686683175402,0.10069887547149392
2_2_7_11_2_16.txt,2,2,7,2_7,19,PLOK,17472,20,19,-116.0,-13.0,11,2,66,-105.25530372216421,-105.25530372216421,-105.25676922901165,-105.0,0.05504778240554946,-106.0,-104.01980178414075,85.75,-105.43686683175402,0.1815631095898027
2_2_7_11_2_16.txt,2,2,7,2_7,20,PLOK,17472,21,20,-118.0,-15.0,11,2,66,-105.29383741624504,-105.29383741624504,-105.27324683658819,-105.0,0.022832328188015484,-106.0,-105.00138741992924,85.75,-105.43686683175402,0.14302941550897685
2_2_7_11_2_16.txt,2,2,7,2_7,21,PLOK,17472,22,21,-120.0,-17.0,11,2,66,-105.15363972825492,-105.15363972825492,-105.15532222041892,-105.0,0.018952087309691074,-105.99009910792962,-104.88562529403822,85.75,-105.43686683175402,0.28322710349910096
2_2_8_11_2_16.txt,2,2,8,2_8,0,PLOK,17472,1,1,-118.0,-15.0,11,2,66,-104.86061421520697,-104.86061421520697,-104.94884000990832,-105.0,0.09333549973722104,-106.0,-104.00596834957604,82.36,-104.93018285144821,0.0695686362412431
2_2_8_11_2_16.txt,2,2,8,2_8,1,PLOK,17472,2,2,-116.0,-14.0,11,2,66,-104.81657204317585,-104.81657204317585,-104.83079662907664,-105.0,0.0816318499363664,-105.97029732378887,-103.0,82.36,-104.93018285144821,0.11361080827235526
2_2_8_11_2_16.txt,2,2,8,2_8,2,PLOK,17472,3,3,-121.0,-18.0,11,2,66,-105.0167065142618,-105.0167065142618,-104.97532931168354,-105.0,0.025439559260987305,-105.50590582487645,-104.77819951914934,82.36,-104.93018285144821,-0.08652366281359036
2_2_8_11_2_16.txt,2,2,8,2_8,3,PLFL,17472,4,3,-121.0,-18.0,11,2,66,-104.81023082332335,-104.81023082332335,-104.83875729467675,-105.0,0.04430521002723393,-106.0,-104.01980178414075,82.36,-104.93018285144821,0.11995202812485672
2_2_8_11_2_16.txt,2,2,8,2_8,4,PLOK,17472,5,4,-122.0,-19.0,11,2,66,-104.75464847384895,-104.75464847384895,-104.77860950465566,-105.0,0.053617696713381284,-105.00100447034106,-103.01980178414075,82.36,-104.93018285144821,0.17553437759926283
2_2_8_11_2_16.txt,2,2,8,2_8,5,PLOK,17472,6,5,-121.0,-18.0,11,2,66,-104.83901849671862,-104.83901849671862,-104.89641821524265,-105.0,0.053895373968173475,-105.10342636500904,-104.0,82.36,-104.93018285144821,0.09116435472958528
2_2_8_11_2_16.txt,2,2,8,2_8,6,PLOK,17472,7,6,-121.0,-18.0,11,2,66,-104.92745038259487,-104.92745038259487,-104.9172644769153,-105.0,0.028783804120396803,-105.49279225325931,-104.0,82.36,-104.93018285144821,0.0027324688533383323
2_2_8_11_2_16.txt,2,2,8,2_8,7,PLFL,17472,8,6,-121.0,-18.0,11,2,66,-105.22048022103134,-105.22048022103134,-105.19204808295069,-105.0,0.04302365975800992,-105.9966822171701,-104.97346961729251,82.36,-104.93018285144821,-0.29029736958312924
2_2_8_11_2_16.txt,2,2,8,2_8,8,PLOK,17472,9,7,-122.0,-19.0,11,2,66,-105.12165930960074,-105.12165930960074,-105.15302610308905,-105.0,0.023505902168039973,-105.99009910792962,-104.66688098437598,82.36,-104.93018285144821,-0.1914764581525361
2_2_8_11_2_16.txt,2,2,8,2_8,9,PLFL,17472,10,7,-123.0,-20.0,11,2,66,-104.99025511764822,-104.99025511764822,-104.97664424571158,-105.0,0.044931544188202596,-105.66158283356715,-104.0,82.36,-104.93018285144821,-0.060072266200009494
2_2_8_11_2_16.txt,2,2,8,2_8,10,PLFL,17472,11,7,-121.0,-18.0,11,2,66,-105.01589018319731,-105.01589018319731,-104.99892916018229,-105.0,0.035771780065381446,-105.99009910792962,-104.76546635967473,82.36,-104.93018285144821,-0.08570733174910572
2_2_8_11_2_16.txt,2,2,8,2_8,11,PLFL,17472,12,7,-122.0,-19.0,11,2,66,-105.31862028931128,-105.31862028931128,-105.29712725312794,-105.0,0.054923169667134064,-106.0,-104.33841716643285,82.36,-104.93018285144821,-0.3884374378630753
2_2_8_11_2_16.txt,2,2,8,2_8,12,PLOK,17472,13,8,-121.0,-18.0,11,2,66,-105.18448556747343,-105.18448556747343,-105.18448317753891,-105.0,0.021413321823378562,-106.0,-104.66986665050572,82.36,-104.93018285144821,-0.25430271602522225
2_2_8_11_2_16.txt,2,2,8,2_8,13,PLFL,17472,14,8,-122.0,-19.0,11,2,66,-105.17656137354363,-105.17656137354363,-105.11563961695666,-105.0,0.04159403131507367,-106.0,-104.9633544116147,82.36,-104.93018285144821,-0.24637852209542643
2_2_8_11_2_16.txt,2,2,8,2_8,14,PLFL,17408,15,8,-122.0,-19.0,11,2,66,-105.36174002403786,-105.36174002403786,-105.3487635577938,-105.0,0.07763703316948804,-107.0,-104.96731675890648,82.36,-104.93018285144821,-0.431557172589649
2_2_8_11_2_16.txt,2,2,8,2_8,15,PLOK,17472,16,9,-121.0,-18.0,11,2,66,-104.95685537647992,-104.95685537647992,-104.8779389405552,-105.0,0.15603622333064796,-106.99009910792962,-104.60032429144361,82.36,-104.93018285144821,-0.02667252503171369
2_2_8_11_2_16.txt,2,2,8,2_8,16,PLFL,17472,17,9,-121.0,-18.0,11,2,66,-105.22267081049904,-105.22267081049904,-105.23314163322297,-105.0,0.021184517168731796,-105.57446171439224,-104.6672160837596,82.36,-104.93018285144821,-0.29248795905083114
2_2_8_11_2_16.txt,2,2,8,2_8,17,PLFL,17472,18,9,-122.0,-19.0,11,2,66,-104.84801960936778,-104.84801960936778,-104.92241199211253,-105.0,0.07279201564427652,-106.0,-104.01980178414075,82.36,-104.93018285144821,0.08216324208042636
2_2_8_11_2_16.txt,2,2,8,2_8,18,PLFL,17472,19,9,-122.0,-19.0,11,2,66,-104.78412864250117,-104.78412864250117,-104.79760452332866,-105.0,0.021616973936676623,-105.08050219850416,-104.46824511578485,82.36,-104.93018285144821,0.14605420894703514
2_2_8_11_2_16.txt,2,2,8,2_8,19,PLOK,17472,20,10,-121.0,-18.0,11,2,66,-105.11945760449407,-105.11945760449407,-105.13071787996913,-105.0,0.014184261762142285,-105.49776482947661,-104.59739830688905,82.36,-104.93018285144821,-0.18927475304586494
2_2_8_11_2_16.txt,2,2,8,2_8,20,PLFL,17472,21,10,-122.0,-19.0,11,2,66,-104.95550179127821,-104.95550179127821,-104.98212731076964,-105.0,0.020798484531488328,-105.24444408849213,-104.4985819784654,82.36,-104.93018285144821,-0.025318939830000886
2_2_8_11_2_16.txt,2,2,8,2_8,21,PLFL,17472,22,10,-122.0,-19.0,11,2,66,-104.92489251934877,-104.92489251934877,-104.99873455397677,-105.0,0.03482126151454921,-105.17062908359222,-104.33443216751918,82.36,-104.93018285144821,0.005290332099434636
2_2_8_11_2_16.txt,2,2,8,2_8,22,PLOK,17472,23,11,-120.0,-17.0,11,2,66,-105.2263902028285,-105.2263902028285,-105.21171457105767,-105.0,0.019015863040739392,-105.99009910792962,-104.99949776482947,82.36,-104.93018285144821,-0.2962073513802892
2_2_9_11_2_16.txt,2,2,9,2_9,0,PLOK,17472,1,1,-119.0,-15.0,11,2,66,-106.3180154603995,-106.3180154603995,-106.30939661995725,-106.0,0.019822909116317067,-106.6076271865935,-106.0,78.97,-104.4021989976976,-1.9158164627018976
2_2_9_11_2_16.txt,2,2,9,2_9,1,PLOK,17472,2,2,-118.0,-14.0,11,2,66,-106.32777896513439,-106.32777896513439,-106.3500602775255,-106.0,0.03593663685188243,-107.0,-105.99800039608944,78.97,-104.4021989976976,-1.9255799674367893
2_2_9_11_2_16.txt,2,2,9,2_9,2,PLFL,17472,3,2,-120.0,-16.0,11,2,66,-106.2843910147517,-106.2843910147517,-106.14503068267038,-106.0,0.11052806999507843,-107.00001911411566,-105.0,78.97,-104.4021989976976,-1.882192017054109
2_2_9_11_2_16.txt,2,2,9,2_9,3,PLOK,17472,4,3,-120.0,-16.0,11,2,66,-106.21327699343686,-106.21327699343686,-106.14678716650548,-106.0,0.029676688189240925,-107.0,-106.0049725762173,78.97,-104.4021989976976,-1.811077995739268
2_2_9_11_2_16.txt,2,2,9,2_9,4,PLOK,17472,5,4,-117.0,-13.0,11,2,66,-106.032614432355,-106.032614432355,-106.07517625004363,-106.0,0.03818387943404584,-106.27858725374466,-105.00231546736254,78.97,-104.4021989976976,-1.630415434657408
2_2_9_11_2_16.txt,2,2,9,2_9,5,PLOK,17472,6,5,-118.0,-14.0,11,2,66,-106.21655015516932,-106.21655015516932,-106.20156740088203,-106.0,0.017900599646949105,-106.55415708950018,-106.0,78.97,-104.4021989976976,-1.8143511574717195
2_2_9_11_2_16.txt,2,2,9,2_9,6,PLOK,17472,7,6,-120.0,-16.0,11,2,66,-106.16476422991248,-106.16476422991248,-106.1802603032607,-106.0,0.05408739732394052,-107.0,-105.01980178414075,78.97,-104.4021989976976,-1.7625652322148824
2_2_9_11_2_16.txt,2,2,9,2_9,7,PLOK,17472,8,7,-119.0,-15.0,11,2,66,-105.96585534013393,-105.96585534013393,-105.97397849939105,-106.0,0.0036186079119863816,-106.0786685452262,-105.6672160837596,78.97,-104.4021989976976,-1.5636563424363317
2_2_9_11_2_16.txt,2,2,9,2_9,8,PLOK,17472,9,8,-119.0,-15.0,11,2,66,-106.03978978917337,-106.03978978917337,-106.08924894487404,-106.0,0.03420094386920581,-106.24718219683889,-105.00990089207038,78.97,-104.4021989976976,-1.6375907914757732
2_2_9_11_2_16.txt,2,2,9,2_9,9,PLOK,17472,10,9,-119.0,-15.0,11,2,66,-106.00935793612719,-106.00935793612719,-106.02797634865395,-106.0,0.03524748729073182,-107.0,-105.33841716643285,78.97,-104.4021989976976,-1.607158938429592
2_2_9_11_2_16.txt,2,2,9,2_9,10,PLOK,17472,11,10,-119.0,-15.0,11,2,66,-105.82052885630911,-105.82052885630911,-105.84582861621055,-106.0,0.04499439427260358,-106.23982748810096,-104.99949776482947,78.97,-104.4021989976976,-1.4183298586115143
2_2_9_11_2_16.txt,2,2,9,2_9,11,PLOK,17472,12,11,-118.0,-14.0,11,2,66,-105.92357954558327,-105.92357954558327,-105.87775025931113,-106.0,0.03993763792163605,-106.66158283356715,-105.0,78.97,-104.4021989976976,-1.52138054788567
2_2_9_11_2_16.txt,2,2,9,2_9,12,PLOK,17472,13,12,-118.0,-14.0,11,2,66,-106.02847904256043,-106.02847904256043,-105.99344835511128,-106.0,0.04701602980473342,-107.0,-105.01980178414075,78.97,-104.4021989976976,-1.6262800448628383
2_2_9_11_2_16.txt,2,2,9,2_9,13,PLOK,17472,14,13,-115.0,-11.0,11,2,66,-105.73630636270963,-105.73630636270963,-105.81291468747332,-106.0,0.07853406434508715,-107.0,-105.0063004662762,78.97,-104.4021989976976,-1.3341073650120308
2_2_9_11_2_16.txt,2,2,9,2_9,14,PLOK,17472,15,14,-116.0,-12.0,11,2,66,-106.04851643903113,-106.04851643903113,-106.05225054149152,-106.0,0.02143958154867812,-106.66623504856457,-105.50223517052339,78.97,-104.4021989976976,-1.6463174413335366
2_2_9_11_2_16.txt,2,2,9,2_9,15,PLOK,17472,16,15,-117.0,-13.0,11,2,66,-106.07006079784287,-106.07006079784287,-106.16712187618819,-106.0,0.07794206424336877,-106.44909316568919,-105.25123963448856,78.97,-104.4021989976976,-1.6678618001452747
2_2_9_11_2_16.txt,2,2,9,2_9,16,PLOK,17472,17,16,-116.0,-12.0,11,2,66,-106.01211698445063,-106.01211698445063,-105.95595127510391,-106.0,0.046836454890862834,-107.0,-105.69280405522181,78.97,-104.4021989976976,-1.6099179867530324
2_2_9_11_2_16.txt,2,2,9,2_9,17,PLOK,17472,18,17,-116.0,-12.0,11,2,66,-106.18670840751722,-106.18670840751722,-106.23044466574115,-106.0,0.07800338027163421,-106.49852121704713,-105.0,78.97,-104.4021989976976,-1.78450940981962
2_2_9_11_2_16.txt,2,2,9,2_9,18,PLOK,17472,19,18,-118.0,-14.0,11,2,66,-105.79432880946968,-105.79432880946968,-105.75174145772729,-106.0,0.06007907772749181,-106.18371920440893,-105.0,78.97,-104.4021989976976,-1.3921298117720795
2_2_9_11_2_16.txt,2,2,9,2_9,19,PLOK,17472,20,19,-117.0,-13.0,11,2,66,-106.24548762861214,-106.24548762861214,-106.2549438458322,-106.0,0.04392670360125162,-106.98019821585925,-105.0,78.97,-104.4021989976976,-1.843288630914543
2_2_9_11_2_16.txt,2,2,9,2_9,20,PLOK,17472,21,20,-117.0,-13.0,11,2,66,-106.27389570113617,-106.27389570113617,-106.2628311495072,-106.0,0.030240750953288764,-107.0,-105.50720774674069,78.97,-104.4021989976976,-1.8716967034385732
2_2_9_11_2_16.txt,2,2,9,2_9,21,PLOK,17472,22,21,-115.0,-11.0,11,2,66,-105.74413314132907,-105.74413314132907,-105.87854873801425,-106.0,0.218959234301768,-105.98859953474661,-103.00990089207038,78.97,-104.4021989976976,-1.3419341436314767
2_2_9_11_2_16.txt,2,2,9,2_9,22,PLOK,17472,23,22,-115.0,-12.0,11,2,66,-105.86477654999837,-105.86477654999837,-105.8711196013433,-106.0,0.0444155945704844,-106.99009910792962,-105.48889456115279,78.97,-104.4021989976976,-1.4625775523007718
