split,method,method_label,file_name,packet_index,true_label,candidate_policy,candidate_labels,true_in_candidates,lda_label,lda_correct,rssi_top1_label,search_label,search_correct,search_margin,search_runtime_ms,path_switches,path_garbage_segments,search_scores_json,lda_candidate_scores_json,frozen_beta,final_label,final_correct,final_margin,final_scores_json
formal_test,average_cost,Average cost,2_0_33_11_2_16.bin,0,0_33,direct_lda_top5,0_33;1_30;0_34;1_29;0_35,1,0_33,1,0_33,0_33,1,0.2741469564998691,0.0012089999970044119,,,"{""0_33"": 1.0, ""0_34"": 0.7258530435001309, ""0_35"": 0.5411815909078137, ""1_29"": 0.0, ""1_30"": 0.2694501264217285}","{""0_33"": 1.0, ""0_34"": 2.7840521403255967e-16, ""0_35"": 0.0, ""1_29"": 7.944733387475326e-26, ""1_30"": 1.0070445250078649e-10}",0.6,0_33,1,0.7096587825999474,"{""0_33"": 1.0, ""0_34"": 0.29034121740005253, ""0_35"": 0.2164726363631255, ""1_29"": 4.7668400324851955e-26, ""1_30"": 0.10778005062911407}"
formal_test,greedy_path,Greedy path,2_0_33_11_2_16.bin,0,0_33,direct_lda_top5,0_33;1_30;0_34;1_29;0_35,1,0_33,1,0_33,0_33,1,0.9000804576685044,0.0880420000015647,0,0,"{""0_33"": 1.0, ""0_34"": 0.09991954233149558, ""0_35"": 0.07449802321002413, ""1_29"": 0.0, ""1_30"": 0.043158423400746805}","{""0_33"": 1.0, ""0_34"": 2.7840521403255967e-16, ""0_35"": 0.0, ""1_29"": 7.944733387475326e-26, ""1_30"": 1.0070445250078649e-10}",0.6,0_33,1,0.9600321830674016,"{""0_33"": 1.0, ""0_34"": 0.039967816932598405, ""0_35"": 0.029799209284009656, ""1_29"": 4.7668400324851955e-26, ""1_30"": 0.017263369420721392}"
formal_test,no_pheromone,No pheromone,2_0_33_11_2_16.bin,0,0_33,direct_lda_top5,0_33;1_30;0_34;1_29;0_35,1,0_33,1,0_33,0_33,1,0.7589085249770817,4.624208999999269,0,0,"{""0_33"": 1.0, ""0_34"": 0.24109147502291822, ""0_35"": 0.11760623547643137, ""1_29"": 0.0, ""1_30"": 0.054273428913617756}","{""0_33"": 1.0, ""0_34"": 2.7840521403255967e-16, ""0_35"": 0.0, ""1_29"": 7.944733387475326e-26, ""1_30"": 1.0070445250078649e-10}",0.6,0_33,1,0.9035634099908325,"{""0_33"": 1.0, ""0_34"": 0.09643659000916746, ""0_35"": 0.04704249419057255, ""1_29"": 4.7668400324851955e-26, ""1_30"": 0.021709371625869774}"
formal_test,full_aco,Full ACO,2_0_33_11_2_16.bin,0,0_33,direct_lda_top5,0_33;1_30;0_34;1_29;0_35,1,0_33,1,0_33,0_33,1,0.9366925735904736,4.780833000005202,0,0,"{""0_33"": 1.0, ""0_34"": 0.06330742640952632, ""0_35"": 0.04456649937676044, ""1_29"": 0.0, ""1_30"": 0.023951731939903242}","{""0_33"": 1.0, ""0_34"": 2.7840521403255967e-16, ""0_35"": 0.0, ""1_29"": 7.944733387475326e-26, ""1_30"": 1.0070445250078649e-10}",0.6,0_33,1,0.9746770294361893,"{""0_33"": 1.0, ""0_34"": 0.025322970563810693, ""0_35"": 0.017826599750704174, ""1_29"": 4.7668400324851955e-26, ""1_30"": 0.009580692836383969}"
formal_test,average_cost,Average cost,2_0_33_11_2_16.bin,3,0_33,direct_lda_top5,0_33;1_30;0_34;1_29;0_35,1,0_33,1,0_33,0_33,1,0.3193036834523467,0.0013330000001587905,,,"{""0_33"": 1.0, ""0_34"": 0.6806963165476533, ""0_35"": 0.3834615424075447, ""1_29"": 0.0, ""1_30"": 0.40764957421268105}","{""0_33"": 1.0, ""0_34"": 3.45274251352635e-16, ""0_35"": 0.0, ""1_29"": 4.3252714481594787e-23, ""1_30"": 1.3622472695918922e-09}",0.6,0_33,1,0.7277214733809385,"{""0_33"": 1.0, ""0_34"": 0.27227852661906154, ""0_35"": 0.1533846169630179, ""1_29"": 2.595162868895687e-23, ""1_30"": 0.1630598305024208}"
formal_test,greedy_path,Greedy path,2_0_33_11_2_16.bin,3,0_33,direct_lda_top5,0_33;1_30;0_34;1_29;0_35,1,0_33,1,0_33,0_33,1,0.902686054776196,0.07508299999869905,0,0,"{""0_33"": 1.0, ""0_34"": 0.09731394522380396, ""0_35"": 0.054820563335119483, ""1_29"": 0.0, ""1_30"": 0.06608892385530643}","{""0_33"": 1.0, ""0_34"": 3.45274251352635e-16, ""0_35"": 0.0, ""1_29"": 4.3252714481594787e-23, ""1_30"": 1.3622472695918922e-09}",0.6,0_33,1,0.9610744219104782,"{""0_33"": 1.0, ""0_34"": 0.038925578089521795, ""0_35"": 0.021928225334047795, ""1_29"": 2.595162868895687e-23, ""1_30"": 0.026435570359470938}"
formal_test,no_pheromone,No pheromone,2_0_33_11_2_16.bin,3,0_33,direct_lda_top5,0_33;1_30;0_34;1_29;0_35,1,0_33,1,0_33,0_33,1,0.8034704777670443,4.5960420000028535,0,0,"{""0_33"": 1.0, ""0_34"": 0.19652952223295567, ""0_35"": 0.07405728526422399, ""1_29"": 0.0, ""1_30"": 0.09374331598355828}","{""0_33"": 1.0, ""0_34"": 3.45274251352635e-16, ""0_35"": 0.0, ""1_29"": 4.3252714481594787e-23, ""1_30"": 1.3622472695918922e-09}",0.6,0_33,1,0.9213881911068176,"{""0_33"": 1.0, ""0_34"": 0.07861180889318248, ""0_35"": 0.029622914105689596, ""1_29"": 2.595162868895687e-23, ""1_30"": 0.037497327210771675}"
formal_test,full_aco,Full ACO,2_0_33_11_2_16.bin,3,0_33,direct_lda_top5,0_33;1_30;0_34;1_29;0_35,1,0_33,1,0_33,0_33,1,0.9457169669411731,4.959499999998229,0,0,"{""0_33"": 1.0, ""0_34"": 0.054283033058826834, ""0_35"": 0.030592241009257413, ""1_29"": 0.0, ""1_30"": 0.03686752051084811}","{""0_33"": 1.0, ""0_34"": 3.45274251352635e-16, ""0_35"": 0.0, ""1_29"": 4.3252714481594787e-23, ""1_30"": 1.3622472695918922e-09}",0.6,0_33,1,0.9782867867764691,"{""0_33"": 1.0, ""0_34"": 0.021713213223530942, ""0_35"": 0.012236896403702966, ""1_29"": 2.595162868895687e-23, ""1_30"": 0.014747009021687607}"
formal_test,average_cost,Average cost,2_0_33_11_2_16.bin,17,0_33,direct_lda_top5,0_33;1_30;0_34;1_29;0_35,1,0_33,1,0_33,0_33,1,0.3918384533219288,0.001292000000319149,,,"{""0_33"": 1.0, ""0_34"": 0.6081615466780712, ""0_35"": 0.4351189619215939, ""1_29"": 0.30505592771872214, ""1_30"": 0.0}","{""0_33"": 1.0, ""0_34"": 1.0771900695017276e-14, ""0_35"": 0.0, ""1_29"": 8.465275545968916e-20, ""1_30"": 6.162401503627781e-10}",0.6,0_33,1,0.756735381328765,"{""0_33"": 1.0, ""0_34"": 0.24326461867123497, ""0_35"": 0.17404758476863758, ""1_29"": 0.12202237108748887, ""1_30"": 3.6974409021766687e-10}"
formal_test,greedy_path,Greedy path,2_0_33_11_2_16.bin,17,0_33,direct_lda_top5,0_33;1_30;0_34;1_29;0_35,1,0_33,1,0_33,0_33,1,0.9048439015090546,0.07029200000374658,0,0,"{""0_33"": 1.0, ""0_34"": 0.09515609849094547, ""0_35"": 0.062461579502613246, ""1_29"": 0.043790955461462694, ""1_30"": 0.0}","{""0_33"": 1.0, ""0_34"": 1.0771900695017276e-14, ""0_35"": 0.0, ""1_29"": 8.465275545968916e-20, ""1_30"": 6.162401503627781e-10}",0.6,0_33,1,0.9619375606036153,"{""0_33"": 1.0, ""0_34"": 0.03806243939638465, ""0_35"": 0.0249846318010453, ""1_29"": 0.017516382184585077, ""1_30"": 3.6974409021766687e-10}"
formal_test,no_pheromone,No pheromone,2_0_33_11_2_16.bin,17,0_33,direct_lda_top5,0_33;1_30;0_34;1_29;0_35,1,0_33,1,0_33,0_33,1,0.7520663474597536,4.52074999999752,0,0,"{""0_33"": 1.0, ""0_34"": 0.24793365254024635, ""0_35"": 0.09271363623224682, ""1_29"": 0.06068927777012794, ""1_30"": 0.0}","{""0_33"": 1.0, ""0_34"": 1.0771900695017276e-14, ""0_35"": 0.0, ""1_29"": 8.465275545968916e-20, ""1_30"": 6.162401503627781e-10}",0.6,0_33,1,0.900826538983895,"{""0_33"": 1.0, ""0_34"": 0.09917346101610501, ""0_35"": 0.03708545449289873, ""1_29"": 0.024275711108051178, ""1_30"": 3.6974409021766687e-10}"
formal_test,full_aco,Full ACO,2_0_33_11_2_16.bin,17,0_33,direct_lda_top5,0_33;1_30;0_34;1_29;0_35,1,0_33,1,0_33,0_33,1,0.9469230377241864,4.92020800000148,0,0,"{""0_33"": 1.0, ""0_34"": 0.05307696227581355, ""0_35"": 0.03484354336792449, ""1_29"": 0.02440305273184079, ""1_30"": 0.0}","{""0_33"": 1.0, ""0_34"": 1.0771900695017276e-14, ""0_35"": 0.0, ""1_29"": 8.465275545968916e-20, ""1_30"": 6.162401503627781e-10}",0.6,0_33,1,0.9787692150896681,"{""0_33"": 1.0, ""0_34"": 0.021230784910331885, ""0_35"": 0.013937417347169795, ""1_29"": 0.009761221092736317, ""1_30"": 3.6974409021766687e-10}"
formal_test,average_cost,Average cost,2_0_33_11_2_16.bin,18,0_33,direct_lda_top5,0_33;1_30;0_34;1_29;0_35,1,0_33,1,0_33,0_33,1,0.7196716792992051,0.0013340000037942445,,,"{""0_33"": 1.0, ""0_34"": 0.2803283207007949, ""0_35"": 0.10190821358348501, ""1_29"": 0.0, ""1_30"": 0.25173193205110445}","{""0_33"": 1.0, ""0_34"": 4.1657928227177074e-16, ""0_35"": 0.0, ""1_29"": 9.417163209039292e-23, ""1_30"": 3.864585130876049e-07}",0.6,0_33,1,0.8878686717196818,"{""0_33"": 1.0, ""0_34"": 0.11213132828031822, ""0_35"": 0.040763285433394005, ""1_29"": 5.650297925423575e-23, ""1_30"": 0.10069300469554963}"
formal_test,greedy_path,Greedy path,2_0_33_11_2_16.bin,18,0_33,direct_lda_top5,0_33;1_30;0_34;1_29;0_35,1,0_33,1,0_33,0_33,1,0.9619066296920156,0.08604199999950879,0,0,"{""0_33"": 1.0, ""0_34"": 0.03809337030798438, ""0_35"": 0.01384814530246588, ""1_29"": 0.0, ""1_30"": 0.03420745246857215}","{""0_33"": 1.0, ""0_34"": 4.1657928227177074e-16, ""0_35"": 0.0, ""1_29"": 9.417163209039292e-23, ""1_30"": 3.864585130876049e-07}",0.6,0_33,1,0.984762651876806,"{""0_33"": 1.0, ""0_34"": 0.015237348123194003, ""0_35"": 0.005539258120986352, ""1_29"": 5.650297925423575e-23, ""1_30"": 0.013683212862536714}"
formal_test,no_pheromone,No pheromone,2_0_33_11_2_16.bin,18,0_33,direct_lda_top5,0_33;1_30;0_34;1_29;0_35,1,0_33,1,0_33,0_33,1,0.9613673528409559,4.650625000003572,0,0,"{""0_33"": 1.0, ""0_34"": 0.03818259740767126, ""0_35"": 0.01614238447592999, ""1_29"": 0.0, ""1_30"": 0.038632647159044166}","{""0_33"": 1.0, ""0_34"": 4.1657928227177074e-16, ""0_35"": 0.0, ""1_29"": 9.417163209039292e-23, ""1_30"": 3.864585130876049e-07}",0.6,0_33,1,0.9845467092612745,"{""0_33"": 1.0, ""0_34"": 0.015273038963068752, ""0_35"": 0.006456953790371996, ""1_29"": 5.650297925423575e-23, ""1_30"": 0.01545329073872552}"
formal_test,full_aco,Full ACO,2_0_33_11_2_16.bin,18,0_33,direct_lda_top5,0_33;1_30;0_34;1_29;0_35,1,0_33,1,0_33,0_33,1,0.9787695938646971,4.896707999996863,0,0,"{""0_33"": 1.0, ""0_34"": 0.021230406135302894, ""0_35"": 0.0077356685616114555, ""1_29"": 0.0, ""1_30"": 0.019061155033889866}","{""0_33"": 1.0, ""0_34"": 4.1657928227177074e-16, ""0_35"": 0.0, ""1_29"": 9.417163209039292e-23, ""1_30"": 3.864585130876049e-07}",0.6,0_33,1,0.9915078375458786,"{""0_33"": 1.0, ""0_34"": 0.008492162454121408, ""0_35"": 0.0030942674246445825, ""1_29"": 5.650297925423575e-23, ""1_30"": 0.007624693888663799}"
formal_test,average_cost,Average cost,2_0_34_11_2_16.bin,4,0_34,direct_lda_top5,0_34;1_30;1_29;0_35;0_33,1,0_34,1,0_34,0_34,1,0.25703130651374917,0.001375000003633886,,,"{""0_33"": 0.7429686934862508, ""0_34"": 1.0, ""0_35"": 0.33277634673388035, ""1_29"": 0.0, ""1_30"": 0.6657811356115112}","{""0_33"": 0.0, ""0_34"": 1.0, ""0_35"": 3.061529969198313e-10, ""1_29"": 5.214025809374294e-10, ""1_30"": 3.5556794057471804e-07}",0.6,0_34,1,0.7028125226054996,"{""0_33"": 0.29718747739450035, ""0_34"": 1.0, ""0_35"": 0.13311053887724394, ""1_29"": 3.1284154856245766e-10, ""1_30"": 0.2663126675853688}"
formal_test,greedy_path,Greedy path,2_0_34_11_2_16.bin,4,0_34,direct_lda_top5,0_34;1_30;1_29;0_35;0_33,1,0_34,1,0_34,0_34,1,0.893326763439417,0.09329200000252058,0,0,"{""0_33"": 0.10667323656058306, ""0_34"": 1.0, ""0_35"": 0.045900265037006185, ""1_29"": 0.0, ""1_30"": 0.0918320393896434}","{""0_33"": 0.0, ""0_34"": 1.0, ""0_35"": 3.061529969198313e-10, ""1_29"": 5.214025809374294e-10, ""1_30"": 3.5556794057471804e-07}",0.6,0_34,1,0.9573307053757668,"{""0_33"": 0.042669294624233224, ""0_34"": 1.0, ""0_35"": 0.018360106198494274, ""1_29"": 3.1284154856245766e-10, ""1_30"": 0.03673302909662171}"
formal_test,no_pheromone,No pheromone,2_0_34_11_2_16.bin,4,0_34,direct_lda_top5,0_34;1_30;1_29;0_35;0_33,1,0_34,1,0_34,0_34,1,0.6934354380738439,4.746249999996621,0,0,"{""0_33"": 0.26207507493432264, ""0_34"": 1.0, ""0_35"": 0.05622012144542133, ""1_29"": 0.0, ""1_30"": 0.3065645619261561}","{""0_33"": 0.0, ""0_34"": 1.0, ""0_35"": 3.061529969198313e-10, ""1_29"": 5.214025809374294e-10, ""1_30"": 3.5556794057471804e-07}",0.6,0_34,1,0.8773739618887733,"{""0_33"": 0.10483002997372906, ""0_34"": 1.0, ""0_35"": 0.022488048761860332, ""1_29"": 3.1284154856245766e-10, ""1_30"": 0.1226260381112268}"
formal_test,full_aco,Full ACO,2_0_34_11_2_16.bin,4,0_34,direct_lda_top5,0_34;1_30;1_29;0_35;0_33,1,0_34,1,0_34,0_34,1,0.9335064093432741,4.7755840000007765,0,0,"{""0_33"": 0.06649359065672583, ""0_34"": 1.0, ""0_35"": 0.02550776312604898, ""1_29"": 0.0, ""1_30"": 0.05099722353737276}","{""0_33"": 0.0, ""0_34"": 1.0, ""0_35"": 3.061529969198313e-10, ""1_29"": 5.214025809374294e-10, ""1_30"": 3.5556794057471804e-07}",0.6,0_34,1,0.9734025637373097,"{""0_33"": 0.026597436262690333, ""0_34"": 1.0, ""0_35"": 0.01020310543411139, ""1_29"": 3.1284154856245766e-10, ""1_30"": 0.020399102755713452}"
formal_test,average_cost,Average cost,2_0_34_11_2_16.bin,8,0_34,direct_lda_top5,0_34;1_30;0_33;0_35;1_29,1,0_34,1,1_31,0_35,0,0.16796321806850156,0.0012500000039494807,,,"{""0_33"": 0.8320367819314984, ""0_34"": 0.6290311001970952, ""0_35"": 1.0, ""1_29"": 0.0, ""1_30"": 0.520984883812383}","{""0_33"": 1.3197044969788025e-14, ""0_34"": 1.0, ""0_35"": 4.979954087569619e-16, ""1_29"": 0.0, ""1_30"": 0.1263463872752929}",0.6,0_34,1,0.4516124400788378,"{""0_33"": 0.3328147127726073, ""0_34"": 0.8516124400788381, ""0_35"": 0.4000000000000003, ""1_29"": 0.0, ""1_30"": 0.2842017858901289}"
formal_test,greedy_path,Greedy path,2_0_34_11_2_16.bin,8,0_34,direct_lda_top5,0_34;1_30;0_33;0_35;1_29,1,0_34,1,1_31,0_35,0,0.8754563270574841,0.08208300000234203,0,0,"{""0_33"": 0.1245436729425159, ""0_34"": 0.09415670714911718, ""0_35"": 1.0, ""1_29"": 0.0, ""1_30"": 0.08650097651066618}","{""0_33"": 1.3197044969788025e-14, ""0_34"": 1.0, ""0_35"": 4.979954087569619e-16, ""1_29"": 0.0, ""1_30"": 0.1263463872752929}",0.6,0_34,1,0.2376626828596466,"{""0_33"": 0.04981746917701428, ""0_34"": 0.6376626828596469, ""0_35"": 0.4000000000000003, ""1_29"": 0.0, ""1_30"": 0.11040822296944222}"
formal_test,no_pheromone,No pheromone,2_0_34_11_2_16.bin,8,0_34,direct_lda_top5,0_34;1_30;0_33;0_35;1_29,1,0_34,1,1_31,0_35,0,0.6964308030279683,4.610708000001296,0,0,"{""0_33"": 0.30356919697203166, ""0_34"": 0.15925058778038895, ""0_35"": 1.0, ""1_29"": 0.0, ""1_30"": 0.10761814659320537}","{""0_33"": 1.3197044969788025e-14, ""0_34"": 1.0, ""0_35"": 4.979954087569619e-16, ""1_29"": 0.0, ""1_30"": 0.1263463872752929}",0.6,0_34,1,0.2637002351121553,"{""0_33"": 0.12142767878882059, ""0_34"": 0.6637002351121556, ""0_35"": 0.4000000000000003, ""1_29"": 0.0, ""1_30"": 0.11885509100245789}"
formal_test,full_aco,Full ACO,2_0_34_11_2_16.bin,8,0_34,direct_lda_top5,0_34;1_30;0_33;0_35;1_29,1,0_34,1,1_31,0_35,0,0.8629039592109515,4.913541999997051,0,0,"{""0_33"": 0.1370960407890484, ""0_34"": 0.050824999899072895, ""0_35"": 1.0, ""1_29"": 0.0, ""1_30"": 0.04607415632372692}","{""0_33"": 1.3197044969788025e-14, ""0_34"": 1.0, ""0_35"": 4.979954087569619e-16, ""1_29"": 0.0, ""1_30"": 0.1263463872752929}",0.6,0_34,1,0.22032999995962882,"{""0_33"": 0.05483841631562728, ""0_34"": 0.6203299999596291, ""0_35"": 0.4000000000000003, ""1_29"": 0.0, ""1_30"": 0.09423749489466651}"
formal_test,average_cost,Average cost,2_0_34_11_2_16.bin,16,0_34,direct_lda_top5,0_34;1_30;0_35;1_29;0_33,1,0_34,1,0_34,0_34,1,0.3270227211967738,0.0009999999974752427,,,"{""0_33"": 0.5649816317548451, ""0_34"": 1.0, ""0_35"": 0.45122483484665726, ""1_29"": 0.0, ""1_30"": 0.6729772788032262}","{""0_33"": 0.0, ""0_34"": 1.0, ""0_35"": 2.598931719681106e-10, ""1_29"": 7.751053865497766e-16, ""1_30"": 2.8205643945379454e-07}",0.6,0_34,1,0.7308089192448459,"{""0_33"": 0.22599265270193802, ""0_34"": 1.0, ""0_35"": 0.18048993409459882, ""1_29"": 4.65063231929866e-16, ""1_30"": 0.26919108075515413}"
formal_test,greedy_path,Greedy path,2_0_34_11_2_16.bin,16,0_34,direct_lda_top5,0_34;1_30;0_35;1_29;0_33,1,0_34,1,0_34,0_34,1,0.8969886456131899,0.08074999999507781,0,0,"{""0_33"": 0.08239653135636113, ""0_34"": 1.0, ""0_35"": 0.06580631858372382, ""1_29"": 0.0, ""1_30"": 0.10301135438681007}","{""0_33"": 0.0, ""0_34"": 1.0, ""0_35"": 2.598931719681106e-10, ""1_29"": 7.751053865497766e-16, ""1_30"": 2.8205643945379454e-07}",0.6,0_34,1,0.9587952890114123,"{""0_33"": 0.03295861254254445, ""0_34"": 1.0, ""0_35"": 0.026322527589425434, ""1_29"": 4.65063231929866e-16, ""1_30"": 0.0412047109885877}"
formal_test,no_pheromone,No pheromone,2_0_34_11_2_16.bin,16,0_34,direct_lda_top5,0_34;1_30;0_35;1_29;0_33,1,0_34,1,0_34,0_34,1,0.8195795931127199,4.675667000000772,0,0,"{""0_33"": 0.11965985939050244, ""0_34"": 1.0, ""0_35"": 0.09601237854229534, ""1_29"": 0.0, ""1_30"": 0.18042040688728017}","{""0_33"": 0.0, ""0_34"": 1.0, ""0_35"": 2.598931719681106e-10, ""1_29"": 7.751053865497766e-16, ""1_30"": 2.8205643945379454e-07}",0.6,0_34,1,0.9278316680112243,"{""0_33"": 0.04786394375620098, ""0_34"": 1.0, ""0_35"": 0.03840495157285404, ""1_29"": 4.65063231929866e-16, ""1_30"": 0.07216833198877574}"
formal_test,full_aco,Full ACO,2_0_34_11_2_16.bin,16,0_34,direct_lda_top5,0_34;1_30;0_35;1_29;0_33,1,0_34,1,0_34,0_34,1,0.9424613294449781,5.00062500000098,0,0,"{""0_33"": 0.04605144803888761, ""0_34"": 1.0, ""0_35"": 0.03677190152998441, ""1_29"": 0.0, ""1_30"": 0.057538670555021945}","{""0_33"": 0.0, ""0_34"": 1.0, ""0_35"": 2.598931719681106e-10, ""1_29"": 7.751053865497766e-16, ""1_30"": 2.8205643945379454e-07}",0.6,0_34,1,0.9769843625441276,"{""0_33"": 0.018420579215555045, ""0_34"": 1.0, ""0_35"": 0.014708760767929669, ""1_29"": 4.65063231929866e-16, ""1_30"": 0.023015637455872453}"
formal_test,average_cost,Average cost,2_0_34_11_2_16.bin,18,0_34,direct_lda_top5,0_34;1_30;0_35;1_29;1_27,1,0_34,1,0_34,0_34,1,0.37891612690512366,0.0012499999968440534,,,"{""0_34"": 1.0, ""0_35"": 0.45723926113832886, ""1_27"": 0.2350446071637189, ""1_29"": 0.0, ""1_30"": 0.6210838730948763}","{""0_34"": 1.0, ""0_35"": 9.126372920274298e-09, ""1_27"": 0.0, ""1_29"": 1.6130232712830533e-11, ""1_30"": 4.460036062070636e-07}",0.6,0_34,1,0.7515661831598857,"{""0_34"": 1.0, ""0_35"": 0.18289570993115528, ""1_27"": 0.09401784286548756, ""1_29"": 9.67813962769832e-12, ""1_30"": 0.24843381684011429}"
formal_test,greedy_path,Greedy path,2_0_34_11_2_16.bin,18,0_34,direct_lda_top5,0_34;1_30;0_35;1_29;1_27,1,0_34,1,0_34,0_34,1,0.9164726661767104,0.09462500000267937,0,0,"{""0_34"": 1.0, ""0_35"": 0.06045447456180944, ""1_27"": 0.029164669431268574, ""1_29"": 0.0, ""1_30"": 0.08352733382328961}","{""0_34"": 1.0, ""0_35"": 9.126372920274298e-09, ""1_27"": 0.0, ""1_29"": 1.6130232712830533e-11, ""1_30"": 4.460036062070636e-07}",0.6,0_34,1,0.9665887988685204,"{""0_34"": 1.0, ""0_35"": 0.02418179530054753, ""1_27"": 0.01166586777250743, ""1_29"": 9.67813962769832e-12, ""1_30"": 0.03341120113147957}"
formal_test,no_pheromone,No pheromone,2_0_34_11_2_16.bin,18,0_34,direct_lda_top5,0_34;1_30;0_35;1_29;1_27,1,0_34,1,0_34,0_34,1,0.837692500146621,4.708791999995299,0,0,"{""0_34"": 1.0, ""0_35"": 0.09348669017510917, ""1_27"": 0.03141510652956627, ""1_29"": 0.0, ""1_30"": 0.162307499853379}","{""0_34"": 1.0, ""0_35"": 9.126372920274298e-09, ""1_27"": 0.0, ""1_29"": 1.6130232712830533e-11, ""1_30"": 4.460036062070636e-07}",0.6,0_34,1,0.9350767324564847,"{""0_34"": 1.0, ""0_35"": 0.03739468154586743, ""1_27"": 0.012566042611826509, ""1_29"": 9.67813962769832e-12, ""1_30"": 0.06492326754351532}"
formal_test,full_aco,Full ACO,2_0_34_11_2_16.bin,18,0_34,direct_lda_top5,0_34;1_30;0_35;1_29;1_27,1,0_34,1,0_34,0_34,1,0.953554452216699,5.179583999996851,0,0,"{""0_34"": 1.0, ""0_35"": 0.03362929767152619, ""1_27"": 0.016227838613204953, ""1_29"": 0.0, ""1_30"": 0.04644554778330106}","{""0_34"": 1.0, ""0_35"": 9.126372920274298e-09, ""1_27"": 0.0, ""1_29"": 1.6130232712830533e-11, ""1_30"": 4.460036062070636e-07}",0.6,0_34,1,0.9814215132845159,"{""0_34"": 1.0, ""0_35"": 0.01345172454443423, ""1_27"": 0.006491135445281982, ""1_29"": 9.67813962769832e-12, ""1_30"": 0.01857848671548415}"
formal_test,average_cost,Average cost,2_0_35_11_2_16.bin,11,0_35,direct_lda_top5,0_35;0_34;0_36;1_27;1_29,1,0_35,1,0_35,0_35,1,0.48441406329569836,0.0013330000001587905,,,"{""0_34"": 0.44294209672053325, ""0_35"": 1.0, ""0_36"": 0.5155859367043016, ""1_27"": 0.2766800673030402, ""1_29"": 0.0}","{""0_34"": 0.003950365208324726, ""0_35"": 1.0, ""0_36"": 1.361056600427371e-05, ""1_27"": 1.0218633249006361e-05, ""1_29"": 0.0}",0.6,0_35,1,0.7937574589786768,"{""0_34"": 0.17954705781320815, ""0_35"": 1.0, ""0_36"": 0.20624254102132325, ""1_27"": 0.11067815810116549, ""1_29"": 0.0}"
formal_test,greedy_path,Greedy path,2_0_35_11_2_16.bin,11,0_35,direct_lda_top5,0_35;0_34;0_36;1_27;1_29,1,0_35,1,0_35,0_35,1,0.9224528106805454,0.08916699999872435,0,0,"{""0_34"": 0.06408465333898103, ""0_35"": 1.0, ""0_36"": 0.07754718931945463, ""1_27"": 0.0400299414532918, ""1_29"": 0.0}","{""0_34"": 0.003950365208324726, ""0_35"": 1.0, ""0_36"": 1.361056600427371e-05, ""1_27"": 1.0218633249006361e-05, ""1_29"": 0.0}",0.6,0_35,1,0.9689729579326156,"{""0_34"": 0.02800408046058725, ""0_35"": 1.0, ""0_36"": 0.03102704206738442, ""1_27"": 0.016018107761266123, ""1_29"": 0.0}"
formal_test,no_pheromone,No pheromone,2_0_35_11_2_16.bin,11,0_35,direct_lda_top5,0_35;0_34;0_36;1_27;1_29,1,0_35,1,0_35,0_35,1,0.9099362623863513,4.620125000002417,0,0,"{""0_34"": 0.084207873381443, ""0_35"": 1.0, ""0_36"": 0.09006373761364872, ""1_27"": 0.03913639500930564, ""1_29"": 0.0}","{""0_34"": 0.003950365208324726, ""0_35"": 1.0, ""0_36"": 1.361056600427371e-05, ""1_27"": 1.0218633249006361e-05, ""1_29"": 0.0}",0.6,0_35,1,0.963946631522428,"{""0_34"": 0.03605336847757204, ""0_35"": 1.0, ""0_36"": 0.03603366138506205, ""1_27"": 0.015660689183671656, ""1_29"": 0.0}"
formal_test,full_aco,Full ACO,2_0_35_11_2_16.bin,11,0_35,direct_lda_top5,0_35;0_34;0_36;1_27;1_29,1,0_35,1,0_35,0_35,1,0.956713167719239,4.7389170000045056,0,0,"{""0_34"": 0.03578960819354786, ""0_35"": 1.0, ""0_36"": 0.043286832280761044, ""1_27"": 0.022356562116851733, ""1_29"": 0.0}","{""0_34"": 0.003950365208324726, ""0_35"": 1.0, ""0_36"": 1.361056600427371e-05, ""1_27"": 1.0218633249006361e-05, ""1_29"": 0.0}",0.6,0_35,1,0.982677100748093,"{""0_34"": 0.016686062402413982, ""0_35"": 1.0, ""0_36"": 0.017322899251906984, ""1_27"": 0.008948756026690097, ""1_29"": 0.0}"
formal_test,average_cost,Average cost,2_0_35_11_2_16.bin,12,0_35,direct_lda_top5,0_35;0_36;1_27;0_34;0_37,1,0_35,1,0_35,0_35,1,0.2505137760266295,0.001292000000319149,,,"{""0_34"": 0.42179183924939634, ""0_35"": 1.0, ""0_36"": 0.46467181641996697, ""0_37"": 0.7494862239733705, ""1_27"": 0.0}","{""0_34"": 1.7694302288000906e-08, ""0_35"": 1.0, ""0_36"": 0.00044083746278509103, ""0_37"": 0.0, ""1_27"": 2.6750113715360532e-08}",0.6,0_35,1,0.7002055104106517,"{""0_34"": 0.1687167463163399, ""0_35"": 1.0, ""0_36"": 0.18613322904565785, ""0_37"": 0.29979448958934823, ""1_27"": 1.6050068229216317e-08}"
formal_test,greedy_path,Greedy path,2_0_35_11_2_16.bin,12,0_35,direct_lda_top5,0_35;0_36;1_27;0_34;0_37,1,0_35,1,0_35,0_35,1,0.8937752370579909,0.08495799999508336,0,0,"{""0_34"": 0.05978060263417605, ""0_35"": 1.0, ""0_36"": 0.08393326553506582, ""0_37"": 0.10622476294200911, ""1_27"": 0.0}","{""0_34"": 1.7694302288000906e-08, ""0_35"": 1.0, ""0_36"": 0.00044083746278509103, ""0_37"": 0.0, ""1_27"": 2.6750113715360532e-08}",0.6,0_35,1,0.9575100948231964,"{""0_34"": 0.023912251670251794, ""0_35"": 1.0, ""0_36"": 0.033837808691697384, ""0_37"": 0.04248990517680365, ""1_27"": 1.6050068229216317e-08}"
formal_test,no_pheromone,No pheromone,2_0_35_11_2_16.bin,12,0_35,direct_lda_top5,0_35;0_36;1_27;0_34;0_37,1,0_35,1,0_35,0_35,1,0.7301824657354892,4.680708000002198,0,0,"{""0_34"": 0.05872633985996546, ""0_35"": 1.0, ""0_36"": 0.11333866595522081, ""0_37"": 0.26981753426451077, ""1_27"": 0.0}","{""0_34"": 1.7694302288000906e-08, ""0_35"": 1.0, ""0_36"": 0.00044083746278509103, ""0_37"": 0.0, ""1_27"": 2.6750113715360532e-08}",0.6,0_35,1,0.8920729862941956,"{""0_34"": 0.023490546560567562, ""0_35"": 1.0, ""0_36"": 0.04559996885975938, ""0_37"": 0.10792701370580432, ""1_27"": 1.6050068229216317e-08}"
formal_test,full_aco,Full ACO,2_0_35_11_2_16.bin,12,0_35,direct_lda_top5,0_35;0_36;1_27;0_34;0_37,1,0_35,1,0_35,0_35,1,0.9270306606821744,4.907541999997989,0,0,"{""0_34"": 0.03320802785970126, ""0_35"": 1.0, ""0_36"": 0.04660628687369032, ""0_37"": 0.07296933931782552, ""1_27"": 0.0}","{""0_34"": 1.7694302288000906e-08, ""0_35"": 1.0, ""0_36"": 0.00044083746278509103, ""0_37"": 0.0, ""1_27"": 2.6750113715360532e-08}",0.6,0_35,1,0.9708122642728698,"{""0_34"": 0.013283221760461879, ""0_35"": 1.0, ""0_36"": 0.018907017227147185, ""0_37"": 0.02918773572713021, ""1_27"": 1.6050068229216317e-08}"
formal_test,average_cost,Average cost,2_0_35_11_2_16.bin,13,0_35,direct_lda_top5,0_35;0_36;1_27;0_34;1_26,1,0_35,1,1_28,0_35,1,0.1356690158262499,0.0015419999996879596,,,"{""0_34"": 0.3495325235294917, ""0_35"": 1.0, ""0_36"": 0.8643309841737501, ""1_26"": 0.6287772689791284, ""1_27"": 0.0}","{""0_34"": 5.0118743843882595e-08, ""0_35"": 1.0, ""0_36"": 0.0008912297942506086, ""1_26"": 0.0, ""1_27"": 3.6192299809493693e-06}",0.6,0_35,1,0.6537328684539496,"{""0_34"": 0.139813039483043, ""0_35"": 1.0, ""0_36"": 0.3462671315460504, ""1_26"": 0.2515109075916514, ""1_27"": 2.1715379885696216e-06}"
formal_test,greedy_path,Greedy path,2_0_35_11_2_16.bin,13,0_35,direct_lda_top5,0_35;0_36;1_27;0_34;1_26,1,0_35,1,1_28,0_35,1,0.8596723940894113,0.073833000001855,0,0,"{""0_34"": 0.04991735491949423, ""0_35"": 1.0, ""0_36"": 0.1403276059105887, ""1_26"": 0.08979678853345152, ""1_27"": 0.0}","{""0_34"": 5.0118743843882595e-08, ""0_35"": 1.0, ""0_36"": 0.0008912297942506086, ""1_26"": 0.0, ""1_27"": 3.6192299809493693e-06}",0.6,0_35,1,0.9433342197592142,"{""0_34"": 0.019966972039043997, ""0_35"": 1.0, ""0_36"": 0.056665780240785855, ""1_26"": 0.03591871541338061, ""1_27"": 2.1715379885696216e-06}"
formal_test,no_pheromone,No pheromone,2_0_35_11_2_16.bin,13,0_35,direct_lda_top5,0_35;0_36;1_27;0_34;1_26,1,0_35,1,1_28,0_35,1,0.2402987794850684,4.5972919999996975,0,0,"{""0_34"": 0.1079204191443223, ""0_35"": 1.0, ""0_36"": 0.7597012205149316, ""1_26"": 0.263964524127902, ""1_27"": 0.0}","{""0_34"": 5.0118743843882595e-08, ""0_35"": 1.0, ""0_36"": 0.0008912297942506086, ""1_26"": 0.0, ""1_27"": 3.6192299809493693e-06}",0.6,0_35,1,0.695584773917477,"{""0_34"": 0.043168197728975226, ""0_35"": 1.0, ""0_36"": 0.304415226082523, ""1_26"": 0.10558580965116081, ""1_27"": 2.1715379885696216e-06}"
formal_test,full_aco,Full ACO,2_0_35_11_2_16.bin,13,0_35,direct_lda_top5,0_35;0_36;1_27;0_34;1_26,1,0_35,1,1_28,0_35,1,0.9032100472006908,4.910916999996573,0,0,"{""0_34"": 0.026751813440105125, ""0_35"": 1.0, ""0_36"": 0.09678995279930923, ""1_26"": 0.048086029907352466, ""1_27"": 0.0}","{""0_34"": 5.0118743843882595e-08, ""0_35"": 1.0, ""0_36"": 0.0008912297942506086, ""1_26"": 0.0, ""1_27"": 3.6192299809493693e-06}",0.6,0_35,1,0.9607492810037259,"{""0_34"": 0.010700755447288357, ""0_35"": 1.0, ""0_36"": 0.03925071899627406, ""1_26"": 0.019234411962940987, ""1_27"": 2.1715379885696216e-06}"
formal_test,average_cost,Average cost,2_0_35_11_2_16.bin,17,0_35,direct_lda_top5,0_35;0_36;0_34;1_27;1_26,1,0_35,1,0_35,0_35,1,0.2660393582088523,0.0014579999998431958,,,"{""0_34"": 0.6171880569946445, ""0_35"": 1.0, ""0_36"": 0.7339606417911477, ""1_26"": 0.6058423232844417, ""1_27"": 0.0}","{""0_34"": 6.343426169829186e-06, ""0_35"": 1.0, ""0_36"": 6.790831092120899e-05, ""1_26"": 0.0, ""1_27"": 1.211912254449898e-07}",0.6,0_35,1,0.7063749982969882,"{""0_34"": 0.24687902885355972, ""0_35"": 1.0, ""0_36"": 0.2936250017030118, ""1_26"": 0.24233692931377668, ""1_27"": 7.271473526699388e-08}"
formal_test,greedy_path,Greedy path,2_0_35_11_2_16.bin,17,0_35,direct_lda_top5,0_35;0_36;0_34;1_27;1_26,1,0_35,1,0_35,0_35,1,0.883164149470828,0.09420900000378651,0,0,"{""0_34"": 0.08939678243391846, ""0_35"": 1.0, ""0_36"": 0.11683585052917195, ""1_26"": 0.08775340635664454, ""1_27"": 0.0}","{""0_34"": 6.343426169829186e-06, ""0_35"": 1.0, ""0_36"": 6.790831092120899e-05, ""1_26"": 0.0, ""1_27"": 1.211912254449898e-07}",0.6,0_35,1,0.9532249148017785,"{""0_34"": 0.03576251902926928, ""0_35"": 1.0, ""0_36"": 0.0467750851982215, ""1_26"": 0.03510136254265782, ""1_27"": 7.271473526699388e-08}"
formal_test,no_pheromone,No pheromone,2_0_35_11_2_16.bin,17,0_35,direct_lda_top5,0_35;0_36;0_34;1_27;1_26,1,0_35,1,0_35,0_35,1,0.7715800503457702,4.62283400000274,0,0,"{""0_34"": 0.13964701668605056, ""0_35"": 1.0, ""0_36"": 0.2284199496542298, ""1_26"": 0.1438767956672647, ""1_27"": 0.0}","{""0_34"": 6.343426169829186e-06, ""0_35"": 1.0, ""0_36"": 6.790831092120899e-05, ""1_26"": 0.0, ""1_27"": 1.211912254449898e-07}",0.6,0_35,1,0.9085912751517553,"{""0_34"": 0.05586261273012212, ""0_35"": 1.0, ""0_36"": 0.09140872484824465, ""1_26"": 0.05755071826690588, ""1_27"": 7.271473526699388e-08}"
formal_test,full_aco,Full ACO,2_0_35_11_2_16.bin,17,0_35,direct_lda_top5,0_35;0_36;0_34;1_27;1_26,1,0_35,1,0_35,0_35,1,0.9323044103774388,4.811124999996252,0,0,"{""0_34"": 0.05085752296521744, ""0_35"": 1.0, ""0_36"": 0.0676955896225612, ""1_26"": 0.04891800391432407, ""1_27"": 0.0}","{""0_34"": 6.343426169829186e-06, ""0_35"": 1.0, ""0_36"": 6.790831092120899e-05, ""1_26"": 0.0, ""1_27"": 1.211912254449898e-07}",0.6,0_35,1,0.9728810191644228,"{""0_34"": 0.020346815241788874, ""0_35"": 1.0, ""0_36"": 0.027118980835577206, ""1_26"": 0.01956720156572963, ""1_27"": 7.271473526699388e-08}"
formal_test,average_cost,Average cost,2_0_36_11_2_16.bin,6,0_36,direct_lda_top5,0_36;1_27;0_37;1_26;0_35,1,0_36,1,0_36,0_36,1,0.7490498768603626,0.001375000003633886,,,"{""0_35"": 0.0, ""0_36"": 1.0, ""0_37"": 0.14098530603896, ""1_26"": 0.2509501231396374, ""1_27"": 0.25062935897714145}","{""0_35"": 0.0, ""0_36"": 1.0, ""0_37"": 0.0002587751355211858, ""1_26"": 1.0063588229734271e-06, ""1_27"": 0.002516825369182893}",0.6,0_36,1,0.8982381611876337,"{""0_35"": 0.0, ""0_36"": 1.0, ""0_37"": 0.05654938749689671, ""1_26"": 0.10038065307114874, ""1_27"": 0.10176183881236632}"
formal_test,greedy_path,Greedy path,2_0_36_11_2_16.bin,6,0_36,direct_lda_top5,0_36;1_27;0_37;1_26;0_35,1,0_36,1,0_36,0_36,1,0.9654987832981058,0.08945900000156826,0,0,"{""0_35"": 0.0, ""0_36"": 1.0, ""0_37"": 0.019382993459327567, ""1_26"": 0.034501216701894245, ""1_27"": 0.03445711728587479}","{""0_35"": 0.0, ""0_36"": 1.0, ""0_37"": 0.0002587751355211858, ""1_26"": 1.0063588229734271e-06, ""1_27"": 0.002516825369182893}",0.6,0_36,1,0.9847070578641404,"{""0_35"": 0.0, ""0_36"": 1.0, ""0_37"": 0.007908462465043738, ""1_26"": 0.013801090496051483, ""1_27"": 0.015292942135859652}"
formal_test,no_pheromone,No pheromone,2_0_36_11_2_16.bin,6,0_36,direct_lda_top5,0_36;1_27;0_37;1_26;0_35,1,0_36,1,0_36,0_36,1,0.95085434273855,4.576415999999028,0,0,"{""0_35"": 0.0, ""0_36"": 1.0, ""0_37"": 0.011083857191896114, ""1_26"": 0.0369956968881665, ""1_27"": 0.04914565726145002}","{""0_35"": 0.0, ""0_36"": 1.0, ""0_37"": 0.0002587751355211858, ""1_26"": 1.0063588229734271e-06, ""1_27"": 0.002516825369182893}",0.6,0_36,1,0.9788316418739103,"{""0_35"": 0.0, ""0_36"": 1.0, ""0_37"": 0.004588807958071157, ""1_26"": 0.014798882570560385, ""1_27"": 0.021168358126089745}"
formal_test,full_aco,Full ACO,2_0_36_11_2_16.bin,6,0_36,direct_lda_top5,0_36;1_27;0_37;1_26;0_35,1,0_36,1,0_36,0_36,1,0.98083302160649,4.776208999999199,0,0,"{""0_35"": 0.0, ""0_36"": 1.0, ""0_37"": 0.010792107965712401, ""1_26"": 0.01916697839351003, ""1_27"": 0.019156047965506504}","{""0_35"": 0.0, ""0_36"": 1.0, ""0_37"": 0.0002587751355211858, ""1_26"": 1.0063588229734271e-06, ""1_27"": 0.002516825369182893}",0.6,0_36,1,0.9908274855922876,"{""0_35"": 0.0, ""0_36"": 1.0, ""0_37"": 0.004472108267597672, ""1_26"": 0.007667395172697797, ""1_27"": 0.009172514407712338}"
formal_test,average_cost,Average cost,2_0_36_11_2_16.bin,11,0_36,direct_lda_top5,0_36;0_37;1_27;0_35;1_26,1,0_36,1,0_36,0_36,1,0.2484371675400494,0.001375000003633886,,,"{""0_35"": 0.31915468472887265, ""0_36"": 1.0, ""0_37"": 0.7515628324599506, ""1_26"": 0.5844639751362364, ""1_27"": 0.0}","{""0_35"": 1.732441437153765e-05, ""0_36"": 1.0, ""0_37"": 0.0005428379284005518, ""1_26"": 0.0, ""1_27"": 0.00018213461695523365}",0.6,0_36,1,0.6990491642589793,"{""0_35"": 0.127672268540172, ""0_36"": 1.0, ""0_37"": 0.3009508357410206, ""1_26"": 0.23378559005449456, ""1_27"": 0.00010928077017314019}"
formal_test,greedy_path,Greedy path,2_0_36_11_2_16.bin,11,0_36,direct_lda_top5,0_36;0_37;1_27;0_35;1_26,1,0_36,1,0_36,0_36,1,0.8972572298693665,0.0811660000010761,0,0,"{""0_35"": 0.04363019962267856, ""0_36"": 1.0, ""0_37"": 0.10274277013063352, ""1_26"": 0.07989943788267172, ""1_27"": 0.0}","{""0_35"": 1.732441437153765e-05, ""0_36"": 1.0, ""0_37"": 0.0005428379284005518, ""1_26"": 0.0, ""1_27"": 0.00018213461695523365}",0.6,0_36,1,0.9585771891907062,"{""0_35"": 0.01746247449769435, ""0_36"": 1.0, ""0_37"": 0.04142281080929374, ""1_26"": 0.031959775153068685, ""1_27"": 0.00010928077017314019}"
formal_test,no_pheromone,No pheromone,2_0_36_11_2_16.bin,11,0_36,direct_lda_top5,0_36;0_37;1_27;0_35;1_26,1,0_36,1,0_36,0_36,1,0.7327497194060919,4.694790999998588,0,0,"{""0_35"": 0.037815504929332215, ""0_36"": 1.0, ""0_37"": 0.26725028059390804, ""1_26"": 0.11970650808869447, ""1_27"": 0.0}","{""0_35"": 1.732441437153765e-05, ""0_36"": 1.0, ""0_37"": 0.0005428379284005518, ""1_26"": 0.0, ""1_27"": 0.00018213461695523365}",0.6,0_36,1,0.8927741850053964,"{""0_35"": 0.01513659662035581, ""0_36"": 1.0, ""0_37"": 0.10722581499460355, ""1_26"": 0.04788260323547779, ""1_27"": 0.00010928077017314019}"
formal_test,full_aco,Full ACO,2_0_36_11_2_16.bin,11,0_36,direct_lda_top5,0_36;0_37;1_27;0_35;1_26,1,0_36,1,0_36,0_36,1,0.9425224365253458,4.87241599999777,0,0,"{""0_35"": 0.02440991607729505, ""0_36"": 1.0, ""0_37"": 0.057477563474654166, ""1_26"": 0.044669249834665775, ""1_27"": 0.0}","{""0_35"": 1.732441437153765e-05, ""0_36"": 1.0, ""0_37"": 0.0005428379284005518, ""1_26"": 0.0, ""1_27"": 0.00018213461695523365}",0.6,0_36,1,0.976683271853098,"{""0_35"": 0.009774361079540944, ""0_36"": 1.0, ""0_37"": 0.023316728146902, ""1_26"": 0.01786769993386631, ""1_27"": 0.00010928077017314019}"
formal_test,average_cost,Average cost,2_0_36_11_2_16.bin,12,0_36,direct_lda_top5,0_36;1_27;0_35;0_37;1_26,1,0_36,1,0_37,0_35,0,0.12185767721358687,0.0011670000006347436,,,"{""0_35"": 1.0, ""0_36"": 0.6783689187159704, ""0_37"": 0.8781423227864131, ""1_26"": 0.7669402470346087, ""1_27"": 0.0}","{""0_35"": 0.0008772713916332364, ""0_36"": 1.0, ""0_37"": 0.000579689602538054, ""1_26"": 0.0, ""1_27"": 0.002177311848070156}",0.6,0_36,1,0.47082120465140825,"{""0_35"": 0.40052636283497994, ""0_36"": 0.8713475674863882, ""0_37"": 0.3516047428760881, ""1_26"": 0.3067760988138435, ""1_27"": 0.0013063871088420935}"
formal_test,greedy_path,Greedy path,2_0_36_11_2_16.bin,12,0_36,direct_lda_top5,0_36;1_27;0_35;0_37;1_26,1,0_36,1,0_37,0_35,0,0.8031623004547336,0.07266699999775028,0,0,"{""0_35"": 1.0, ""0_36"": 0.09934960407219023, ""0_37"": 0.19683769954526645, ""1_26"": 0.11232119837409399, ""1_27"": 0.0}","{""0_35"": 0.0008772713916332364, ""0_36"": 1.0, ""0_37"": 0.000579689602538054, ""1_26"": 0.0, ""1_27"": 0.002177311848070156}",0.6,0_36,1,0.23921347879389615,"{""0_35"": 0.40052636283497994, ""0_36"": 0.6397398416288761, ""0_37"": 0.07908289357962942, ""1_26"": 0.0449284793496376, ""1_27"": 0.0013063871088420935}"
formal_test,no_pheromone,No pheromone,2_0_36_11_2_16.bin,12,0_36,direct_lda_top5,0_36;1_27;0_35;0_37;1_26,1,0_36,1,0_37,0_35,0,0.3989751744081994,4.553999999998837,0,0,"{""0_35"": 1.0, ""0_36"": 0.1206978608878701, ""0_37"": 0.6010248255918006, ""1_26"": 0.24173596690556295, ""1_27"": 0.0}","{""0_35"": 0.0008772713916332364, ""0_36"": 1.0, ""0_37"": 0.000579689602538054, ""1_26"": 0.0, ""1_27"": 0.002177311848070156}",0.6,0_36,1,0.24775278152016805,"{""0_35"": 0.40052636283497994, ""0_36"": 0.648279144355148, ""0_37"": 0.24075774399824307, ""1_26"": 0.09669438676222519, ""1_27"": 0.0013063871088420935}"
formal_test,full_aco,Full ACO,2_0_36_11_2_16.bin,12,0_36,direct_lda_top5,0_36;1_27;0_35;0_37;1_26,1,0_36,1,0_37,0_35,0,0.8650438246985372,5.04074999999915,0,0,"{""0_35"": 1.0, ""0_36"": 0.05324142946877272, ""0_37"": 0.1349561753014628, ""1_26"": 0.06018432604872691, ""1_27"": 0.0}","{""0_35"": 0.0008772713916332364, ""0_36"": 1.0, ""0_37"": 0.000579689602538054, ""1_26"": 0.0, ""1_27"": 0.002177311848070156}",0.6,0_36,1,0.22077020895252913,"{""0_35"": 0.40052636283497994, ""0_36"": 0.6212965717875091, ""0_37"": 0.05433028388210796, ""1_26"": 0.024073730419490763, ""1_27"": 0.0013063871088420935}"
formal_test,average_cost,Average cost,2_0_36_11_2_16.bin,13,0_36,direct_lda_top5,0_36;0_37;1_27;0_35;1_26,1,0_36,1,0_37,1_26,0,0.02782151046439374,0.0014159999963681003,,,"{""0_35"": 0.7974014193265694, ""0_36"": 0.8567304282515121, ""0_37"": 0.9721784895356063, ""1_26"": 1.0, ""1_27"": 0.0}","{""0_35"": 0.00025251161379552013, ""0_36"": 1.0, ""0_37"": 0.010381459736822678, ""1_26"": 0.0, ""1_27"": 0.0010263152084840938}",0.6,0_36,1,0.5426921713006049,"{""0_35"": 0.31911207469890507, ""0_36"": 0.9426921713006049, ""0_37"": 0.3951002716563361, ""1_26"": 0.4, ""1_27"": 0.0006157891250904563}"
formal_test,greedy_path,Greedy path,2_0_36_11_2_16.bin,13,0_36,direct_lda_top5,0_36;0_37;1_27;0_35;1_26,1,0_36,1,0_37,1_26,0,0.7955445270980904,0.10887500000222872,0,0,"{""0_35"": 0.11123443559662448, ""0_36"": 0.1394974854115249, ""0_37"": 0.20445547290190955, ""1_26"": 1.0, ""1_27"": 0.0}","{""0_35"": 0.00025251161379552013, ""0_36"": 1.0, ""0_37"": 0.010381459736822678, ""1_26"": 0.0, ""1_27"": 0.0010263152084840938}",0.6,0_36,1,0.25579899416460994,"{""0_35"": 0.04464528120692711, ""0_36"": 0.65579899416461, ""0_37"": 0.08801106500285744, ""1_26"": 0.4, ""1_27"": 0.0006157891250904563}"
formal_test,no_pheromone,No pheromone,2_0_36_11_2_16.bin,13,0_36,direct_lda_top5,0_36;0_37;1_27;0_35;1_26,1,0_36,1,0_37,0_37,0,0.3419447610090688,4.642874999994717,0,0,"{""0_35"": 0.18464680953503446, ""0_36"": 0.2492963266033279, ""0_37"": 1.0, ""1_26"": 0.6580552389909312, ""1_27"": 0.0}","{""0_35"": 0.00025251161379552013, ""0_36"": 1.0, ""0_37"": 0.010381459736822678, ""1_26"": 0.0, ""1_27"": 0.0010263152084840938}",0.6,0_36,1,0.29348965479923755,"{""0_35"": 0.0740102307822911, ""0_36"": 0.6997185306413312, ""0_37"": 0.4062288758420936, ""1_26"": 0.2632220955963725, ""1_27"": 0.0006157891250904563}"
formal_test,full_aco,Full ACO,2_0_36_11_2_16.bin,13,0_36,direct_lda_top5,0_36;0_37;1_27;0_35;1_26,1,0_36,1,0_37,0_37,0,0.7447721421973016,4.953000000000429,0,0,"{""0_35"": 0.05620113382463925, ""0_36"": 0.07045736477255003, ""0_37"": 1.0, ""1_26"": 0.2552278578026984, ""1_27"": 0.0}","{""0_35"": 0.00025251161379552013, ""0_36"": 1.0, ""0_37"": 0.010381459736822678, ""1_26"": 0.0, ""1_27"": 0.0010263152084840938}",0.6,0_36,1,0.2219540700669264,"{""0_35"": 0.022631960498133014, ""0_36"": 0.62818294590902, ""0_37"": 0.4062288758420936, ""1_26"": 0.10209114312107936, ""1_27"": 0.0006157891250904563}"
formal_test,average_cost,Average cost,2_0_37_11_2_16.bin,2,0_37,direct_lda_top5,0_37;0_38;0_36;1_24;1_27,1,0_37,1,0_37,0_37,1,0.0633010177697757,0.001124999997159648,,,"{""0_36"": 0.9366989822302243, ""0_37"": 1.0, ""0_38"": 0.6298323130593266, ""1_24"": 0.0050225850619672364, ""1_27"": 0.0}","{""0_36"": 0.005056311092096225, ""0_37"": 1.0, ""0_38"": 0.03250467073114973, ""1_24"": 3.2862766779431942e-06, ""1_27"": 0.0}",0.6,0_37,1,0.6222866204526525,"{""0_36"": 0.37771337954734746, ""0_37"": 1.0, ""0_38"": 0.2714357276624205, ""1_24"": 0.0020110057907936603, ""1_27"": 0.0}"
formal_test,greedy_path,Greedy path,2_0_37_11_2_16.bin,2,0_37,direct_lda_top5,0_37;0_38;0_36;1_24;1_27,1,0_37,1,0_37,0_37,1,0.8942455543066576,0.06945800000579538,0,0,"{""0_36"": 0.1057544456933423, ""0_37"": 1.0, ""0_38"": 0.07110882835460768, ""1_24"": 0.0005670559157770804, ""1_27"": 0.0}","{""0_36"": 0.005056311092096225, ""0_37"": 1.0, ""0_38"": 0.03250467073114973, ""1_24"": 3.2862766779431942e-06, ""1_27"": 0.0}",0.6,0_37,1,0.9520536662194671,"{""0_36"": 0.045335564932594656, ""0_37"": 1.0, ""0_38"": 0.04794633378053291, ""1_24"": 0.00022879413231759806, ""1_27"": 0.0}"
formal_test,no_pheromone,No pheromone,2_0_37_11_2_16.bin,2,0_37,direct_lda_top5,0_37;0_38;0_36;1_24;1_27,1,0_37,1,0_37,0_37,1,0.5805149025015586,4.5338749999999095,0,0,"{""0_36"": 0.4194850974984415, ""0_37"": 1.0, ""0_38"": 0.11081358211292439, ""1_24"": 0.0, ""1_27"": 0.0036141378844555755}","{""0_36"": 0.005056311092096225, ""0_37"": 1.0, ""0_38"": 0.03250467073114973, ""1_24"": 3.2862766779431942e-06, ""1_27"": 0.0}",0.6,0_37,1,0.8291721743453656,"{""0_36"": 0.17082782565463436, ""0_37"": 1.0, ""0_38"": 0.0638282352838596, ""1_24"": 1.9717660067659165e-06, ""1_27"": 0.0014456551537822303}"
formal_test,full_aco,Full ACO,2_0_37_11_2_16.bin,2,0_37,direct_lda_top5,0_37;0_38;0_36;1_24;1_27,1,0_37,1,0_37,0_37,1,0.9229772181165985,4.9684590000040885,0,0,"{""0_36"": 0.07702278188340152, ""0_37"": 1.0, ""0_38"": 0.03888686032977428, ""1_24"": 0.0003532083547301368, ""1_27"": 0.0}","{""0_36"": 0.005056311092096225, ""0_37"": 1.0, ""0_38"": 0.03250467073114973, ""1_24"": 3.2862766779431942e-06, ""1_27"": 0.0}",0.6,0_37,1,0.9649424534294004,"{""0_36"": 0.03384289940861834, ""0_37"": 1.0, ""0_38"": 0.03505754657059955, ""1_24"": 0.00014325510789882064, ""1_27"": 0.0}"
formal_test,average_cost,Average cost,2_0_37_11_2_16.bin,9,0_37,direct_lda_top5,0_37;0_36;0_38;1_24;1_23,1,0_37,1,0_37,0_37,1,0.09906013429469451,0.0012500000039494807,,,"{""0_36"": 0.5642305178529177, ""0_37"": 1.0, ""0_38"": 0.9009398657053055, ""1_23"": 0.4591144972570678, ""1_24"": 0.0}","{""0_36"": 0.02609117357866996, ""0_37"": 1.0, ""0_38"": 0.013509044533282237, ""1_23"": 0.0, ""1_24"": 1.4475080964318643e-05}",0.6,0_37,1,0.6315186269979085,"{""0_36"": 0.24134691128836905, ""0_37"": 1.0, ""0_38"": 0.36848137300209155, ""1_23"": 0.18364579890282715, ""1_24"": 8.685048578591186e-06}"
formal_test,greedy_path,Greedy path,2_0_37_11_2_16.bin,9,0_37,direct_lda_top5,0_37;0_36;0_38;1_24;1_23,1,0_37,1,0_37,0_37,1,0.8782677346918305,0.08112499999413103,0,0,"{""0_36"": 0.07623711826811748, ""0_37"": 1.0, ""0_38"": 0.12173226530816951, ""1_23"": 0.06203416000819457, ""1_24"": 0.0}","{""0_36"": 0.02609117357866996, ""0_37"": 1.0, ""0_38"": 0.013509044533282237, ""1_23"": 0.0, ""1_24"": 1.4475080964318643e-05}",0.6,0_37,1,0.9432016671567629,"{""0_36"": 0.04614955145444897, ""0_37"": 1.0, ""0_38"": 0.05679833284323715, ""1_23"": 0.02481366400327783, ""1_24"": 8.685048578591186e-06}"
formal_test,no_pheromone,No pheromone,2_0_37_11_2_16.bin,9,0_37,direct_lda_top5,0_37;0_36;0_38;1_24;1_23,1,0_37,1,0_37,0_37,1,0.49755710127144037,4.6513750000016785,0,0,"{""0_36"": 0.08348937676771004, ""0_37"": 1.0, ""0_38"": 0.5024428987285596, ""1_23"": 0.06668114045830333, ""1_24"": 0.0}","{""0_36"": 0.02609117357866996, ""0_37"": 1.0, ""0_38"": 0.013509044533282237, ""1_23"": 0.0, ""1_24"": 1.4475080964318643e-05}",0.6,0_37,1,0.7909174137886068,"{""0_36"": 0.049050454854285996, ""0_37"": 1.0, ""0_38"": 0.2090825862113932, ""1_23"": 0.02667245618332133, ""1_24"": 8.685048578591186e-06}"
formal_test,full_aco,Full ACO,2_0_37_11_2_16.bin,9,0_37,direct_lda_top5,0_37;0_36;0_38;1_24;1_23,1,0_37,1,0_37,0_37,1,0.9158532091576012,4.877125000000149,0,0,"{""0_36"": 0.04214302076486374, ""0_37"": 1.0, ""0_38"": 0.08414679084239886, ""1_23"": 0.03427210836920715, ""1_24"": 0.0}","{""0_36"": 0.02609117357866996, ""0_37"": 1.0, ""0_38"": 0.013509044533282237, ""1_23"": 0.0, ""1_24"": 1.4475080964318643e-05}",0.6,0_37,1,0.9582358569430711,"{""0_36"": 0.03251191245314747, ""0_37"": 1.0, ""0_38"": 0.04176414305692888, ""1_23"": 0.01370884334768286, ""1_24"": 8.685048578591186e-06}"
formal_test,average_cost,Average cost,2_0_37_11_2_16.bin,11,0_37,direct_lda_top5,0_37;0_38;0_36;1_23;1_24,1,0_37,1,0_37,0_37,1,0.128126680341886,0.0010839999973200065,,,"{""0_36"": 0.5801639486395728, ""0_37"": 1.0, ""0_38"": 0.871873319658114, ""1_23"": 0.5465663484507451, ""1_24"": 0.0}","{""0_36"": 7.724761491775444e-05, ""0_37"": 1.0, ""0_38"": 0.003973922786832131, ""1_23"": 4.118843086291432e-07, ""1_24"": 0.0}",0.6,0_37,1,0.648866318464655,"{""0_36"": 0.23211192802477978, ""0_37"": 1.0, ""0_38"": 0.3511336815353449, ""1_23"": 0.21862678651088327, ""1_24"": 0.0}"
formal_test,greedy_path,Greedy path,2_0_37_11_2_16.bin,11,0_37,direct_lda_top5,0_37;0_38;0_36;1_23;1_24,1,0_37,1,0_37,0_37,1,0.8794199601913659,0.07529200000533365,0,0,"{""0_36"": 0.08023664728027897, ""0_37"": 1.0, ""0_38"": 0.12058003980863402, ""1_23"": 0.07559010072712605, ""1_24"": 0.0}","{""0_36"": 7.724761491775444e-05, ""0_37"": 1.0, ""0_38"": 0.003973922786832131, ""1_23"": 4.118843086291432e-07, ""1_24"": 0.0}",0.6,0_37,1,0.9493836304044471,"{""0_36"": 0.032141007481062245, ""0_37"": 1.0, ""0_38"": 0.050616369595552886, ""1_23"": 0.030236287421435595, ""1_24"": 0.0}"
formal_test,no_pheromone,No pheromone,2_0_37_11_2_16.bin,11,0_37,direct_lda_top5,0_37;0_38;0_36;1_23;1_24,1,0_37,1,0_37,0_37,1,0.5961040797963462,4.7662500000029695,0,0,"{""0_36"": 0.09821767694340684, ""0_37"": 1.0, ""0_38"": 0.4038959202036539, ""1_23"": 0.08967114631260914, ""1_24"": 0.0}","{""0_36"": 7.724761491775444e-05, ""0_37"": 1.0, ""0_38"": 0.003973922786832131, ""1_23"": 4.118843086291432e-07, ""1_24"": 0.0}",0.6,0_37,1,0.8360572782464392,"{""0_36"": 0.03933341934631339, ""0_37"": 1.0, ""0_38"": 0.16394272175356084, ""1_23"": 0.03586870565562884, ""1_24"": 0.0}"
formal_test,full_aco,Full ACO,2_0_37_11_2_16.bin,11,0_37,direct_lda_top5,0_37;0_38;0_36;1_23;1_24,1,0_37,1,0_37,0_37,1,0.9329098190375015,4.799957999999549,0,0,"{""0_36"": 0.04461497160318922, ""0_37"": 1.0, ""0_38"": 0.06709018096249854, ""1_23"": 0.04201838805781066, ""1_24"": 0.0}","{""0_36"": 7.724761491775444e-05, ""0_37"": 1.0, ""0_38"": 0.003973922786832131, ""1_23"": 4.118843086291432e-07, ""1_24"": 0.0}",0.6,0_37,1,0.9707795739429013,"{""0_36"": 0.01789233721022634, ""0_37"": 1.0, ""0_38"": 0.029220426057098695, ""1_23"": 0.01680760235370944, ""1_24"": 0.0}"
formal_test,average_cost,Average cost,2_0_37_11_2_16.bin,16,0_37,direct_lda_top5,0_37;0_38;0_36;1_23;1_24,1,0_37,1,0_37,0_37,1,0.10860328194190716,0.0012080000004743852,,,"{""0_36"": 0.6528386048171355, ""0_37"": 1.0, ""0_38"": 0.8913967180580928, ""1_23"": 0.6983240971569076, ""1_24"": 0.0}","{""0_36"": 0.00022527194162577313, ""0_37"": 1.0, ""0_38"": 0.06566502689035476, ""1_23"": 1.447881585016197e-05, ""1_24"": 0.0}",0.6,0_37,1,0.60404229664255,"{""0_36"": 0.2612706050918297, ""0_37"": 1.0, ""0_38"": 0.39595770335745, ""1_23"": 0.2793383261522731, ""1_24"": 0.0}"
formal_test,greedy_path,Greedy path,2_0_37_11_2_16.bin,16,0_37,direct_lda_top5,0_37;0_38;0_36;1_23;1_24,1,0_37,1,0_37,0_37,1,0.8733810840742742,0.07112499999806232,0,0,"{""0_36"": 0.0898677438086559, ""0_37"": 1.0, ""0_38"": 0.12661891592572577, ""1_23"": 0.09612913604624608, ""1_24"": 0.0}","{""0_36"": 0.00022527194162577313, ""0_37"": 1.0, ""0_38"": 0.06566502689035476, ""1_23"": 1.447881585016197e-05, ""1_24"": 0.0}",0.6,0_37,1,0.9099534174954969,"{""0_36"": 0.036082260688437826, ""0_37"": 1.0, ""0_38"": 0.09004658250450318, ""1_23"": 0.03846034170800853, ""1_24"": 0.0}"
formal_test,no_pheromone,No pheromone,2_0_37_11_2_16.bin,16,0_37,direct_lda_top5,0_37;0_38;0_36;1_23;1_24,1,0_37,1,0_37,0_37,1,0.6023346490104424,4.594833999995274,0,0,"{""0_36"": 0.13614178178333294, ""0_37"": 1.0, ""0_38"": 0.39766535098955763, ""1_23"": 0.12469456135823011, ""1_24"": 0.0}","{""0_36"": 0.00022527194162577313, ""0_37"": 1.0, ""0_38"": 0.06566502689035476, ""1_23"": 1.447881585016197e-05, ""1_24"": 0.0}",0.6,0_37,1,0.8015348434699641,"{""0_36"": 0.054591875878308646, ""0_37"": 1.0, ""0_38"": 0.19846515653003594, ""1_23"": 0.04988651183280214, ""1_24"": 0.0}"
formal_test,full_aco,Full ACO,2_0_37_11_2_16.bin,16,0_37,direct_lda_top5,0_37;0_38;0_36;1_23;1_24,1,0_37,1,0_37,0_37,1,0.8991173526317833,4.949207999999317,0,0,"{""0_36"": 0.04957522751756272, ""0_37"": 1.0, ""0_38"": 0.10088264736821674, ""1_23"": 0.05302233699337674, ""1_24"": 0.0}","{""0_36"": 0.00022527194162577313, ""0_37"": 1.0, ""0_38"": 0.06566502689035476, ""1_23"": 1.447881585016197e-05, ""1_24"": 0.0}",0.6,0_37,1,0.9202479249185005,"{""0_36"": 0.019965254172000554, ""0_37"": 1.0, ""0_38"": 0.07975207508149956, ""1_23"": 0.021217622086860795, ""1_24"": 0.0}"
formal_test,average_cost,Average cost,2_0_38_11_2_16.bin,4,0_38,direct_lda_top5,0_38;0_37;1_23;1_24;0_40,1,0_38,1,1_24,0_38,1,0.5331184964855109,0.0016250000030026968,,,"{""0_37"": 0.4668815035144891, ""0_38"": 1.0, ""0_40"": 0.3940369176990681, ""1_23"": 0.0, ""1_24"": 0.07709878436453556}","{""0_37"": 0.02117904899511721, ""0_38"": 1.0, ""0_40"": 0.0, ""1_23"": 0.0003598341167411683, ""1_24"": 6.923419040758876e-07}",0.6,0_38,1,0.800539969197134,"{""0_37"": 0.19946003080286595, ""0_38"": 1.0, ""0_40"": 0.15761476707962727, ""1_23"": 0.00021590047004470096, ""1_24"": 0.03083992915095667}"
formal_test,greedy_path,Greedy path,2_0_38_11_2_16.bin,4,0_38,direct_lda_top5,0_38;0_37;1_23;1_24;0_40,1,0_38,1,1_24,0_38,1,0.9204200576860693,0.0961660000058373,0,0,"{""0_37"": 0.07163031838168306, ""0_38"": 1.0, ""0_40"": 0.057051338704792946, ""1_23"": 0.0, ""1_24"": 0.07957994231393078}","{""0_37"": 0.02117904899511721, ""0_38"": 1.0, ""0_40"": 0.0, ""1_23"": 0.0003598341167411683, ""1_24"": 6.923419040758876e-07}",0.6,0_38,1,0.9586404432502564,"{""0_37"": 0.04135955674974355, ""0_38"": 1.0, ""0_40"": 0.02282053548191718, ""1_23"": 0.00021590047004470096, ""1_24"": 0.03183239233071476}"
formal_test,no_pheromone,No pheromone,2_0_38_11_2_16.bin,4,0_38,direct_lda_top5,0_38;0_37;1_23;1_24;0_40,1,0_38,1,1_24,0_38,1,0.8890214861841443,5.555874999998878,0,0,"{""0_37"": 0.1109785138158556, ""0_38"": 1.0, ""0_40"": 0.10041704761438901, ""1_23"": 0.0, ""1_24"": 0.08824592835606068}","{""0_37"": 0.02117904899511721, ""0_38"": 1.0, ""0_40"": 0.0, ""1_23"": 0.0003598341167411683, ""1_24"": 6.923419040758876e-07}",0.6,0_38,1,0.9429011650765874,"{""0_37"": 0.05709883492341257, ""0_38"": 1.0, ""0_40"": 0.04016681904575561, ""1_23"": 0.00021590047004470096, ""1_24"": 0.035298786747566716}"
formal_test,full_aco,Full ACO,2_0_38_11_2_16.bin,4,0_38,direct_lda_top5,0_38;0_37;1_23;1_24;0_40,1,0_38,1,1_24,0_38,1,0.9567365180926943,42.43591700000593,0,0,"{""0_37"": 0.038907589152153595, ""0_38"": 1.0, ""0_40"": 0.030804395426915213, ""1_23"": 0.0, ""1_24"": 0.043263481907305675}","{""0_37"": 0.02117904899511721, ""0_38"": 1.0, ""0_40"": 0.0, ""1_23"": 0.0003598341167411683, ""1_24"": 6.923419040758876e-07}",0.6,0_38,1,0.9717295349420683,"{""0_37"": 0.028270465057931765, ""0_38"": 1.0, ""0_40"": 0.012321758170766086, ""1_23"": 0.00021590047004470096, ""1_24"": 0.017305808168064714}"
formal_test,average_cost,Average cost,2_0_38_11_2_16.bin,5,0_38,direct_lda_top5,0_38;0_37;1_23;1_24;0_40,1,0_38,1,1_24,0_38,1,0.47531852094918137,0.004250000003480636,,,"{""0_37"": 0.4073584704706559, ""0_38"": 1.0, ""0_40"": 0.5246814790508186, ""1_23"": 0.0, ""1_24"": 0.1564372233444265}","{""0_37"": 0.013374084920277429, ""0_38"": 1.0, ""0_40"": 0.0, ""1_23"": 0.008063005135366418, ""1_24"": 0.003662541523918712}",0.6,0_38,1,0.7901274083796725,"{""0_37"": 0.17096783914042882, ""0_38"": 1.0, ""0_40"": 0.20987259162032745, ""1_23"": 0.00483780308121985, ""1_24"": 0.06477241425212182}"
formal_test,greedy_path,Greedy path,2_0_38_11_2_16.bin,5,0_38,direct_lda_top5,0_38;0_37;1_23;1_24;0_40,1,0_38,1,1_24,0_38,1,0.9086616076839193,0.07483299999933024,0,0,"{""0_37"": 0.06050155080719832, ""0_38"": 1.0, ""0_40"": 0.07782915430683791, ""1_23"": 0.0, ""1_24"": 0.0913383923160806}","{""0_37"": 0.013374084920277429, ""0_38"": 1.0, ""0_40"": 0.0, ""1_23"": 0.008063005135366418, ""1_24"": 0.003662541523918712}",0.6,0_38,1,0.9612671181592165,"{""0_37"": 0.032225071275045786, ""0_38"": 1.0, ""0_40"": 0.03113166172273517, ""1_23"": 0.00483780308121985, ""1_24"": 0.03873288184078347}"
formal_test,no_pheromone,No pheromone,2_0_38_11_2_16.bin,5,0_38,direct_lda_top5,0_38;0_37;1_23;1_24;0_40,1,0_38,1,1_24,0_38,1,0.8446587552651218,4.596375000005537,0,0,"{""0_37"": 0.1343376124946408, ""0_38"": 1.0, ""0_40"": 0.15534124473487818, ""1_23"": 0.0, ""1_24"": 0.09807447249985553}","{""0_37"": 0.013374084920277429, ""0_38"": 1.0, ""0_40"": 0.0, ""1_23"": 0.008063005135366418, ""1_24"": 0.003662541523918712}",0.6,0_38,1,0.9378635021060487,"{""0_37"": 0.06175949595002278, ""0_38"": 1.0, ""0_40"": 0.06213649789395127, ""1_23"": 0.00483780308121985, ""1_24"": 0.04142731391429344}"
formal_test,full_aco,Full ACO,2_0_38_11_2_16.bin,5,0_38,direct_lda_top5,0_38;0_37;1_23;1_24;0_40,1,0_38,1,1_24,0_38,1,0.9503033251744,5.066917000000615,0,0,"{""0_37"": 0.032733604645725514, ""0_38"": 1.0, ""0_40"": 0.042084799639329734, ""1_23"": 0.0, ""1_24"": 0.04969667482560005}","{""0_37"": 0.013374084920277429, ""0_38"": 1.0, ""0_40"": 0.0, ""1_23"": 0.008063005135366418, ""1_24"": 0.003662541523918712}",0.6,0_38,1,0.9779238051554088,"{""0_37"": 0.021117892810456666, ""0_38"": 1.0, ""0_40"": 0.016833919855731894, ""1_23"": 0.00483780308121985, ""1_24"": 0.022076194844591248}"
formal_test,average_cost,Average cost,2_0_38_11_2_16.bin,8,0_38,direct_lda_top5,0_38;1_23;0_37;1_24;1_21,1,0_38,1,1_24,0_38,1,0.46744980557533333,0.0015000000033182914,,,"{""0_37"": 0.3106422337182233, ""0_38"": 1.0, ""1_21"": 0.5325501944246667, ""1_23"": 0.29222173493342624, ""1_24"": 0.0}","{""0_37"": 0.0013067952317036492, ""0_38"": 1.0, ""1_21"": 0.0, ""1_23"": 0.0034911173164266576, ""1_24"": 0.00023819154736812607}",0.6,0_38,1,0.7869799222301334,"{""0_37"": 0.1250409706263115, ""0_38"": 1.0, ""1_21"": 0.21302007776986667, ""1_23"": 0.11898336436322648, ""1_24"": 0.00014291492842087564}"
formal_test,greedy_path,Greedy path,2_0_38_11_2_16.bin,8,0_38,direct_lda_top5,0_38;1_23;0_37;1_24;1_21,1,0_38,1,1_24,0_38,1,0.9613234483612655,0.09287499999999227,0,0,"{""0_37"": 0.0029458365125691922, ""0_38"": 1.0, ""1_21"": 0.03867655163873453, ""1_23"": 0.0, ""1_24"": 0.02421229343343222}","{""0_37"": 0.0013067952317036492, ""0_38"": 1.0, ""1_21"": 0.0, ""1_23"": 0.0034911173164266576, ""1_24"": 0.00023819154736812607}",0.6,0_38,1,0.9845293793445062,"{""0_37"": 0.0019624117440498663, ""0_38"": 1.0, ""1_21"": 0.015470620655493811, ""1_23"": 0.0020946703898559946, ""1_24"": 0.009827832301793765}"
formal_test,no_pheromone,No pheromone,2_0_38_11_2_16.bin,8,0_38,direct_lda_top5,0_38;1_23;0_37;1_24;1_21,1,0_38,1,1_24,0_38,1,0.845519879118775,4.650832999999466,0,0,"{""0_37"": 0.0, ""0_38"": 1.0, ""1_21"": 0.15448012088122504, ""1_23"": 0.02393853393617761, ""1_24"": 0.021088376186667507}","{""0_37"": 0.0013067952317036492, ""0_38"": 1.0, ""1_21"": 0.0, ""1_23"": 0.0034911173164266576, ""1_24"": 0.00023819154736812607}",0.6,0_38,1,0.93820795164751,"{""0_37"": 0.0007840771390221895, ""0_38"": 1.0, ""1_21"": 0.06179204835249002, ""1_23"": 0.01167008396432704, ""1_24"": 0.008578265403087879}"
formal_test,full_aco,Full ACO,2_0_38_11_2_16.bin,8,0_38,direct_lda_top5,0_38;1_23;0_37;1_24;1_21,1,0_38,1,1_24,0_38,1,0.9796057686461276,4.882832999996367,0,0,"{""0_37"": 0.0013805906429747842, ""0_38"": 1.0, ""1_21"": 0.020394231353872458, ""1_23"": 0.0, ""1_24"": 0.011859332537902372}","{""0_37"": 0.0013067952317036492, ""0_38"": 1.0, ""1_21"": 0.0, ""1_23"": 0.0034911173164266576, ""1_24"": 0.00023819154736812607}",0.6,0_38,1,0.991842307458451,"{""0_37"": 0.001336313396212103, ""0_38"": 1.0, ""1_21"": 0.008157692541548984, ""1_23"": 0.0020946703898559946, ""1_24"": 0.004886647943581825}"
formal_test,average_cost,Average cost,2_0_38_11_2_16.bin,15,0_38,direct_lda_top5,0_38;1_23;0_37;1_24;0_40,1,0_38,1,1_24,0_38,1,0.5234236285549283,0.0012500000039494807,,,"{""0_37"": 0.4765763714450717, ""0_38"": 1.0, ""0_40"": 0.23575692922046135, ""1_23"": 0.0, ""1_24"": 0.15473302242995787}","{""0_37"": 0.013981802531233394, ""0_38"": 1.0, ""0_40"": 0.0, ""1_23"": 0.018204955108913703, ""1_24"": 0.003662208894532416}",0.6,0_38,1,0.8009803699032313,"{""0_37"": 0.19901963009676873, ""0_38"": 1.0, ""0_40"": 0.09430277168818454, ""1_23"": 0.01092297306534822, ""1_24"": 0.0640905343087026}"
formal_test,greedy_path,Greedy path,2_0_38_11_2_16.bin,15,0_38,direct_lda_top5,0_38;1_23;0_37;1_24;0_40,1,0_38,1,1_24,0_38,1,0.9098621569695036,0.08216599999855134,0,0,"{""0_37"": 0.06925951240615136, ""0_38"": 1.0, ""0_40"": 0.03426189576849937, ""1_23"": 0.0, ""1_24"": 0.09013784303049649}","{""0_37"": 0.013981802531233394, ""0_38"": 1.0, ""0_40"": 0.0, ""1_23"": 0.018204955108913703, ""1_24"": 0.003662208894532416}",0.6,0_38,1,0.961747537451082,"{""0_37"": 0.036092886481200584, ""0_38"": 1.0, ""0_40"": 0.013704758307399749, ""1_23"": 0.01092297306534822, ""1_24"": 0.03825246254891805}"
formal_test,no_pheromone,No pheromone,2_0_38_11_2_16.bin,15,0_38,direct_lda_top5,0_38;1_23;0_37;1_24;0_40,1,0_38,1,1_24,0_38,1,0.8978808157218217,4.775833000003615,0,0,"{""0_37"": 0.10211918427817829, ""0_38"": 1.0, ""0_40"": 0.04721712930372634, ""1_23"": 0.0, ""1_24"": 0.08507748200861824}","{""0_37"": 0.013981802531233394, ""0_38"": 1.0, ""0_40"": 0.0, ""1_23"": 0.018204955108913703, ""1_24"": 0.003662208894532416}",0.6,0_38,1,0.9507632447699886,"{""0_37"": 0.04923675523001136, ""0_38"": 1.0, ""0_40"": 0.018886851721490537, ""1_23"": 0.01092297306534822, ""1_24"": 0.03622831814016675}"
formal_test,full_aco,Full ACO,2_0_38_11_2_16.bin,15,0_38,direct_lda_top5,0_38;1_23;0_37;1_24;0_40,1,0_38,1,1_24,0_38,1,0.9499644017716481,4.911582999994835,0,0,"{""0_37"": 0.03678099124505837, ""0_38"": 1.0, ""0_40"": 0.017833072489871822, ""1_23"": 0.0, ""1_24"": 0.05003559822835189}","{""0_37"": 0.013981802531233394, ""0_38"": 1.0, ""0_40"": 0.0, ""1_23"": 0.018204955108913703, ""1_24"": 0.003662208894532416}",0.6,0_38,1,0.9768985219832366,"{""0_37"": 0.023101478016763384, ""0_38"": 1.0, ""0_40"": 0.007133228995948729, ""1_23"": 0.01092297306534822, ""1_24"": 0.022211564628060208}"
formal_test,average_cost,Average cost,2_0_39_11_2_16.bin,1,0_39,direct_lda_top5,0_39;0_38;1_20;1_23;1_21,1,0_39,1,0_39,0_39,1,0.33478550648621874,0.0013340000037942445,,,"{""0_38"": 0.3256906638118695, ""0_39"": 1.0, ""1_20"": 0.6652144935137813, ""1_21"": 0.0, ""1_23"": 0.24767599546150912}","{""0_38"": 4.831875801728338e-05, ""0_39"": 1.0, ""1_20"": 1.3689027647546567e-05, ""1_21"": 0.0, ""1_23"": 8.919450339656585e-06}",0.6,0_39,1,0.733905989177899,"{""0_38"": 0.13030525677955818, ""0_39"": 1.0, ""1_20"": 0.26609401082210105, ""1_21"": 0.0, ""1_23"": 0.09907574985480745}"
formal_test,greedy_path,Greedy path,2_0_39_11_2_16.bin,1,0_39,direct_lda_top5,0_39;0_38;1_20;1_23;1_21,1,0_39,1,0_39,0_39,1,0.9085635596597368,0.0714589999972759,0,0,"{""0_38"": 0.04909394696403983, ""0_39"": 1.0, ""1_20"": 0.09143644034026324, ""1_21"": 0.0, ""1_23"": 0.03404407390931631}","{""0_38"": 4.831875801728338e-05, ""0_39"": 1.0, ""1_20"": 1.3689027647546567e-05, ""1_21"": 0.0, ""1_23"": 8.919450339656585e-06}",0.6,0_39,1,0.9634172104473062,"{""0_38"": 0.019666570040426302, ""0_39"": 1.0, ""1_20"": 0.036582789552693826, ""1_21"": 0.0, ""1_23"": 0.013622981233930319}"
formal_test,no_pheromone,No pheromone,2_0_39_11_2_16.bin,1,0_39,direct_lda_top5,0_39;0_38;1_20;1_23;1_21,1,0_39,1,0_39,0_39,1,0.7707416941874132,4.5141250000000355,0,0,"{""0_38"": 0.045377138840785536, ""0_39"": 1.0, ""1_20"": 0.22925830581258674, ""1_21"": 0.0, ""1_23"": 0.042052898270308336}","{""0_38"": 4.831875801728338e-05, ""0_39"": 1.0, ""1_20"": 1.3689027647546567e-05, ""1_21"": 0.0, ""1_23"": 8.919450339656585e-06}",0.6,0_39,1,0.9082884642583767,"{""0_38"": 0.018179846791124585, ""0_39"": 1.0, ""1_20"": 0.09171153574162323, ""1_21"": 0.0, ""1_23"": 0.016826510978327127}"
formal_test,full_aco,Full ACO,2_0_39_11_2_16.bin,1,0_39,direct_lda_top5,0_39;0_38;1_20;1_23;1_21,1,0_39,1,0_39,0_39,1,0.9339747383474059,4.953249999999798,0,0,"{""0_38"": 0.02717682802892049, ""0_39"": 1.0, ""1_20"": 0.06602526165259413, ""1_21"": 0.0, ""1_23"": 0.018810246850840758}","{""0_38"": 4.831875801728338e-05, ""0_39"": 1.0, ""1_20"": 1.3689027647546567e-05, ""1_21"": 0.0, ""1_23"": 8.919450339656585e-06}",0.6,0_39,1,0.9735816819223738,"{""0_38"": 0.010899722466378567, ""0_39"": 1.0, ""1_20"": 0.026418318077626183, ""1_21"": 0.0, ""1_23"": 0.007529450410540098}"
formal_test,average_cost,Average cost,2_0_39_11_2_16.bin,12,0_39,direct_lda_top5,0_39;0_38;1_23;1_20;1_21,1,0_39,1,0_39,0_39,1,0.337643254326201,0.0013749999965284587,,,"{""0_38"": 0.6125932955642631, ""0_39"": 1.0, ""1_20"": 0.662356745673799, ""1_21"": 0.0, ""1_23"": 0.207845983232494}","{""0_38"": 0.0043548373650006125, ""0_39"": 1.0, ""1_20"": 0.0004202939193695903, ""1_21"": 0.0, ""1_23"": 0.0034532761216670934}",0.6,0_39,1,0.7348051253788586,"{""0_38"": 0.24765022064470563, ""0_39"": 1.0, ""1_20"": 0.2651948746211414, ""1_21"": 0.0, ""1_23"": 0.08521035896599786}"
formal_test,greedy_path,Greedy path,2_0_39_11_2_16.bin,12,0_39,direct_lda_top5,0_39;0_38;1_23;1_20;1_21,1,0_39,1,0_39,0_39,1,0.9100786393362115,0.0886660000034567,0,0,"{""0_38"": 0.08316548903660075, ""0_39"": 1.0, ""1_20"": 0.08992136066378849, ""1_21"": 0.0, ""1_23"": 0.028217110707849997}","{""0_38"": 0.0043548373650006125, ""0_39"": 1.0, ""1_20"": 0.0004202939193695903, ""1_21"": 0.0, ""1_23"": 0.0034532761216670934}",0.6,0_39,1,0.9637792793828629,"{""0_38"": 0.03587909803364067, ""0_39"": 1.0, ""1_20"": 0.03622072061713715, ""1_21"": 0.0, ""1_23"": 0.013358809956140257}"
formal_test,no_pheromone,No pheromone,2_0_39_11_2_16.bin,12,0_39,direct_lda_top5,0_39;0_38;1_23;1_20;1_21,1,0_39,1,0_39,0_39,1,0.8449960866846927,4.9566249999983825,0,0,"{""0_38"": 0.15500391331530727, ""0_39"": 1.0, ""1_20"": 0.1509264788577958, ""1_21"": 0.0, ""1_23"": 0.034718204216826275}","{""0_38"": 0.0043548373650006125, ""0_39"": 1.0, ""1_20"": 0.0004202939193695903, ""1_21"": 0.0, ""1_23"": 0.0034532761216670934}",0.6,0_39,1,0.9353855322548768,"{""0_38"": 0.06461446774512328, ""0_39"": 1.0, ""1_20"": 0.06062276789474008, ""1_21"": 0.0, ""1_23"": 0.015959247359730765}"
formal_test,full_aco,Full ACO,2_0_39_11_2_16.bin,12,0_39,direct_lda_top5,0_39;0_38;1_23;1_20;1_21,1,0_39,1,0_39,0_39,1,0.950018869954727,5.543959000000598,0,0,"{""0_38"": 0.04619614751050416, ""0_39"": 1.0, ""1_20"": 0.0499811300452731, ""1_21"": 0.0, ""1_23"": 0.015631636868660245}","{""0_38"": 0.0043548373650006125, ""0_39"": 1.0, ""1_20"": 0.0004202939193695903, ""1_21"": 0.0, ""1_23"": 0.0034532761216670934}",0.6,0_39,1,0.978908638576798,"{""0_38"": 0.021091361423202032, ""0_39"": 1.0, ""1_20"": 0.020244628369731, ""1_21"": 0.0, ""1_23"": 0.008324620420464354}"
formal_test,average_cost,Average cost,2_0_39_11_2_16.bin,15,0_39,direct_lda_top5,0_39;1_20;0_38;1_21;1_23,1,0_39,1,1_20,1_20,0,0.04948010489377552,0.001124999997159648,,,"{""0_38"": 0.22570299122134957, ""0_39"": 0.9505198951062245, ""1_20"": 1.0, ""1_21"": 0.1775066440498026, ""1_23"": 0.0}","{""0_38"": 0.004687147246002581, ""0_39"": 1.0, ""1_20"": 0.012213978544541593, ""1_21"": 0.00040538549233949347, ""1_23"": 0.0}",0.6,0_39,1,0.5728795709157648,"{""0_38"": 0.09309348483614138, ""0_39"": 0.9802079580424898, ""1_20"": 0.407328387126725, ""1_21"": 0.07124588891532474, ""1_23"": 0.0}"
formal_test,greedy_path,Greedy path,2_0_39_11_2_16.bin,15,0_39,direct_lda_top5,0_39;1_20;0_38;1_21;1_23,1,0_39,1,1_20,1_20,0,0.8887309580474001,0.08129099999365508,0,0,"{""0_38"": 0.026421073065734237, ""0_39"": 0.11126904195259986, ""1_20"": 1.0, ""1_21"": 0.031097525257249996, ""1_23"": 0.0}","{""0_38"": 0.004687147246002581, ""0_39"": 1.0, ""1_20"": 0.012213978544541593, ""1_21"": 0.00040538549233949347, ""1_23"": 0.0}",0.6,0_39,1,0.23717922965431498,"{""0_38"": 0.013380717573895244, ""0_39"": 0.64450761678104, ""1_20"": 0.407328387126725, ""1_21"": 0.012682241398303696, ""1_23"": 0.0}"
formal_test,no_pheromone,No pheromone,2_0_39_11_2_16.bin,15,0_39,direct_lda_top5,0_39;1_20;0_38;1_21;1_23,1,0_39,1,1_20,1_20,0,0.26257284096322864,4.889666000003956,0,0,"{""0_38"": 0.02850980380876046, ""0_39"": 0.7374271590367714, ""1_20"": 1.0, ""1_21"": 0.03355595519592998, ""1_23"": 0.0}","{""0_38"": 0.004687147246002581, ""0_39"": 1.0, ""1_20"": 0.012213978544541593, ""1_21"": 0.00040538549233949347, ""1_23"": 0.0}",0.6,0_39,1,0.4876424764879835,"{""0_38"": 0.014216209871105733, ""0_39"": 0.8949708636147085, ""1_20"": 0.407328387126725, ""1_21"": 0.01366561337377569, ""1_23"": 0.0}"
formal_test,full_aco,Full ACO,2_0_39_11_2_16.bin,15,0_39,direct_lda_top5,0_39;1_20;0_38;1_21;1_23,1,0_39,1,1_20,1_20,0,0.9387647064649585,4.821999999997217,0,0,"{""0_38"": 0.01456554953012403, ""0_39"": 0.061235293535041556, ""1_20"": 1.0, ""1_21"": 0.017157500308944827, ""1_23"": 0.0}","{""0_38"": 0.004687147246002581, ""0_39"": 1.0, ""1_20"": 0.012213978544541593, ""1_21"": 0.00040538549233949347, ""1_23"": 0.0}",0.6,0_39,1,0.21716573028729164,"{""0_38"": 0.00863850815965116, ""0_39"": 0.6244941174140166, ""1_20"": 0.407328387126725, ""1_21"": 0.007106231418981627, ""1_23"": 0.0}"
formal_test,average_cost,Average cost,2_0_39_11_2_16.bin,20,0_39,direct_lda_top5,0_39;1_20;0_38;1_23;1_21,1,0_39,1,0_39,0_39,1,0.140722016156137,0.0012080000004743852,,,"{""0_38"": 0.313835246446721, ""0_39"": 1.0, ""1_20"": 0.859277983843863, ""1_21"": 0.0, ""1_23"": 0.06323824178682828}","{""0_38"": 0.0004385214514549104, ""0_39"": 1.0, ""1_20"": 0.0012729855794279873, ""1_21"": 0.0, ""1_23"": 0.00041115194025497583}",0.6,0_39,1,0.655525015114798,"{""0_38"": 0.12579721144956135, ""0_39"": 1.0, ""1_20"": 0.344474984885202, ""1_21"": 0.0, ""1_23"": 0.0255419878788843}"
formal_test,greedy_path,Greedy path,2_0_39_11_2_16.bin,20,0_39,direct_lda_top5,0_39;1_20;0_38;1_23;1_21,1,0_39,1,0_39,0_39,1,0.8974660559082451,0.07358300000248619,0,0,"{""0_38"": 0.0444528279657368, ""0_39"": 1.0, ""1_20"": 0.1025339440917549, ""1_21"": 0.0, ""1_23"": 0.007545947260077497}","{""0_38"": 0.0004385214514549104, ""0_39"": 1.0, ""1_20"": 0.0012729855794279873, ""1_21"": 0.0, ""1_23"": 0.00041115194025497583}",0.6,0_39,1,0.9582226310156412,"{""0_38"": 0.018044244057167667, ""0_39"": 1.0, ""1_20"": 0.041777368984358756, ""1_21"": 0.0, ""1_23"": 0.003265070068183984}"
formal_test,no_pheromone,No pheromone,2_0_39_11_2_16.bin,20,0_39,direct_lda_top5,0_39;1_20;0_38;1_23;1_21,1,0_39,1,0_39,0_39,1,0.49155936870574213,4.837415999993766,0,0,"{""0_38"": 0.045560227756320945, ""0_39"": 1.0, ""1_20"": 0.5084406312942579, ""1_21"": 0.0, ""1_23"": 0.007414292826234252}","{""0_38"": 0.0004385214514549104, ""0_39"": 1.0, ""1_20"": 0.0012729855794279873, ""1_21"": 0.0, ""1_23"": 0.00041115194025497583}",0.6,0_39,1,0.79585995613464,"{""0_38"": 0.018487203973401325, ""0_39"": 1.0, ""1_20"": 0.20414004386535997, ""1_21"": 0.0, ""1_23"": 0.0032124082946466863}"
formal_test,full_aco,Full ACO,2_0_39_11_2_16.bin,20,0_39,direct_lda_top5,0_39;1_20;0_38;1_23;1_21,1,0_39,1,0_39,0_39,1,0.9254666342958168,4.86808299999808,0,0,"{""0_38"": 0.024359452795900724, ""0_39"": 1.0, ""1_20"": 0.07453336570418319, ""1_21"": 0.0, ""1_23"": 0.004087325329400455}","{""0_38"": 0.0004385214514549104, ""0_39"": 1.0, ""1_20"": 0.0012729855794279873, ""1_21"": 0.0, ""1_23"": 0.00041115194025497583}",0.6,0_39,1,0.9694228623706699,"{""0_38"": 0.010006893989233236, ""0_39"": 1.0, ""1_20"": 0.030577137629330068, ""1_21"": 0.0, ""1_23"": 0.0018816212959131677}"
formal_test,average_cost,Average cost,2_0_40_11_2_16.bin,9,0_40,direct_lda_top5,0_40;1_21;1_22;1_23;0_38,1,0_40,1,0_40,0_40,1,0.08171366274321856,0.0012500000039494807,,,"{""0_38"": 0.0, ""0_40"": 1.0, ""1_21"": 0.18028749219986617, ""1_22"": 0.9182863372567814, ""1_23"": 0.13970800713105527}","{""0_38"": 0.0, ""0_40"": 1.0, ""1_21"": 0.22483650753450743, ""1_22"": 0.07745655125429146, ""1_23"": 2.0140191281470543e-09}",0.6,0_40,1,0.5862115343447125,"{""0_38"": 0.0, ""0_40"": 1.0, ""1_21"": 0.20701690140065093, ""1_22"": 0.4137884656552875, ""1_23"": 0.05588320406083359}"
formal_test,greedy_path,Greedy path,2_0_40_11_2_16.bin,9,0_40,direct_lda_top5,0_40;1_21;1_22;1_23;0_38,1,0_40,1,0_40,0_40,1,0.8920220947074663,0.08045900000297479,0,0,"{""0_38"": 0.0, ""0_40"": 1.0, ""1_21"": 0.020943608712151257, ""1_22"": 0.10797790529253375, ""1_23"": 0.016229577546419655}","{""0_38"": 0.0, ""0_40"": 1.0, ""1_21"": 0.22483650753450743, ""1_22"": 0.07745655125429146, ""1_23"": 2.0140191281470543e-09}",0.6,0_40,1,0.856720651994435,"{""0_38"": 0.0, ""0_40"": 1.0, ""1_21"": 0.14327934800556494, ""1_22"": 0.08966509286958838, ""1_23"": 0.006491832226979339}"
formal_test,no_pheromone,No pheromone,2_0_40_11_2_16.bin,9,0_40,direct_lda_top5,0_40;1_21;1_22;1_23;0_38,1,0_40,1,0_40,0_40,1,0.5109990529744257,4.659332999999322,0,0,"{""0_38"": 0.0, ""0_40"": 1.0, ""1_21"": 0.0169699191190562, ""1_22"": 0.4890009470255743, ""1_23"": 0.012273238921158076}","{""0_38"": 0.0, ""0_40"": 1.0, ""1_21"": 0.22483650753450743, ""1_22"": 0.07745655125429146, ""1_23"": 2.0140191281470543e-09}",0.6,0_40,1,0.7579256904371954,"{""0_38"": 0.0, ""0_40"": 1.0, ""1_21"": 0.14168987216832693, ""1_22"": 0.24207430956280462, ""1_23"": 0.004909296776874707}"
formal_test,full_aco,Full ACO,2_0_40_11_2_16.bin,9,0_40,direct_lda_top5,0_40;1_21;1_22;1_23;0_38,1,0_40,1,0_40,0_40,1,0.9406457288832847,5.211041999999111,0,0,"{""0_38"": 0.0, ""0_40"": 1.0, ""1_21"": 0.011537127570802075, ""1_22"": 0.059354271116715346, ""1_23"": 0.008896123657882333}","{""0_38"": 0.0, ""0_40"": 1.0, ""1_21"": 0.22483650753450743, ""1_22"": 0.07745655125429146, ""1_23"": 2.0140191281470543e-09}",0.6,0_40,1,0.8604832444509747,"{""0_38"": 0.0, ""0_40"": 1.0, ""1_21"": 0.13951675554902526, ""1_22"": 0.07021563919926102, ""1_23"": 0.00355845067156441}"
formal_test,average_cost,Average cost,2_0_40_11_2_16.bin,10,0_40,direct_lda_top5,0_40;1_21;1_22;1_23;0_38,1,0_40,1,0_40,0_40,1,0.07594870105134721,0.0013330000001587905,,,"{""0_38"": 0.0, ""0_40"": 1.0, ""1_21"": 0.3067528519382216, ""1_22"": 0.9240512989486528, ""1_23"": 0.6215697486079197}","{""0_38"": 0.0, ""0_40"": 1.0, ""1_21"": 0.07105353714473245, ""1_22"": 0.060516573756976555, ""1_23"": 0.0006052585001562142}",0.6,0_40,1,0.5940695361663529,"{""0_38"": 0.0, ""0_40"": 1.0, ""1_21"": 0.16533326306212812, ""1_22"": 0.40593046383364706, ""1_23"": 0.2489910545432616}"
formal_test,greedy_path,Greedy path,2_0_40_11_2_16.bin,10,0_40,direct_lda_top5,0_40;1_21;1_22;1_23;0_38,1,0_40,1,0_40,0_40,1,0.8810606947235013,0.08812500000487944,0,0,"{""0_38"": 0.0, ""0_40"": 1.0, ""1_21"": 0.0394837073900852, ""1_22"": 0.11893930527649871, ""1_23"": 0.08168685655886397}","{""0_38"": 0.0, ""0_40"": 1.0, ""1_21"": 0.07105353714473245, ""1_22"": 0.060516573756976555, ""1_23"": 0.0006052585001562142}",0.6,0_40,1,0.9161143336352146,"{""0_38"": 0.0, ""0_40"": 1.0, ""1_21"": 0.058425605242873546, ""1_22"": 0.08388566636478542, ""1_23"": 0.03303789772363932}"
formal_test,no_pheromone,No pheromone,2_0_40_11_2_16.bin,10,0_40,direct_lda_top5,0_40;1_21;1_22;1_23;0_38,1,0_40,1,0_40,0_40,1,0.4216030849106138,4.6258749999950055,0,0,"{""0_38"": 0.0, ""0_40"": 1.0, ""1_21"": 0.03916234513163516, ""1_22"": 0.5783969150893862, ""1_23"": 0.14999708806475875}","{""0_38"": 0.0, ""0_40"": 1.0, ""1_21"": 0.07105353714473245, ""1_22"": 0.060516573756976555, ""1_23"": 0.0006052585001562142}",0.6,0_40,1,0.7323312897100596,"{""0_38"": 0.0, ""0_40"": 1.0, ""1_21"": 0.058297060339493535, ""1_22"": 0.26766871028994044, ""1_23"": 0.06036199032599723}"
formal_test,full_aco,Full ACO,2_0_40_11_2_16.bin,10,0_40,direct_lda_top5,0_40;1_21;1_22;1_23;0_38,1,0_40,1,0_40,0_40,1,0.8914790636378498,5.005707999998776,0,0,"{""0_38"": 0.0, ""0_40"": 1.0, ""1_21"": 0.02164657987945901, ""1_22"": 0.10852093636215016, ""1_23"": 0.04681175267254345}","{""0_38"": 0.0, ""0_40"": 1.0, ""1_21"": 0.07105353714473245, ""1_22"": 0.060516573756976555, ""1_23"": 0.0006052585001562142}",0.6,0_40,1,0.920281681200954,"{""0_38"": 0.0, ""0_40"": 1.0, ""1_21"": 0.051290754238623074, ""1_22"": 0.079718318799046, ""1_23"": 0.01908785616911111}"
formal_test,average_cost,Average cost,2_0_40_11_2_16.bin,15,0_40,direct_lda_top5,0_40;1_21;1_22;0_42;1_23,1,0_40,1,0_40,1_22,0,0.2749902406193262,0.0010830000007899798,,,"{""0_40"": 0.7250097593806738, ""0_42"": 0.22629314838924003, ""1_21"": 0.0, ""1_22"": 1.0, ""1_23"": 0.3065766767319236}","{""0_40"": 1.0, ""0_42"": 4.5665288538971705e-05, ""1_21"": 0.030151903339420923, ""1_22"": 0.014723611447962933, ""1_23"": 0.0}",0.6,0_40,1,0.4811697368834918,"{""0_40"": 0.8900039037522696, ""0_42"": 0.0905446585288194, ""1_21"": 0.01809114200365255, ""1_22"": 0.40883416686877777, ""1_23"": 0.12263067069276945}"
formal_test,greedy_path,Greedy path,2_0_40_11_2_16.bin,15,0_40,direct_lda_top5,0_40;1_21;1_22;0_42;1_23,1,0_40,1,0_40,1_22,0,0.8280521068471283,0.07120899999790709,0,0,"{""0_40"": 0.1719478931528718, ""0_42"": 0.03225870295249404, ""1_21"": 0.0, ""1_22"": 1.0, ""1_23"": 0.048925727130904366}","{""0_40"": 1.0, ""0_42"": 4.5665288538971705e-05, ""1_21"": 0.030151903339420923, ""1_22"": 0.014723611447962933, ""1_23"": 0.0}",0.6,0_40,1,0.2599449903923709,"{""0_40"": 0.6687791572611487, ""0_42"": 0.012930880354121, ""1_21"": 0.01809114200365255, ""1_22"": 0.40883416686877777, ""1_23"": 0.019570290852361748}"
formal_test,no_pheromone,No pheromone,2_0_40_11_2_16.bin,15,0_40,direct_lda_top5,0_40;1_21;1_22;0_42;1_23,1,0_40,1,0_40,1_22,0,0.4783796493760878,4.720040999998787,0,0,"{""0_40"": 0.5216203506239122, ""0_42"": 0.058473969701796275, ""1_21"": 0.0, ""1_22"": 1.0, ""1_23"": 0.12395224433674068}","{""0_40"": 1.0, ""0_42"": 4.5665288538971705e-05, ""1_21"": 0.030151903339420923, ""1_22"": 0.014723611447962933, ""1_23"": 0.0}",0.6,0_40,1,0.3998139733807871,"{""0_40"": 0.8086481402495649, ""0_42"": 0.023416987053841896, ""1_21"": 0.01809114200365255, ""1_22"": 0.40883416686877777, ""1_23"": 0.049580897734696275}"
formal_test,full_aco,Full ACO,2_0_40_11_2_16.bin,15,0_40,direct_lda_top5,0_40;1_21;1_22;0_42;1_23,1,0_40,1,0_40,1_22,0,0.8232429192341,4.929584000002762,0,0,"{""0_40"": 0.17675708076590005, ""0_42"": 0.017015473366376578, ""1_21"": 0.0, ""1_22"": 1.0, ""1_23"": 0.02580775252159069}","{""0_40"": 1.0, ""0_42"": 4.5665288538971705e-05, ""1_21"": 0.030151903339420923, ""1_22"": 0.014723611447962933, ""1_23"": 0.0}",0.6,0_40,1,0.2618686654375822,"{""0_40"": 0.67070283230636, ""0_42"": 0.006833588519674015, ""1_21"": 0.01809114200365255, ""1_22"": 0.40883416686877777, ""1_23"": 0.010323101008636277}"
formal_test,average_cost,Average cost,2_0_40_11_2_16.bin,18,0_40,direct_lda_top5,1_21;0_40;1_22;1_20;0_38,1,1_21,0,0_40,1_21,0,0.27265786518906776,0.001124999997159648,,,"{""0_38"": 0.7264157580586746, ""0_40"": 0.0, ""1_20"": 0.7273421348109322, ""1_21"": 1.0, ""1_22"": 0.33625778546740126}","{""0_38"": 0.0, ""0_40"": 0.37795861777025175, ""1_20"": 1.5205525314707843e-05, ""1_21"": 1.0, ""1_22"": 0.04885385089686044}",0.6,1_21,0,0.7090540227604383,"{""0_38"": 0.2905663032234699, ""0_40"": 0.22677517066215103, ""1_20"": 0.2909459772395617, ""1_21"": 1.0, ""1_22"": 0.16381542472507676}"
formal_test,greedy_path,Greedy path,2_0_40_11_2_16.bin,18,0_40,direct_lda_top5,1_21;0_40;1_22;1_20;0_38,1,1_21,0,0_40,1_21,0,0.9283386953387498,0.07216699999901266,0,0,"{""0_38"": 0.060032042879848556, ""0_40"": 0.020091174537993604, ""1_20"": 0.0716613046612502, ""1_21"": 1.0, ""1_22"": 0.0}","{""0_38"": 0.0, ""0_40"": 0.37795861777025175, ""1_20"": 1.5205525314707843e-05, ""1_21"": 1.0, ""1_22"": 0.04885385089686044}",0.6,1_21,0,0.7651883595226515,"{""0_38"": 0.024012817151939425, ""0_40"": 0.23481164047734848, ""1_20"": 0.028673645179688907, ""1_21"": 1.0, ""1_22"": 0.02931231053811626}"
formal_test,no_pheromone,No pheromone,2_0_40_11_2_16.bin,18,0_40,direct_lda_top5,1_21;0_40;1_22;1_20;0_38,1,1_21,0,0_40,1_21,0,0.5910820740611328,4.748167000002468,0,0,"{""0_38"": 0.4089179259388672, ""0_40"": 0.0, ""1_20"": 0.3328806131628106, ""1_21"": 1.0, ""1_22"": 0.025327987084025155}","{""0_38"": 0.0, ""0_40"": 0.37795861777025175, ""1_20"": 1.5205525314707843e-05, ""1_21"": 1.0, ""1_22"": 0.04885385089686044}",0.6,1_21,0,0.773224829337849,"{""0_38"": 0.1635671703755469, ""0_40"": 0.22677517066215103, ""1_20"": 0.13316136858031305, ""1_21"": 1.0, ""1_22"": 0.03944350537172632}"
formal_test,full_aco,Full ACO,2_0_40_11_2_16.bin,18,0_40,direct_lda_top5,1_21;0_40;1_22;1_20;0_38,1,1_21,0,0_40,1_21,0,0.8561917778982854,4.799040999998283,0,0,"{""0_38"": 0.05444567482089349, ""0_40"": 0.00848949655657028, ""1_20"": 0.14380822210171465, ""1_21"": 1.0, ""1_22"": 0.0}","{""0_38"": 0.0, ""0_40"": 0.37795861777025175, ""1_20"": 1.5205525314707843e-05, ""1_21"": 1.0, ""1_22"": 0.04885385089686044}",0.6,1_21,0,0.7698290307152209,"{""0_38"": 0.021778269928357397, ""0_40"": 0.23017096928477915, ""1_20"": 0.057532412155874686, ""1_21"": 1.0, ""1_22"": 0.02931231053811626}"
formal_test,average_cost,Average cost,2_0_42_11_2_16.bin,1,0_42,direct_lda_top5,0_42;1_20;0_44;0_43;1_19,1,0_42,1,0_43,0_43,0,0.1268677344595608,0.0012089999970044119,,,"{""0_42"": 0.8731322655404392, ""0_43"": 1.0, ""0_44"": 0.0, ""1_19"": 0.11978663338875148, ""1_20"": 0.6663354328513655}","{""0_42"": 1.0, ""0_43"": 0.00010364363678287407, ""0_44"": 0.0038234747545800793, ""1_19"": 0.0, ""1_20"": 0.1260361239501952}",0.6,0_42,1,0.549190720034106,"{""0_42"": 0.9492529062161756, ""0_43"": 0.40006218618206973, ""0_44"": 0.0022940848527480476, ""1_19"": 0.047914653355500596, ""1_20"": 0.34215584751066336}"
formal_test,greedy_path,Greedy path,2_0_42_11_2_16.bin,1,0_42,direct_lda_top5,0_42;1_20;0_44;0_43;1_19,1,0_42,1,0_43,0_43,0,0.8975928785955455,0.07933300000217969,0,0,"{""0_42"": 0.10240712140445447, ""0_43"": 1.0, ""0_44"": 0.0, ""1_19"": 0.01047676753893348, ""1_20"": 0.07717181745362782}","{""0_42"": 1.0, ""0_43"": 0.00010364363678287407, ""0_44"": 0.0038234747545800793, ""1_19"": 0.0, ""1_20"": 0.1260361239501952}",0.6,0_42,1,0.24090066237971203,"{""0_42"": 0.6409628485617818, ""0_43"": 0.40006218618206973, ""0_44"": 0.0022940848527480476, ""1_19"": 0.0041907070155733925, ""1_20"": 0.10649040135156825}"
formal_test,no_pheromone,No pheromone,2_0_42_11_2_16.bin,1,0_42,direct_lda_top5,0_42;1_20;0_44;0_43;1_19,1,0_42,1,0_43,0_43,0,0.26997456390331,4.610708000001296,0,0,"{""0_42"": 0.73002543609669, ""0_43"": 1.0, ""0_44"": 0.0, ""1_19"": 0.032921661223635594, ""1_20"": 0.1421775583045366}","{""0_42"": 1.0, ""0_43"": 0.00010364363678287407, ""0_44"": 0.0038234747545800793, ""1_19"": 0.0, ""1_20"": 0.1260361239501952}",0.6,0_42,1,0.4919479882566062,"{""0_42"": 0.8920101744386759, ""0_43"": 0.40006218618206973, ""0_44"": 0.0022940848527480476, ""1_19"": 0.013168664489454238, ""1_20"": 0.13249269769193175}"
formal_test,full_aco,Full ACO,2_0_42_11_2_16.bin,1,0_42,direct_lda_top5,0_42;1_20;0_44;0_43;1_19,1,0_42,1,0_43,0_43,0,0.8896953458499138,4.930458000004023,0,0,"{""0_42"": 0.11030465415008617, ""0_43"": 1.0, ""0_44"": 0.0, ""1_19"": 0.005614830533340916, ""1_20"": 0.04198838036486431}","{""0_42"": 1.0, ""0_43"": 0.00010364363678287407, ""0_44"": 0.0038234747545800793, ""1_19"": 0.0, ""1_20"": 0.1260361239501952}",0.6,0_42,1,0.24405967547796475,"{""0_42"": 0.6441218616600345, ""0_43"": 0.40006218618206973, ""0_44"": 0.0022940848527480476, ""1_19"": 0.0022459322133363663, ""1_20"": 0.09241702651606284}"
formal_test,average_cost,Average cost,2_0_42_11_2_16.bin,7,0_42,direct_lda_top5,0_42;1_19;1_20;0_43;0_44,1,0_42,1,0_44,0_42,1,0.09793856481988816,0.001124999997159648,,,"{""0_42"": 1.0, ""0_43"": 0.42437251601037, ""0_44"": 0.0, ""1_19"": 0.9020614351801118, ""1_20"": 0.42563731720219833}","{""0_42"": 1.0, ""0_43"": 0.1849085631102581, ""0_44"": 0.0, ""1_19"": 0.7978819154627845, ""1_20"": 0.394809120785579}",0.6,0_42,1,0.16044627665028455,"{""0_42"": 1.0, ""0_43"": 0.28069414427030287, ""0_44"": 0.0, ""1_19"": 0.8395537233497155, ""1_20"": 0.40714039935222673}"
formal_test,greedy_path,Greedy path,2_0_42_11_2_16.bin,7,0_42,direct_lda_top5,0_42;1_19;1_20;0_43;0_44,1,0_42,1,0_44,0_42,1,0.9281471914398002,0.06920899999585117,0,0,"{""0_42"": 1.0, ""0_43"": 0.015472132587766576, ""0_44"": 0.008876811350106938, ""1_19"": 0.07185280856019981, ""1_20"": 0.0}","{""0_42"": 1.0, ""0_43"": 0.1849085631102581, ""0_44"": 0.0, ""1_19"": 0.7978819154627845, ""1_20"": 0.394809120785579}",0.6,0_42,1,0.4925297272982494,"{""0_42"": 1.0, ""0_43"": 0.11713399090126149, ""0_44"": 0.0035507245400427756, ""1_19"": 0.5074702727017506, ""1_20"": 0.2368854724713474}"
formal_test,no_pheromone,No pheromone,2_0_42_11_2_16.bin,7,0_42,direct_lda_top5,0_42;1_19;1_20;0_43;0_44,1,0_42,1,0_44,0_42,1,0.3689054674305213,4.527582999998003,0,0,"{""0_42"": 1.0, ""0_43"": 0.0399074705558778, ""0_44"": 0.0, ""1_19"": 0.6310945325694787, ""1_20"": 0.004154335132417569}","{""0_42"": 1.0, ""0_43"": 0.1849085631102581, ""0_44"": 0.0, ""1_19"": 0.7978819154627845, ""1_20"": 0.394809120785579}",0.6,0_42,1,0.2688330376945378,"{""0_42"": 1.0, ""0_43"": 0.126908126088506, ""0_44"": 0.0, ""1_19"": 0.7311669623054622, ""1_20"": 0.2385472065243144}"
formal_test,full_aco,Full ACO,2_0_42_11_2_16.bin,7,0_42,direct_lda_top5,0_42;1_19;1_20;0_43;0_44,1,0_42,1,0_44,0_42,1,0.8798304161178883,4.877667000002361,0,0,"{""0_42"": 1.0, ""0_43"": 0.007892038039460104, ""0_44"": 0.004917851578288868, ""1_19"": 0.12016958388211176, ""1_20"": 0.0}","{""0_42"": 1.0, ""0_43"": 0.1849085631102581, ""0_44"": 0.0, ""1_19"": 0.7978819154627845, ""1_20"": 0.394809120785579}",0.6,0_42,1,0.47320301716948465,"{""0_42"": 1.0, ""0_43"": 0.11410195308193889, ""0_44"": 0.001967140631315547, ""1_19"": 0.5267969828305153, ""1_20"": 0.2368854724713474}"
formal_test,average_cost,Average cost,2_0_42_11_2_16.bin,11,0_42,direct_lda_top5,1_20;1_19;0_42;0_43;1_21,1,1_20,0,1_19,0_42,1,0.6290182276234957,0.0014170000000035543,,,"{""0_42"": 1.0, ""0_43"": 0.3138734349736569, ""1_19"": 0.37098177237650437, ""1_20"": 0.06568450214771229, ""1_21"": 0.0}","{""0_42"": 0.24125836303413287, ""0_43"": 0.002107908099730899, ""1_19"": 0.27563950882663324, ""1_20"": 1.0, ""1_21"": 0.0}",0.6,1_20,0,0.08151878303860516,"{""0_42"": 0.5447550178204797, ""0_43"": 0.1268141188493013, ""1_19"": 0.31377641424658165, ""1_20"": 0.6262738008590849, ""1_21"": 0.0}"
formal_test,greedy_path,Greedy path,2_0_42_11_2_16.bin,11,0_42,direct_lda_top5,1_20;1_19;0_42;0_43;1_21,1,1_20,0,1_19,0_42,1,0.8814321995160742,0.09437500000331056,0,0,"{""0_42"": 1.0, ""0_43"": 0.041570903811307625, ""1_19"": 0.11856780048392579, ""1_20"": 0.005479654170074501, ""1_21"": 0.0}","{""0_42"": 0.24125836303413287, ""0_43"": 0.002107908099730899, ""1_19"": 0.27563950882663324, ""1_20"": 1.0, ""1_21"": 0.0}",0.6,1_20,0,0.05743684384754999,"{""0_42"": 0.5447550178204797, ""0_43"": 0.01789310638436159, ""1_19"": 0.21281082548955024, ""1_20"": 0.6021918616680297, ""1_21"": 0.0}"
formal_test,no_pheromone,No pheromone,2_0_42_11_2_16.bin,11,0_42,direct_lda_top5,1_20;1_19;0_42;0_43;1_21,1,1_20,0,1_19,0_42,1,0.8059455852174626,4.673584000002506,0,0,"{""0_42"": 1.0, ""0_43"": 0.06478386975568184, ""1_19"": 0.1940544147825374, ""1_20"": 0.03509851244793523, ""1_21"": 0.0}","{""0_42"": 0.24125836303413287, ""0_43"": 0.002107908099730899, ""1_19"": 0.27563950882663324, ""1_20"": 1.0, ""1_21"": 0.0}",0.6,1_20,0,0.06928438715869434,"{""0_42"": 0.5447550178204797, ""0_43"": 0.027178292762111277, ""1_19"": 0.2430054712089949, ""1_20"": 0.6140394049791741, ""1_21"": 0.0}"
formal_test,full_aco,Full ACO,2_0_42_11_2_16.bin,11,0_42,direct_lda_top5,1_20;1_19;0_42;0_43;1_21,1,1_20,0,1_19,0_42,1,0.9247104084118204,4.792708000003643,0,0,"{""0_42"": 1.0, ""0_43"": 0.025515110475982677, ""1_19"": 0.07528959158817958, ""1_20"": 0.002952085720456558, ""1_21"": 0.0}","{""0_42"": 0.24125836303413287, ""0_43"": 0.002107908099730899, ""1_19"": 0.27563950882663324, ""1_20"": 1.0, ""1_21"": 0.0}",0.6,1_20,0,0.05642581646770284,"{""0_42"": 0.5447550178204797, ""0_43"": 0.011470789050231611, ""1_19"": 0.19549954193125177, ""1_20"": 0.6011808342881826, ""1_21"": 0.0}"
formal_test,average_cost,Average cost,2_0_42_11_2_16.bin,18,0_42,direct_lda_top5,0_42;0_43;1_19;1_20;1_21,1,0_42,1,1_20,0_42,1,0.09831537781148836,0.0012500000039494807,,,"{""0_42"": 1.0, ""0_43"": 0.9016846221885116, ""1_19"": 0.0, ""1_20"": 0.015876710932678006, ""1_21"": 0.20010557202426943}","{""0_42"": 1.0, ""0_43"": 0.3107707957322228, ""1_19"": 0.2745425694779562, ""1_20"": 0.030491655730916462, ""1_21"": 0.0}",0.6,0_42,1,0.4528636736852616,"{""0_42"": 1.0, ""0_43"": 0.5471363263147384, ""1_19"": 0.1647255416867737, ""1_20"": 0.02464567781162108, ""1_21"": 0.08004222880970778}"
formal_test,greedy_path,Greedy path,2_0_42_11_2_16.bin,18,0_42,direct_lda_top5,0_42;0_43;1_19;1_20;1_21,1,0_42,1,1_20,0_42,1,0.8915608982260227,0.0879999999980896,0,0,"{""0_42"": 1.0, ""0_43"": 0.10843910177397735, ""1_19"": 0.0, ""1_20"": 0.07204051142982147, ""1_21"": 0.02406525292359166}","{""0_42"": 1.0, ""0_43"": 0.3107707957322228, ""1_19"": 0.2745425694779562, ""1_20"": 0.030491655730916462, ""1_21"": 0.0}",0.6,0_42,1,0.7701618818510754,"{""0_42"": 1.0, ""0_43"": 0.22983811814892463, ""1_19"": 0.1647255416867737, ""1_20"": 0.047111198010478465, ""1_21"": 0.009626101169436664}"
formal_test,no_pheromone,No pheromone,2_0_42_11_2_16.bin,18,0_42,direct_lda_top5,0_42;0_43;1_19;1_20;1_21,1,0_42,1,1_20,0_42,1,0.27276628459711616,4.661124999998378,0,0,"{""0_42"": 1.0, ""0_43"": 0.7272337154028838, ""1_19"": 0.0, ""1_20"": 0.055129582955418255, ""1_21"": 0.041781056166942034}","{""0_42"": 1.0, ""0_43"": 0.3107707957322228, ""1_19"": 0.2745425694779562, ""1_20"": 0.030491655730916462, ""1_21"": 0.0}",0.6,0_42,1,0.5226440363995127,"{""0_42"": 1.0, ""0_43"": 0.47735596360048727, ""1_19"": 0.1647255416867737, ""1_20"": 0.040346826620717174, ""1_21"": 0.016712422466776813}"
formal_test,full_aco,Full ACO,2_0_42_11_2_16.bin,18,0_42,direct_lda_top5,0_42;0_43;1_19;1_20;1_21,1,0_42,1,1_20,0_42,1,0.9262515255565091,4.849292000002947,0,0,"{""0_42"": 1.0, ""0_43"": 0.07374847444349088, ""1_19"": 0.0, ""1_20"": 0.038633514922780166, ""1_21"": 0.012846234457199124}","{""0_42"": 1.0, ""0_43"": 0.3107707957322228, ""1_19"": 0.2745425694779562, ""1_20"": 0.030491655730916462, ""1_21"": 0.0}",0.6,0_42,1,0.78403813278327,"{""0_42"": 1.0, ""0_43"": 0.21596186721673005, ""1_19"": 0.1647255416867737, ""1_20"": 0.033748399407661944, ""1_21"": 0.00513849378287965}"
formal_test,average_cost,Average cost,2_0_43_11_2_16.bin,10,0_43,direct_lda_top5,0_43;0_42;0_44;1_19;1_21,1,0_43,1,0_43,0_43,1,0.0720601173901887,0.0012080000004743852,,,"{""0_42"": 0.9279398826098113, ""0_43"": 1.0, ""0_44"": 0.0, ""1_19"": 0.2302174328142308, ""1_21"": 0.7763280311783789}","{""0_42"": 0.01698898462659067, ""0_43"": 1.0, ""0_44"": 0.003917766181377729, ""1_19"": 3.4245980920937073e-06, ""1_21"": 0.0}",0.6,0_43,1,0.6186306561801211,"{""0_42"": 0.3813693438198789, ""0_43"": 1.0, ""0_44"": 0.0023506597088266373, ""1_19"": 0.09208902788454758, ""1_21"": 0.31053121247135157}"
formal_test,greedy_path,Greedy path,2_0_43_11_2_16.bin,10,0_43,direct_lda_top5,0_43;0_42;0_44;1_19;1_21,1,0_43,1,0_43,0_43,1,0.8864944693695407,0.06983299999774317,0,0,"{""0_42"": 0.11350553063045926, ""0_43"": 1.0, ""0_44"": 0.0, ""1_19"": 0.028160177573646916, ""1_21"": 0.10087069106645788}","{""0_42"": 0.01698898462659067, ""0_43"": 1.0, ""0_44"": 0.003917766181377729, ""1_19"": 3.4245980920937073e-06, ""1_21"": 0.0}",0.6,0_43,1,0.9444043969718618,"{""0_42"": 0.05559560302813811, ""0_43"": 1.0, ""0_44"": 0.0023506597088266373, ""1_19"": 0.011266125788314024, ""1_21"": 0.04034827642658315}"
formal_test,no_pheromone,No pheromone,2_0_43_11_2_16.bin,10,0_43,direct_lda_top5,0_43;0_42;0_44;1_19;1_21,1,0_43,1,0_43,0_43,1,0.48385760382961307,4.5326659999958,0,0,"{""0_42"": 0.5161423961703869, ""0_43"": 1.0, ""0_44"": 0.0, ""1_19"": 0.027141274072581937, ""1_21"": 0.2109135324510242}","{""0_42"": 0.01698898462659067, ""0_43"": 1.0, ""0_44"": 0.003917766181377729, ""1_19"": 3.4245980920937073e-06, ""1_21"": 0.0}",0.6,0_43,1,0.7833496507558908,"{""0_42"": 0.2166503492441092, ""0_43"": 1.0, ""0_44"": 0.0023506597088266373, ""1_19"": 0.010858564387888032, ""1_21"": 0.08436541298040968}"
formal_test,full_aco,Full ACO,2_0_43_11_2_16.bin,10,0_43,direct_lda_top5,0_43;0_42;0_44;1_19;1_21,1,0_43,1,0_43,0_43,1,0.9235979910403677,5.000000000002558,0,0,"{""0_42"": 0.07640200895963235, ""0_43"": 1.0, ""0_44"": 0.0, ""1_19"": 0.01539473423792428, ""1_21"": 0.0554343671483181}","{""0_42"": 0.01698898462659067, ""0_43"": 1.0, ""0_44"": 0.003917766181377729, ""1_19"": 3.4245980920937073e-06, ""1_21"": 0.0}",0.6,0_43,1,0.9592458056401927,"{""0_42"": 0.040754194359807344, ""0_43"": 1.0, ""0_44"": 0.0023506597088266373, ""1_19"": 0.006159948454024968, ""1_21"": 0.022173746859327242}"
formal_test,average_cost,Average cost,2_0_43_11_2_16.bin,13,0_43,direct_lda_top5,0_43;0_42;0_44;1_19;1_20,1,0_43,1,0_43,0_42,0,0.017045353091511894,0.0010829999936845525,,,"{""0_42"": 1.0, ""0_43"": 0.9829546469084881, ""0_44"": 0.0, ""1_19"": 0.4358644799320676, ""1_20"": 0.5181396064338157}","{""0_42"": 0.08941112098170552, ""0_43"": 1.0, ""0_44"": 0.02396023717829783, ""1_19"": 0.0048405754538443585, ""1_20"": 0.0}",0.6,0_43,1,0.5395351861743719,"{""0_42"": 0.45364667258902336, ""0_43"": 0.9931818587633953, ""0_44"": 0.014376142306978697, ""1_19"": 0.1772501372451337, ""1_20"": 0.2072558425735263}"
formal_test,greedy_path,Greedy path,2_0_43_11_2_16.bin,13,0_43,direct_lda_top5,0_43;0_42;0_44;1_19;1_20,1,0_43,1,0_43,0_42,0,0.7951768660919,0.07008300000421741,0,0,"{""0_42"": 1.0, ""0_43"": 0.2048231339081, ""0_44"": 0.0, ""1_19"": 0.0627674455552713, ""1_20"": 0.07162686376155626}","{""0_42"": 0.08941112098170552, ""0_43"": 1.0, ""0_44"": 0.02396023717829783, ""1_19"": 0.0048405754538443585, ""1_20"": 0.0}",0.6,0_43,1,0.2282825809742166,"{""0_42"": 0.45364667258902336, ""0_43"": 0.68192925356324, ""0_44"": 0.014376142306978697, ""1_19"": 0.02801132349441514, ""1_20"": 0.028650745504622505}"
formal_test,no_pheromone,No pheromone,2_0_43_11_2_16.bin,13,0_43,direct_lda_top5,0_43;0_42;0_44;1_19;1_20,1,0_43,1,0_43,0_43,1,0.4449937613469751,4.552250000003255,0,0,"{""0_42"": 0.5550062386530249, ""0_43"": 1.0, ""0_44"": 0.0, ""1_19"": 0.06319126094777021, ""1_20"": 0.09742961452745885}","{""0_42"": 0.08941112098170552, ""0_43"": 1.0, ""0_44"": 0.02396023717829783, ""1_19"": 0.0048405754538443585, ""1_20"": 0.0}",0.6,0_43,1,0.7243508319497667,"{""0_42"": 0.2756491680502333, ""0_43"": 1.0, ""0_44"": 0.014376142306978697, ""1_19"": 0.028180849651414697, ""1_20"": 0.03897184581098354}"
formal_test,full_aco,Full ACO,2_0_43_11_2_16.bin,13,0_43,direct_lda_top5,0_43;0_42;0_44;1_19;1_20,1,0_43,1,0_43,0_43,1,0.8569426752879932,5.000416000001451,0,0,"{""0_42"": 0.14305732471200688, ""0_43"": 1.0, ""0_44"": 0.0, ""1_19"": 0.03195796969863995, ""1_20"": 0.03656127357225486}","{""0_42"": 0.08941112098170552, ""0_43"": 1.0, ""0_44"": 0.02396023717829783, ""1_19"": 0.0048405754538443585, ""1_20"": 0.0}",0.6,0_43,1,0.889130397526174,"{""0_42"": 0.11086960247382607, ""0_43"": 1.0, ""0_44"": 0.014376142306978697, ""1_19"": 0.015687533151762596, ""1_20"": 0.014624509428901944}"
formal_test,average_cost,Average cost,2_0_43_11_2_16.bin,15,0_43,direct_lda_top5,0_43;0_42;0_44;1_19;1_20,1,0_43,1,0_43,0_43,1,0.013776602996842802,0.0014579999998431958,,,"{""0_42"": 0.9862233970031572, ""0_43"": 1.0, ""0_44"": 0.0, ""1_19"": 0.4262898426781685, ""1_20"": 0.5277286083164568}","{""0_42"": 0.0828736600801268, ""0_43"": 1.0, ""0_44"": 0.06761326043382529, ""1_19"": 0.0008057226315677224, ""1_20"": 0.0}",0.6,0_43,1,0.555786445150661,"{""0_42"": 0.444213554849339, ""0_43"": 1.0, ""0_44"": 0.04056795626029517, ""1_19"": 0.17099937065020804, ""1_20"": 0.21109144332658275}"
formal_test,greedy_path,Greedy path,2_0_43_11_2_16.bin,15,0_43,direct_lda_top5,0_43;0_42;0_44;1_19;1_20,1,0_43,1,0_43,0_43,1,0.874834377489075,0.09312499999936108,0,0,"{""0_42"": 0.12516562251092497, ""0_43"": 1.0, ""0_44"": 0.0, ""1_19"": 0.0527805651481476, ""1_20"": 0.06589399764888162}","{""0_42"": 0.0828736600801268, ""0_43"": 1.0, ""0_44"": 0.06761326043382529, ""1_19"": 0.0008057226315677224, ""1_20"": 0.0}",0.6,0_43,1,0.900209554947554,"{""0_42"": 0.09979044505244607, ""0_43"": 1.0, ""0_44"": 0.04056795626029517, ""1_19"": 0.021595659638199673, ""1_20"": 0.02635759905955265}"
formal_test,no_pheromone,No pheromone,2_0_43_11_2_16.bin,15,0_43,direct_lda_top5,0_43;0_42;0_44;1_19;1_20,1,0_43,1,0_43,0_43,1,0.20175912767931714,4.66729100000407,0,0,"{""0_42"": 0.7982408723206829, ""0_43"": 1.0, ""0_44"": 0.0, ""1_19"": 0.06581749316147163, ""1_20"": 0.08566065607727183}","{""0_42"": 0.0828736600801268, ""0_43"": 1.0, ""0_44"": 0.06761326043382529, ""1_19"": 0.0008057226315677224, ""1_20"": 0.0}",0.6,0_43,1,0.6309794550236507,"{""0_42"": 0.3690205449763493, ""0_43"": 1.0, ""0_44"": 0.04056795626029517, ""1_19"": 0.026810430843529288, ""1_20"": 0.034264262430908736}"
formal_test,full_aco,Full ACO,2_0_43_11_2_16.bin,15,0_43,direct_lda_top5,0_43;0_42;0_44;1_19;1_20,1,0_43,1,0_43,0_43,1,0.8927032793183837,4.8986660000025495,0,0,"{""0_42"": 0.10729672068161632, ""0_43"": 1.0, ""0_44"": 0.0, ""1_19"": 0.028838191963743404, ""1_20"": 0.036100974886223894}","{""0_42"": 0.0828736600801268, ""0_43"": 1.0, ""0_44"": 0.06761326043382529, ""1_19"": 0.0008057226315677224, ""1_20"": 0.0}",0.6,0_43,1,0.9073571156792775,"{""0_42"": 0.0926428843207226, ""0_43"": 1.0, ""0_44"": 0.04056795626029517, ""1_19"": 0.012018710364437996, ""1_20"": 0.014440389954489558}"
formal_test,average_cost,Average cost,2_0_43_11_2_16.bin,19,0_43,direct_lda_top5,0_43;0_42;0_44;1_19;1_20,1,0_43,1,0_42,0_42,0,0.13806248861905202,0.001124999997159648,,,"{""0_42"": 1.0, ""0_43"": 0.861937511380948, ""0_44"": 0.12070662363436195, ""1_19"": 0.0, ""1_20"": 0.5819005467350283}","{""0_42"": 0.23489604030267008, ""0_43"": 1.0, ""0_44"": 0.20686558564238683, ""1_19"": 0.00264990552661061, ""1_20"": 0.0}",0.6,0_43,1,0.4038373803707771,"{""0_42"": 0.5409376241816021, ""0_43"": 0.9447750045523792, ""0_44"": 0.17240200083917687, ""1_19"": 0.0015899433159663658, ""1_20"": 0.23276021869401134}"
formal_test,greedy_path,Greedy path,2_0_43_11_2_16.bin,19,0_43,direct_lda_top5,0_43;0_42;0_44;1_19;1_20,1,0_43,1,0_42,0_42,0,0.8937556840316129,0.06941699999885032,0,0,"{""0_42"": 1.0, ""0_43"": 0.10624431596838713, ""0_44"": 0.014878564271254198, ""1_19"": 0.0, ""1_20"": 0.0742116244954566}","{""0_42"": 0.23489604030267008, ""0_43"": 1.0, ""0_44"": 0.20686558564238683, ""1_19"": 0.00264990552661061, ""1_20"": 0.0}",0.6,0_43,1,0.10156010220575273,"{""0_42"": 0.5409376241816021, ""0_43"": 0.6424977263873548, ""0_44"": 0.13007077709393378, ""1_19"": 0.0015899433159663658, ""1_20"": 0.02968464979818264}"
formal_test,no_pheromone,No pheromone,2_0_43_11_2_16.bin,19,0_43,direct_lda_top5,0_43;0_42;0_44;1_19;1_20,1,0_43,1,0_42,0_42,0,0.4975730465057292,4.526459000004479,0,0,"{""0_42"": 1.0, ""0_43"": 0.5024269534942708, ""0_44"": 0.021411978148769127, ""1_19"": 0.0, ""1_20"": 0.15511618960412918}","{""0_42"": 0.23489604030267008, ""0_43"": 1.0, ""0_44"": 0.20686558564238683, ""1_19"": 0.00264990552661061, ""1_20"": 0.0}",0.6,0_43,1,0.2600331572161062,"{""0_42"": 0.5409376241816021, ""0_43"": 0.8009707813977083, ""0_44"": 0.13268414264493975, ""1_19"": 0.0015899433159663658, ""1_20"": 0.062046475841651676}"
formal_test,full_aco,Full ACO,2_0_43_11_2_16.bin,19,0_43,direct_lda_top5,0_43;0_42;0_44;1_19;1_20,1,0_43,1,0_42,0_42,0,0.9302712124665903,4.903957999999875,0,0,"{""0_42"": 1.0, ""0_43"": 0.06972878753340969, ""0_44"": 0.008272840002797268, ""1_19"": 0.0, ""1_20"": 0.04238146489221862}","{""0_42"": 0.23489604030267008, ""0_43"": 1.0, ""0_44"": 0.20686558564238683, ""1_19"": 0.00264990552661061, ""1_20"": 0.0}",0.6,0_43,1,0.08695389083176175,"{""0_42"": 0.5409376241816021, ""0_43"": 0.6278915150133638, ""0_44"": 0.127428487386551, ""1_19"": 0.0015899433159663658, ""1_20"": 0.016952585956887447}"
formal_test,average_cost,Average cost,2_0_44_11_2_16.bin,3,0_44,direct_lda_top5,0_44;0_42;0_43;1_19;1_20,1,0_44,1,0_44,0_44,1,0.10338753119642752,0.0013330000001587905,,,"{""0_42"": 0.8966124688035725, ""0_43"": 0.23491309616468223, ""0_44"": 1.0, ""1_19"": 0.0, ""1_20"": 0.7889336536348002}","{""0_42"": 0.03892760361607519, ""0_43"": 0.00671258334806489, ""0_44"": 1.0, ""1_19"": 0.00527105179288916, ""1_20"": 0.0}",0.6,0_44,1,0.6179984503089259,"{""0_42"": 0.38200154969107414, ""0_43"": 0.09799278847471184, ""0_44"": 1.0, ""1_19"": 0.0031626310757334962, ""1_20"": 0.31557346145392007}"
formal_test,greedy_path,Greedy path,2_0_44_11_2_16.bin,3,0_44,direct_lda_top5,0_44;0_42;0_43;1_19;1_20,1,0_44,1,0_44,0_44,1,0.8891675021988328,0.08874999999619604,0,0,"{""0_42"": 0.11083249780116719, ""0_43"": 0.029038192217959693, ""0_44"": 1.0, ""1_19"": 0.0, ""1_20"": 0.09851377977082161}","{""0_42"": 0.03892760361607519, ""0_43"": 0.00671258334806489, ""0_44"": 1.0, ""1_19"": 0.00527105179288916, ""1_20"": 0.0}",0.6,0_44,1,0.9323104387098881,"{""0_42"": 0.06768956129011199, ""0_43"": 0.01564282689602281, ""0_44"": 1.0, ""1_19"": 0.0031626310757334962, ""1_20"": 0.039405511908328646}"
formal_test,no_pheromone,No pheromone,2_0_44_11_2_16.bin,3,0_44,direct_lda_top5,0_44;0_42;0_43;1_19;1_20,1,0_44,1,0_44,0_44,1,0.45367090376839914,4.737125000005449,0,0,"{""0_42"": 0.5463290962316009, ""0_43"": 0.028412735219945324, ""0_44"": 1.0, ""1_19"": 0.0, ""1_20"": 0.1853921911520854}","{""0_42"": 0.03892760361607519, ""0_43"": 0.00671258334806489, ""0_44"": 1.0, ""1_19"": 0.00527105179288916, ""1_20"": 0.0}",0.6,0_44,1,0.7581117993377146,"{""0_42"": 0.24188820066228545, ""0_43"": 0.015392644096817065, ""0_44"": 1.0, ""1_19"": 0.0031626310757334962, ""1_20"": 0.07415687646083417}"
formal_test,full_aco,Full ACO,2_0_44_11_2_16.bin,3,0_44,direct_lda_top5,0_44;0_42;0_43;1_19;1_20,1,0_44,1,0_44,0_44,1,0.9151710634295717,4.832957999994392,0,0,"{""0_42"": 0.08482893657042838, ""0_43"": 0.01597158350399608, ""0_44"": 1.0, ""1_19"": 0.0, ""1_20"": 0.05415051376352918}","{""0_42"": 0.03892760361607519, ""0_43"": 0.00671258334806489, ""0_44"": 1.0, ""1_19"": 0.00527105179288916, ""1_20"": 0.0}",0.6,0_44,1,0.9427118632021836,"{""0_42"": 0.05728813679781647, ""0_43"": 0.010416183410437365, ""0_44"": 1.0, ""1_19"": 0.0031626310757334962, ""1_20"": 0.021660205505411673}"
formal_test,average_cost,Average cost,2_0_44_11_2_16.bin,9,0_44,direct_lda_top5,0_43;0_44;0_42;1_19;1_20,1,0_43,0,0_43,0_43,0,0.20978859151255858,0.0016249999958972694,,,"{""0_42"": 0.7400726069931504, ""0_43"": 1.0, ""0_44"": 0.7491489657731447, ""1_19"": 0.0, ""1_20"": 0.7902114084874414}","{""0_42"": 0.013007057705773265, ""0_43"": 1.0, ""0_44"": 0.17653629687033182, ""1_19"": 0.0032604994049945262, ""1_20"": 0.0}",0.6,0_43,0,0.594418635568543,"{""0_42"": 0.30383327742072413, ""0_43"": 1.0, ""0_44"": 0.405581364431457, ""1_19"": 0.0019562996429967157, ""1_20"": 0.3160845633949766}"
formal_test,greedy_path,Greedy path,2_0_44_11_2_16.bin,9,0_44,direct_lda_top5,0_43;0_44;0_42;1_19;1_20,1,0_43,0,0_43,0_43,0,0.8908741722674397,0.0695410000020047,0,0,"{""0_42"": 0.10220180948147477, ""0_43"": 1.0, ""0_44"": 0.10345522743270436, ""1_19"": 0.0, ""1_20"": 0.10912582773256028}","{""0_42"": 0.013007057705773265, ""0_43"": 1.0, ""0_44"": 0.17653629687033182, ""1_19"": 0.0032604994049945262, ""1_20"": 0.0}",0.6,0_43,0,0.8526961309047192,"{""0_42"": 0.04868495841605387, ""0_43"": 1.0, ""0_44"": 0.14730386909528084, ""1_19"": 0.0019562996429967157, ""1_20"": 0.04365033109302412}"
formal_test,no_pheromone,No pheromone,2_0_44_11_2_16.bin,9,0_44,direct_lda_top5,0_43;0_44;0_42;1_19;1_20,1,0_43,0,0_43,0_43,0,0.6794921424108388,4.539791999995657,0,0,"{""0_42"": 0.25478637539815757, ""0_43"": 1.0, ""0_44"": 0.17225350183347746, ""1_19"": 0.0, ""1_20"": 0.3205078575891612}","{""0_42"": 0.013007057705773265, ""0_43"": 1.0, ""0_44"": 0.17653629687033182, ""1_19"": 0.0032604994049945262, ""1_20"": 0.0}",0.6,0_43,0,0.8251768211444099,"{""0_42"": 0.109718784782727, ""0_43"": 1.0, ""0_44"": 0.17482317885559007, ""1_19"": 0.0019562996429967157, ""1_20"": 0.1282031430356645}"
formal_test,full_aco,Full ACO,2_0_44_11_2_16.bin,9,0_44,direct_lda_top5,0_43;0_44;0_42;1_19;1_20,1,0_43,0,0_43,0_43,0,0.933971510326652,4.873459000002356,0,0,"{""0_42"": 0.0571918742665814, ""0_43"": 1.0, ""0_44"": 0.057950131025745866, ""1_19"": 0.0, ""1_20"": 0.06602848967334794}","{""0_42"": 0.013007057705773265, ""0_43"": 1.0, ""0_44"": 0.17653629687033182, ""1_19"": 0.0032604994049945262, ""1_20"": 0.0}",0.6,0_43,0,0.8708981694675025,"{""0_42"": 0.030680984330096518, ""0_43"": 1.0, ""0_44"": 0.12910183053249744, ""1_19"": 0.0019562996429967157, ""1_20"": 0.026411395869339178}"
formal_test,average_cost,Average cost,2_0_44_11_2_16.bin,11,0_44,direct_lda_top5,0_44;0_42;0_43;1_19;0_45,1,0_44,1,0_44,0_44,1,0.16803319807353756,0.0011670000006347436,,,"{""0_42"": 0.8319668019264624, ""0_43"": 0.7110512534969324, ""0_44"": 1.0, ""0_45"": 0.2107875496068207, ""1_19"": 0.0}","{""0_42"": 0.007431307708660014, ""0_43"": 0.00017589865201893327, ""0_44"": 1.0, ""0_45"": 0.0, ""1_19"": 0.0001607938447536815}",0.6,0_44,1,0.662754494604219,"{""0_42"": 0.337245505395781, ""0_43"": 0.2845260405899844, ""0_44"": 1.0, ""0_45"": 0.08431501984272828, ""1_19"": 9.64763068522089e-05}"
formal_test,greedy_path,Greedy path,2_0_44_11_2_16.bin,11,0_44,direct_lda_top5,0_44;0_42;0_43;1_19;0_45,1,0_44,1,0_44,0_44,1,0.894105762667234,0.07524999999475313,0,0,"{""0_42"": 0.10589423733276603, ""0_43"": 0.0905038879186196, ""0_44"": 1.0, ""0_45"": 0.028802252499371857, ""1_19"": 0.0}","{""0_42"": 0.007431307708660014, ""0_43"": 0.00017589865201893327, ""0_44"": 1.0, ""0_45"": 0.0, ""1_19"": 0.0001607938447536815}",0.6,0_44,1,0.9531835204416976,"{""0_42"": 0.04681647955830242, ""0_43"": 0.036307094358659205, ""0_44"": 1.0, ""0_45"": 0.011520900999748743, ""1_19"": 9.64763068522089e-05}"
formal_test,no_pheromone,No pheromone,2_0_44_11_2_16.bin,11,0_44,direct_lda_top5,0_44;0_42;0_43;1_19;0_45,1,0_44,1,0_44,0_44,1,0.6613298880073992,4.695541999993225,0,0,"{""0_42"": 0.3386701119926008, ""0_43"": 0.15495441201063836, ""0_44"": 1.0, ""0_45"": 0.0385403230171065, ""1_19"": 0.0}","{""0_42"": 0.007431307708660014, ""0_43"": 0.00017589865201893327, ""0_44"": 1.0, ""0_45"": 0.0, ""1_19"": 0.0001607938447536815}",0.6,0_44,1,0.8600731705777637,"{""0_42"": 0.1399268294222363, ""0_43"": 0.06208730399546671, ""0_44"": 1.0, ""0_45"": 0.0154161292068426, ""1_19"": 9.64763068522089e-05}"
formal_test,full_aco,Full ACO,2_0_44_11_2_16.bin,11,0_44,direct_lda_top5,0_44;0_42;0_43;1_19;0_45,1,0_44,1,0_44,0_44,1,0.9388368482526945,4.8905829999981165,0,0,"{""0_42"": 0.06116315174730548, ""0_43"": 0.05088327077016215, ""0_44"": 1.0, ""0_45"": 0.01595559610056071, ""1_19"": 0.0}","{""0_42"": 0.007431307708660014, ""0_43"": 0.00017589865201893327, ""0_44"": 1.0, ""0_45"": 0.0, ""1_19"": 0.0001607938447536815}",0.6,0_44,1,0.9710759546758818,"{""0_42"": 0.0289240453241182, ""0_43"": 0.020458847499276223, ""0_44"": 1.0, ""0_45"": 0.006382238440224285, ""1_19"": 9.64763068522089e-05}"
formal_test,average_cost,Average cost,2_0_44_11_2_16.bin,16,0_44,direct_lda_top5,0_44;0_43;0_42;1_19;0_45,1,0_44,1,0_44,0_42,0,0.19258290578027015,0.0014159999963681003,,,"{""0_42"": 1.0, ""0_43"": 0.5894244212650386, ""0_44"": 0.8074170942197298, ""0_45"": 0.22852459487669138, ""1_19"": 0.0}","{""0_42"": 0.010461249893750793, ""0_43"": 0.015513224083195812, ""0_44"": 1.0, ""0_45"": 0.0, ""1_19"": 0.001096101064616811}",0.6,0_44,1,0.5166900877516414,"{""0_42"": 0.4062767499362505, ""0_43"": 0.24507770295593292, ""0_44"": 0.9229668376878919, ""0_45"": 0.09140983795067656, ""1_19"": 0.0006576606387700865}"
formal_test,greedy_path,Greedy path,2_0_44_11_2_16.bin,16,0_44,direct_lda_top5,0_44;0_43;0_42;1_19;0_45,1,0_44,1,0_44,0_42,0,0.8184931483668503,0.08212500000581713,0,0,"{""0_42"": 1.0, ""0_43"": 0.08251100949248799, ""0_44"": 0.18150685163314978, ""0_45"": 0.03199018285782736, ""1_19"": 0.0}","{""0_42"": 0.010461249893750793, ""0_43"": 0.015513224083195812, ""0_44"": 1.0, ""0_45"": 0.0, ""1_19"": 0.001096101064616811}",0.6,0_44,1,0.26632599071700935,"{""0_42"": 0.4062767499362505, ""0_43"": 0.04231233824691269, ""0_44"": 0.6726027406532599, ""0_45"": 0.012796073143130943, ""1_19"": 0.0006576606387700865}"
formal_test,no_pheromone,No pheromone,2_0_44_11_2_16.bin,16,0_44,direct_lda_top5,0_44;0_43;0_42;1_19;0_45,1,0_44,1,0_44,0_42,0,0.45751477488786496,4.688125000001264,0,0,"{""0_42"": 1.0, ""0_43"": 0.14107018449319075, ""0_44"": 0.542485225112135, ""0_45"": 0.030907024480417915, ""1_19"": 0.0}","{""0_42"": 0.010461249893750793, ""0_43"": 0.015513224083195812, ""0_44"": 1.0, ""0_45"": 0.0, ""1_19"": 0.001096101064616811}",0.6,0_44,1,0.4107173401086035,"{""0_42"": 0.4062767499362505, ""0_43"": 0.06573600824719379, ""0_44"": 0.816994090044854, ""0_45"": 0.012362809792167168, ""1_19"": 0.0006576606387700865}"
formal_test,full_aco,Full ACO,2_0_44_11_2_16.bin,16,0_44,direct_lda_top5,0_44;0_43;0_42;1_19;0_45,1,0_44,1,0_44,0_42,0,0.8595727342504054,4.919082999997215,0,0,"{""0_42"": 1.0, ""0_43"": 0.04406257344295218, ""0_44"": 0.1404272657495947, ""0_45"": 0.017118834607336972, ""1_19"": 0.0}","{""0_42"": 0.010461249893750793, ""0_43"": 0.015513224083195812, ""0_44"": 1.0, ""0_45"": 0.0, ""1_19"": 0.001096101064616811}",0.6,0_44,1,0.24989415636358736,"{""0_42"": 0.4062767499362505, ""0_43"": 0.02693296382709836, ""0_44"": 0.6561709062998379, ""0_45"": 0.006847533842934789, ""1_19"": 0.0006576606387700865}"
formal_test,average_cost,Average cost,2_0_45_11_2_16.bin,3,0_45,direct_lda_top5,0_45;0_48;1_17;1_18;0_44,1,0_45,1,0_45,0_45,1,0.035673540521721114,0.0012080000004743852,,,"{""0_44"": 0.0, ""0_45"": 1.0, ""0_48"": 0.9053465717102525, ""1_17"": 0.9643264594782789, ""1_18"": 0.875169983120603}","{""0_44"": 0.0, ""0_45"": 1.0, ""0_48"": 0.003669353636588636, ""1_17"": 0.00018089411748171643, ""1_18"": 9.123848864802933e-07}",0.6,0_45,1,0.6141608797381994,"{""0_44"": 0.0, ""0_45"": 1.0, ""0_48"": 0.3643402408660542, ""1_17"": 0.3858391202618006, ""1_18"": 0.3500685406791731}"
formal_test,greedy_path,Greedy path,2_0_45_11_2_16.bin,3,0_45,direct_lda_top5,0_45;0_48;1_17;1_18;0_44,1,0_45,1,0_45,0_45,1,0.8645365716708595,0.07000000000090267,0,0,"{""0_44"": 0.0, ""0_45"": 1.0, ""0_48"": 0.11627267603451488, ""1_17"": 0.13546342832914046, ""1_18"": 0.11239712956584823}","{""0_44"": 0.0, ""0_45"": 1.0, ""0_48"": 0.003669353636588636, ""1_17"": 0.00018089411748171643, ""1_18"": 9.123848864802933e-07}",0.6,0_45,1,0.9457060921978548,"{""0_44"": 0.0, ""0_45"": 1.0, ""0_48"": 0.048710682595759135, ""1_17"": 0.054293907802145214, ""1_18"": 0.04495939925727119}"
formal_test,no_pheromone,No pheromone,2_0_45_11_2_16.bin,3,0_45,direct_lda_top5,0_45;0_48;1_17;1_18;0_44,1,0_45,1,0_45,0_45,1,0.39537347910482235,4.529416000004005,0,0,"{""0_44"": 0.0, ""0_45"": 1.0, ""0_48"": 0.41034152880902314, ""1_17"": 0.6046265208951777, ""1_18"": 0.33090140773404914}","{""0_44"": 0.0, ""0_45"": 1.0, ""0_48"": 0.003669353636588636, ""1_17"": 0.00018089411748171643, ""1_18"": 9.123848864802933e-07}",0.6,0_45,1,0.7580408551714399,"{""0_44"": 0.0, ""0_45"": 1.0, ""0_48"": 0.16633822370556245, ""1_17"": 0.2419591448285601, ""1_18"": 0.13236111052455155}"
formal_test,full_aco,Full ACO,2_0_45_11_2_16.bin,3,0_45,direct_lda_top5,0_45;0_48;1_17;1_18;0_44,1,0_45,1,0_45,0_45,1,0.8758570181441935,4.915582999998946,0,0,"{""0_44"": 0.0, ""0_45"": 1.0, ""0_48"": 0.07082356452177563, ""1_17"": 0.12414298185580655, ""1_18"": 0.06134268813295698}","{""0_44"": 0.0, ""0_45"": 1.0, ""0_48"": 0.003669353636588636, ""1_17"": 0.00018089411748171643, ""1_18"": 9.123848864802933e-07}",0.6,0_45,1,0.9502342707871884,"{""0_44"": 0.0, ""0_45"": 1.0, ""0_48"": 0.030531037990663434, ""1_17"": 0.04976572921281165, ""1_18"": 0.02453762268411468}"
formal_test,average_cost,Average cost,2_0_45_11_2_16.bin,6,0_45,direct_lda_top5,0_45;0_48;1_18;1_17;0_44,1,0_45,1,0_45,0_45,1,0.03348709681017381,0.0016250000030026968,,,"{""0_44"": 0.0, ""0_45"": 1.0, ""0_48"": 0.9603087374656837, ""1_17"": 0.9665129031898262, ""1_18"": 0.8703790060812081}","{""0_44"": 0.0, ""0_45"": 1.0, ""0_48"": 0.05732400795543577, ""1_17"": 0.006015457016199399, ""1_18"": 0.02496273266300374}",0.6,0_45,1,0.5814821002404651,"{""0_44"": 0.0, ""0_45"": 1.0, ""0_48"": 0.41851789975953496, ""1_17"": 0.3902144354856501, ""1_18"": 0.3631292420302855}"
formal_test,greedy_path,Greedy path,2_0_45_11_2_16.bin,6,0_45,direct_lda_top5,0_45;0_48;1_18;1_17;0_44,1,0_45,1,0_45,0_45,1,0.8683711942298558,0.09350000000551972,0,0,"{""0_44"": 0.0, ""0_45"": 1.0, ""0_48"": 0.13162880577014427, ""1_17"": 0.12267709245458053, ""1_18"": 0.11047505464971451}","{""0_44"": 0.0, ""0_45"": 1.0, ""0_48"": 0.05732400795543577, ""1_17"": 0.006015457016199399, ""1_18"": 0.02496273266300374}",0.6,0_45,1,0.9129540729186808,"{""0_44"": 0.0, ""0_45"": 1.0, ""0_48"": 0.08704592708131917, ""1_17"": 0.05268011119155185, ""1_18"": 0.05916766145768805}"
formal_test,no_pheromone,No pheromone,2_0_45_11_2_16.bin,6,0_45,direct_lda_top5,0_45;0_48;1_18;1_17;0_44,1,0_45,1,0_45,0_45,1,0.21326975865732134,4.657833000003109,0,0,"{""0_44"": 0.0, ""0_45"": 1.0, ""0_48"": 0.7867302413426787, ""1_17"": 0.6508010206328784, ""1_18"": 0.27666957244199464}","{""0_44"": 0.0, ""0_45"": 1.0, ""0_48"": 0.05732400795543577, ""1_17"": 0.006015457016199399, ""1_18"": 0.02496273266300374}",0.6,0_45,1,0.6509134986896671,"{""0_44"": 0.0, ""0_45"": 1.0, ""0_48"": 0.3490865013103329, ""1_17"": 0.26392968246287096, ""1_18"": 0.1256454685746001}"
formal_test,full_aco,Full ACO,2_0_45_11_2_16.bin,6,0_45,direct_lda_top5,0_45;0_48;1_18;1_17;0_44,1,0_45,1,0_45,0_45,1,0.8888917001646964,4.852292000002478,0,0,"{""0_44"": 0.0, ""0_45"": 1.0, ""0_48"": 0.07895320893672905, ""1_17"": 0.11110829983530357, ""1_18"": 0.06677566205957247}","{""0_44"": 0.0, ""0_45"": 1.0, ""0_48"": 0.05732400795543577, ""1_17"": 0.006015457016199399, ""1_18"": 0.02496273266300374}",0.6,0_45,1,0.9340243116520469,"{""0_44"": 0.0, ""0_45"": 1.0, ""0_48"": 0.06597568834795309, ""1_17"": 0.04805259414384107, ""1_18"": 0.04168790442163123}"
formal_test,average_cost,Average cost,2_0_45_11_2_16.bin,7,0_45,direct_lda_top5,0_45;0_48;1_17;0_44;1_18,1,0_45,1,0_45,0_45,1,0.0506996893642474,0.001166000004104717,,,"{""0_44"": 0.0, ""0_45"": 1.0, ""0_48"": 0.9204370158627092, ""1_17"": 0.9493003106357526, ""1_18"": 0.8470260287585637}","{""0_44"": 1.969456634462368e-07, ""0_45"": 1.0, ""0_48"": 0.0014125220111838985, ""1_17"": 0.00010750816897703465, ""1_18"": 0.0}",0.6,0_45,1,0.6202153708443128,"{""0_44"": 1.1816739806774207e-07, ""0_45"": 1.0, ""0_48"": 0.36902231955179404, ""1_17"": 0.3797846291556873, ""1_18"": 0.3388104115034255}"
formal_test,greedy_path,Greedy path,2_0_45_11_2_16.bin,7,0_45,direct_lda_top5,0_45;0_48;1_17;0_44;1_18,1,0_45,1,0_45,0_45,1,0.8762477922265285,0.07037499999995589,0,0,"{""0_44"": 0.0, ""0_45"": 1.0, ""0_48"": 0.11877802127910124, ""1_17"": 0.1237522077734715, ""1_18"": 0.10930468237801055}","{""0_44"": 1.969456634462368e-07, ""0_45"": 1.0, ""0_48"": 0.0014125220111838985, ""1_17"": 0.00010750816897703465, ""1_18"": 0.0}",0.6,0_45,1,0.9504346119892252,"{""0_44"": 1.1816739806774207e-07, ""0_45"": 1.0, ""0_48"": 0.04835872171835084, ""1_17"": 0.04956538801077483, ""1_18"": 0.04372187295120422}"
formal_test,no_pheromone,No pheromone,2_0_45_11_2_16.bin,7,0_45,direct_lda_top5,0_45;0_48;1_17;0_44;1_18,1,0_45,1,0_45,0_45,1,0.483479313174908,4.737583000000711,0,0,"{""0_44"": 0.0, ""0_45"": 1.0, ""0_48"": 0.3978677547692895, ""1_17"": 0.516520686825092, ""1_18"": 0.2461885818277659}","{""0_44"": 1.969456634462368e-07, ""0_45"": 1.0, ""0_48"": 0.0014125220111838985, ""1_17"": 0.00010750816897703465, ""1_18"": 0.0}",0.6,0_45,1,0.793327220368577,"{""0_44"": 1.1816739806774207e-07, ""0_45"": 1.0, ""0_48"": 0.15999461511442614, ""1_17"": 0.20667277963142303, ""1_18"": 0.09847543273110637}"
formal_test,full_aco,Full ACO,2_0_45_11_2_16.bin,7,0_45,direct_lda_top5,0_45;0_48;1_17;0_44;1_18,1,0_45,1,0_45,0_45,1,0.9314967715336575,4.783707999997944,0,0,"{""0_44"": 0.0, ""0_45"": 1.0, ""0_48"": 0.06564461224628876, ""1_17"": 0.06850322846634244, ""1_18"": 0.06044427385058461}","{""0_44"": 1.969456634462368e-07, ""0_45"": 1.0, ""0_48"": 0.0014125220111838985, ""1_17"": 0.00010750816897703465, ""1_18"": 0.0}",0.6,0_45,1,0.9725342037120768,"{""0_44"": 1.1816739806774207e-07, ""0_45"": 1.0, ""0_48"": 0.02710535810522584, ""1_17"": 0.027465796287923196, ""1_18"": 0.024177709540233846}"
formal_test,average_cost,Average cost,2_0_45_11_2_16.bin,16,0_45,direct_lda_top5,0_45;0_48;1_17;0_44;1_18,1,0_45,1,1_20,0_45,1,0.38879568934065145,0.001041999993844911,,,"{""0_44"": 0.0, ""0_45"": 1.0, ""0_48"": 0.6112043106593485, ""1_17"": 0.5248360062823801, ""1_18"": 0.4453946163554408}","{""0_44"": 3.902641076456128e-07, ""0_45"": 1.0, ""0_48"": 0.00023580064315687754, ""1_17"": 5.6520323450122786e-05, ""1_18"": 0.0}",0.6,0_45,1,0.7553767953503665,"{""0_44"": 2.3415846458736768e-07, ""0_45"": 1.0, ""0_48"": 0.24462320464963355, ""1_17"": 0.20996831470702212, ""1_18"": 0.17815784654217634}"
formal_test,greedy_path,Greedy path,2_0_45_11_2_16.bin,16,0_45,direct_lda_top5,0_45;0_48;1_17;0_44;1_18,1,0_45,1,1_20,0_45,1,0.9037027467146278,0.08079100000202288,0,0,"{""0_44"": 0.0, ""0_45"": 1.0, ""0_48"": 0.09629725328537223, ""1_17"": 0.0941638869374223, ""1_18"": 0.07017338954441005}","{""0_44"": 3.902641076456128e-07, ""0_45"": 1.0, ""0_48"": 0.00023580064315687754, ""1_17"": 5.6520323450122786e-05, ""1_18"": 0.0}",0.6,0_45,1,0.961339618299957,"{""0_44"": 2.3415846458736768e-07, ""0_45"": 1.0, ""0_48"": 0.038660381700043024, ""1_17"": 0.037699466969038996, ""1_18"": 0.02806935581776402}"
formal_test,no_pheromone,No pheromone,2_0_45_11_2_16.bin,16,0_45,direct_lda_top5,0_45;0_48;1_17;0_44;1_18,1,0_45,1,1_20,0_45,1,0.8237057168260488,4.708166000000347,0,0,"{""0_44"": 0.0, ""0_45"": 1.0, ""0_48"": 0.17629428317395127, ""1_17"": 0.1142030025100001, ""1_18"": 0.07809760096276058}","{""0_44"": 3.902641076456128e-07, ""0_45"": 1.0, ""0_48"": 0.00023580064315687754, ""1_17"": 5.6520323450122786e-05, ""1_18"": 0.0}",0.6,0_45,1,0.9293408063445254,"{""0_44"": 2.3415846458736768e-07, ""0_45"": 1.0, ""0_48"": 0.07065919365547463, ""1_17"": 0.04571511319807012, ""1_18"": 0.031239040385104236}"
formal_test,full_aco,Full ACO,2_0_45_11_2_16.bin,16,0_45,direct_lda_top5,0_45;0_48;1_17;0_44;1_18,1,0_45,1,1_20,0_45,1,0.9478587618221458,4.871874999999193,0,0,"{""0_44"": 0.0, ""0_45"": 1.0, ""0_48"": 0.052141238177854196, ""1_17"": 0.05110504234685881, ""1_18"": 0.038008662660625386}","{""0_44"": 3.902641076456128e-07, ""0_45"": 1.0, ""0_48"": 0.00023580064315687754, ""1_17"": 5.6520323450122786e-05, ""1_18"": 0.0}",0.6,0_45,1,0.9790020243429642,"{""0_44"": 2.3415846458736768e-07, ""0_45"": 1.0, ""0_48"": 0.020997975657035806, ""1_17"": 0.020475929132813597, ""1_18"": 0.015203465064250155}"
formal_test,average_cost,Average cost,2_0_48_11_2_16.bin,2,0_48,direct_lda_top5,0_48;0_45;0_50;0_44;1_17,1,0_48,1,0_48,0_48,1,0.06772786587794422,0.0011250000042650754,,,"{""0_44"": 0.0, ""0_45"": 0.9322721341220558, ""0_48"": 1.0, ""0_50"": 0.5705068506485965, ""1_17"": 0.917059541905728}","{""0_44"": 9.956403628774191e-07, ""0_45"": 0.001660992496977467, ""0_48"": 1.0, ""0_50"": 0.00013517898542473236, ""1_17"": 0.0}",0.6,0_48,1,0.6260945508529911,"{""0_44"": 5.973842177264515e-07, ""0_45"": 0.3739054491470088, ""0_48"": 1.0, ""0_50"": 0.22828384765069346, ""1_17"": 0.36682381676229125}"
formal_test,greedy_path,Greedy path,2_0_48_11_2_16.bin,2,0_48,direct_lda_top5,0_48;0_45;0_50;0_44;1_17,1,0_48,1,0_48,0_48,1,0.8792136797240313,0.06891599999647724,0,0,"{""0_44"": 0.0, ""0_45"": 0.12078632027596868, ""0_48"": 1.0, ""0_50"": 0.08625323216619728, ""1_17"": 0.11881535818409036}","{""0_44"": 9.956403628774191e-07, ""0_45"": 0.001660992496977467, ""0_48"": 1.0, ""0_50"": 0.00013517898542473236, ""1_17"": 0.0}",0.6,0_48,1,0.9506888763914261,"{""0_44"": 5.973842177264515e-07, ""0_45"": 0.049311123608573953, ""0_48"": 1.0, ""0_50"": 0.03458240025773375, ""1_17"": 0.04752614327363615}"
formal_test,no_pheromone,No pheromone,2_0_48_11_2_16.bin,2,0_48,direct_lda_top5,0_48;0_45;0_50;0_44;1_17,1,0_48,1,0_48,0_48,1,0.6387961067866803,4.579082999995876,0,0,"{""0_44"": 0.0, ""0_45"": 0.3066028048168061, ""0_48"": 1.0, ""0_50"": 0.10358603329363768, ""1_17"": 0.36120389321331975}","{""0_44"": 9.956403628774191e-07, ""0_45"": 0.001660992496977467, ""0_48"": 1.0, ""0_50"": 0.00013517898542473236, ""1_17"": 0.0}",0.6,0_48,1,0.855518442714672,"{""0_44"": 5.973842177264515e-07, ""0_45"": 0.12363771742490892, ""0_48"": 1.0, ""0_50"": 0.04151552070870991, ""1_17"": 0.1444815572853279}"
formal_test,full_aco,Full ACO,2_0_48_11_2_16.bin,2,0_48,direct_lda_top5,0_48;0_45;0_50;0_44;1_17,1,0_48,1,0_48,0_48,1,0.9155559973393104,5.016541000003372,0,0,"{""0_44"": 0.0, ""0_45"": 0.0844440026606896, ""0_48"": 1.0, ""0_50"": 0.04726128686862856, ""1_17"": 0.08147666059817546}","{""0_44"": 9.956403628774191e-07, ""0_45"": 0.001660992496977467, ""0_48"": 1.0, ""0_50"": 0.00013517898542473236, ""1_17"": 0.0}",0.6,0_48,1,0.9652258034375377,"{""0_44"": 5.973842177264515e-07, ""0_45"": 0.03477419656246233, ""0_48"": 1.0, ""0_50"": 0.018985622138706262, ""1_17"": 0.032590664239270185}"
formal_test,average_cost,Average cost,2_0_48_11_2_16.bin,5,0_48,direct_lda_top5,0_48;0_45;0_50;0_44;1_17,1,0_48,1,0_48,0_48,1,0.14283701867949572,0.0012499999968440534,,,"{""0_44"": 0.0, ""0_45"": 0.8571629813205043, ""0_48"": 1.0, ""0_50"": 0.5867347359169859, ""1_17"": 0.8376183378667154}","{""0_44"": 0.0001245255409181855, ""0_45"": 0.0019501908299232756, ""0_48"": 1.0, ""0_50"": 0.001475680570742313, ""1_17"": 0.0}",0.6,0_48,1,0.6559646929738443,"{""0_44"": 7.47153245509113e-05, ""0_45"": 0.3440353070261557, ""0_48"": 1.0, ""0_50"": 0.23557930270923974, ""1_17"": 0.33504733514668616}"
formal_test,greedy_path,Greedy path,2_0_48_11_2_16.bin,5,0_48,direct_lda_top5,0_48;0_45;0_50;0_44;1_17,1,0_48,1,0_48,0_48,1,0.8838227256369746,0.08608299999934843,0,0,"{""0_44"": 0.0, ""0_45"": 0.11617727436302538, ""0_48"": 1.0, ""0_50"": 0.07952424903830169, ""1_17"": 0.11352825258497297}","{""0_44"": 0.0001245255409181855, ""0_45"": 0.0019501908299232756, ""0_48"": 1.0, ""0_50"": 0.001475680570742313, ""1_17"": 0.0}",0.6,0_48,1,0.9523589757568359,"{""0_44"": 7.47153245509113e-05, ""0_45"": 0.04764102424316412, ""0_48"": 1.0, ""0_50"": 0.03269510795776606, ""1_17"": 0.04541130103398919}"
formal_test,no_pheromone,No pheromone,2_0_48_11_2_16.bin,5,0_48,direct_lda_top5,0_48;0_45;0_50;0_44;1_17,1,0_48,1,0_48,0_48,1,0.6740906122959955,4.702459000000658,0,0,"{""0_44"": 0.0, ""0_45"": 0.3259093877040044, ""0_48"": 1.0, ""0_50"": 0.10846599041255743, ""1_17"": 0.30473656806813426}","{""0_44"": 0.0001245255409181855, ""0_45"": 0.0019501908299232756, ""0_48"": 1.0, ""0_50"": 0.001475680570742313, ""1_17"": 0.0}",0.6,0_48,1,0.8684661304204443,"{""0_44"": 7.47153245509113e-05, ""0_45"": 0.13153386957955573, ""0_48"": 1.0, ""0_50"": 0.044271804507468364, ""1_17"": 0.12189462722725371}"
formal_test,full_aco,Full ACO,2_0_48_11_2_16.bin,5,0_48,direct_lda_top5,0_48;0_45;0_50;0_44;1_17,1,0_48,1,0_48,0_48,1,0.8513219473241525,4.857874999999012,0,0,"{""0_44"": 0.0, ""0_45"": 0.1486780526758476, ""0_48"": 1.0, ""0_50"": 0.04314980740824327, ""1_17"": 0.0746778682246745}","{""0_44"": 0.0001245255409181855, ""0_45"": 0.0019501908299232756, ""0_48"": 1.0, ""0_50"": 0.001475680570742313, ""1_17"": 0.0}",0.6,0_48,1,0.939358664431707,"{""0_44"": 7.47153245509113e-05, ""0_45"": 0.06064133556829301, ""0_48"": 1.0, ""0_50"": 0.0181453313057427, ""1_17"": 0.0298711472898698}"
formal_test,average_cost,Average cost,2_0_48_11_2_16.bin,7,0_48,direct_lda_top5,0_48;0_45;0_50;0_44;1_17,1,0_48,1,0_48,0_48,1,0.1331928993616921,0.001124999997159648,,,"{""0_44"": 0.0, ""0_45"": 0.8577474361504289, ""0_48"": 1.0, ""0_50"": 0.5803738134829058, ""1_17"": 0.8668071006383079}","{""0_44"": 0.00012243405928865112, ""0_45"": 0.011928732650916048, ""0_48"": 1.0, ""0_50"": 0.00041642503326414995, ""1_17"": 0.0}",0.6,0_48,1,0.6497437859492787,"{""0_44"": 7.346043557319067e-05, ""0_45"": 0.3502562140507212, ""0_48"": 1.0, ""0_50"": 0.23239938041312086, ""1_17"": 0.3467228402553232}"
formal_test,greedy_path,Greedy path,2_0_48_11_2_16.bin,7,0_48,direct_lda_top5,0_48;0_45;0_50;0_44;1_17,1,0_48,1,0_48,0_48,1,0.8834451071282686,0.07020800000390182,0,0,"{""0_44"": 0.0, ""0_45"": 0.11533668847185857, ""0_48"": 1.0, ""0_50"": 0.09529895825648822, ""1_17"": 0.11655489287173137}","{""0_44"": 0.00012243405928865112, ""0_45"": 0.011928732650916048, ""0_48"": 1.0, ""0_50"": 0.00041642503326414995, ""1_17"": 0.0}",0.6,0_48,1,0.9467080850207069,"{""0_44"": 7.346043557319067e-05, ""0_45"": 0.05329191497929306, ""0_48"": 1.0, ""0_50"": 0.03836943832255378, ""1_17"": 0.04662195714869255}"
formal_test,no_pheromone,No pheromone,2_0_48_11_2_16.bin,7,0_48,direct_lda_top5,0_48;0_45;0_50;0_44;1_17,1,0_48,1,0_48,0_48,1,0.7413499724119293,4.770167000003767,0,0,"{""0_44"": 0.0, ""0_45"": 0.2462071472706646, ""0_48"": 1.0, ""0_50"": 0.1185918717789596, ""1_17"": 0.25865002758807065}","{""0_44"": 0.00012243405928865112, ""0_45"": 0.011928732650916048, ""0_48"": 1.0, ""0_50"": 0.00041642503326414995, ""1_17"": 0.0}",0.6,0_48,1,0.8943599015011845,"{""0_44"": 7.346043557319067e-05, ""0_45"": 0.10564009849881548, ""0_48"": 1.0, ""0_50"": 0.047686603731542335, ""1_17"": 0.10346001103522827}"
formal_test,full_aco,Full ACO,2_0_48_11_2_16.bin,7,0_48,direct_lda_top5,0_48;0_45;0_50;0_44;1_17,1,0_48,1,0_48,0_48,1,0.9346542038230298,5.003958999999725,0,0,"{""0_44"": 0.0, ""0_45"": 0.06397316949476699, ""0_48"": 1.0, ""0_50"": 0.05279296964127992, ""1_17"": 0.06534579617697023}","{""0_44"": 0.00012243405928865112, ""0_45"": 0.011928732650916048, ""0_48"": 1.0, ""0_50"": 0.00041642503326414995, ""1_17"": 0.0}",0.6,0_48,1,0.9672534926115436,"{""0_44"": 7.346043557319067e-05, ""0_45"": 0.03274650738845642, ""0_48"": 1.0, ""0_50"": 0.021367042876470458, ""1_17"": 0.026138318470788093}"
formal_test,average_cost,Average cost,2_0_48_11_2_16.bin,13,0_48,direct_lda_top5,0_48;1_16;0_45;1_17;1_18,1,0_48,1,0_48,0_48,1,0.3222675893796303,0.0010420000009503383,,,"{""0_45"": 0.0, ""0_48"": 1.0, ""1_16"": 0.2813172787976015, ""1_17"": 0.6777324106203697, ""1_18"": 0.47202902027203336}","{""0_45"": 0.00016652671820891957, ""0_48"": 1.0, ""1_16"": 0.000657560774206706, ""1_17"": 8.8799725917842e-06, ""1_18"": 0.0}",0.6,0_48,1,0.7289017077682971,"{""0_45"": 9.991603092535174e-05, ""0_48"": 1.0, ""1_16"": 0.11292144798356461, ""1_17"": 0.27109829223170295, ""1_18"": 0.18881160810881337}"
formal_test,greedy_path,Greedy path,2_0_48_11_2_16.bin,13,0_48,direct_lda_top5,0_48;1_16;0_45;1_17;1_18,1,0_48,1,0_48,0_48,1,0.9051723787357316,0.06900000000342743,0,0,"{""0_45"": 0.0, ""0_48"": 1.0, ""1_16"": 0.039361624072980064, ""1_17"": 0.09482762126426836, ""1_18"": 0.06604581462929775}","{""0_45"": 0.00016652671820891957, ""0_48"": 1.0, ""1_16"": 0.000657560774206706, ""1_17"": 8.8799725917842e-06, ""1_18"": 0.0}",0.6,0_48,1,0.9620636235107376,"{""0_45"": 9.991603092535174e-05, ""0_48"": 1.0, ""1_16"": 0.016139186093716052, ""1_17"": 0.037936376489262416, ""1_18"": 0.0264183258517191}"
formal_test,no_pheromone,No pheromone,2_0_48_11_2_16.bin,13,0_48,direct_lda_top5,0_48;1_16;0_45;1_17;1_18,1,0_48,1,0_48,0_48,1,0.8424630530923232,4.53383400000007,0,0,"{""0_45"": 0.0, ""0_48"": 1.0, ""1_16"": 0.053314936780445084, ""1_17"": 0.15753694690767683, ""1_18"": 0.07426174970614619}","{""0_45"": 0.00016652671820891957, ""0_48"": 1.0, ""1_16"": 0.000657560774206706, ""1_17"": 8.8799725917842e-06, ""1_18"": 0.0}",0.6,0_48,1,0.9369798932533742,"{""0_45"": 9.991603092535174e-05, ""0_48"": 1.0, ""1_16"": 0.02172051117670206, ""1_17"": 0.06302010674662581, ""1_18"": 0.029704699882458475}"
formal_test,full_aco,Full ACO,2_0_48_11_2_16.bin,13,0_48,direct_lda_top5,0_48;1_16;0_45;1_17;1_18,1,0_48,1,0_48,0_48,1,0.9470920417610479,4.983584000001429,0,0,"{""0_45"": 0.0, ""0_48"": 1.0, ""1_16"": 0.021920443280397075, ""1_17"": 0.05290795823895216, ""1_18"": 0.03679269338205145}","{""0_45"": 0.00016652671820891957, ""0_48"": 1.0, ""1_16"": 0.000657560774206706, ""1_17"": 8.8799725917842e-06, ""1_18"": 0.0}",0.6,0_48,1,0.978831488720864,"{""0_45"": 9.991603092535174e-05, ""0_48"": 1.0, ""1_16"": 0.009162713776682855, ""1_17"": 0.021168511279135938, ""1_18"": 0.01471707735282058}"
formal_test,average_cost,Average cost,2_0_50_11_2_16.bin,10,0_50,direct_lda_top5,0_50;0_48;0_44;0_45;0_43,1,0_50,1,0_50,0_50,1,0.29507892638419775,0.0010420000009503383,,,"{""0_43"": 0.7049210736158023, ""0_44"": 0.0, ""0_45"": 0.4195526701024878, ""0_48"": 0.45751050150973377, ""0_50"": 1.0}","{""0_43"": 0.0, ""0_44"": 9.925354577531516e-10, ""0_45"": 1.9884671159823251e-10, ""0_48"": 4.4321129724315424e-08, ""0_50"": 1.0}",0.6,0_50,1,0.718031570553679,"{""0_43"": 0.2819684294463209, ""0_44"": 5.95521274651891e-10, ""0_45"": 0.16782106816030318, ""0_48"": 0.18300422719657136, ""0_50"": 1.0}"
formal_test,greedy_path,Greedy path,2_0_50_11_2_16.bin,10,0_50,direct_lda_top5,0_50;0_48;0_44;0_45;0_43,1,0_50,1,0_50,0_50,1,0.9000018771102426,0.069334000002641,0,0,"{""0_43"": 0.09999812288975736, ""0_44"": 0.0, ""0_45"": 0.05951656296560164, ""0_48"": 0.06490115427909558, ""0_50"": 1.0}","{""0_43"": 0.0, ""0_44"": 9.925354577531516e-10, ""0_45"": 1.9884671159823251e-10, ""0_48"": 4.4321129724315424e-08, ""0_50"": 1.0}",0.6,0_50,1,0.9600007508440971,"{""0_43"": 0.039999249155902944, ""0_44"": 5.95521274651891e-10, ""0_45"": 0.023806625305548685, ""0_48"": 0.02596048830431607, ""0_50"": 1.0}"
formal_test,no_pheromone,No pheromone,2_0_50_11_2_16.bin,10,0_50,direct_lda_top5,0_50;0_48;0_44;0_45;0_43,1,0_50,1,0_50,0_50,1,0.8594124277976797,4.575500000001398,0,0,"{""0_43"": 0.1405875722023203, ""0_44"": 0.0, ""0_45"": 0.07057451245554615, ""0_48"": 0.07392518655290965, ""0_50"": 1.0}","{""0_43"": 0.0, ""0_44"": 9.925354577531516e-10, ""0_45"": 1.9884671159823251e-10, ""0_48"": 4.4321129724315424e-08, ""0_50"": 1.0}",0.6,0_50,1,0.9437649711190719,"{""0_43"": 0.05623502888092812, ""0_44"": 5.95521274651891e-10, ""0_45"": 0.028229805101526485, ""0_48"": 0.029570101213841696, ""0_50"": 1.0}"
formal_test,full_aco,Full ACO,2_0_50_11_2_16.bin,10,0_50,direct_lda_top5,0_50;0_48;0_44;0_45;0_43,1,0_50,1,0_50,0_50,1,0.9434889581354327,5.083792000000642,0,0,"{""0_43"": 0.05651104186456729, ""0_44"": 0.0, ""0_45"": 0.03360323678216483, ""0_48"": 0.036272209722449066, ""0_50"": 1.0}","{""0_43"": 0.0, ""0_44"": 9.925354577531516e-10, ""0_45"": 1.9884671159823251e-10, ""0_48"": 4.4321129724315424e-08, ""0_50"": 1.0}",0.6,0_50,1,0.9773955832541731,"{""0_43"": 0.022604416745826916, ""0_44"": 5.95521274651891e-10, ""0_45"": 0.01344129483217396, ""0_48"": 0.01450891048165746, ""0_50"": 1.0}"
formal_test,average_cost,Average cost,2_0_50_11_2_16.bin,11,0_50,direct_lda_top5,0_50;0_48;0_44;0_45;0_43,1,0_50,1,0_50,0_50,1,0.31211554372707295,0.0010420000009503383,,,"{""0_43"": 0.535033963863219, ""0_44"": 0.0, ""0_45"": 0.469380278446982, ""0_48"": 0.687884456272927, ""0_50"": 1.0}","{""0_43"": 0.0, ""0_44"": 4.426065778891042e-09, ""0_45"": 3.6107823762491033e-09, ""0_48"": 3.872959682587891e-06, ""0_50"": 1.0}",0.6,0_50,1,0.7248438937150197,"{""0_43"": 0.2140135855452876, ""0_44"": 2.655639467334625e-09, ""0_45"": 0.18775211354526222, ""0_48"": 0.2751561062849804, ""0_50"": 1.0}"
formal_test,greedy_path,Greedy path,2_0_50_11_2_16.bin,11,0_50,direct_lda_top5,0_50;0_48;0_44;0_45;0_43,1,0_50,1,0_50,0_50,1,0.887174022620053,0.07275000000106502,0,0,"{""0_43"": 0.07798463739660987, ""0_44"": 0.0, ""0_45"": 0.06841519097498934, ""0_48"": 0.112825977379947, ""0_50"": 1.0}","{""0_43"": 0.0, ""0_44"": 4.426065778891042e-09, ""0_45"": 3.6107823762491033e-09, ""0_48"": 3.872959682587891e-06, ""0_50"": 1.0}",0.6,0_50,1,0.9548672852722117,"{""0_43"": 0.03119385495864395, ""0_44"": 2.655639467334625e-09, ""0_45"": 0.027366078556465164, ""0_48"": 0.045132714727788355, ""0_50"": 1.0}"
formal_test,no_pheromone,No pheromone,2_0_50_11_2_16.bin,11,0_50,direct_lda_top5,0_50;0_48;0_44;0_45;0_43,1,0_50,1,0_50,0_50,1,0.7311925211685597,4.739583999999297,0,0,"{""0_43"": 0.12684252596558335, ""0_44"": 0.0, ""0_45"": 0.09642759164716978, ""0_48"": 0.26880747883144035, ""0_50"": 1.0}","{""0_43"": 0.0, ""0_44"": 4.426065778891042e-09, ""0_45"": 3.6107823762491033e-09, ""0_48"": 3.872959682587891e-06, ""0_50"": 1.0}",0.6,0_50,1,0.8924746846916143,"{""0_43"": 0.05073701038623334, ""0_44"": 2.655639467334625e-09, ""0_45"": 0.03857103882533734, ""0_48"": 0.1075253153083857, ""0_50"": 1.0}"
formal_test,full_aco,Full ACO,2_0_50_11_2_16.bin,11,0_50,direct_lda_top5,0_50;0_48;0_44;0_45;0_43,1,0_50,1,0_50,0_50,1,0.9341907473314529,4.75312500000058,0,0,"{""0_43"": 0.043447793887058155, ""0_44"": 0.0, ""0_45"": 0.03906943516657468, ""0_48"": 0.06580925266854705, ""0_50"": 1.0}","{""0_43"": 0.0, ""0_44"": 4.426065778891042e-09, ""0_45"": 3.6107823762491033e-09, ""0_48"": 3.872959682587891e-06, ""0_50"": 1.0}",0.6,0_50,1,0.9736739751567717,"{""0_43"": 0.017379117554823263, ""0_44"": 2.655639467334625e-09, ""0_45"": 0.0156277762330993, ""0_48"": 0.026326024843228376, ""0_50"": 1.0}"
formal_test,average_cost,Average cost,2_0_50_11_2_16.bin,14,0_50,direct_lda_top5,0_50;0_48;0_44;0_45;0_43,1,0_50,1,0_50,0_50,1,0.4215156331401382,0.0014579999998431958,,,"{""0_43"": 0.0, ""0_44"": 0.06163487160808496, ""0_45"": 0.20151205186895296, ""0_48"": 0.5784843668598618, ""0_50"": 1.0}","{""0_43"": 0.0, ""0_44"": 3.5782848095546e-08, ""0_45"": 5.748696536165742e-11, ""0_48"": 2.9877481729725554e-07, ""0_50"": 1.0}",0.6,0_50,1,0.7686060739911649,"{""0_43"": 0.0, ""0_44"": 0.024653970112942843, ""0_45"": 0.08060482078207336, ""0_48"": 0.23139392600883513, ""0_50"": 1.0}"
formal_test,greedy_path,Greedy path,2_0_50_11_2_16.bin,14,0_50,direct_lda_top5,0_50;0_48;0_44;0_45;0_43,1,0_50,1,0_50,0_50,1,0.9148086248924614,0.07937500000565478,0,0,"{""0_43"": 0.0, ""0_44"": 0.007964716350702599, ""0_45"": 0.02604023164986602, ""0_48"": 0.08519137510753863, ""0_50"": 1.0}","{""0_43"": 0.0, ""0_44"": 3.5782848095546e-08, ""0_45"": 5.748696536165742e-11, ""0_48"": 2.9877481729725554e-07, ""0_50"": 1.0}",0.6,0_50,1,0.9659232706920942,"{""0_43"": 0.0, ""0_44"": 0.0031859080099898972, ""0_45"": 0.010416092694438588, ""0_48"": 0.03407672930790583, ""0_50"": 1.0}"
formal_test,no_pheromone,No pheromone,2_0_50_11_2_16.bin,14,0_50,direct_lda_top5,0_50;0_48;0_44;0_45;0_43,1,0_50,1,0_50,0_50,1,0.8267268083615062,4.5671250000012265,0,0,"{""0_43"": 0.00971473982628171, ""0_44"": 0.0, ""0_45"": 0.022395417794538547, ""0_48"": 0.17327319163849372, ""0_50"": 1.0}","{""0_43"": 0.0, ""0_44"": 3.5782848095546e-08, ""0_45"": 5.748696536165742e-11, ""0_48"": 2.9877481729725554e-07, ""0_50"": 1.0}",0.6,0_50,1,0.9306905440797122,"{""0_43"": 0.003885895930512684, ""0_44"": 2.14697088573276e-08, ""0_45"": 0.008958167152307598, ""0_48"": 0.06930945592028787, ""0_50"": 1.0}"
formal_test,full_aco,Full ACO,2_0_50_11_2_16.bin,14,0_50,direct_lda_top5,0_50;0_48;0_44;0_45;0_43,1,0_50,1,0_50,0_50,1,0.9529000835298663,4.99849999999924,0,0,"{""0_43"": 0.0, ""0_44"": 0.004465411339406355, ""0_45"": 0.0144264969119593, ""0_48"": 0.04709991647013372, ""0_50"": 1.0}","{""0_43"": 0.0, ""0_44"": 3.5782848095546e-08, ""0_45"": 5.748696536165742e-11, ""0_48"": 2.9877481729725554e-07, ""0_50"": 1.0}",0.6,0_50,1,0.9811598541470561,"{""0_43"": 0.0, ""0_44"": 0.0017861860054713995, ""0_45"": 0.0057705987992759, ""0_48"": 0.01884014585294387, ""0_50"": 1.0}"
formal_test,average_cost,Average cost,2_0_50_11_2_16.bin,18,0_50,direct_lda_top5,0_50;0_48;0_45;0_44;0_43,1,0_50,1,0_50,0_50,1,0.2644105068622117,0.0019999999949504854,,,"{""0_43"": 0.7355894931377883, ""0_44"": 0.0, ""0_45"": 0.20098061262807548, ""0_48"": 0.24465158914631882, ""0_50"": 1.0}","{""0_43"": 0.0, ""0_44"": 1.9534361205067023e-10, ""0_45"": 4.272035455607242e-08, ""0_48"": 5.549988230945664e-07, ""0_50"": 1.0}",0.6,0_50,1,0.7057642027448847,"{""0_43"": 0.29423579725511534, ""0_44"": 1.1720616723040213e-10, ""0_45"": 0.08039227068344293, ""0_48"": 0.0978609686578214, ""0_50"": 1.0}"
formal_test,greedy_path,Greedy path,2_0_50_11_2_16.bin,18,0_50,direct_lda_top5,0_50;0_48;0_45;0_44;0_43,1,0_50,1,0_50,0_50,1,0.8823080039119887,0.07029199999664115,0,0,"{""0_43"": 0.11769199608801131, ""0_44"": 0.0, ""0_45"": 0.026149927237315414, ""0_48"": 0.031832031811490906, ""0_50"": 1.0}","{""0_43"": 0.0, ""0_44"": 1.9534361205067023e-10, ""0_45"": 4.272035455607242e-08, ""0_48"": 5.549988230945664e-07, ""0_50"": 1.0}",0.6,0_50,1,0.9529232015647955,"{""0_43"": 0.04707679843520453, ""0_44"": 1.1720616723040213e-10, ""0_45"": 0.010459996527138901, ""0_48"": 0.01273314572389022, ""0_50"": 1.0}"
formal_test,no_pheromone,No pheromone,2_0_50_11_2_16.bin,18,0_50,direct_lda_top5,0_50;0_48;0_45;0_44;0_43,1,0_50,1,0_50,0_50,1,0.711099523015649,4.547375000001352,0,0,"{""0_43"": 0.28890047698435095, ""0_44"": 0.0, ""0_45"": 0.041843590569343204, ""0_48"": 0.04437012071038332, ""0_50"": 1.0}","{""0_43"": 0.0, ""0_44"": 1.9534361205067023e-10, ""0_45"": 4.272035455607242e-08, ""0_48"": 5.549988230945664e-07, ""0_50"": 1.0}",0.6,0_50,1,0.8844398092062596,"{""0_43"": 0.11556019079374039, ""0_44"": 1.1720616723040213e-10, ""0_45"": 0.016737461859950016, ""0_48"": 0.017748381283447186, ""0_50"": 1.0}"
formal_test,full_aco,Full ACO,2_0_50_11_2_16.bin,18,0_50,direct_lda_top5,0_50;0_48;0_45;0_44;0_43,1,0_50,1,0_50,0_50,1,0.9348434413677305,5.05491700000249,0,0,"{""0_43"": 0.06515655863226957, ""0_44"": 0.0, ""0_45"": 0.014438646059164775, ""0_48"": 0.017511888539214704, ""0_50"": 1.0}","{""0_43"": 0.0, ""0_44"": 1.9534361205067023e-10, ""0_45"": 4.272035455607242e-08, ""0_48"": 5.549988230945664e-07, ""0_50"": 1.0}",0.6,0_50,1,0.9739373765470922,"{""0_43"": 0.02606262345290783, ""0_44"": 1.1720616723040213e-10, ""0_45"": 0.005775484055878644, ""0_48"": 0.0070050884149797385, ""0_50"": 1.0}"
formal_test,average_cost,Average cost,2_1_16_11_2_16.bin,2,1_16,direct_lda_top5,1_16;1_17;1_18;0_48;0_45,1,1_16,1,1_16,1_16,1,0.11459842542868781,0.0010830000007899798,,,"{""0_45"": 0.0, ""0_48"": 0.6489538085074368, ""1_16"": 1.0, ""1_17"": 0.8854015745713122, ""1_18"": 0.3478109830488301}","{""0_45"": 0.0, ""0_48"": 2.122299401501682e-07, ""1_16"": 1.0, ""1_17"": 0.0008713840292184828, ""1_18"": 0.00010933743689915352}",0.6,1_16,1,0.645316539753944,"{""0_45"": 0.0, ""0_48"": 0.25958165074093886, ""1_16"": 1.0, ""1_17"": 0.354683460246056, ""1_18"": 0.13918999568167154}"
formal_test,greedy_path,Greedy path,2_1_16_11_2_16.bin,2,1_16,direct_lda_top5,1_16;1_17;1_18;0_48;0_45,1,1_16,1,1_16,1_16,1,0.8830880913443326,0.07337499999948704,0,0,"{""0_45"": 0.0, ""0_48"": 0.08569041501727999, ""1_16"": 1.0, ""1_17"": 0.11691190865566739, ""1_18"": 0.045926331110638416}","{""0_45"": 0.0, ""0_48"": 2.122299401501682e-07, ""1_16"": 1.0, ""1_17"": 0.0008713840292184828, ""1_18"": 0.00010933743689915352}",0.6,1_16,1,0.9527124061202019,"{""0_45"": 0.0, ""0_48"": 0.034276293344876085, ""1_16"": 1.0, ""1_17"": 0.04728759387979805, ""1_18"": 0.01843613490639486}"
formal_test,no_pheromone,No pheromone,2_1_16_11_2_16.bin,2,1_16,direct_lda_top5,1_16;1_17;1_18;0_48;0_45,1,1_16,1,1_16,1_16,1,0.5926773900359688,4.735541000002286,0,0,"{""0_45"": 0.0, ""0_48"": 0.14710223846504425, ""1_16"": 1.0, ""1_17"": 0.40732260996403125, ""1_18"": 0.05514055211792034}","{""0_45"": 0.0, ""0_48"": 2.122299401501682e-07, ""1_16"": 1.0, ""1_17"": 0.0008713840292184828, ""1_18"": 0.00010933743689915352}",0.6,1_16,1,0.8365481255968564,"{""0_45"": 0.0, ""0_48"": 0.05884102272398179, ""1_16"": 1.0, ""1_17"": 0.1634518744031436, ""1_18"": 0.02212182330930763}"
formal_test,full_aco,Full ACO,2_1_16_11_2_16.bin,2,1_16,direct_lda_top5,1_16;1_17;1_18;0_48;0_45,1,1_16,1,1_16,1_16,1,0.8959967181003743,4.979792000000316,0,0,"{""0_45"": 0.0, ""0_48"": 0.04706151836258708, ""1_16"": 1.0, ""1_17"": 0.10400328189962565, ""1_18"": 0.025236724732248285}","{""0_45"": 0.0, ""0_48"": 2.122299401501682e-07, ""1_16"": 1.0, ""1_17"": 0.0008713840292184828, ""1_18"": 0.00010933743689915352}",0.6,1_16,1,0.9578758568226187,"{""0_45"": 0.0, ""0_48"": 0.018824734682998924, ""1_16"": 1.0, ""1_17"": 0.042124143177381355, ""1_18"": 0.010160292355038805}"
formal_test,average_cost,Average cost,2_1_16_11_2_16.bin,5,1_16,direct_lda_top5,1_16;1_18;1_17;0_48;0_45,1,1_16,1,1_16,1_17,0,0.13917949807079555,0.0011250000042650754,,,"{""0_45"": 0.10010216191304194, ""0_48"": 0.8608205019292045, ""1_16"": 0.7698389231837629, ""1_17"": 1.0, ""1_18"": 0.0}","{""0_45"": 0.0, ""0_48"": 3.681536894149248e-08, ""1_16"": 1.0, ""1_17"": 0.0004477554571842128, ""1_18"": 0.005272172145620317}",0.6,1_16,1,0.5076669159991947,"{""0_45"": 0.04004086476521678, ""0_48"": 0.34432822286090314, ""1_16"": 0.9079355692735052, ""1_17"": 0.40026865327431055, ""1_18"": 0.0031633032873721904}"
formal_test,greedy_path,Greedy path,2_1_16_11_2_16.bin,5,1_16,direct_lda_top5,1_16;1_18;1_17;0_48;0_45,1,1_16,1,1_16,1_17,0,0.8324683522217288,0.06983299999774317,0,0,"{""0_45"": 0.012701671193003639, ""0_48"": 0.14190733513904405, ""1_16"": 0.1675316477782712, ""1_17"": 1.0, ""1_18"": 0.0}","{""0_45"": 0.0, ""0_48"": 3.681536894149248e-08, ""1_16"": 1.0, ""1_17"": 0.0004477554571842128, ""1_18"": 0.005272172145620317}",0.6,1_16,1,0.2667440058369979,"{""0_45"": 0.005080668477201455, ""0_48"": 0.056762956144838984, ""1_16"": 0.6670126591113085, ""1_17"": 0.40026865327431055, ""1_18"": 0.0031633032873721904}"
formal_test,no_pheromone,No pheromone,2_1_16_11_2_16.bin,5,1_16,direct_lda_top5,1_16;1_18;1_17;0_48;0_45,1,1_16,1,1_16,1_17,0,0.5158437772788562,4.596583000001431,0,0,"{""0_45"": 0.019631566203273047, ""0_48"": 0.4841562227211437, ""1_16"": 0.31997615900281184, ""1_17"": 1.0, ""1_18"": 0.0}","{""0_45"": 0.0, ""0_48"": 3.681536894149248e-08, ""1_16"": 1.0, ""1_17"": 0.0004477554571842128, ""1_18"": 0.005272172145620317}",0.6,1_16,1,0.3277218103268142,"{""0_45"": 0.00785262648130922, ""0_48"": 0.19366251117767888, ""1_16"": 0.7279904636011247, ""1_17"": 0.40026865327431055, ""1_18"": 0.0031633032873721904}"
formal_test,full_aco,Full ACO,2_1_16_11_2_16.bin,5,1_16,direct_lda_top5,1_16;1_18;1_17;0_48;0_45,1,1_16,1,1_16,1_17,0,0.9105579108045659,4.882167000005211,0,0,"{""0_45"": 0.006790641884505506, ""0_48"": 0.08908867877800532, ""1_16"": 0.08944208919543407, ""1_17"": 1.0, ""1_18"": 0.0}","{""0_45"": 0.0, ""0_48"": 3.681536894149248e-08, ""1_16"": 1.0, ""1_17"": 0.0004477554571842128, ""1_18"": 0.005272172145620317}",0.6,1_16,1,0.235508182403863,"{""0_45"": 0.0027162567538022027, ""0_48"": 0.03563549360042349, ""1_16"": 0.6357768356781736, ""1_17"": 0.40026865327431055, ""1_18"": 0.0031633032873721904}"
formal_test,average_cost,Average cost,2_1_16_11_2_16.bin,14,1_16,direct_lda_top5,1_16;1_17;1_18;0_48;0_45,1,1_16,1,1_16,1_16,1,0.13172092092961185,0.0010830000007899798,,,"{""0_45"": 0.0, ""0_48"": 0.6786390503040151, ""1_16"": 1.0, ""1_17"": 0.7926961881438693, ""1_18"": 0.8682790790703881}","{""0_45"": 0.0, ""0_48"": 1.305335914241735e-07, ""1_16"": 1.0, ""1_17"": 0.0007629663727706688, ""1_18"": 9.16518334253343e-05}",0.6,1_16,1,0.6526333772717896,"{""0_45"": 0.0, ""0_48"": 0.2714556984417609, ""1_16"": 1.0, ""1_17"": 0.31753625508121014, ""1_18"": 0.34736662272821045}"
formal_test,greedy_path,Greedy path,2_1_16_11_2_16.bin,14,1_16,direct_lda_top5,1_16;1_17;1_18;0_48;0_45,1,1_16,1,1_16,1_16,1,0.8820649180006488,0.09324999999904549,0,0,"{""0_45"": 0.0, ""0_48"": 0.09217699006551518, ""1_16"": 1.0, ""1_17"": 0.10766894216708603, ""1_18"": 0.11793508199935118}","{""0_45"": 0.0, ""0_48"": 1.305335914241735e-07, ""1_16"": 1.0, ""1_17"": 0.0007629663727706688, ""1_18"": 9.16518334253343e-05}",0.6,1_16,1,0.9527709761002043,"{""0_45"": 0.0, ""0_48"": 0.036870874346360924, ""1_16"": 1.0, ""1_17"": 0.043525356690496814, ""1_18"": 0.04722902389979567}"
formal_test,no_pheromone,No pheromone,2_1_16_11_2_16.bin,14,1_16,direct_lda_top5,1_16;1_17;1_18;0_48;0_45,1,1_16,1,1_16,1_16,1,0.6918810219195377,4.719250000000841,0,0,"{""0_45"": 0.0, ""0_48"": 0.14476101901598631, ""1_16"": 1.0, ""1_17"": 0.2550743504688615, ""1_18"": 0.30811897808046224}","{""0_45"": 0.0, ""0_48"": 1.305335914241735e-07, ""1_16"": 1.0, ""1_17"": 0.0007629663727706688, ""1_18"": 9.16518334253343e-05}",0.6,1_16,1,0.8766974176677599,"{""0_45"": 0.0, ""0_48"": 0.057904485926549384, ""1_16"": 1.0, ""1_17"": 0.10248752001120702, ""1_18"": 0.1233025823322401}"
formal_test,full_aco,Full ACO,2_1_16_11_2_16.bin,14,1_16,direct_lda_top5,1_16;1_17;1_18;0_48;0_45,1,1_16,1,1_16,1_16,1,0.9257919118785094,4.960958000005178,0,0,"{""0_45"": 0.0, ""0_48"": 0.05112348686136674, ""1_16"": 1.0, ""1_17"": 0.07420808812149059, ""1_18"": 0.06997887586228572}","{""0_45"": 0.0, ""0_48"": 1.305335914241735e-07, ""1_16"": 1.0, ""1_17"": 0.0007629663727706688, ""1_18"": 9.16518334253343e-05}",0.6,1_16,1,0.9698589849277414,"{""0_45"": 0.0, ""0_48"": 0.020449473064701552, ""1_16"": 1.0, ""1_17"": 0.030141015072258637, ""1_18"": 0.028046541444969493}"
formal_test,average_cost,Average cost,2_1_16_11_2_16.bin,18,1_16,direct_lda_top5,1_16;1_17;1_18;0_48;0_45,1,1_16,1,1_16,1_16,1,0.034900213537417346,0.0012500000039494807,,,"{""0_45"": 0.0, ""0_48"": 0.7445243764831192, ""1_16"": 1.0, ""1_17"": 0.9650997864625827, ""1_18"": 0.36733071669924233}","{""0_45"": 0.0, ""0_48"": 1.229260499169593e-05, ""1_16"": 1.0, ""1_17"": 0.02131635769551215, ""1_18"": 0.007447686982941251}",0.6,1_16,1,0.6011702707976596,"{""0_45"": 0.0, ""0_48"": 0.29781712615624273, ""1_16"": 1.0, ""1_17"": 0.39882972920234033, ""1_18"": 0.15140089886946168}"
formal_test,greedy_path,Greedy path,2_1_16_11_2_16.bin,18,1_16,direct_lda_top5,1_16;1_17;1_18;0_48;0_45,1,1_16,1,1_16,1_16,1,0.8772806551954266,0.07224999999522197,0,0,"{""0_45"": 0.0, ""0_48"": 0.11057961976122513, ""1_16"": 1.0, ""1_17"": 0.12271934480457342, ""1_18"": 0.04670872951402637}","{""0_45"": 0.0, ""0_48"": 1.229260499169593e-05, ""1_16"": 1.0, ""1_17"": 0.02131635769551215, ""1_18"": 0.007447686982941251}",0.6,1_16,1,0.9381224474608634,"{""0_45"": 0.0, ""0_48"": 0.04423922346748507, ""1_16"": 1.0, ""1_17"": 0.061877552539136654, ""1_18"": 0.023152103995375296}"
formal_test,no_pheromone,No pheromone,2_1_16_11_2_16.bin,18,1_16,direct_lda_top5,1_16;1_17;1_18;0_48;0_45,1,1_16,1,1_16,1_16,1,0.2638744843856472,4.534624999998016,0,0,"{""0_45"": 0.0, ""0_48"": 0.30237901124310196, ""1_16"": 1.0, ""1_17"": 0.7361255156143528, ""1_18"": 0.053172920785714825}","{""0_45"": 0.0, ""0_48"": 1.229260499169593e-05, ""1_16"": 1.0, ""1_17"": 0.02131635769551215, ""1_18"": 0.007447686982941251}",0.6,1_16,1,0.6927599791369516,"{""0_45"": 0.0, ""0_48"": 0.12095898006023581, ""1_16"": 1.0, ""1_17"": 0.3072400208630484, ""1_18"": 0.02573778050405068}"
formal_test,full_aco,Full ACO,2_1_16_11_2_16.bin,18,1_16,direct_lda_top5,1_16;1_17;1_18;0_48;0_45,1,1_16,1,1_16,1_16,1,0.861008488537936,4.925083000003383,0,0,"{""0_45"": 0.0, ""0_48"": 0.06016772838521149, ""1_16"": 1.0, ""1_17"": 0.13899151146206404, ""1_18"": 0.02542016582056339}","{""0_45"": 0.0, ""0_48"": 1.229260499169593e-05, ""1_16"": 1.0, ""1_17"": 0.02131635769551215, ""1_18"": 0.007447686982941251}",0.6,1_16,1,0.931613580797867,"{""0_45"": 0.0, ""0_48"": 0.024074466917079616, ""1_16"": 1.0, ""1_17"": 0.06838641920213291, ""1_18"": 0.014636678517990106}"
formal_test,average_cost,Average cost,2_1_17_11_2_16.bin,1,1_17,direct_lda_top5,1_18;1_17;0_45;1_16;1_20,1,1_18,0,1_17,1_17,1,0.11943199433323981,0.0012500000039494807,,,"{""0_45"": 0.8805680056667602, ""1_16"": 0.6003237797863827, ""1_17"": 1.0, ""1_18"": 0.674124598358712, ""1_20"": 0.0}","{""0_45"": 0.023597366377028618, ""1_16"": 0.005337356269021713, ""1_17"": 0.21306261696265988, ""1_18"": 1.0, ""1_20"": 0.0}",0.6,1_18,0,0.3418122691658889,"{""0_45"": 0.3663856220929213, ""1_16"": 0.24333192567596615, ""1_17"": 0.5278375701775959, ""1_18"": 0.8696498393434848, ""1_20"": 0.0}"
formal_test,greedy_path,Greedy path,2_1_17_11_2_16.bin,1,1_17,direct_lda_top5,1_18;1_17;0_45;1_16;1_20,1,1_18,0,1_17,1_17,1,0.872743000908053,0.08604199999950879,0,0,"{""0_45"": 0.12725699909194704, ""1_16"": 0.08300592236631617, ""1_17"": 1.0, ""1_18"": 0.09321025746556072, ""1_20"": 0.0}","{""0_45"": 0.023597366377028618, ""1_16"": 0.005337356269021713, ""1_17"": 0.21306261696265988, ""1_18"": 1.0, ""1_20"": 0.0}",0.6,1_18,0,0.10944653280862837,"{""0_45"": 0.06506121946299599, ""1_16"": 0.036404782707939495, ""1_17"": 0.5278375701775959, ""1_18"": 0.6372841029862243, ""1_20"": 0.0}"
formal_test,no_pheromone,No pheromone,2_1_17_11_2_16.bin,1,1_17,direct_lda_top5,1_18;1_17;0_45;1_16;1_20,1,1_18,0,1_17,1_17,1,0.4997301959752969,4.660583000003271,0,0,"{""0_45"": 0.5002698040247031, ""1_16"": 0.10029154294796205, ""1_17"": 1.0, ""1_18"": 0.19275138615197196, ""1_20"": 0.0}","{""0_45"": 0.023597366377028618, ""1_16"": 0.005337356269021713, ""1_17"": 0.21306261696265988, ""1_18"": 1.0, ""1_20"": 0.0}",0.6,1_18,0,0.14926298428319285,"{""0_45"": 0.2142663414360984, ""1_16"": 0.04331903094059786, ""1_17"": 0.5278375701775959, ""1_18"": 0.6771005544607888, ""1_20"": 0.0}"
formal_test,full_aco,Full ACO,2_1_17_11_2_16.bin,1,1_17,direct_lda_top5,1_18;1_17;0_45;1_16;1_20,1,1_18,0,1_17,1_17,1,0.9241263010509962,4.8724169999943,0,0,"{""0_45"": 0.0758736989490038, ""1_16"": 0.0460615335511139, ""1_17"": 1.0, ""1_18"": 0.0517265337343497, ""1_20"": 0.0}","{""0_45"": 0.023597366377028618, ""1_16"": 0.005337356269021713, ""1_17"": 0.21306261696265988, ""1_18"": 1.0, ""1_20"": 0.0}",0.6,1_18,0,0.09285304331614397,"{""0_45"": 0.04450789940581869, ""1_16"": 0.021627027181858587, ""1_17"": 0.5278375701775959, ""1_18"": 0.6206906134937399, ""1_20"": 0.0}"
formal_test,average_cost,Average cost,2_1_17_11_2_16.bin,11,1_17,direct_lda_top5,1_18;1_17;1_16;1_19;0_45,1,1_18,0,1_17,1_17,1,0.06972468100583873,0.0010830000007899798,,,"{""0_45"": 0.9302753189941613, ""1_16"": 0.4491970523494849, ""1_17"": 1.0, ""1_18"": 0.8329553840440009, ""1_19"": 0.0}","{""0_45"": 0.0, ""1_16"": 0.0037164098328283466, ""1_17"": 0.04553951008513195, ""1_18"": 1.0, ""1_19"": 0.0017633020220981436}",0.6,1_18,0,0.5058584475665212,"{""0_45"": 0.37211012759766454, ""1_16"": 0.181908666839491, ""1_17"": 0.42732370605107917, ""1_18"": 0.9331821536176004, ""1_19"": 0.0010579812132588862}"
formal_test,greedy_path,Greedy path,2_1_17_11_2_16.bin,11,1_17,direct_lda_top5,1_18;1_17;1_16;1_19;0_45,1,1_18,0,1_17,1_17,1,0.8687649353749318,0.07341599999932669,0,0,"{""0_45"": 0.1312350646250682, ""1_16"": 0.05817969656821569, ""1_17"": 1.0, ""1_18"": 0.10788381456438807, ""1_19"": 0.0}","{""0_45"": 0.0, ""1_16"": 0.0037164098328283466, ""1_17"": 0.04553951008513195, ""1_18"": 1.0, ""1_19"": 0.0017633020220981436}",0.6,1_18,0,0.21582981977467608,"{""0_45"": 0.052494025850027284, ""1_16"": 0.025501724526983287, ""1_17"": 0.42732370605107917, ""1_18"": 0.6431535258257552, ""1_19"": 0.0010579812132588862}"
formal_test,no_pheromone,No pheromone,2_1_17_11_2_16.bin,11,1_17,direct_lda_top5,1_18;1_17;1_16;1_19;0_45,1,1_18,0,1_17,1_17,1,0.5433179920524528,4.722957999995003,0,0,"{""0_45"": 0.4566820079475472, ""1_16"": 0.08218411100288535, ""1_17"": 1.0, ""1_18"": 0.25306737208765123, ""1_19"": 0.0}","{""0_45"": 0.0, ""1_16"": 0.0037164098328283466, ""1_17"": 0.04553951008513195, ""1_18"": 1.0, ""1_19"": 0.0017633020220981436}",0.6,1_18,0,0.27390324278398126,"{""0_45"": 0.1826728031790189, ""1_16"": 0.035103490300851144, ""1_17"": 0.42732370605107917, ""1_18"": 0.7012269488350604, ""1_19"": 0.0010579812132588862}"
formal_test,full_aco,Full ACO,2_1_17_11_2_16.bin,11,1_17,direct_lda_top5,1_18;1_17;1_16;1_19;0_45,1,1_18,0,1_17,1_17,1,0.9227663144433124,4.904916000000981,0,0,"{""0_45"": 0.07723368555668766, ""1_16"": 0.03207999015730686, ""1_17"": 1.0, ""1_18"": 0.07436160999021432, ""1_19"": 0.0}","{""0_45"": 0.0, ""1_16"": 0.0037164098328283466, ""1_17"": 0.04553951008513195, ""1_18"": 1.0, ""1_19"": 0.0017633020220981436}",0.6,1_18,0,0.20242093794500648,"{""0_45"": 0.030893474222675067, ""1_16"": 0.01506184196261975, ""1_17"": 0.42732370605107917, ""1_18"": 0.6297446439960857, ""1_19"": 0.0010579812132588862}"
formal_test,average_cost,Average cost,2_1_17_11_2_16.bin,19,1_17,direct_lda_top5,1_17;0_45;1_16;1_18;0_48,1,1_17,1,1_18,1_17,1,0.18961230818067676,0.0018750000023715074,,,"{""0_45"": 0.09796059349272017, ""0_48"": 0.8103876918193232, ""1_16"": 0.5283482604168592, ""1_17"": 1.0, ""1_18"": 0.0}","{""0_45"": 0.054225983064812536, ""0_48"": 0.0, ""1_16"": 0.028485999080932346, ""1_17"": 1.0, ""1_18"": 0.0010391302449526618}",0.6,1_17,1,0.6758449232722707,"{""0_45"": 0.07171982723597559, ""0_48"": 0.3241550767277293, ""1_16"": 0.2284309036153031, ""1_17"": 1.0, ""1_18"": 0.000623478146971597}"
formal_test,greedy_path,Greedy path,2_1_17_11_2_16.bin,19,1_17,direct_lda_top5,1_17;0_45;1_16;1_18;0_48,1,1_17,1,1_18,1_17,1,0.9036121507477176,0.07349999999917145,0,0,"{""0_45"": 0.0, ""0_48"": 0.09638784925228241, ""1_16"": 0.0767677763725267, ""1_17"": 1.0, ""1_18"": 0.05698310181704181}","{""0_45"": 0.054225983064812536, ""0_48"": 0.0, ""1_16"": 0.028485999080932346, ""1_17"": 1.0, ""1_18"": 0.0010391302449526618}",0.6,1_17,1,0.9522012900024299,"{""0_45"": 0.03253558983888752, ""0_48"": 0.03855513970091297, ""1_16"": 0.04779870999757009, ""1_17"": 1.0, ""1_18"": 0.023416718873788323}"
formal_test,no_pheromone,No pheromone,2_1_17_11_2_16.bin,19,1_17,direct_lda_top5,1_17;0_45;1_16;1_18;0_48,1,1_17,1,1_18,1_17,1,0.6006259600036183,4.554957999999942,0,0,"{""0_45"": 0.0, ""0_48"": 0.39937403999638166, ""1_16"": 0.13155584075172916, ""1_17"": 1.0, ""1_18"": 0.06564412456742572}","{""0_45"": 0.054225983064812536, ""0_48"": 0.0, ""1_16"": 0.028485999080932346, ""1_17"": 1.0, ""1_18"": 0.0010391302449526618}",0.6,1_17,1,0.8402503840014474,"{""0_45"": 0.03253558983888752, ""0_48"": 0.15974961599855267, ""1_16"": 0.06971393574925107, ""1_17"": 1.0, ""1_18"": 0.026881127973941887}"
formal_test,full_aco,Full ACO,2_1_17_11_2_16.bin,19,1_17,direct_lda_top5,1_17;0_45;1_16;1_18;0_48,1,1_17,1,1_18,1_17,1,0.9010193701367741,5.037416999996935,0,0,"{""0_45"": 0.0, ""0_48"": 0.09898062986322587, ""1_16"": 0.0404232152937637, ""1_17"": 1.0, ""1_18"": 0.030294733177501858}","{""0_45"": 0.054225983064812536, ""0_48"": 0.0, ""1_16"": 0.028485999080932346, ""1_17"": 1.0, ""1_18"": 0.0010391302449526618}",0.6,1_17,1,0.9604077480547096,"{""0_45"": 0.03253558983888752, ""0_48"": 0.03959225194529035, ""1_16"": 0.033260885566064886, ""1_17"": 1.0, ""1_18"": 0.01274137141797234}"
formal_test,average_cost,Average cost,2_1_17_11_2_16.bin,20,1_17,direct_lda_top5,1_18;1_16;1_17;1_19;1_20,1,1_18,0,1_17,1_17,1,0.08317159435754573,0.001124999997159648,,,"{""1_16"": 0.9051217545535721, ""1_17"": 1.0, ""1_18"": 0.9168284056424543, ""1_19"": 0.0, ""1_20"": 0.5913449795911894}","{""1_16"": 0.023797831265953417, ""1_17"": 0.012764118254635807, ""1_18"": 1.0, ""1_19"": 0.00015142339367899102, ""1_20"": 0.0}",0.6,1_18,0,0.5590728913042002,"{""1_16"": 0.37632740058100095, ""1_17"": 0.4076584709527815, ""1_18"": 0.9667313622569818, ""1_19"": 9.085403620739461e-05, ""1_20"": 0.23653799183647575}"
formal_test,greedy_path,Greedy path,2_1_17_11_2_16.bin,20,1_17,direct_lda_top5,1_18;1_16;1_17;1_19;1_20,1,1_18,0,1_17,1_17,1,0.8799193147663542,0.0698339999942732,0,0,"{""1_16"": 0.11854741829307892, ""1_17"": 1.0, ""1_18"": 0.12008068523364576, ""1_19"": 0.0, ""1_20"": 0.0881859185561075}","{""1_16"": 0.023797831265953417, ""1_17"": 0.012764118254635807, ""1_18"": 1.0, ""1_19"": 0.00015142339367899102, ""1_20"": 0.0}",0.6,1_18,0,0.2403738031406768,"{""1_16"": 0.061697666076803624, ""1_17"": 0.4076584709527815, ""1_18"": 0.6480322740934583, ""1_19"": 9.085403620739461e-05, ""1_20"": 0.035274367422443}"
formal_test,no_pheromone,No pheromone,2_1_17_11_2_16.bin,20,1_17,direct_lda_top5,1_18;1_16;1_17;1_19;1_20,1,1_18,0,1_17,1_17,1,0.560627235343492,4.639582999999448,0,0,"{""1_16"": 0.3682653979369201, ""1_17"": 1.0, ""1_18"": 0.43937276465650793, ""1_19"": 0.0, ""1_20"": 0.10881212789180152}","{""1_16"": 0.023797831265953417, ""1_17"": 0.012764118254635807, ""1_18"": 1.0, ""1_19"": 0.00015142339367899102, ""1_20"": 0.0}",0.6,1_18,0,0.36809063490982163,"{""1_16"": 0.1615848579343401, ""1_17"": 0.4076584709527815, ""1_18"": 0.7757491058626031, ""1_19"": 9.085403620739461e-05, ""1_20"": 0.04352485115672061}"
formal_test,full_aco,Full ACO,2_1_17_11_2_16.bin,20,1_17,direct_lda_top5,1_18;1_16;1_17;1_19;1_20,1,1_18,0,1_17,1_17,1,0.9180222823319537,4.9723340000014105,0,0,"{""1_16"": 0.06546329946690929, ""1_17"": 1.0, ""1_18"": 0.08197771766804632, ""1_19"": 0.0, ""1_20"": 0.04875667737118479}","{""1_16"": 0.023797831265953417, ""1_17"": 0.012764118254635807, ""1_18"": 1.0, ""1_19"": 0.00015142339367899102, ""1_20"": 0.0}",0.6,1_18,0,0.22513261611443702,"{""1_16"": 0.04046401854633577, ""1_17"": 0.4076584709527815, ""1_18"": 0.6327910870672185, ""1_19"": 9.085403620739461e-05, ""1_20"": 0.019502670948473917}"
formal_test,average_cost,Average cost,2_1_18_11_2_16.bin,9,1_18,direct_lda_top5,1_18;1_17;1_16;0_45;1_19,1,1_18,1,1_18,1_18,1,0.011539500508827127,0.0014589999963732225,,,"{""0_45"": 0.7960579177417259, ""1_16"": 0.9729485859159591, ""1_17"": 0.9884604994911729, ""1_18"": 1.0, ""1_19"": 0.0}","{""0_45"": 7.783071197496568e-07, ""1_16"": 0.014023421720951236, ""1_17"": 0.03460247283423936, ""1_18"": 1.0, ""1_19"": 0.0}",0.6,1_18,1,0.5838543165029872,"{""0_45"": 0.31842363408096225, ""1_16"": 0.39759348739895445, ""1_17"": 0.41614568349701275, ""1_18"": 1.0, ""1_19"": 0.0}"
formal_test,greedy_path,Greedy path,2_1_18_11_2_16.bin,9,1_18,direct_lda_top5,1_18;1_17;1_16;0_45;1_19,1,1_18,1,1_18,1_18,1,0.8645894564055678,0.087041000000454,0,0,"{""0_45"": 0.1008293294698449, ""1_16"": 0.13541054359443214, ""1_17"": 0.1251991936137725, ""1_18"": 1.0, ""1_19"": 0.0}","{""0_45"": 7.783071197496568e-07, ""1_16"": 0.014023421720951236, ""1_17"": 0.03460247283423936, ""1_18"": 1.0, ""1_19"": 0.0}",0.6,1_18,1,0.9291588388539473,"{""0_45"": 0.04033219877220981, ""1_16"": 0.0625782704703436, ""1_17"": 0.07084116114605261, ""1_18"": 1.0, ""1_19"": 0.0}"
formal_test,no_pheromone,No pheromone,2_1_18_11_2_16.bin,9,1_18,direct_lda_top5,1_18;1_17;1_16;0_45;1_19,1,1_18,1,1_18,1_18,1,0.2362164841504396,4.8702500000032956,0,0,"{""0_45"": 0.1867883663064082, ""1_16"": 0.7637835158495604, ""1_17"": 0.7264457549634142, ""1_18"": 1.0, ""1_19"": 0.0}","{""0_45"": 7.783071197496568e-07, ""1_16"": 0.014023421720951236, ""1_17"": 0.03460247283423936, ""1_18"": 1.0, ""1_19"": 0.0}",0.6,1_18,1,0.6860725406276051,"{""0_45"": 0.07471581350683512, ""1_16"": 0.3139274593723949, ""1_17"": 0.3113397856859093, ""1_18"": 1.0, ""1_19"": 0.0}"
formal_test,full_aco,Full ACO,2_1_18_11_2_16.bin,9,1_18,direct_lda_top5,1_18;1_17;1_16;0_45;1_19,1,1_18,1,1_18,1_18,1,0.8059493358468032,4.90508300000414,0,0,"{""0_45"": 0.054475196780976, ""1_16"": 0.07582137541176347, ""1_17"": 0.1940506641531968, ""1_18"": 1.0, ""1_19"": 0.0}","{""0_45"": 7.783071197496568e-07, ""1_16"": 0.014023421720951236, ""1_17"": 0.03460247283423936, ""1_18"": 1.0, ""1_19"": 0.0}",0.6,1_18,1,0.9016182506381777,"{""0_45"": 0.02179054569666225, ""1_16"": 0.038742603197276126, ""1_17"": 0.09838174936182234, ""1_18"": 1.0, ""1_19"": 0.0}"
formal_test,average_cost,Average cost,2_1_18_11_2_16.bin,10,1_18,direct_lda_top5,1_18;1_17;1_16;0_45;1_19,1,1_18,1,1_18,1_18,1,0.017341521782184177,0.0012500000039494807,,,"{""0_45"": 0.7860776109729236, ""1_16"": 0.9629286526492894, ""1_17"": 0.9826584782178158, ""1_18"": 1.0, ""1_19"": 0.0}","{""0_45"": 6.646451092896832e-05, ""1_16"": 0.09121070840069632, ""1_17"": 0.135171302028653, ""1_18"": 1.0, ""1_19"": 0.0}",0.6,1_18,1,0.5258338274956819,"{""0_45"": 0.31447092309572683, ""1_16"": 0.4398978861001336, ""1_17"": 0.47416617250431814, ""1_18"": 1.0, ""1_19"": 0.0}"
formal_test,greedy_path,Greedy path,2_1_18_11_2_16.bin,10,1_18,direct_lda_top5,1_18;1_17;1_16;0_45;1_19,1,1_18,1,1_18,1_18,1,0.861735178144905,0.0811660000010761,0,0,"{""0_45"": 0.10004146751642704, ""1_16"": 0.13826482185509503, ""1_17"": 0.12505965677701433, ""1_18"": 1.0, ""1_19"": 0.0}","{""0_45"": 6.646451092896832e-05, ""1_16"": 0.09121070840069632, ""1_17"": 0.135171302028653, ""1_18"": 1.0, ""1_19"": 0.0}",0.6,1_18,1,0.8688733560720024,"{""0_45"": 0.0400564657131282, ""1_16"": 0.11003235378245582, ""1_17"": 0.13112664392799753, ""1_18"": 1.0, ""1_19"": 0.0}"
formal_test,no_pheromone,No pheromone,2_1_18_11_2_16.bin,10,1_18,direct_lda_top5,1_18;1_17;1_16;0_45;1_19,1,1_18,1,1_18,1_18,1,0.33231334099407417,4.769124999995711,0,0,"{""0_45"": 0.16533401660658528, ""1_16"": 0.46116121462763726, ""1_17"": 0.6676866590059258, ""1_18"": 1.0, ""1_19"": 0.0}","{""0_45"": 6.646451092896832e-05, ""1_16"": 0.09121070840069632, ""1_17"": 0.135171302028653, ""1_18"": 1.0, ""1_19"": 0.0}",0.6,1_18,1,0.6518225551804379,"{""0_45"": 0.06617348534919149, ""1_16"": 0.2391909108914727, ""1_17"": 0.34817744481956214, ""1_18"": 1.0, ""1_19"": 0.0}"
formal_test,full_aco,Full ACO,2_1_18_11_2_16.bin,10,1_18,direct_lda_top5,1_18;1_17;1_16;0_45;1_19,1,1_18,1,1_18,1_18,1,0.9137723805833964,4.882708000003788,0,0,"{""0_45"": 0.055113728646757634, ""1_16"": 0.07845390435192798, ""1_17"": 0.08622761941660366, ""1_18"": 1.0, ""1_19"": 0.0}","{""0_45"": 6.646451092896832e-05, ""1_16"": 0.09121070840069632, ""1_17"": 0.135171302028653, ""1_18"": 1.0, ""1_19"": 0.0}",0.6,1_18,1,0.8844061710161668,"{""0_45"": 0.022085370165260437, ""1_16"": 0.08610798678118899, ""1_17"": 0.11559382898383325, ""1_18"": 1.0, ""1_19"": 0.0}"
formal_test,average_cost,Average cost,2_1_18_11_2_16.bin,11,1_18,direct_lda_top5,1_18;1_16;1_17;0_45;1_19,1,1_18,1,1_18,1_18,1,0.030022266313691648,0.0030419999959008237,,,"{""0_45"": 0.7649256157069402, ""1_16"": 0.9353932034932299, ""1_17"": 0.9699777336863084, ""1_18"": 1.0, ""1_19"": 0.0}","{""0_45"": 1.016762723093247e-05, ""1_16"": 0.03533920889496846, ""1_17"": 0.03150507995007691, ""1_18"": 1.0, ""1_19"": 0.0}",0.6,1_18,1,0.5931058585554305,"{""0_45"": 0.3059763468591146, ""1_16"": 0.39536080673427304, ""1_17"": 0.40689414144456953, ""1_18"": 1.0, ""1_19"": 0.0}"
formal_test,greedy_path,Greedy path,2_1_18_11_2_16.bin,11,1_18,direct_lda_top5,1_18;1_16;1_17;0_45;1_19,1,1_18,1,1_18,1_18,1,0.8647367641293937,0.07304100000027347,0,0,"{""0_45"": 0.09848150245329775, ""1_16"": 0.13526323587060632, ""1_17"": 0.12488124674892576, ""1_18"": 1.0, ""1_19"": 0.0}","{""0_45"": 1.016762723093247e-05, ""1_16"": 0.03533920889496846, ""1_17"": 0.03150507995007691, ""1_18"": 1.0, ""1_19"": 0.0}",0.6,1_18,1,0.9246911803147764,"{""0_45"": 0.039398701557657664, ""1_16"": 0.0753088196852236, ""1_17"": 0.06885554666961645, ""1_18"": 1.0, ""1_19"": 0.0}"
formal_test,no_pheromone,No pheromone,2_1_18_11_2_16.bin,11,1_18,direct_lda_top5,1_18;1_16;1_17;0_45;1_19,1,1_18,1,1_18,1_18,1,0.20664570709922137,4.564999999999486,0,0,"{""0_45"": 0.19616229340489674, ""1_16"": 0.754559995108402, ""1_17"": 0.7933542929007786, ""1_18"": 1.0, ""1_19"": 0.0}","{""0_45"": 1.016762723093247e-05, ""1_16"": 0.03533920889496846, ""1_17"": 0.03150507995007691, ""1_18"": 1.0, ""1_19"": 0.0}",0.6,1_18,1,0.6637552348696424,"{""0_45"": 0.07847101793829726, ""1_16"": 0.32302752338034185, ""1_17"": 0.3362447651303576, ""1_18"": 1.0, ""1_19"": 0.0}"
formal_test,full_aco,Full ACO,2_1_18_11_2_16.bin,11,1_18,direct_lda_top5,1_18;1_16;1_17;0_45;1_19,1,1_18,1,1_18,1_18,1,0.9102932612261511,5.129416999999137,0,0,"{""0_45"": 0.05428226698608807, ""1_16"": 0.07451635484940143, ""1_17"": 0.08970673877384891, ""1_18"": 1.0, ""1_19"": 0.0}","{""0_45"": 1.016762723093247e-05, ""1_16"": 0.03533920889496846, ""1_17"": 0.03150507995007691, ""1_18"": 1.0, ""1_19"": 0.0}",0.6,1_18,1,0.9452142565204142,"{""0_45"": 0.02171900737077379, ""1_16"": 0.05101006727674165, ""1_17"": 0.05478574347958571, ""1_18"": 1.0, ""1_19"": 0.0}"
formal_test,average_cost,Average cost,2_1_18_11_2_16.bin,14,1_18,direct_lda_top5,1_18;1_17;1_16;0_45;1_19,1,1_18,1,1_18,1_18,1,0.09318930555398186,0.0015839999960576279,,,"{""0_45"": 0.8015428620800392, ""1_16"": 0.7255732813811901, ""1_17"": 0.9068106944460181, ""1_18"": 1.0, ""1_19"": 0.0}","{""0_45"": 5.7816430536421784e-05, ""1_16"": 0.0002787282016789314, ""1_17"": 0.016186786682035895, ""1_18"": 1.0, ""1_19"": 0.0}",0.6,1_18,1,0.6275636502123711,"{""0_45"": 0.32065183469033753, ""1_16"": 0.2903965494734834, ""1_17"": 0.3724363497876288, ""1_18"": 1.0, ""1_19"": 0.0}"
formal_test,greedy_path,Greedy path,2_1_18_11_2_16.bin,14,1_18,direct_lda_top5,1_18;1_17;1_16;0_45;1_19,1,1_18,1,1_18,1_18,1,0.8819278851785064,0.0852080000015576,0,0,"{""0_45"": 0.10378277218963147, ""1_16"": 0.09347045413571106, ""1_17"": 0.11807211482149356, ""1_18"": 1.0, ""1_19"": 0.0}","{""0_45"": 5.7816430536421784e-05, ""1_16"": 0.0002787282016789314, ""1_17"": 0.016186786682035895, ""1_18"": 1.0, ""1_19"": 0.0}",0.6,1_18,1,0.943059082062181,"{""0_45"": 0.04154779873417445, ""1_16"": 0.03755541857529179, ""1_17"": 0.05694091793781896, ""1_18"": 1.0, ""1_19"": 0.0}"
formal_test,no_pheromone,No pheromone,2_1_18_11_2_16.bin,14,1_18,direct_lda_top5,1_18;1_17;1_16;0_45;1_19,1,1_18,1,1_18,1_18,1,0.6983168882279549,4.76499999999902,0,0,"{""0_45"": 0.18838513622736108, ""1_16"": 0.09711534052544651, ""1_17"": 0.30168311177204504, ""1_18"": 1.0, ""1_19"": 0.0}","{""0_45"": 5.7816430536421784e-05, ""1_16"": 0.0002787282016789314, ""1_17"": 0.016186786682035895, ""1_18"": 1.0, ""1_19"": 0.0}",0.6,1_18,1,0.8696146832819605,"{""0_45"": 0.07538874434926629, ""1_16"": 0.03901337313118597, ""1_17"": 0.13038531671803955, ""1_18"": 1.0, ""1_19"": 0.0}"
formal_test,full_aco,Full ACO,2_1_18_11_2_16.bin,14,1_18,direct_lda_top5,1_18;1_17;1_16;0_45;1_19,1,1_18,1,1_18,1_18,1,0.9042150140314251,4.745207999995671,0,0,"{""0_45"": 0.057132871493659164, ""1_16"": 0.05143603444581272, ""1_17"": 0.09578498596857483, ""1_18"": 1.0, ""1_19"": 0.0}","{""0_45"": 5.7816430536421784e-05, ""1_16"": 0.0002787282016789314, ""1_17"": 0.016186786682035895, ""1_18"": 1.0, ""1_19"": 0.0}",0.6,1_18,1,0.9519739336033485,"{""0_45"": 0.022887838455785518, ""1_16"": 0.020741650699332446, ""1_17"": 0.048026066396651475, ""1_18"": 1.0, ""1_19"": 0.0}"
formal_test,average_cost,Average cost,2_1_19_11_2_16.bin,4,1_19,direct_lda_top5,1_19;0_42;1_20;0_43;1_21,1,1_19,1,1_19,1_19,1,0.1915575614069287,0.0014170000000035543,,,"{""0_42"": 0.8084424385930713, ""0_43"": 0.41018312117408656, ""1_19"": 1.0, ""1_20"": 0.0, ""1_21"": 0.2065093160090191}","{""0_42"": 0.11404071504142962, ""0_43"": 0.004789792887976769, ""1_19"": 1.0, ""1_20"": 0.00915926710973398, ""1_21"": 0.0}",0.6,1_19,1,0.6081985955379137,"{""0_42"": 0.39180140446208633, ""0_43"": 0.1669471242024207, ""1_19"": 1.0, ""1_20"": 0.005495560265840387, ""1_21"": 0.08260372640360764}"
formal_test,greedy_path,Greedy path,2_1_19_11_2_16.bin,4,1_19,direct_lda_top5,1_19;0_42;1_20;0_43;1_21,1,1_19,1,1_19,1_19,1,0.8947076109817732,0.08687500000092996,0,0,"{""0_42"": 0.10529238901822675, ""0_43"": 0.06346796006559756, ""1_19"": 1.0, ""1_20"": 0.0, ""1_21"": 0.026895989373034775}","{""0_42"": 0.11404071504142962, ""0_43"": 0.004789792887976769, ""1_19"": 1.0, ""1_20"": 0.00915926710973398, ""1_21"": 0.0}",0.6,1_19,1,0.8894586153678515,"{""0_42"": 0.11054138463214848, ""0_43"": 0.028261059759025087, ""1_19"": 1.0, ""1_20"": 0.005495560265840387, ""1_21"": 0.01075839574921391}"
formal_test,no_pheromone,No pheromone,2_1_19_11_2_16.bin,4,1_19,direct_lda_top5,1_19;0_42;1_20;0_43;1_21,1,1_19,1,1_19,1_19,1,0.6069862582735028,4.92349999999675,0,0,"{""0_42"": 0.39301374172649717, ""0_43"": 0.07643740132942851, ""1_19"": 1.0, ""1_20"": 0.0, ""1_21"": 0.025804580464571167}","{""0_42"": 0.11404071504142962, ""0_43"": 0.004789792887976769, ""1_19"": 1.0, ""1_20"": 0.00915926710973398, ""1_21"": 0.0}",0.6,1_19,1,0.7743700742845434,"{""0_42"": 0.22562992571545665, ""0_43"": 0.03344883626455747, ""1_19"": 1.0, ""1_20"": 0.005495560265840387, ""1_21"": 0.010321832185828467}"
formal_test,full_aco,Full ACO,2_1_19_11_2_16.bin,4,1_19,direct_lda_top5,1_19;0_42;1_20;0_43;1_21,1,1_19,1,1_19,1_19,1,0.9300296466913801,4.780958000004887,0,0,"{""0_42"": 0.06997035330861986, ""0_43"": 0.035015592904547754, ""1_19"": 1.0, ""1_20"": 0.0, ""1_21"": 0.014843939780308638}","{""0_42"": 0.11404071504142962, ""0_43"": 0.004789792887976769, ""1_19"": 1.0, ""1_20"": 0.00915926710973398, ""1_21"": 0.0}",0.6,1_19,1,0.9035874296516943,"{""0_42"": 0.09641257034830572, ""0_43"": 0.016880112894605163, ""1_19"": 1.0, ""1_20"": 0.005495560265840387, ""1_21"": 0.005937575912123455}"
formal_test,average_cost,Average cost,2_1_19_11_2_16.bin,11,1_19,direct_lda_top5,1_19;1_20;0_42;0_44;0_43,1,1_19,1,1_19,1_19,1,0.14431602537865196,0.0013330000001587905,,,"{""0_42"": 0.855683974621348, ""0_43"": 0.26408061829632695, ""0_44"": 0.0, ""1_19"": 1.0, ""1_20"": 0.6147440220603808}","{""0_42"": 0.16132597371142374, ""0_43"": 0.0, ""0_44"": 0.0011124459884330816, ""1_19"": 1.0, ""1_20"": 0.5734829901851682}",0.6,1_19,1,0.4100125970647468,"{""0_42"": 0.4390691740753935, ""0_43"": 0.10563224731853078, ""0_44"": 0.0006674675930598489, ""1_19"": 1.0, ""1_20"": 0.5899874029352532}"
formal_test,greedy_path,Greedy path,2_1_19_11_2_16.bin,11,1_19,direct_lda_top5,1_19;1_20;0_42;0_44;0_43,1,1_19,1,1_19,1_19,1,0.8894029337248851,0.09116700000078026,0,0,"{""0_42"": 0.11059706627511491, ""0_43"": 0.0332586057812081, ""0_44"": 0.0, ""1_19"": 1.0, ""1_20"": 0.0790997382033268}","{""0_42"": 0.16132597371142374, ""0_43"": 0.0, ""0_44"": 0.0011124459884330816, ""1_19"": 1.0, ""1_20"": 0.5734829901851682}",0.6,1_19,1,0.6242703106075684,"{""0_42"": 0.1410344107369002, ""0_43"": 0.013303442312483241, ""0_44"": 0.0006674675930598489, ""1_19"": 1.0, ""1_20"": 0.3757296893924316}"
formal_test,no_pheromone,No pheromone,2_1_19_11_2_16.bin,11,1_19,direct_lda_top5,1_19;1_20;0_42;0_44;0_43,1,1_19,1,1_19,1_19,1,0.6413349629795878,4.795041999997807,0,0,"{""0_42"": 0.3586650370204122, ""0_43"": 0.043963106506851535, ""0_44"": 0.0, ""1_19"": 1.0, ""1_20"": 0.09620615378586041}","{""0_42"": 0.16132597371142374, ""0_43"": 0.0, ""0_44"": 0.0011124459884330816, ""1_19"": 1.0, ""1_20"": 0.5734829901851682}",0.6,1_19,1,0.6174277443745549,"{""0_42"": 0.2402615990350191, ""0_43"": 0.017585242602740615, ""0_44"": 0.0006674675930598489, ""1_19"": 1.0, ""1_20"": 0.38257225562544506}"
formal_test,full_aco,Full ACO,2_1_19_11_2_16.bin,11,1_19,direct_lda_top5,1_19;1_20;0_42;0_44;0_43,1,1_19,1,1_19,1_19,1,0.9388220210244081,5.3630829999988805,0,0,"{""0_42"": 0.061177978975591886, ""0_43"": 0.018360366259405108, ""0_44"": 0.0, ""1_19"": 1.0, ""1_20"": 0.043784328935239904}","{""0_42"": 0.16132597371142374, ""0_43"": 0.0, ""0_44"": 0.0011124459884330816, ""1_19"": 1.0, ""1_20"": 0.5734829901851682}",0.6,1_19,1,0.6383964743148032,"{""0_42"": 0.12126677581709099, ""0_43"": 0.0073441465037620435, ""0_44"": 0.0006674675930598489, ""1_19"": 1.0, ""1_20"": 0.3616035256851969}"
formal_test,average_cost,Average cost,2_1_19_11_2_16.bin,14,1_19,direct_lda_top5,1_19;1_20;0_42;0_44;0_43,1,1_19,1,0_44,1_19,1,0.06828946419756665,0.0010830000007899798,,,"{""0_42"": 0.9317105358024333, ""0_43"": 0.2975418688624725, ""0_44"": 0.0, ""1_19"": 1.0, ""1_20"": 0.6916390218344701}","{""0_42"": 0.23192419336784864, ""0_43"": 0.0, ""0_44"": 0.00503789101311397, ""1_19"": 1.0, ""1_20"": 0.5870981730042758}",0.6,1_19,1,0.37108548746364645,"{""0_42"": 0.5118387303416826, ""0_43"": 0.11901674754498902, ""0_44"": 0.003022734607868382, ""1_19"": 1.0, ""1_20"": 0.6289145125363536}"
formal_test,greedy_path,Greedy path,2_1_19_11_2_16.bin,14,1_19,direct_lda_top5,1_19;1_20;0_42;0_44;0_43,1,1_19,1,0_44,1_19,1,0.9102370917245777,0.06908299999963674,0,0,"{""0_42"": 0.0897629082754223, ""0_43"": 0.0, ""0_44"": 0.02993035777149835, ""1_19"": 1.0, ""1_20"": 0.06549291361266278}","{""0_42"": 0.23192419336784864, ""0_43"": 0.0, ""0_44"": 0.00503789101311397, ""1_19"": 1.0, ""1_20"": 0.5870981730042758}",0.6,1_19,1,0.6215439307523694,"{""0_42"": 0.17505967933087813, ""0_43"": 0.0, ""0_44"": 0.014994877716467722, ""1_19"": 1.0, ""1_20"": 0.3784560692476306}"
formal_test,no_pheromone,No pheromone,2_1_19_11_2_16.bin,14,1_19,direct_lda_top5,1_19;1_20;0_42;0_44;0_43,1,1_19,1,0_44,1_19,1,0.2387893597067644,4.554792000000418,0,0,"{""0_42"": 0.7612106402932356, ""0_43"": 0.0, ""0_44"": 0.017145409879727163, ""1_19"": 1.0, ""1_20"": 0.2377444822194804}","{""0_42"": 0.23192419336784864, ""0_43"": 0.0, ""0_44"": 0.00503789101311397, ""1_19"": 1.0, ""1_20"": 0.5870981730042758}",0.6,1_19,1,0.5526433033096423,"{""0_42"": 0.4436387721380034, ""0_43"": 0.0, ""0_44"": 0.009880898559759247, ""1_19"": 1.0, ""1_20"": 0.44735669669035766}"
formal_test,full_aco,Full ACO,2_1_19_11_2_16.bin,14,1_19,direct_lda_top5,1_19;1_20;0_42;0_44;0_43,1,1_19,1,0_44,1_19,1,0.9084346610717758,4.958958999999652,0,0,"{""0_42"": 0.09156533892822415, ""0_43"": 0.0, ""0_44"": 0.0159956632235358, ""1_19"": 1.0, ""1_20"": 0.03415799085524081}","{""0_42"": 0.23192419336784864, ""0_43"": 0.0, ""0_44"": 0.00503789101311397, ""1_19"": 1.0, ""1_20"": 0.5870981730042758}",0.6,1_19,1,0.6340778998553382,"{""0_42"": 0.17578065159199885, ""0_43"": 0.0, ""0_44"": 0.009420999897282702, ""1_19"": 1.0, ""1_20"": 0.3659221001446618}"
formal_test,average_cost,Average cost,2_1_19_11_2_16.bin,17,1_19,direct_lda_top5,1_19;1_20;0_42;1_21;0_44,1,1_19,1,1_19,1_19,1,0.12162300521698921,0.0014579999998431958,,,"{""0_42"": 0.8783769947830108, ""0_44"": 0.0, ""1_19"": 1.0, ""1_20"": 0.6973444099064398, ""1_21"": 0.4845344666409343}","{""0_42"": 0.15497166708237678, ""0_44"": 0.0, ""1_19"": 1.0, ""1_20"": 0.4278431831215214, ""1_21"": 0.0009206430802728639}",0.6,1_19,1,0.46435632616451117,"{""0_42"": 0.4443337981626304, ""0_44"": 0.0, ""1_19"": 1.0, ""1_20"": 0.5356436738354888, ""1_21"": 0.19436617250453744}"
formal_test,greedy_path,Greedy path,2_1_19_11_2_16.bin,17,1_19,direct_lda_top5,1_19;1_20;0_42;1_21;0_44,1,1_19,1,1_19,1_19,1,0.8802695176060085,0.09283400000015263,0,0,"{""0_42"": 0.11973048239399153, ""0_44"": 0.0, ""1_19"": 1.0, ""1_20"": 0.09505415452447856, ""1_21"": 0.0693666153553761}","{""0_42"": 0.15497166708237678, ""0_44"": 0.0, ""1_19"": 1.0, ""1_20"": 0.4278431831215214, ""1_21"": 0.0009206430802728639}",0.6,1_19,1,0.7052724283172958,"{""0_42"": 0.1408751932070227, ""0_44"": 0.0, ""1_19"": 1.0, ""1_20"": 0.2947275716827043, ""1_21"": 0.02829903199031416}"
formal_test,no_pheromone,No pheromone,2_1_19_11_2_16.bin,17,1_19,direct_lda_top5,1_19;1_20;0_42;1_21;0_44,1,1_19,1,1_19,1_19,1,0.5878363980793646,4.720624999997369,0,0,"{""0_42"": 0.41216360192063545, ""0_44"": 0.0, ""1_19"": 1.0, ""1_20"": 0.15305199614654447, ""1_21"": 0.0796438147219384}","{""0_42"": 0.15497166708237678, ""0_44"": 0.0, ""1_19"": 1.0, ""1_20"": 0.4278431831215214, ""1_21"": 0.0009206430802728639}",0.6,1_19,1,0.6820732916684693,"{""0_42"": 0.25784844101768023, ""0_44"": 0.0, ""1_19"": 1.0, ""1_20"": 0.31792670833153064, ""1_21"": 0.03240991173693908}"
formal_test,full_aco,Full ACO,2_1_19_11_2_16.bin,17,1_19,direct_lda_top5,1_19;1_20;0_42;1_21;0_44,1,1_19,1,1_19,1_19,1,0.8549096782407695,4.784999999998263,0,0,"{""0_42"": 0.1450903217592305, ""0_44"": 0.0, ""1_19"": 1.0, ""1_20"": 0.051935023795697345, ""1_21"": 0.037884287299931}","{""0_42"": 0.15497166708237678, ""0_44"": 0.0, ""1_19"": 1.0, ""1_20"": 0.4278431831215214, ""1_21"": 0.0009206430802728639}",0.6,1_19,1,0.7225200806088081,"{""0_42"": 0.15101912895311825, ""0_44"": 0.0, ""1_19"": 1.0, ""1_20"": 0.2774799193911918, ""1_21"": 0.015706100768136118}"
formal_test,average_cost,Average cost,2_1_20_11_2_16.bin,0,1_20,direct_lda_top5,1_20;0_42;1_19;1_21;0_43,1,1_20,1,1_19,1_20,1,0.07675363169167082,0.0012080000004743852,,,"{""0_42"": 0.9232463683083292, ""0_43"": 0.5885935641804405, ""1_19"": 0.25754303089670355, ""1_20"": 1.0, ""1_21"": 0.0}","{""0_42"": 0.0889931707585482, ""0_43"": 0.0, ""1_19"": 0.06955857571733187, ""1_20"": 1.0, ""1_21"": 0.01245189691790327}",0.6,1_20,1,0.5773055502215394,"{""0_42"": 0.4226944497784606, ""0_43"": 0.2354374256721762, ""1_19"": 0.14475235778908055, ""1_20"": 1.0, ""1_21"": 0.007471138150741961}"
formal_test,greedy_path,Greedy path,2_1_20_11_2_16.bin,0,1_20,direct_lda_top5,1_20;0_42;1_19;1_21;0_43,1,1_20,1,1_19,1_20,1,0.8824180841481297,0.0754160000013826,0,0,"{""0_42"": 0.11758191585187024, ""0_43"": 0.07180240160197553, ""1_19"": 0.09626914049348222, ""1_20"": 1.0, ""1_21"": 0.0}","{""0_42"": 0.0889931707585482, ""0_43"": 0.0, ""1_19"": 0.06955857571733187, ""1_20"": 1.0, ""1_21"": 0.01245189691790327}",0.6,1_20,1,0.8995713312041229,"{""0_42"": 0.10042866879587703, ""0_43"": 0.028720960640790213, ""1_19"": 0.08024280162779202, ""1_20"": 1.0, ""1_21"": 0.007471138150741961}"
formal_test,no_pheromone,No pheromone,2_1_20_11_2_16.bin,0,1_20,direct_lda_top5,1_20;0_42;1_19;1_21;0_43,1,1_20,1,1_19,1_20,1,0.060998655286103265,4.71508400000431,0,0,"{""0_42"": 0.9390013447138967, ""0_43"": 0.2479058608946452, ""1_19"": 0.12596614187919564, ""1_20"": 1.0, ""1_21"": 0.0}","{""0_42"": 0.0889931707585482, ""0_43"": 0.0, ""1_19"": 0.06955857571733187, ""1_20"": 1.0, ""1_21"": 0.01245189691790327}",0.6,1_20,1,0.5710035596593124,"{""0_42"": 0.4289964403406876, ""0_43"": 0.09916234435785809, ""1_19"": 0.09212160218207738, ""1_20"": 1.0, ""1_21"": 0.007471138150741961}"
formal_test,full_aco,Full ACO,2_1_20_11_2_16.bin,0,1_20,direct_lda_top5,1_20;0_42;1_19;1_21;0_43,1,1_20,1,1_19,1_20,1,0.8520856976502433,4.864083999997604,0,0,"{""0_42"": 0.1479143023497567, ""0_43"": 0.03764114704460742, ""1_19"": 0.050764770132100345, ""1_20"": 1.0, ""1_21"": 0.0}","{""0_42"": 0.0889931707585482, ""0_43"": 0.0, ""1_19"": 0.06955857571733187, ""1_20"": 1.0, ""1_21"": 0.01245189691790327}",0.6,1_20,1,0.8874383766049684,"{""0_42"": 0.1125616233950316, ""0_43"": 0.015056458817842969, ""1_19"": 0.06204105348323926, ""1_20"": 1.0, ""1_21"": 0.007471138150741961}"
formal_test,average_cost,Average cost,2_1_20_11_2_16.bin,4,1_20,direct_lda_top5,0_42;1_20;1_21;0_40;1_19,1,0_42,0,1_20,1_20,1,0.12220864906177098,0.0013749999965284587,,,"{""0_40"": 0.0, ""0_42"": 0.877791350938229, ""1_19"": 0.5084038151429746, ""1_20"": 1.0, ""1_21"": 0.5575411438332287}","{""0_40"": 0.012347071673480446, ""0_42"": 1.0, ""1_19"": 0.0, ""1_20"": 0.25662182400750233, ""1_21"": 0.11331452384760303}",0.6,0_42,0,0.3971434459707902,"{""0_40"": 0.007408243004088267, ""0_42"": 0.9511165403752916, ""1_19"": 0.20336152605718985, ""1_20"": 0.5539730944045014, ""1_21"": 0.2910051718418533}"
formal_test,greedy_path,Greedy path,2_1_20_11_2_16.bin,4,1_20,direct_lda_top5,0_42;1_20;1_21;0_40;1_19,1,0_42,0,1_20,1_20,1,0.8802328605685392,0.07704200000091532,0,0,"{""0_40"": 0.0, ""0_42"": 0.11976713943146075, ""1_19"": 0.06936736224460718, ""1_20"": 1.0, ""1_21"": 0.07607173144378523}","{""0_40"": 0.012347071673480446, ""0_42"": 1.0, ""1_19"": 0.0, ""1_20"": 0.25662182400750233, ""1_21"": 0.11331452384760303}",0.6,0_42,0,0.09393376136808285,"{""0_40"": 0.007408243004088267, ""0_42"": 0.6479068557725842, ""1_19"": 0.027746944897842876, ""1_20"": 0.5539730944045014, ""1_21"": 0.09841740688607592}"
formal_test,no_pheromone,No pheromone,2_1_20_11_2_16.bin,4,1_20,direct_lda_top5,0_42;1_20;1_21;0_40;1_19,1,0_42,0,1_20,1_20,1,0.6633765836136089,4.567082999997751,0,0,"{""0_40"": 0.0, ""0_42"": 0.33662341638639115, ""1_19"": 0.0765325513465043, ""1_20"": 1.0, ""1_21"": 0.0854688079034043}","{""0_40"": 0.012347071673480446, ""0_42"": 1.0, ""1_19"": 0.0, ""1_20"": 0.25662182400750233, ""1_21"": 0.11331452384760303}",0.6,0_42,0,0.1806762721500551,"{""0_40"": 0.007408243004088267, ""0_42"": 0.7346493665545565, ""1_19"": 0.030613020538601723, ""1_20"": 0.5539730944045014, ""1_21"": 0.10217623746992355}"
formal_test,full_aco,Full ACO,2_1_20_11_2_16.bin,4,1_20,direct_lda_top5,0_42;1_20;1_21;0_40;1_19,1,0_42,0,1_20,1_20,1,0.9171922411328373,4.851499999993791,0,0,"{""0_40"": 0.0, ""0_42"": 0.08280775886716275, ""1_19"": 0.03850302088817066, ""1_20"": 1.0, ""1_21"": 0.0422811020259196}","{""0_40"": 0.012347071673480446, ""0_42"": 1.0, ""1_19"": 0.0, ""1_20"": 0.25662182400750233, ""1_21"": 0.11331452384760303}",0.6,0_42,0,0.0791500091423637,"{""0_40"": 0.007408243004088267, ""0_42"": 0.6331231035468651, ""1_19"": 0.015401208355268266, ""1_20"": 0.5539730944045014, ""1_21"": 0.08490115511892966}"
formal_test,average_cost,Average cost,2_1_20_11_2_16.bin,19,1_20,direct_lda_top5,1_20;1_19;0_42;1_21;0_39,1,1_20,1,1_19,1_20,1,0.03672907298827999,0.001124999997159648,,,"{""0_39"": 0.96327092701172, ""0_42"": 0.8571697312800768, ""1_19"": 0.15547352488773328, ""1_20"": 1.0, ""1_21"": 0.0}","{""0_39"": 0.0, ""0_42"": 0.01488703896933516, ""1_19"": 0.07407960659774258, ""1_20"": 1.0, ""1_21"": 0.0011474354481722925}",0.6,1_20,1,0.614691629195312,"{""0_39"": 0.38530837080468805, ""0_42"": 0.35180011589363186, ""1_19"": 0.10663717391373886, ""1_20"": 1.0, ""1_21"": 0.0006884612689033755}"
formal_test,greedy_path,Greedy path,2_1_20_11_2_16.bin,19,1_20,direct_lda_top5,1_20;1_19;0_42;1_21;0_39,1,1_20,1,1_19,1_20,1,0.8828527456426625,0.07895800000312647,0,0,"{""0_39"": 0.11714725435733755, ""0_42"": 0.10424386091375941, ""1_19"": 0.08829632010227352, ""1_20"": 1.0, ""1_21"": 0.0}","{""0_39"": 0.0, ""0_42"": 0.01488703896933516, ""1_19"": 0.07407960659774258, ""1_20"": 1.0, ""1_21"": 0.0011474354481722925}",0.6,1_20,1,0.920233708000445,"{""0_39"": 0.04685890174293503, ""0_42"": 0.05062976774710486, ""1_19"": 0.07976629199955496, ""1_20"": 1.0, ""1_21"": 0.0006884612689033755}"
formal_test,no_pheromone,No pheromone,2_1_20_11_2_16.bin,19,1_20,direct_lda_top5,1_20;1_19;0_42;1_21;0_39,1,1_20,1,1_19,0_39,0,0.020424595647683286,4.670209000003922,0,0,"{""0_39"": 1.0, ""0_42"": 0.5435939133423655, ""1_19"": 0.0970721902428874, ""1_20"": 0.9795754043523167, ""1_21"": 0.0}","{""0_39"": 0.0, ""0_42"": 0.01488703896933516, ""1_19"": 0.07407960659774258, ""1_20"": 1.0, ""1_21"": 0.0011474354481722925}",0.6,1_20,1,0.5918301617409266,"{""0_39"": 0.4, ""0_42"": 0.22636978871854732, ""1_19"": 0.08327664005580052, ""1_20"": 0.9918301617409266, ""1_21"": 0.0006884612689033755}"
formal_test,full_aco,Full ACO,2_1_20_11_2_16.bin,19,1_20,direct_lda_top5,1_20;1_19;0_42;1_21;0_39,1,1_20,1,1_19,1_20,1,0.8935871133303817,5.053208999996173,0,0,"{""0_39"": 0.10641288666961832, ""0_42"": 0.0596147468156246, ""1_19"": 0.04699262352140591, ""1_20"": 1.0, ""1_21"": 0.0}","{""0_39"": 0.0, ""0_42"": 0.01488703896933516, ""1_19"": 0.07407960659774258, ""1_20"": 1.0, ""1_21"": 0.0011474354481722925}",0.6,1_20,1,0.9367551866327921,"{""0_39"": 0.04256515466784733, ""0_42"": 0.032778122107850936, ""1_19"": 0.06324481336720791, ""1_20"": 1.0, ""1_21"": 0.0006884612689033755}"
formal_test,average_cost,Average cost,2_1_20_11_2_16.bin,20,1_20,direct_lda_top5,1_20;1_19;0_42;1_21;0_43,1,1_20,1,1_20,1_20,1,0.15902910946762439,0.0010420000009503383,,,"{""0_42"": 0.8409708905323756, ""0_43"": 0.6909413264641545, ""1_19"": 0.34997111072056386, ""1_20"": 1.0, ""1_21"": 0.0}","{""0_42"": 0.6213323596954631, ""0_43"": 0.0, ""1_19"": 0.8093806651157092, ""1_20"": 1.0, ""1_21"": 0.029219325147566744}",0.6,1_20,1,0.2908122279697719,"{""0_42"": 0.7091877720302281, ""0_43"": 0.2763765305856618, ""1_19"": 0.625616843357651, ""1_20"": 1.0, ""1_21"": 0.017531595088540047}"
formal_test,greedy_path,Greedy path,2_1_20_11_2_16.bin,20,1_20,direct_lda_top5,1_20;1_19;0_42;1_21;0_43,1,1_20,1,1_20,1_20,1,0.8874247483357396,0.07112499999806232,0,0,"{""0_42"": 0.11257525166426038, ""0_43"": 0.09249177895170632, ""1_19"": 0.04697513508921471, ""1_20"": 1.0, ""1_21"": 0.0}","{""0_42"": 0.6213323596954631, ""0_43"": 0.0, ""1_19"": 0.8093806651157092, ""1_20"": 1.0, ""1_21"": 0.029219325147566744}",0.6,1_20,1,0.49558154689488865,"{""0_42"": 0.417829516482982, ""0_43"": 0.03699671158068253, ""1_19"": 0.5044184531051114, ""1_20"": 1.0, ""1_21"": 0.017531595088540047}"
formal_test,no_pheromone,No pheromone,2_1_20_11_2_16.bin,20,1_20,direct_lda_top5,1_20;1_19;0_42;1_21;0_43,1,1_20,1,1_20,1_20,1,0.6300723473557108,4.688999999999055,0,0,"{""0_42"": 0.3699276526442891, ""0_43"": 0.19513669678357634, ""1_19"": 0.06416046831507984, ""1_20"": 1.0, ""1_21"": 0.0}","{""0_42"": 0.6213323596954631, ""0_43"": 0.0, ""1_19"": 0.8093806651157092, ""1_20"": 1.0, ""1_21"": 0.029219325147566744}",0.6,1_20,1,0.47922952312500655,"{""0_42"": 0.5207704768749934, ""0_43"": 0.07805467871343054, ""1_19"": 0.5112925863954574, ""1_20"": 1.0, ""1_21"": 0.017531595088540047}"
formal_test,full_aco,Full ACO,2_1_20_11_2_16.bin,20,1_20,direct_lda_top5,1_20;1_19;0_42;1_21;0_43,1,1_20,1,1_20,1_20,1,0.9130946399357208,4.80624999999435,0,0,"{""0_42"": 0.08690536006427917, ""0_43"": 0.05099889691750912, ""1_19"": 0.02585571620950222, ""1_20"": 1.0, ""1_21"": 0.0}","{""0_42"": 0.6213323596954631, ""0_43"": 0.0, ""1_19"": 0.8093806651157092, ""1_20"": 1.0, ""1_21"": 0.029219325147566744}",0.6,1_20,1,0.5040293144467737,"{""0_42"": 0.4075615598429895, ""0_43"": 0.02039955876700365, ""1_19"": 0.4959706855532263, ""1_20"": 1.0, ""1_21"": 0.017531595088540047}"
formal_test,average_cost,Average cost,2_1_21_11_2_16.bin,3,1_21,direct_lda_top5,1_21;1_20;0_40;1_22;0_42,1,1_21,1,0_42,0_42,0,0.18820611425229972,0.0013339999966888172,,,"{""0_40"": 0.0, ""0_42"": 1.0, ""1_20"": 0.7296941480357217, ""1_21"": 0.8117938857477003, ""1_22"": 0.06733740099655809}","{""0_40"": 0.03960273588670946, ""0_42"": 0.0, ""1_20"": 0.2089430428465249, ""1_21"": 1.0, ""1_22"": 0.0012280047048997848}",0.6,1_21,1,0.5074740693768764,"{""0_40"": 0.023761641532025677, ""0_42"": 0.4, ""1_20"": 0.41724348492220364, ""1_21"": 0.9247175542990801, ""1_22"": 0.02767176322156311}"
formal_test,greedy_path,Greedy path,2_1_21_11_2_16.bin,3,1_21,direct_lda_top5,1_21;1_20;0_40;1_22;0_42,1,1_21,1,0_42,0_42,0,0.8994359902052812,0.09129200000046467,0,0,"{""0_40"": 0.0, ""0_42"": 1.0, ""1_20"": 0.08733677810987894, ""1_21"": 0.10056400979471879, ""1_22"": 0.008059584505595373}","{""0_40"": 0.03960273588670946, ""0_42"": 0.0, ""1_20"": 0.2089430428465249, ""1_21"": 1.0, ""1_22"": 0.0012280047048997848}",0.6,1_21,1,0.2402256039178875,"{""0_40"": 0.023761641532025677, ""0_42"": 0.4, ""1_20"": 0.16030053695186652, ""1_21"": 0.6402256039178875, ""1_22"": 0.0039606366251780205}"
formal_test,no_pheromone,No pheromone,2_1_21_11_2_16.bin,3,1_21,direct_lda_top5,1_21;1_20;0_40;1_22;0_42,1,1_21,1,0_42,0_42,0,0.6909387161856142,4.756999999997902,0,0,"{""0_40"": 0.0, ""0_42"": 1.0, ""1_20"": 0.21081432901597616, ""1_21"": 0.3090612838143858, ""1_22"": 0.003037417085873686}","{""0_40"": 0.03960273588670946, ""0_42"": 0.0, ""1_20"": 0.2089430428465249, ""1_21"": 1.0, ""1_22"": 0.0012280047048997848}",0.6,1_21,1,0.3236245135257543,"{""0_40"": 0.023761641532025677, ""0_42"": 0.4, ""1_20"": 0.2096915573143054, ""1_21"": 0.7236245135257543, ""1_22"": 0.0019517696572893452}"
formal_test,full_aco,Full ACO,2_1_21_11_2_16.bin,3,1_21,direct_lda_top5,1_21;1_20;0_40;1_22;0_42,1,1_21,1,0_42,0_42,0,0.9445959762791204,5.041458000000887,0,0,"{""0_40"": 0.0, ""0_42"": 1.0, ""1_20"": 0.048127272742814, ""1_21"": 0.05540402372087965, ""1_22"": 0.004395617484128225}","{""0_40"": 0.03960273588670946, ""0_42"": 0.0, ""1_20"": 0.2089430428465249, ""1_21"": 1.0, ""1_22"": 0.0012280047048997848}",0.6,1_21,1,0.22216160948835184,"{""0_40"": 0.023761641532025677, ""0_42"": 0.4, ""1_20"": 0.14461673480504053, ""1_21"": 0.6221616094883519, ""1_22"": 0.0024950498165911606}"
formal_test,average_cost,Average cost,2_1_21_11_2_16.bin,5,1_21,direct_lda_top5,1_21;0_40;1_20;1_22;0_42,1,1_21,1,0_42,0_42,0,0.05848687619072879,0.0012080000004743852,,,"{""0_40"": 0.16830595395962095, ""0_42"": 1.0, ""1_20"": 0.43971627844606975, ""1_21"": 0.9415131238092712, ""1_22"": 0.0}","{""0_40"": 0.03890367107037043, ""0_42"": 0.0, ""1_20"": 0.016509258722183364, ""1_21"": 1.0, ""1_22"": 0.0016576620912097924}",0.6,1_21,1,0.5766052495237085,"{""0_40"": 0.09066458422607064, ""0_42"": 0.4, ""1_20"": 0.18579206661173794, ""1_21"": 0.9766052495237085, ""1_22"": 0.0009945972547258754}"
formal_test,greedy_path,Greedy path,2_1_21_11_2_16.bin,5,1_21,direct_lda_top5,1_21;0_40;1_20;1_22;0_42,1,1_21,1,0_42,0_42,0,0.8826224345260352,0.07854100000059816,0,0,"{""0_40"": 0.020434531698908635, ""0_42"": 1.0, ""1_20"": 0.05338727489455348, ""1_21"": 0.11737756547396486, ""1_22"": 0.0}","{""0_40"": 0.03890367107037043, ""0_42"": 0.0, ""1_20"": 0.016509258722183364, ""1_21"": 1.0, ""1_22"": 0.0016576620912097924}",0.6,1_21,1,0.24695102618958586,"{""0_40"": 0.03151601532178571, ""0_42"": 0.4, ""1_20"": 0.03126046519113141, ""1_21"": 0.6469510261895859, ""1_22"": 0.0009945972547258754}"
formal_test,no_pheromone,No pheromone,2_1_21_11_2_16.bin,5,1_21,direct_lda_top5,1_21;0_40;1_20;1_22;0_42,1,1_21,1,0_42,0_42,0,0.5724151971075508,4.705790999999238,0,0,"{""0_40"": 0.03585209357889306, ""0_42"": 1.0, ""1_20"": 0.08512699324520034, ""1_21"": 0.42758480289244916, ""1_22"": 0.0}","{""0_40"": 0.03890367107037043, ""0_42"": 0.0, ""1_20"": 0.016509258722183364, ""1_21"": 1.0, ""1_22"": 0.0016576620912097924}",0.6,1_21,1,0.37103392115697964,"{""0_40"": 0.037683040073779484, ""0_42"": 0.4, ""1_20"": 0.04395635253139016, ""1_21"": 0.7710339211569797, ""1_22"": 0.0009945972547258754}"
formal_test,full_aco,Full ACO,2_1_21_11_2_16.bin,5,1_21,direct_lda_top5,1_21;0_40;1_20;1_22;0_42,1,1_21,1,0_42,0_42,0,0.9308538345469074,5.115832999997849,0,0,"{""0_40"": 0.011299900655585716, ""0_42"": 1.0, ""1_20"": 0.029460172807987958, ""1_21"": 0.06914616545309261, ""1_22"": 0.0}","{""0_40"": 0.03890367107037043, ""0_42"": 0.0, ""1_20"": 0.016509258722183364, ""1_21"": 1.0, ""1_22"": 0.0016576620912097924}",0.6,1_21,1,0.22765846618123697,"{""0_40"": 0.027862162904456544, ""0_42"": 0.4, ""1_20"": 0.021689624356505205, ""1_21"": 0.627658466181237, ""1_22"": 0.0009945972547258754}"
formal_test,average_cost,Average cost,2_1_21_11_2_16.bin,6,1_21,direct_lda_top5,1_21;0_40;0_42;1_22;1_20,1,1_21,1,1_23,0_42,0,0.4343317644924163,0.0012500000039494807,,,"{""0_40"": 0.2670583105882203, ""0_42"": 1.0, ""1_20"": 0.0, ""1_21"": 0.5374171969174462, ""1_22"": 0.5656682355075837}","{""0_40"": 0.16645094811236597, ""0_42"": 0.05833175853970065, ""1_20"": 0.0, ""1_21"": 1.0, ""1_22"": 0.04908566295618707}",0.6,1_21,1,0.37996782364315806,"{""0_40"": 0.2066938931027077, ""0_42"": 0.4349990551238204, ""1_20"": 0.0, ""1_21"": 0.8149668787669785, ""1_22"": 0.25571869197674574}"
formal_test,greedy_path,Greedy path,2_1_21_11_2_16.bin,6,1_21,direct_lda_top5,1_21;0_40;0_42;1_22;1_20,1,1_21,1,1_23,0_42,0,0.9151765760285144,0.0697910000013735,0,0,"{""0_40"": 0.040046088647361526, ""0_42"": 1.0, ""1_20"": 0.0, ""1_21"": 0.08058710721628404, ""1_22"": 0.08482342397148551}","{""0_40"": 0.16645094811236597, ""0_42"": 0.05833175853970065, ""1_20"": 0.0, ""1_21"": 1.0, ""1_22"": 0.04908566295618707}",0.6,1_21,1,0.19723578776269313,"{""0_40"": 0.11588900432636419, ""0_42"": 0.4349990551238204, ""1_20"": 0.0, ""1_21"": 0.6322348428865135, ""1_22"": 0.06338076736230645}"
formal_test,no_pheromone,No pheromone,2_1_21_11_2_16.bin,6,1_21,direct_lda_top5,1_21;0_40;0_42;1_22;1_20,1,1_21,1,1_23,0_42,0,0.9028587759449229,4.522291999997208,0,0,"{""0_40"": 0.0391586659414565, ""0_42"": 1.0, ""1_20"": 0.0, ""1_21"": 0.09714122405507712, ""1_22"": 0.09333145066002581}","{""0_40"": 0.16645094811236597, ""0_42"": 0.05833175853970065, ""1_20"": 0.0, ""1_21"": 1.0, ""1_22"": 0.04908566295618707}",0.6,1_21,1,0.20385743449821037,"{""0_40"": 0.11553403524400217, ""0_42"": 0.4349990551238204, ""1_20"": 0.0, ""1_21"": 0.6388564896220308, ""1_22"": 0.06678397803772257}"
formal_test,full_aco,Full ACO,2_1_21_11_2_16.bin,6,1_21,direct_lda_top5,1_21;0_40;0_42;1_22;1_20,1,1_21,1,1_23,0_42,0,0.9538075328790043,4.974625000002675,0,0,"{""0_40"": 0.02182602019142483, ""0_42"": 1.0, ""1_20"": 0.0, ""1_21"": 0.04393291260596316, ""1_22"": 0.046192467120995666}","{""0_40"": 0.16645094811236597, ""0_42"": 0.05833175853970065, ""1_20"": 0.0, ""1_21"": 1.0, ""1_22"": 0.04908566295618707}",0.6,1_21,1,0.18257410991856482,"{""0_40"": 0.1086009769439895, ""0_42"": 0.4349990551238204, ""1_20"": 0.0, ""1_21"": 0.6175731650423852, ""1_22"": 0.047928384622110506}"
formal_test,average_cost,Average cost,2_1_21_11_2_16.bin,7,1_21,direct_lda_top5,1_21;0_40;1_22;1_20;0_42,1,1_21,1,1_23,1_21,1,0.08043182655037862,0.0011670000006347436,,,"{""0_40"": 0.0, ""0_42"": 0.9195681734496214, ""1_20"": 0.16865208454188474, ""1_21"": 1.0, ""1_22"": 0.12521790795154922}","{""0_40"": 0.02934601842613609, ""0_42"": 0.0, ""1_20"": 0.012226294805208383, ""1_21"": 1.0, ""1_22"": 0.014512837707552701}",0.6,1_21,1,0.6321727306201514,"{""0_40"": 0.017607611055681652, ""0_42"": 0.36782726937984855, ""1_20"": 0.07479661069987893, ""1_21"": 1.0, ""1_22"": 0.05879486580515131}"
formal_test,greedy_path,Greedy path,2_1_21_11_2_16.bin,7,1_21,direct_lda_top5,1_21;0_40;1_22;1_20;0_42,1,1_21,1,1_23,1_21,1,0.8868351459825692,0.06979199999790353,0,0,"{""0_40"": 0.0, ""0_42"": 0.11316485401743076, ""1_20"": 0.020754838062001915, ""1_21"": 1.0, ""1_22"": 0.015409696293149783}","{""0_40"": 0.02934601842613609, ""0_42"": 0.0, ""1_20"": 0.012226294805208383, ""1_21"": 1.0, ""1_22"": 0.014512837707552701}",0.6,1_21,1,0.9547340583930277,"{""0_40"": 0.017607611055681652, ""0_42"": 0.04526594160697231, ""1_20"": 0.015637712107925795, ""1_21"": 1.0, ""1_22"": 0.014871581141791533}"
formal_test,no_pheromone,No pheromone,2_1_21_11_2_16.bin,7,1_21,direct_lda_top5,1_21;0_40;1_22;1_20;0_42,1,1_21,1,1_23,1_21,1,0.4442023482221077,4.618208000003676,0,0,"{""0_40"": 0.0, ""0_42"": 0.5557976517778923, ""1_20"": 0.019436688237185147, ""1_21"": 1.0, ""1_22"": 0.021912806415060545}","{""0_40"": 0.02934601842613609, ""0_42"": 0.0, ""1_20"": 0.012226294805208383, ""1_21"": 1.0, ""1_22"": 0.014512837707552701}",0.6,1_21,1,0.7776809392888431,"{""0_40"": 0.017607611055681652, ""0_42"": 0.22231906071115692, ""1_20"": 0.015110452177999088, ""1_21"": 1.0, ""1_22"": 0.01747282519055584}"
formal_test,full_aco,Full ACO,2_1_21_11_2_16.bin,7,1_21,direct_lda_top5,1_21;0_40;1_22;1_20;0_42,1,1_21,1,1_23,1_21,1,0.9320764805317887,4.893957999996701,0,0,"{""0_40"": 0.0, ""0_42"": 0.06792351946821132, ""1_20"": 0.011060994260508276, ""1_21"": 1.0, ""1_22"": 0.008149889893168335}","{""0_40"": 0.02934601842613609, ""0_42"": 0.0, ""1_20"": 0.012226294805208383, ""1_21"": 1.0, ""1_22"": 0.014512837707552701}",0.6,1_21,1,0.9728305922127155,"{""0_40"": 0.017607611055681652, ""0_42"": 0.02716940778728453, ""1_20"": 0.01176017458732834, ""1_21"": 1.0, ""1_22"": 0.011967658581798955}"
formal_test,average_cost,Average cost,2_1_22_11_2_16.bin,0,1_22,direct_lda_top5,1_22;0_40;1_21;1_23;1_24,1,1_22,1,1_22,1_22,1,0.28931350850303794,0.0010420000009503383,,,"{""0_40"": 0.7106864914969621, ""1_21"": 0.0, ""1_22"": 1.0, ""1_23"": 0.41459556170566053, ""1_24"": 0.181984224727934}","{""0_40"": 0.39694832832095334, ""1_21"": 0.013142147760090877, ""1_22"": 1.0, ""1_23"": 0.003589336322865508, ""1_24"": 0.0}",0.6,1_22,1,0.47755640640864316,"{""0_40"": 0.5224435935913568, ""1_21"": 0.007885288656054526, ""1_22"": 1.0, ""1_23"": 0.16799182647598354, ""1_24"": 0.0727936898911736}"
formal_test,greedy_path,Greedy path,2_1_22_11_2_16.bin,0,1_22,direct_lda_top5,1_22;0_40;1_21;1_23;1_24,1,1_22,1,1_22,1_22,1,0.9053906471793045,0.0683750000050054,0,0,"{""0_40"": 0.09460935282069552, ""1_21"": 0.0, ""1_22"": 1.0, ""1_23"": 0.05519257541069069, ""1_24"": 0.024226448555142468}","{""0_40"": 0.39694832832095334, ""1_21"": 0.013142147760090877, ""1_22"": 1.0, ""1_23"": 0.003589336322865508, ""1_24"": 0.0}",0.6,1_22,1,0.7239872618791499,"{""0_40"": 0.2760127381208502, ""1_21"": 0.007885288656054526, ""1_22"": 1.0, ""1_23"": 0.02423063195799558, ""1_24"": 0.009690579422056988}"
formal_test,no_pheromone,No pheromone,2_1_22_11_2_16.bin,0,1_22,direct_lda_top5,1_22;0_40;1_21;1_23;1_24,1,1_22,1,1_22,1_22,1,0.6968628440623492,4.726540999996587,0,0,"{""0_40"": 0.30313715593765084, ""1_21"": 0.0, ""1_22"": 1.0, ""1_23"": 0.0973705745509905, ""1_24"": 0.03642834711378876}","{""0_40"": 0.39694832832095334, ""1_21"": 0.013142147760090877, ""1_22"": 1.0, ""1_23"": 0.003589336322865508, ""1_24"": 0.0}",0.6,1_22,1,0.6405761406323677,"{""0_40"": 0.3594238593676323, ""1_21"": 0.007885288656054526, ""1_22"": 1.0, ""1_23"": 0.04110183161411551, ""1_24"": 0.014571338845515506}"
formal_test,full_aco,Full ACO,2_1_22_11_2_16.bin,0,1_22,direct_lda_top5,1_22;0_40;1_21;1_23;1_24,1,1_22,1,1_22,1_22,1,0.9473543913234644,4.984665999998583,0,0,"{""0_40"": 0.05264560867653555, ""1_21"": 0.0, ""1_22"": 1.0, ""1_23"": 0.030667329066539316, ""1_24"": 0.013489328293949585}","{""0_40"": 0.39694832832095334, ""1_21"": 0.013142147760090877, ""1_22"": 1.0, ""1_23"": 0.003589336322865508, ""1_24"": 0.0}",0.6,1_22,1,0.7407727595368138,"{""0_40"": 0.25922724046318624, ""1_21"": 0.007885288656054526, ""1_22"": 1.0, ""1_23"": 0.014420533420335032, ""1_24"": 0.005395731317579835}"
formal_test,average_cost,Average cost,2_1_22_11_2_16.bin,8,1_22,direct_lda_top5,1_22;0_40;1_21;1_23;0_38,1,1_22,1,1_22,1_22,1,0.4662640070721371,0.0010410000044203116,,,"{""0_38"": 0.0, ""0_40"": 0.5337359929278629, ""1_21"": 0.05319611812301127, ""1_22"": 1.0, ""1_23"": 0.48898167007669247}","{""0_38"": 0.0, ""0_40"": 0.39120254434585566, ""1_21"": 0.02693815337982399, ""1_22"": 1.0, ""1_23"": 0.0033560513670828746}",0.6,1_22,1,0.5517840762213415,"{""0_38"": 0.0, ""0_40"": 0.44821592377865854, ""1_21"": 0.0374413392770989, ""1_22"": 1.0, ""1_23"": 0.1976062988509267}"
formal_test,greedy_path,Greedy path,2_1_22_11_2_16.bin,8,1_22,direct_lda_top5,1_22;0_40;1_21;1_23;0_38,1,1_22,1,1_22,1_22,1,0.9360207911138804,0.06912499999600641,0,0,"{""0_38"": 0.0054494275452238615, ""0_40"": 0.06397920888611967, ""1_21"": 0.0, ""1_22"": 1.0, ""1_23"": 0.0580206062385981}","{""0_38"": 0.0, ""0_40"": 0.39120254434585566, ""1_21"": 0.02693815337982399, ""1_22"": 1.0, ""1_23"": 0.0033560513670828746}",0.6,1_22,1,0.7396867898380388,"{""0_38"": 0.0021797710180895447, ""0_40"": 0.26031321016196124, ""1_21"": 0.016162892027894393, ""1_22"": 1.0, ""1_23"": 0.025221873315688967}"
formal_test,no_pheromone,No pheromone,2_1_22_11_2_16.bin,8,1_22,direct_lda_top5,1_22;0_40;1_21;1_23;0_38,1,1_22,1,1_22,1_22,1,0.9175234575409965,4.5267500000036875,0,0,"{""0_38"": 0.0030575240154211984, ""0_40"": 0.08247654245900352, ""1_21"": 0.0, ""1_22"": 1.0, ""1_23"": 0.07465666976666717}","{""0_38"": 0.0, ""0_40"": 0.39120254434585566, ""1_21"": 0.02693815337982399, ""1_22"": 1.0, ""1_23"": 0.0033560513670828746}",0.6,1_22,1,0.7322878564088853,"{""0_38"": 0.0012230096061684795, ""0_40"": 0.2677121435911148, ""1_21"": 0.016162892027894393, ""1_22"": 1.0, ""1_23"": 0.031876298726916594}"
formal_test,full_aco,Full ACO,2_1_22_11_2_16.bin,8,1_22,direct_lda_top5,1_22;0_40;1_21;1_23;0_38,1,1_22,1,1_22,1_22,1,0.9646356886310169,4.9713330000003,0,0,"{""0_38"": 0.00299249445580875, ""0_40"": 0.03536431136898311, ""1_21"": 0.0, ""1_22"": 1.0, ""1_23"": 0.03202059331624631}","{""0_38"": 0.0, ""0_40"": 0.39120254434585566, ""1_21"": 0.02693815337982399, ""1_22"": 1.0, ""1_23"": 0.0033560513670828746}",0.6,1_22,1,0.7511327488448933,"{""0_38"": 0.0011969977823235002, ""0_40"": 0.24886725115510663, ""1_21"": 0.016162892027894393, ""1_22"": 1.0, ""1_23"": 0.014821868146748247}"
formal_test,average_cost,Average cost,2_1_22_11_2_16.bin,10,1_22,direct_lda_top5,1_22;0_40;1_21;1_23;0_38,1,1_22,1,1_22,1_22,1,0.1655667044272643,0.0014170000000035543,,,"{""0_38"": 0.0, ""0_40"": 0.8344332955727357, ""1_21"": 0.19293115570346858, ""1_22"": 1.0, ""1_23"": 0.48480682406186987}","{""0_38"": 0.0, ""0_40"": 0.20080841226526427, ""1_21"": 0.03564387679508491, ""1_22"": 1.0, ""1_23"": 0.0024862842886754838}",0.6,1_22,1,0.5457416344117472,"{""0_38"": 0.0, ""0_40"": 0.45425836558825283, ""1_21"": 0.09855878835843838, ""1_22"": 1.0, ""1_23"": 0.19541450019795326}"
formal_test,greedy_path,Greedy path,2_1_22_11_2_16.bin,10,1_22,direct_lda_top5,1_22;0_40;1_21;1_23;0_38,1,1_22,1,1_22,1_22,1,0.8925447856632872,0.07833400000123447,0,0,"{""0_38"": 0.0, ""0_40"": 0.10745521433671278, ""1_21"": 0.028628305183643746, ""1_22"": 1.0, ""1_23"": 0.062431618522259945}","{""0_38"": 0.0, ""0_40"": 0.20080841226526427, ""1_21"": 0.03564387679508491, ""1_22"": 1.0, ""1_23"": 0.0024862842886754838}",0.6,1_22,1,0.8365328669061564,"{""0_38"": 0.0, ""0_40"": 0.16346713309384367, ""1_21"": 0.03283764815050844, ""1_22"": 1.0, ""1_23"": 0.02646441798210927}"
formal_test,no_pheromone,No pheromone,2_1_22_11_2_16.bin,10,1_22,direct_lda_top5,1_22;0_40;1_21;1_23;0_38,1,1_22,1,1_22,1_22,1,0.732459551215822,4.641874999997242,0,0,"{""0_38"": 0.0, ""0_40"": 0.26754044878417804, ""1_21"": 0.02776252607679302, ""1_22"": 1.0, ""1_23"": 0.07874876446515643}","{""0_38"": 0.0, ""0_40"": 0.20080841226526427, ""1_21"": 0.03564387679508491, ""1_22"": 1.0, ""1_23"": 0.0024862842886754838}",0.6,1_22,1,0.7724987731271702,"{""0_38"": 0.0, ""0_40"": 0.22750122687282978, ""1_21"": 0.032491336507768157, ""1_22"": 1.0, ""1_23"": 0.032991276359267865}"
formal_test,full_aco,Full ACO,2_1_22_11_2_16.bin,10,1_22,direct_lda_top5,1_22;0_40;1_21;1_23;0_38,1,1_22,1,1_22,1_22,1,0.9405093340007159,4.864584000003447,0,0,"{""0_38"": 0.0, ""0_40"": 0.059490665999284056, ""1_21"": 0.01586376896628089, ""1_22"": 1.0, ""1_23"": 0.03490395798593921}","{""0_38"": 0.0, ""0_40"": 0.20080841226526427, ""1_21"": 0.03564387679508491, ""1_22"": 1.0, ""1_23"": 0.0024862842886754838}",0.6,1_22,1,0.8557186862411278,"{""0_38"": 0.0, ""0_40"": 0.14428131375887218, ""1_21"": 0.027731833663563302, ""1_22"": 1.0, ""1_23"": 0.015453353767580976}"
formal_test,average_cost,Average cost,2_1_22_11_2_16.bin,13,1_22,direct_lda_top5,1_22;0_40;1_21;1_23;1_24,1,1_22,1,1_22,1_22,1,0.40272473290945365,0.0010839999973200065,,,"{""0_40"": 0.4012141552620986, ""1_21"": 0.0, ""1_22"": 1.0, ""1_23"": 0.5972752670905463, ""1_24"": 0.2131795139373187}","{""0_40"": 0.20024657612400312, ""1_21"": 0.011420930719620845, ""1_22"": 1.0, ""1_23"": 0.008668579767250047, ""1_24"": 0.0}",0.6,1_22,1,0.7193663922207587,"{""0_40"": 0.2806336077792413, ""1_21"": 0.0068525584317725066, ""1_22"": 1.0, ""1_23"": 0.24411125469656858, ""1_24"": 0.08527180557492749}"
formal_test,greedy_path,Greedy path,2_1_22_11_2_16.bin,13,1_22,direct_lda_top5,1_22;0_40;1_21;1_23;1_24,1,1_22,1,1_22,1_22,1,0.9100224576970146,0.0688749999966376,0,0,"{""0_40"": 0.056065163160492926, ""1_21"": 0.0, ""1_22"": 1.0, ""1_23"": 0.08997754230298541, ""1_24"": 0.029789438070953845}","{""0_40"": 0.20024657612400312, ""1_21"": 0.011420930719620845, ""1_22"": 1.0, ""1_23"": 0.008668579767250047, ""1_24"": 0.0}",0.6,1_22,1,0.8574259890614009,"{""0_40"": 0.14257401093859906, ""1_21"": 0.0068525584317725066, ""1_22"": 1.0, ""1_23"": 0.041192164781544194, ""1_24"": 0.01191577522838154}"
formal_test,no_pheromone,No pheromone,2_1_22_11_2_16.bin,13,1_22,direct_lda_top5,1_22;0_40;1_21;1_23;1_24,1,1_22,1,1_22,1_22,1,0.8645403509442039,4.52304200000242,0,0,"{""0_40"": 0.07162191768563922, ""1_21"": 0.0, ""1_22"": 1.0, ""1_23"": 0.13545964905579608, ""1_24"": 0.03355373883901548}","{""0_40"": 0.20024657612400312, ""1_21"": 0.011420930719620845, ""1_22"": 1.0, ""1_23"": 0.008668579767250047, ""1_24"": 0.0}",0.6,1_22,1,0.8512032872513424,"{""0_40"": 0.14879671274865758, ""1_21"": 0.0068525584317725066, ""1_22"": 1.0, ""1_23"": 0.059385007482668464, ""1_24"": 0.013421495535606193}"
formal_test,full_aco,Full ACO,2_1_22_11_2_16.bin,13,1_22,direct_lda_top5,1_22;0_40;1_21;1_23;1_24,1,1_22,1,1_22,1_22,1,0.9499607435069104,4.839332999999613,0,0,"{""0_40"": 0.031208118028660043, ""1_21"": 0.0, ""1_22"": 1.0, ""1_23"": 0.050039256493089594, ""1_24"": 0.016590434112307317}","{""0_40"": 0.20024657612400312, ""1_21"": 0.011420930719620845, ""1_22"": 1.0, ""1_23"": 0.008668579767250047, ""1_24"": 0.0}",0.6,1_22,1,0.8673688071141341,"{""0_40"": 0.1326311928858659, ""1_21"": 0.0068525584317725066, ""1_22"": 1.0, ""1_23"": 0.025216850457585867, ""1_24"": 0.006636173644922927}"
formal_test,average_cost,Average cost,2_1_23_11_2_16.bin,0,1_23,direct_lda_top5,1_23;0_39;1_19;1_20;1_24,1,1_23,1,0_39,0_39,0,0.021366709182576327,0.0011659999969992896,,,"{""0_39"": 1.0, ""1_19"": 0.9786332908174237, ""1_20"": 0.0, ""1_23"": 0.5760565550326352, ""1_24"": 0.25657990934046315}","{""0_39"": 0.10374607291593113, ""1_19"": 0.004216548315955076, ""1_20"": 0.0006993677599206444, ""1_23"": 1.0, ""1_24"": 0.0}",0.6,1_23,1,0.3681749782634954,"{""0_39"": 0.4622476437495587, ""1_19"": 0.39398324531654255, ""1_20"": 0.00041962065595238664, ""1_23"": 0.8304226220130541, ""1_24"": 0.10263196373618527}"
formal_test,greedy_path,Greedy path,2_1_23_11_2_16.bin,0,1_23,direct_lda_top5,1_23;0_39;1_19;1_20;1_24,1,1_23,1,0_39,0_39,0,0.8711691124698859,0.09308300000299141,0,0,"{""0_39"": 1.0, ""1_19"": 0.1288308875301141, ""1_20"": 0.0, ""1_23"": 0.07124594916442269, ""1_24"": 0.03173348001646679}","{""0_39"": 0.10374607291593113, ""1_19"": 0.004216548315955076, ""1_20"": 0.0006993677599206444, ""1_23"": 1.0, ""1_24"": 0.0}",0.6,1_23,1,0.16625073591621037,"{""0_39"": 0.4622476437495587, ""1_19"": 0.054062284001618686, ""1_20"": 0.00041962065595238664, ""1_23"": 0.628498379665769, ""1_24"": 0.012693392006586715}"
formal_test,no_pheromone,No pheromone,2_1_23_11_2_16.bin,0,1_23,direct_lda_top5,1_23;0_39;1_19;1_20;1_24,1,1_23,1,0_39,0_39,0,0.1883678988685883,4.643833000002928,0,0,"{""0_39"": 1.0, ""1_19"": 0.8116321011314117, ""1_20"": 0.0, ""1_23"": 0.1531968382297818, ""1_24"": 0.11310519458867876}","{""0_39"": 0.10374607291593113, ""1_19"": 0.004216548315955076, ""1_20"": 0.0006993677599206444, ""1_23"": 1.0, ""1_24"": 0.0}",0.6,1_23,1,0.19903109154235404,"{""0_39"": 0.4622476437495587, ""1_19"": 0.32718276944213776, ""1_20"": 0.00041962065595238664, ""1_23"": 0.6612787352919127, ""1_24"": 0.04524207783547151}"
formal_test,full_aco,Full ACO,2_1_23_11_2_16.bin,0,1_23,direct_lda_top5,1_23;0_39;1_19;1_20;1_24,1,1_23,1,0_39,0_39,0,0.8493609354268212,4.934540999997239,0,0,"{""0_39"": 1.0, ""1_19"": 0.15063906457317874, ""1_20"": 0.0, ""1_23"": 0.038620029871613226, ""1_24"": 0.01723007437068959}","{""0_39"": 0.10374607291593113, ""1_19"": 0.004216548315955076, ""1_20"": 0.0006993677599206444, ""1_23"": 1.0, ""1_24"": 0.0}",0.6,1_23,1,0.1532003681990866,"{""0_39"": 0.4622476437495587, ""1_19"": 0.06278555481884454, ""1_20"": 0.00041962065595238664, ""1_23"": 0.6154480119486453, ""1_24"": 0.006892029748275837}"
formal_test,average_cost,Average cost,2_1_23_11_2_16.bin,3,1_23,direct_lda_top5,1_23;1_24;0_38;1_22;0_40,1,1_23,1,1_23,1_23,1,0.37337644033742534,0.0010830000007899798,,,"{""0_38"": 0.0, ""0_40"": 0.03248685510834924, ""1_22"": 0.009730722538014854, ""1_23"": 1.0, ""1_24"": 0.6266235596625747}","{""0_38"": 0.001301583308990205, ""0_40"": 0.0, ""1_22"": 0.0008835231433839795, ""1_23"": 1.0, ""1_24"": 0.11930462624439869}",0.6,1_23,1,0.677767800388331,"{""0_38"": 0.0007809499853941229, ""0_40"": 0.012994742043339697, ""1_22"": 0.004422402901236329, ""1_23"": 1.0, ""1_24"": 0.32223219961166905}"
formal_test,greedy_path,Greedy path,2_1_23_11_2_16.bin,3,1_23,direct_lda_top5,1_23;1_24;0_38;1_22;0_40,1,1_23,1,1_23,1_23,1,0.9253736573148786,0.06920799999932115,0,0,"{""0_38"": 0.0, ""0_40"": 0.003868949937635669, ""1_22"": 0.0011588588132351043, ""1_23"": 1.0, ""1_24"": 0.07462634268512139}","{""0_38"": 0.001301583308990205, ""0_40"": 0.0, ""1_22"": 0.0008835231433839795, ""1_23"": 1.0, ""1_24"": 0.11930462624439869}",0.6,1_23,1,0.8985666871793122,"{""0_38"": 0.0007809499853941229, ""0_40"": 0.0015475799750542677, ""1_22"": 0.0009936574113244294, ""1_23"": 1.0, ""1_24"": 0.10143331282068777}"
formal_test,no_pheromone,No pheromone,2_1_23_11_2_16.bin,3,1_23,direct_lda_top5,1_23;1_24;0_38;1_22;0_40,1,1_23,1,1_23,1_23,1,0.8375367031181261,4.564750000000117,0,0,"{""0_38"": 0.00790697198711217, ""0_40"": 0.0, ""1_22"": 0.00793321541739949, ""1_23"": 1.0, ""1_24"": 0.16246329688187386}","{""0_38"": 0.001301583308990205, ""0_40"": 0.0, ""1_22"": 0.0008835231433839795, ""1_23"": 1.0, ""1_24"": 0.11930462624439869}",0.6,1_23,1,0.8634319055006112,"{""0_38"": 0.003943738780238991, ""0_40"": 0.0, ""1_22"": 0.0037034000529901838, ""1_23"": 1.0, ""1_24"": 0.13656809449938875}"
formal_test,full_aco,Full ACO,2_1_23_11_2_16.bin,3,1_23,direct_lda_top5,1_23;1_24;0_38;1_22;0_40,1,1_23,1,1_23,1_23,1,0.9587868605576317,4.8811250000042605,0,0,"{""0_38"": 0.0, ""0_40"": 0.002155201256311947, ""1_22"": 0.0006108676505718855, ""1_23"": 1.0, ""1_24"": 0.04121313944236827}","{""0_38"": 0.001301583308990205, ""0_40"": 0.0, ""1_22"": 0.0008835231433839795, ""1_23"": 1.0, ""1_24"": 0.11930462624439869}",0.6,1_23,1,0.9119319684764134,"{""0_38"": 0.0007809499853941229, ""0_40"": 0.0008620805025247789, ""1_22"": 0.0007744609462591418, ""1_23"": 1.0, ""1_24"": 0.08806803152358653}"
formal_test,average_cost,Average cost,2_1_23_11_2_16.bin,12,1_23,direct_lda_top5,1_23;0_38;1_24;0_39;0_40,1,1_23,1,1_20,1_23,1,0.2772149100019973,0.001292000000319149,,,"{""0_38"": 0.7227850899980027, ""0_39"": 0.24809753413275612, ""0_40"": 0.0, ""1_23"": 1.0, ""1_24"": 0.6242418232328895}","{""0_38"": 0.03475316757503175, ""0_39"": 0.0007123626385497371, ""0_40"": 0.0, ""1_23"": 1.0, ""1_24"": 0.011440267911262108}",0.6,1_23,1,0.6900340634557798,"{""0_38"": 0.30996593654422017, ""0_39"": 0.09966643123623228, ""0_40"": 0.0, ""1_23"": 1.0, ""1_24"": 0.25656089003991306}"
formal_test,greedy_path,Greedy path,2_1_23_11_2_16.bin,12,1_23,direct_lda_top5,1_23;0_38;1_24;0_39;0_40,1,1_23,1,1_20,1_23,1,0.8952581388027259,0.07587500000028058,0,0,"{""0_38"": 0.10474186119727409, ""0_39"": 0.0377061817953418, ""0_40"": 0.0, ""1_23"": 1.0, ""1_24"": 0.0904615373330035}","{""0_38"": 0.03475316757503175, ""0_39"": 0.0007123626385497371, ""0_40"": 0.0, ""1_23"": 1.0, ""1_24"": 0.011440267911262108}",0.6,1_23,1,0.9372513549760713,"{""0_38"": 0.06274864502392868, ""0_39"": 0.015509890301266562, ""0_40"": 0.0, ""1_23"": 1.0, ""1_24"": 0.04304877567995867}"
formal_test,no_pheromone,No pheromone,2_1_23_11_2_16.bin,12,1_23,direct_lda_top5,1_23;0_38;1_24;0_39;0_40,1,1_23,1,1_20,1_23,1,0.5814326369970336,4.731167000002756,0,0,"{""0_38"": 0.4185673630029664, ""0_39"": 0.05032898283799614, ""0_40"": 0.0, ""1_23"": 1.0, ""1_24"": 0.15659261777708175}","{""0_38"": 0.03475316757503175, ""0_39"": 0.0007123626385497371, ""0_40"": 0.0, ""1_23"": 1.0, ""1_24"": 0.011440267911262108}",0.6,1_23,1,0.8117211542537943,"{""0_38"": 0.18827884574620563, ""0_39"": 0.0205590107183283, ""0_40"": 0.0, ""1_23"": 1.0, ""1_24"": 0.06950120785758997}"
formal_test,full_aco,Full ACO,2_1_23_11_2_16.bin,12,1_23,direct_lda_top5,1_23;0_38;1_24;0_39;0_40,1,1_23,1,1_20,1_23,1,0.8497059328664267,5.082250000000954,0,0,"{""0_38"": 0.15029406713357327, ""0_39"": 0.019902624705204933, ""0_40"": 0.0, ""1_23"": 1.0, ""1_24"": 0.047862755369943284}","{""0_38"": 0.03475316757503175, ""0_39"": 0.0007123626385497371, ""0_40"": 0.0, ""1_23"": 1.0, ""1_24"": 0.011440267911262108}",0.6,1_23,1,0.9190304726015517,"{""0_38"": 0.08096952739844836, ""0_39"": 0.008388467465211815, ""0_40"": 0.0, ""1_23"": 1.0, ""1_24"": 0.02600926289473458}"
formal_test,average_cost,Average cost,2_1_23_11_2_16.bin,20,1_23,direct_lda_top5,1_23;0_38;0_40;1_22;1_21,1,1_23,1,1_23,0_38,0,0.009872898901232885,0.0019999999949504854,,,"{""0_38"": 1.0, ""0_40"": 0.033091014055322505, ""1_21"": 0.3521449260105355, ""1_22"": 0.0, ""1_23"": 0.9901271010987671}","{""0_38"": 0.11911053177555905, ""0_40"": 0.007502809692579292, ""1_21"": 0.0, ""1_22"": 0.0006084579167106806, ""1_23"": 1.0}",0.6,1_23,1,0.5245845213741714,"{""0_38"": 0.4714663190653354, ""0_40"": 0.017738091437676577, ""1_21"": 0.1408579704042142, ""1_22"": 0.0003650747500264084, ""1_23"": 0.9960508404395069}"
formal_test,greedy_path,Greedy path,2_1_23_11_2_16.bin,20,1_23,direct_lda_top5,1_23;0_38;0_40;1_22;1_21,1,1_23,1,1_23,0_38,0,0.8140694056725213,0.0796250000050236,0,0,"{""0_38"": 1.0, ""0_40"": 0.0038952799684496683, ""1_21"": 0.041452434004795986, ""1_22"": 0.0, ""1_23"": 0.18593059432747866}","{""0_38"": 0.11911053177555905, ""0_40"": 0.007502809692579292, ""1_21"": 0.0, ""1_22"": 0.0006084579167106806, ""1_23"": 1.0}",0.6,1_23,1,0.202905918665656,"{""0_38"": 0.4714663190653354, ""0_40"": 0.006059797802927442, ""1_21"": 0.016580973601918396, ""1_22"": 0.0003650747500264084, ""1_23"": 0.6743722377309914}"
formal_test,no_pheromone,No pheromone,2_1_23_11_2_16.bin,20,1_23,direct_lda_top5,1_23;0_38;0_40;1_22;1_21,1,1_23,1,1_23,0_38,0,0.15908726716418664,4.642416999999455,0,0,"{""0_38"": 1.0, ""0_40"": 0.0055825611172872994, ""1_21"": 0.1321225255566496, ""1_22"": 0.0, ""1_23"": 0.8409127328358134}","{""0_38"": 0.11911053177555905, ""0_40"": 0.007502809692579292, ""1_21"": 0.0, ""1_22"": 0.0006084579167106806, ""1_23"": 1.0}",0.6,1_23,1,0.46489877406898994,"{""0_38"": 0.4714663190653354, ""0_40"": 0.006734710262462494, ""1_21"": 0.052849010222659844, ""1_22"": 0.0003650747500264084, ""1_23"": 0.9363650931343254}"
formal_test,full_aco,Full ACO,2_1_23_11_2_16.bin,20,1_23,direct_lda_top5,1_23;0_38;0_40;1_22;1_21,1,1_23,1,1_23,1_23,1,0.08510311781891944,4.950167000004058,0,0,"{""0_38"": 0.9148968821810806, ""0_40"": 0.002474812831137657, ""1_21"": 0.025370158908735167, ""1_22"": 0.0, ""1_23"": 1.0}","{""0_38"": 0.11911053177555905, ""0_40"": 0.007502809692579292, ""1_21"": 0.0, ""1_22"": 0.0006084579167106806, ""1_23"": 1.0}",0.6,1_23,1,0.5625749280622323,"{""0_38"": 0.4374250719377677, ""0_40"": 0.005491610948002637, ""1_21"": 0.010148063563494068, ""1_22"": 0.0003650747500264084, ""1_23"": 1.0}"
formal_test,average_cost,Average cost,2_1_24_11_2_16.bin,0,1_24,direct_lda_top5,1_24;1_23;1_25;0_38;1_26,1,1_24,1,0_38,1_24,1,0.5609520086962179,0.0011670000006347436,,,"{""0_38"": 0.0, ""1_23"": 0.1966955090364815, ""1_24"": 1.0, ""1_25"": 0.28406156418069045, ""1_26"": 0.4390479913037822}","{""0_38"": 0.0002822124104542674, ""1_23"": 0.0034457089998299966, ""1_24"": 1.0, ""1_25"": 0.0007085373826805742, ""1_26"": 0.0}",0.6,1_24,1,0.8243808034784871,"{""0_38"": 0.00016932744627256045, ""1_23"": 0.0807456290144906, ""1_24"": 1.0, ""1_25"": 0.11404974810188453, ""1_26"": 0.1756191965215129}"
formal_test,greedy_path,Greedy path,2_1_24_11_2_16.bin,0,1_24,direct_lda_top5,1_24;1_23;1_25;0_38;1_26,1,1_24,1,0_38,1_24,1,0.9604256154111279,0.07008300000421741,0,0,"{""0_38"": 0.0395743845888721, ""1_23"": 0.0, ""1_24"": 1.0, ""1_25"": 0.017667505350329498, ""1_26"": 0.03754312226391053}","{""0_38"": 0.0002822124104542674, ""1_23"": 0.0034457089998299966, ""1_24"": 1.0, ""1_25"": 0.0007085373826805742, ""1_26"": 0.0}",0.6,1_24,1,0.9840009187181786,"{""0_38"": 0.0159990812818214, ""1_23"": 0.002067425399897998, ""1_24"": 1.0, ""1_25"": 0.007492124569740144, ""1_26"": 0.015017248905564213}"
formal_test,no_pheromone,No pheromone,2_1_24_11_2_16.bin,0,1_24,direct_lda_top5,1_24;1_23;1_25;0_38;1_26,1,1_24,1,0_38,1_24,1,0.9359895069324118,4.499332999998273,0,0,"{""0_38"": 0.04881138095072644, ""1_23"": 0.0, ""1_24"": 1.0, ""1_25"": 0.041878759473320086, ""1_26"": 0.06401049306758821}","{""0_38"": 0.0002822124104542674, ""1_23"": 0.0034457089998299966, ""1_24"": 1.0, ""1_25"": 0.0007085373826805742, ""1_26"": 0.0}",0.6,1_24,1,0.9743958027729647,"{""0_38"": 0.01969387982656314, ""1_23"": 0.002067425399897998, ""1_24"": 1.0, ""1_25"": 0.01717662621893638, ""1_26"": 0.02560419722703529}"
formal_test,full_aco,Full ACO,2_1_24_11_2_16.bin,0,1_24,direct_lda_top5,1_24;1_23;1_25;0_38;1_26,1,1_24,1,0_38,1_24,1,0.9785640321104286,4.896707999996863,0,0,"{""0_38"": 0.02143596788957133, ""1_23"": 0.0, ""1_24"": 1.0, ""1_25"": 0.009653793798445267, ""1_26"": 0.020018159246734887}","{""0_38"": 0.0002822124104542674, ""1_23"": 0.0034457089998299966, ""1_24"": 1.0, ""1_25"": 0.0007085373826805742, ""1_26"": 0.0}",0.6,1_24,1,0.9912562853978989,"{""0_38"": 0.008743714602101093, ""1_23"": 0.002067425399897998, ""1_24"": 1.0, ""1_25"": 0.004286639948986451, ""1_26"": 0.008007263698693956}"
formal_test,average_cost,Average cost,2_1_24_11_2_16.bin,2,1_24,direct_lda_top5,1_24;1_23;0_38;1_25;1_26,1,1_24,1,0_38,1_24,1,0.43089489441205886,0.001292000000319149,,,"{""0_38"": 0.0, ""1_23"": 0.3546492395520753, ""1_24"": 1.0, ""1_25"": 0.5691051055879411, ""1_26"": 0.34971761676279844}","{""0_38"": 0.0046565646371306375, ""1_23"": 0.021268646590751936, ""1_24"": 1.0, ""1_25"": 0.0034140501725113768, ""1_26"": 0.0}",0.6,1_24,1,0.7703095276613167,"{""0_38"": 0.0027939387822783824, ""1_23"": 0.15462088377528127, ""1_24"": 1.0, ""1_25"": 0.2296904723386833, ""1_26"": 0.1398870467051194}"
formal_test,greedy_path,Greedy path,2_1_24_11_2_16.bin,2,1_24,direct_lda_top5,1_24;1_23;0_38;1_25;1_26,1,1_24,1,0_38,1_24,1,0.9641435498205593,0.09337499999872989,0,0,"{""0_38"": 0.015442412052778737, ""1_23"": 0.0008060190113595925, ""1_24"": 1.0, ""1_25"": 0.03585645017944076, ""1_26"": 0.0}","{""0_38"": 0.0046565646371306375, ""1_23"": 0.021268646590751936, ""1_24"": 1.0, ""1_25"": 0.0034140501725113768, ""1_26"": 0.0}",0.6,1_24,1,0.9836089898247169,"{""0_38"": 0.008970903603389877, ""1_23"": 0.013083595558994998, ""1_24"": 1.0, ""1_25"": 0.01639101017528313, ""1_26"": 0.0}"
formal_test,no_pheromone,No pheromone,2_1_24_11_2_16.bin,2,1_24,direct_lda_top5,1_24;1_23;0_38;1_25;1_26,1,1_24,1,0_38,1_24,1,0.832308278143747,4.689040999998895,0,0,"{""0_38"": 0.019442349022001336, ""1_23"": 0.05646731774442579, ""1_24"": 1.0, ""1_25"": 0.16769172185625306, ""1_26"": 0.0}","{""0_38"": 0.0046565646371306375, ""1_23"": 0.021268646590751936, ""1_24"": 1.0, ""1_25"": 0.0034140501725113768, ""1_26"": 0.0}",0.6,1_24,1,0.930874881153992,"{""0_38"": 0.010570878391078916, ""1_23"": 0.03534811505222148, ""1_24"": 1.0, ""1_25"": 0.06912511884600805, ""1_26"": 0.0}"
formal_test,full_aco,Full ACO,2_1_24_11_2_16.bin,2,1_24,direct_lda_top5,1_24;1_23;0_38;1_25;1_26,1,1_24,1,0_38,1_24,1,0.9753997723949402,4.751249999998208,0,0,"{""0_38"": 0.00847765877277813, ""1_23"": 0.0017451552445516749, ""1_24"": 1.0, ""1_25"": 0.024600227605059758, ""1_26"": 0.0}","{""0_38"": 0.0046565646371306375, ""1_23"": 0.021268646590751936, ""1_24"": 1.0, ""1_25"": 0.0034140501725113768, ""1_26"": 0.0}",0.6,1_24,1,0.9865407499477282,"{""0_38"": 0.006185002291389635, ""1_23"": 0.01345925005227183, ""1_24"": 1.0, ""1_25"": 0.011888521145530729, ""1_26"": 0.0}"
formal_test,average_cost,Average cost,2_1_24_11_2_16.bin,10,1_24,direct_lda_top5,1_24;1_23;1_25;0_38;1_26,1,1_24,1,1_24,1_24,1,0.02226860979512213,0.0012499999968440534,,,"{""0_38"": 0.0, ""1_23"": 0.5707082423611535, ""1_24"": 1.0, ""1_25"": 0.9777313902048779, ""1_26"": 0.44546382236131715}","{""0_38"": 0.0016433041138467167, ""1_23"": 0.04343797046016589, ""1_24"": 1.0, ""1_25"": 0.004560352234305147, ""1_26"": 0.0}",0.6,1_24,1,0.6061712325774657,"{""0_38"": 0.00098598246830803, ""1_23"": 0.2543460792205609, ""1_24"": 1.0, ""1_25"": 0.39382876742253425, ""1_26"": 0.17818552894452688}"
formal_test,greedy_path,Greedy path,2_1_24_11_2_16.bin,10,1_24,direct_lda_top5,1_24;1_23;1_25;0_38;1_26,1,1_24,1,1_24,1_24,1,0.876538368925957,0.06991699999758794,0,0,"{""0_38"": 0.0, ""1_23"": 0.07018373894035931, ""1_24"": 1.0, ""1_25"": 0.12346163107404295, ""1_26"": 0.053789686822077735}","{""0_38"": 0.0016433041138467167, ""1_23"": 0.04343797046016589, ""1_24"": 1.0, ""1_25"": 0.004560352234305147, ""1_26"": 0.0}",0.6,1_24,1,0.9458637221477567,"{""0_38"": 0.00098598246830803, ""1_23"": 0.05413627785224326, ""1_24"": 1.0, ""1_25"": 0.05212086377020027, ""1_26"": 0.021515874728831097}"
formal_test,no_pheromone,No pheromone,2_1_24_11_2_16.bin,10,1_24,direct_lda_top5,1_24;1_23;1_25;0_38;1_26,1,1_24,1,1_24,1_24,1,0.3489702438372555,4.5421250000003965,0,0,"{""0_38"": 0.0, ""1_23"": 0.13396686045786538, ""1_24"": 1.0, ""1_25"": 0.6510297561627445, ""1_26"": 0.0747498909072678}","{""0_38"": 0.0016433041138467167, ""1_23"": 0.04343797046016589, ""1_24"": 1.0, ""1_25"": 0.004560352234305147, ""1_26"": 0.0}",0.6,1_24,1,0.7368518861943191,"{""0_38"": 0.00098598246830803, ""1_23"": 0.0796495264592457, ""1_24"": 1.0, ""1_25"": 0.2631481138056809, ""1_26"": 0.029899956362907123}"
formal_test,full_aco,Full ACO,2_1_24_11_2_16.bin,10,1_24,direct_lda_top5,1_24;1_23;1_25;0_38;1_26,1,1_24,1,1_24,1_24,1,0.8705654906880049,4.83891600000419,0,0,"{""0_38"": 0.0, ""1_23"": 0.038246400909886576, ""1_24"": 1.0, ""1_25"": 0.12943450931199513, ""1_26"": 0.029308281159993673}","{""0_38"": 0.0016433041138467167, ""1_23"": 0.04343797046016589, ""1_24"": 1.0, ""1_25"": 0.004560352234305147, ""1_26"": 0.0}",0.6,1_24,1,0.9454899849346189,"{""0_38"": 0.00098598246830803, ""1_23"": 0.041361342640054165, ""1_24"": 1.0, ""1_25"": 0.05451001506538114, ""1_26"": 0.01172331246399747}"
formal_test,average_cost,Average cost,2_1_24_11_2_16.bin,17,1_24,direct_lda_top5,1_24;1_23;1_25;0_38;1_26,1,1_24,1,1_25,1_25,0,0.1974145111614739,0.001124999997159648,,,"{""0_38"": 0.0, ""1_23"": 0.8025854888385261, ""1_24"": 0.6223183087152285, ""1_25"": 1.0, ""1_26"": 0.48612384634211886}","{""0_38"": 0.00268552596950985, ""1_23"": 0.6571024634176409, ""1_24"": 1.0, ""1_25"": 0.15055220668127733, ""1_26"": 0.0}",0.6,1_24,1,0.13363164990009646,"{""0_38"": 0.0016113155817059099, ""1_23"": 0.715295673585995, ""1_24"": 0.8489273234860915, ""1_25"": 0.49033132400876644, ""1_26"": 0.19444953853684754}"
formal_test,greedy_path,Greedy path,2_1_24_11_2_16.bin,17,1_24,direct_lda_top5,1_24;1_23;1_25;0_38;1_26,1,1_24,1,1_25,1_25,0,0.8909405834046928,0.07599999999996498,0,0,"{""0_38"": 0.0, ""1_23"": 0.10905941659530713, ""1_24"": 0.0835276052216339, ""1_25"": 1.0, ""1_26"": 0.06423795237927678}","{""0_38"": 0.00268552596950985, ""1_23"": 0.6571024634176409, ""1_24"": 1.0, ""1_25"": 0.15055220668127733, ""1_26"": 0.0}",0.6,1_24,1,0.14307971807988706,"{""0_38"": 0.0016113155817059099, ""1_23"": 0.4378852446887074, ""1_24"": 0.6334110420886535, ""1_25"": 0.49033132400876644, ""1_26"": 0.02569518095171071}"
formal_test,no_pheromone,No pheromone,2_1_24_11_2_16.bin,17,1_24,direct_lda_top5,1_24;1_23;1_25;0_38;1_26,1,1_24,1,1_25,1_25,0,0.7432900983378754,4.640082999998185,0,0,"{""0_38"": 0.0, ""1_23"": 0.25670990166212454, ""1_24"": 0.10616589492539345, ""1_25"": 1.0, ""1_26"": 0.07215534935465963}","{""0_38"": 0.00268552596950985, ""1_23"": 0.6571024634176409, ""1_24"": 1.0, ""1_25"": 0.15055220668127733, ""1_26"": 0.0}",0.6,1_24,1,0.14552091925472305,"{""0_38"": 0.0016113155817059099, ""1_23"": 0.49694543871543434, ""1_24"": 0.6424663579701574, ""1_25"": 0.49033132400876644, ""1_26"": 0.028862139741863854}"
formal_test,full_aco,Full ACO,2_1_24_11_2_16.bin,17,1_24,direct_lda_top5,1_24;1_23;1_25;0_38;1_26,1,1_24,1,1_25,1_25,0,0.933025918129704,4.961665999999809,0,0,"{""0_38"": 0.0, ""1_23"": 0.06697408187029598, ""1_24"": 0.04638624494388517, ""1_25"": 1.0, ""1_26"": 0.03562185416487219}","{""0_38"": 0.00268552596950985, ""1_23"": 0.6571024634176409, ""1_24"": 1.0, ""1_25"": 0.15055220668127733, ""1_26"": 0.0}",0.6,1_24,1,0.12822317396878757,"{""0_38"": 0.0016113155817059099, ""1_23"": 0.42105111079870294, ""1_24"": 0.618554497977554, ""1_25"": 0.49033132400876644, ""1_26"": 0.014248741665948875}"
formal_test,average_cost,Average cost,2_1_25_11_2_16.bin,2,1_25,direct_lda_top5,1_25;1_26;1_24;1_23;1_27,1,1_25,1,1_25,1_25,1,0.07171971907034846,0.0013749999965284587,,,"{""1_23"": 0.0, ""1_24"": 0.7388314029340382, ""1_25"": 1.0, ""1_26"": 0.9282802809296515, ""1_27"": 0.17397960283917127}","{""1_23"": 3.4594021368982577e-06, ""1_24"": 0.015978568433377152, ""1_25"": 1.0, ""1_26"": 0.10220716064705632, ""1_27"": 0.0}",0.6,1_25,1,0.5673635912399055,"{""1_23"": 2.0756412821389546e-06, ""1_24"": 0.30511970223364154, ""1_25"": 1.0, ""1_26"": 0.4326364087600944, ""1_27"": 0.0695918411356685}"
formal_test,greedy_path,Greedy path,2_1_25_11_2_16.bin,2,1_25,direct_lda_top5,1_25;1_26;1_24;1_23;1_27,1,1_25,1,1_25,1_25,1,0.898137687862196,0.09529100000094104,0,0,"{""1_23"": 0.0, ""1_24"": 0.07879608962402027, ""1_25"": 1.0, ""1_26"": 0.10186231213780389, ""1_27"": 0.010022933265706498}","{""1_23"": 3.4594021368982577e-06, ""1_24"": 0.015978568433377152, ""1_25"": 1.0, ""1_26"": 0.10220716064705632, ""1_27"": 0.0}",0.6,1_25,1,0.8979307787566446,"{""1_23"": 2.0756412821389546e-06, ""1_24"": 0.0411055769096344, ""1_25"": 1.0, ""1_26"": 0.10206922124335535, ""1_27"": 0.0040091733062825995}"
formal_test,no_pheromone,No pheromone,2_1_25_11_2_16.bin,2,1_25,direct_lda_top5,1_25;1_26;1_24;1_23;1_27,1,1_25,1,1_25,1_25,1,0.5470144859111372,4.669249999999181,0,0,"{""1_23"": 0.0, ""1_24"": 0.14687739965327548, ""1_25"": 1.0, ""1_26"": 0.45298551408886284, ""1_27"": 0.009662994103107914}","{""1_23"": 3.4594021368982577e-06, ""1_24"": 0.015978568433377152, ""1_25"": 1.0, ""1_26"": 0.10220716064705632, ""1_27"": 0.0}",0.6,1_25,1,0.7574814979762211,"{""1_23"": 2.0756412821389546e-06, ""1_24"": 0.06833810092133649, ""1_25"": 1.0, ""1_26"": 0.24251850202377892, ""1_27"": 0.0038651976412431657}"
formal_test,full_aco,Full ACO,2_1_25_11_2_16.bin,2,1_25,direct_lda_top5,1_25;1_26;1_24;1_23;1_27,1,1_25,1,1_25,1_25,1,0.9441375656610052,4.780917000005047,0,0,"{""1_23"": 0.0, ""1_24"": 0.04327355268316577, ""1_25"": 1.0, ""1_26"": 0.055862434338994835, ""1_27"": 0.0055136278115717535}","{""1_23"": 3.4594021368982577e-06, ""1_24"": 0.015978568433377152, ""1_25"": 1.0, ""1_26"": 0.10220716064705632, ""1_27"": 0.0}",0.6,1_25,1,0.9163307298761683,"{""1_23"": 2.0756412821389546e-06, ""1_24"": 0.026896562133292598, ""1_25"": 1.0, ""1_26"": 0.08366927012383171, ""1_27"": 0.0022054511246287017}"
formal_test,average_cost,Average cost,2_1_25_11_2_16.bin,3,1_25,direct_lda_top5,1_25;1_26;1_24;1_23;1_27,1,1_25,1,1_25,1_25,1,0.31016615789268953,0.004832999998427567,,,"{""1_23"": 0.16214767529373308, ""1_24"": 0.6898338421073105, ""1_25"": 1.0, ""1_26"": 0.6513097250121563, ""1_27"": 0.0}","{""1_23"": 2.0811762902125814e-06, ""1_24"": 0.0058787862770091365, ""1_25"": 1.0, ""1_26"": 0.015326890179719286, ""1_27"": 0.0}",0.6,1_25,1,0.7205391913908703,"{""1_23"": 0.06486031882326737, ""1_24"": 0.2794608086091297, ""1_25"": 1.0, ""1_26"": 0.26972002411269413, ""1_27"": 0.0}"
formal_test,greedy_path,Greedy path,2_1_25_11_2_16.bin,3,1_25,direct_lda_top5,1_25;1_26;1_24;1_23;1_27,1,1_25,1,1_25,1_25,1,0.9092822590075916,0.07408300000122381,0,0,"{""1_23"": 0.027048726723657168, ""1_24"": 0.09071774099240834, ""1_25"": 1.0, ""1_26"": 0.0856515632213622, ""1_27"": 0.0}","{""1_23"": 2.0811762902125814e-06, ""1_24"": 0.0058787862770091365, ""1_25"": 1.0, ""1_26"": 0.015326890179719286, ""1_27"": 0.0}",0.6,1_25,1,0.9565432406036235,"{""1_23"": 0.010820739395236995, ""1_24"": 0.039814368163168815, ""1_25"": 1.0, ""1_26"": 0.04345675939637646, ""1_27"": 0.0}"
formal_test,no_pheromone,No pheromone,2_1_25_11_2_16.bin,3,1_25,direct_lda_top5,1_25;1_26;1_24;1_23;1_27,1,1_25,1,1_25,1_25,1,0.7534417694189413,4.746792000005939,0,0,"{""1_23"": 0.031299891336677196, ""1_24"": 0.24655823058105872, ""1_25"": 1.0, ""1_26"": 0.20147978871524652, ""1_27"": 0.0}","{""1_23"": 2.0811762902125814e-06, ""1_24"": 0.0058787862770091365, ""1_25"": 1.0, ""1_26"": 0.015326890179719286, ""1_27"": 0.0}",0.6,1_25,1,0.897849436001371,"{""1_23"": 0.012521205240445006, ""1_24"": 0.10215056399862898, ""1_25"": 1.0, ""1_26"": 0.08978804959393019, ""1_27"": 0.0}"
formal_test,full_aco,Full ACO,2_1_25_11_2_16.bin,3,1_25,direct_lda_top5,1_25;1_26;1_24;1_23;1_27,1,1_25,1,1_25,1_25,1,0.9496719796238259,4.8667920000013964,0,0,"{""1_23"": 0.014975307118423124, ""1_24"": 0.050328020376174155, ""1_25"": 1.0, ""1_26"": 0.04746060295838491, ""1_27"": 0.0}","{""1_23"": 2.0811762902125814e-06, ""1_24"": 0.0058787862770091365, ""1_25"": 1.0, ""1_26"": 0.015326890179719286, ""1_27"": 0.0}",0.6,1_25,1,0.9718196247088144,"{""1_23"": 0.005991371553143377, ""1_24"": 0.023658479916675145, ""1_25"": 1.0, ""1_26"": 0.028180375291185538, ""1_27"": 0.0}"
formal_test,average_cost,Average cost,2_1_25_11_2_16.bin,14,1_25,direct_lda_top5,1_25;1_24;1_26;1_23;1_27,1,1_25,1,0_38,1_25,1,0.014826101398350278,0.001290999996683695,,,"{""1_23"": 0.0, ""1_24"": 0.6491076409322261, ""1_25"": 1.0, ""1_26"": 0.9851738986016497, ""1_27"": 0.2396109892709846}","{""1_23"": 1.1999694267779467e-10, ""1_24"": 0.004011674077070299, ""1_25"": 1.0, ""1_26"": 3.035837982451287e-08, ""1_27"": 0.0}",0.6,1_25,1,0.6059304223443123,"{""1_23"": 7.199816560667679e-11, ""1_24"": 0.2620500608191326, ""1_25"": 1.0, ""1_26"": 0.3940695776556878, ""1_27"": 0.09584439570839384}"
formal_test,greedy_path,Greedy path,2_1_25_11_2_16.bin,14,1_25,direct_lda_top5,1_25;1_24;1_26;1_23;1_27,1,1_25,1,0_38,1_25,1,0.8812625590019937,0.07200000000295859,0,0,"{""1_23"": 0.0, ""1_24"": 0.07434152871516, ""1_25"": 1.0, ""1_26"": 0.11873744099800633, ""1_27"": 0.020245120604010822}","{""1_23"": 1.1999694267779467e-10, ""1_24"": 0.004011674077070299, ""1_25"": 1.0, ""1_26"": 3.035837982451287e-08, ""1_27"": 0.0}",0.6,1_25,1,0.9525050053857695,"{""1_23"": 7.199816560667679e-11, ""1_24"": 0.032143615932306184, ""1_25"": 1.0, ""1_26"": 0.04749499461423043, ""1_27"": 0.008098048241604329}"
formal_test,no_pheromone,No pheromone,2_1_25_11_2_16.bin,14,1_25,direct_lda_top5,1_25;1_24;1_26;1_23;1_27,1,1_25,1,0_38,1_26,0,0.1922105191107134,4.5812920000045665,0,0,"{""1_23"": 0.0, ""1_24"": 0.16241530450569816, ""1_25"": 0.8077894808892866, ""1_26"": 1.0, ""1_27"": 0.02148653382928098}","{""1_23"": 1.1999694267779467e-10, ""1_24"": 0.004011674077070299, ""1_25"": 1.0, ""1_26"": 3.035837982451287e-08, ""1_27"": 0.0}",0.6,1_25,1,0.5231157741406867,"{""1_23"": 7.199816560667679e-11, ""1_24"": 0.06737312624852144, ""1_25"": 0.9231157923557146, ""1_26"": 0.4000000182150279, ""1_27"": 0.008594613531712392}"
formal_test,full_aco,Full ACO,2_1_25_11_2_16.bin,14,1_25,direct_lda_top5,1_25;1_24;1_26;1_23;1_27,1,1_25,1,0_38,1_25,1,0.8445315773907626,4.933499999999924,0,0,"{""1_23"": 0.0, ""1_24"": 0.0389103553871695, ""1_25"": 1.0, ""1_26"": 0.15546842260923746, ""1_27"": 0.010596254399057503}","{""1_23"": 1.1999694267779467e-10, ""1_24"": 0.004011674077070299, ""1_25"": 1.0, ""1_26"": 3.035837982451287e-08, ""1_27"": 0.0}",0.6,1_25,1,0.9378126127412771,"{""1_23"": 7.199816560667679e-11, ""1_24"": 0.017971146601109978, ""1_25"": 1.0, ""1_26"": 0.06218738725872288, ""1_27"": 0.004238501759623001}"
formal_test,average_cost,Average cost,2_1_25_11_2_16.bin,16,1_25,direct_lda_top5,1_25;1_26;1_24;1_23;1_27,1,1_25,1,0_39,1_26,0,0.1079308459517907,0.0012499999968440534,,,"{""1_23"": 0.0, ""1_24"": 0.770734353230751, ""1_25"": 0.8920691540482093, ""1_26"": 1.0, ""1_27"": 0.31094612617030726}","{""1_23"": 5.651670477063782e-07, ""1_24"": 0.001095191348419527, ""1_25"": 1.0, ""1_26"": 0.31766612221377405, ""1_27"": 0.0}",0.6,1_25,1,0.3662279882910192,"{""1_23"": 3.391002286238269e-07, ""1_24"": 0.30895085610135214, ""1_25"": 0.9568276616192837, ""1_26"": 0.5905996733282645, ""1_27"": 0.1243784504681229}"
formal_test,greedy_path,Greedy path,2_1_25_11_2_16.bin,16,1_25,direct_lda_top5,1_25;1_26;1_24;1_23;1_27,1,1_25,1,0_39,1_26,0,0.878160030127969,0.09604200000268293,0,0,"{""1_23"": 0.0, ""1_24"": 0.10525124338216953, ""1_25"": 0.12183996987203105, ""1_26"": 1.0, ""1_27"": 0.042389631622169084}","{""1_23"": 5.651670477063782e-07, ""1_24"": 0.001095191348419527, ""1_25"": 1.0, ""1_26"": 0.31766612221377405, ""1_27"": 0.0}",0.6,1_25,1,0.05813631462054791,"{""1_23"": 3.391002286238269e-07, ""1_24"": 0.04275761216191953, ""1_25"": 0.6487359879488124, ""1_26"": 0.5905996733282645, ""1_27"": 0.016955852648867634}"
formal_test,no_pheromone,No pheromone,2_1_25_11_2_16.bin,16,1_25,direct_lda_top5,1_25;1_26;1_24;1_23;1_27,1,1_25,1,0_39,1_26,0,0.4442457235772307,4.68566699999684,0,0,"{""1_23"": 0.0, ""1_24"": 0.35539494437121927, ""1_25"": 0.5557542764227693, ""1_26"": 1.0, ""1_27"": 0.0452932230844845}","{""1_23"": 5.651670477063782e-07, ""1_24"": 0.001095191348419527, ""1_25"": 1.0, ""1_26"": 0.31766612221377405, ""1_27"": 0.0}",0.6,1_25,1,0.23170203724084326,"{""1_23"": 3.391002286238269e-07, ""1_24"": 0.14281509255753944, ""1_25"": 0.8223017105691077, ""1_26"": 0.5905996733282645, ""1_27"": 0.018117289233793802}"
formal_test,full_aco,Full ACO,2_1_25_11_2_16.bin,16,1_25,direct_lda_top5,1_25;1_26;1_24;1_23;1_27,1,1_25,1,0_39,1_26,0,0.8708119144740027,4.918541999998638,0,0,"{""1_23"": 0.0, ""1_24"": 0.07025805407458018, ""1_25"": 0.12918808552599725, ""1_26"": 1.0, ""1_27"": 0.02237065751033001}","{""1_23"": 5.651670477063782e-07, ""1_24"": 0.001095191348419527, ""1_25"": 1.0, ""1_26"": 0.31766612221377405, ""1_27"": 0.0}",0.6,1_25,1,0.061075560882134394,"{""1_23"": 3.391002286238269e-07, ""1_24"": 0.028760336438883788, ""1_25"": 0.6516752342103989, ""1_26"": 0.5905996733282645, ""1_27"": 0.008948263004132003}"
formal_test,average_cost,Average cost,2_1_26_11_2_16.bin,3,1_26,direct_lda_top5,1_26;1_25;1_24;1_27;0_36,1,1_26,1,1_25,1_26,1,0.007791505674424326,0.0012500000039494807,,,"{""0_36"": 0.0, ""1_24"": 0.9922084943255757, ""1_25"": 0.9764088403150358, ""1_26"": 1.0, ""1_27"": 0.5512573782338078}","{""0_36"": 0.0, ""1_24"": 0.0856581202988407, ""1_25"": 0.5294193235573785, ""1_26"": 1.0, ""1_27"": 0.00042880351631058387}",0.6,1_26,1,0.29178486973955853,"{""0_36"": 0.0, ""1_24"": 0.44827826990953473, ""1_25"": 0.7082151302604415, ""1_26"": 1.0, ""1_27"": 0.2207602334033095}"
formal_test,greedy_path,Greedy path,2_1_26_11_2_16.bin,3,1_26,direct_lda_top5,1_26;1_25;1_24;1_27;0_36,1,1_26,1,1_25,1_25,0,0.8928724918478327,0.07062500000643013,0,0,"{""0_36"": 0.0, ""1_24"": 0.10613534555331595, ""1_25"": 1.0, ""1_26"": 0.10712750815216732, ""1_27"": 0.049985068111550325}","{""0_36"": 0.0, ""1_24"": 0.0856581202988407, ""1_25"": 0.5294193235573785, ""1_26"": 1.0, ""1_27"": 0.00042880351631058387}",0.6,1_25,0,0.07480059087356028,"{""0_36"": 0.0, ""1_24"": 0.0938490104006308, ""1_25"": 0.7176515941344271, ""1_26"": 0.6428510032608669, ""1_27"": 0.020251309354406482}"
formal_test,no_pheromone,No pheromone,2_1_26_11_2_16.bin,3,1_26,direct_lda_top5,1_26;1_25;1_24;1_27;0_36,1,1_26,1,1_25,1_25,0,0.33831797734627544,4.6669169999944415,0,0,"{""0_36"": 0.0, ""1_24"": 0.4050190101335965, ""1_25"": 1.0, ""1_26"": 0.6616820226537246, ""1_27"": 0.04875017531357319}","{""0_36"": 0.0, ""1_24"": 0.0856581202988407, ""1_25"": 0.5294193235573785, ""1_26"": 1.0, ""1_27"": 0.00042880351631058387}",0.6,1_26,1,0.14702121492706266,"{""0_36"": 0.0, ""1_24"": 0.21340247623274303, ""1_25"": 0.7176515941344271, ""1_26"": 0.8646728090614898, ""1_27"": 0.019757352235215627}"
formal_test,full_aco,Full ACO,2_1_26_11_2_16.bin,3,1_26,direct_lda_top5,1_26;1_25;1_24;1_27;0_36,1,1_26,1,1_25,1_25,0,0.9112950300153771,4.839750000002141,0,0,"{""0_36"": 0.0, ""1_24"": 0.08870496998462289, ""1_25"": 1.0, ""1_26"": 0.06732011425334371, ""1_27"": 0.027063589501947892}","{""0_36"": 0.0, ""1_24"": 0.0856581202988407, ""1_25"": 0.5294193235573785, ""1_26"": 1.0, ""1_27"": 0.00042880351631058387}",0.6,1_25,0,0.09072354843308972,"{""0_36"": 0.0, ""1_24"": 0.08687686017315358, ""1_25"": 0.7176515941344271, ""1_26"": 0.6269280457013374, ""1_27"": 0.011082717910565507}"
formal_test,average_cost,Average cost,2_1_26_11_2_16.bin,12,1_26,direct_lda_top5,1_26;1_25;1_24;1_27;0_36,1,1_26,1,1_25,1_25,0,0.01914176472444451,0.001375000003633886,,,"{""0_36"": 0.0, ""1_24"": 0.7644126840699365, ""1_25"": 1.0, ""1_26"": 0.9808582352755555, ""1_27"": 0.41376802030879073}","{""0_36"": 0.0, ""1_24"": 4.228650699120245e-05, ""1_25"": 0.06764375441519427, ""1_26"": 1.0, ""1_27"": 2.3575899673618706e-05}",0.6,1_26,1,0.5517570414611055,"{""0_36"": 0.0, ""1_24"": 0.30579044553216933, ""1_25"": 0.4405862526491166, ""1_26"": 0.9923432941102222, ""1_27"": 0.16552135366332046}"
formal_test,greedy_path,Greedy path,2_1_26_11_2_16.bin,12,1_26,direct_lda_top5,1_26;1_25;1_24;1_27;0_36,1,1_26,1,1_25,1_25,0,0.8856854712531836,0.07908300000281088,0,0,"{""0_36"": 0.0, ""1_24"": 0.08636040138464601, ""1_25"": 1.0, ""1_26"": 0.11431452874681641, ""1_27"": 0.04107434429062514}","{""0_36"": 0.0, ""1_24"": 4.228650699120245e-05, ""1_25"": 0.06764375441519427, ""1_26"": 1.0, ""1_27"": 2.3575899673618706e-05}",0.6,1_26,1,0.20513955884960994,"{""0_36"": 0.0, ""1_24"": 0.03456953245805313, ""1_25"": 0.4405862526491166, ""1_26"": 0.6457258114987265, ""1_27"": 0.016443883256054226}"
formal_test,no_pheromone,No pheromone,2_1_26_11_2_16.bin,12,1_26,direct_lda_top5,1_26;1_25;1_24;1_27;0_36,1,1_26,1,1_25,1_25,0,0.38034093696894045,4.632833000002279,0,0,"{""0_36"": 0.0, ""1_24"": 0.21528356166149018, ""1_25"": 1.0, ""1_26"": 0.6196590630310596, ""1_27"": 0.051258621950535065}","{""0_36"": 0.0, ""1_24"": 4.228650699120245e-05, ""1_25"": 0.06764375441519427, ""1_26"": 1.0, ""1_27"": 2.3575899673618706e-05}",0.6,1_26,1,0.40727737256330726,"{""0_36"": 0.0, ""1_24"": 0.0861387965687908, ""1_25"": 0.4405862526491166, ""1_26"": 0.8478636252124239, ""1_27"": 0.020517594320018196}"
formal_test,full_aco,Full ACO,2_1_26_11_2_16.bin,12,1_26,direct_lda_top5,1_26;1_25;1_24;1_27;0_36,1,1_26,1,1_25,1_25,0,0.8998063916072089,4.88120800000047,0,0,"{""0_36"": 0.0, ""1_24"": 0.047156175424999114, ""1_25"": 1.0, ""1_26"": 0.10019360839279112, ""1_27"": 0.022409003060677776}","{""0_36"": 0.0, ""1_24"": 4.228650699120245e-05, ""1_25"": 0.06764375441519427, ""1_26"": 1.0, ""1_27"": 2.3575899673618706e-05}",0.6,1_26,1,0.19949119070799987,"{""0_36"": 0.0, ""1_24"": 0.018887842074194368, ""1_25"": 0.4405862526491166, ""1_26"": 0.6400774433571165, ""1_27"": 0.008977746764075282}"
formal_test,average_cost,Average cost,2_1_26_11_2_16.bin,13,1_26,direct_lda_top5,1_26;1_25;1_27;1_24;0_36,1,1_26,1,1_25,1_25,0,0.014143565877259068,0.0012499999968440534,,,"{""0_36"": 0.0, ""1_24"": 0.539119343477731, ""1_25"": 1.0, ""1_26"": 0.9858564341227409, ""1_27"": 0.5134873034881847}","{""0_36"": 0.0, ""1_24"": 1.2429645194975335e-06, ""1_25"": 0.03139135774984663, ""1_26"": 1.0, ""1_27"": 3.0548688521575826e-05}",0.6,1_26,1,0.5755077589991884,"{""0_36"": 0.0, ""1_24"": 0.21564848316980414, ""1_25"": 0.418834814649908, ""1_26"": 0.9943425736490964, ""1_27"": 0.20541325060838686}"
formal_test,greedy_path,Greedy path,2_1_26_11_2_16.bin,13,1_26,direct_lda_top5,1_26;1_25;1_27;1_24;0_36,1,1_26,1,1_25,1_25,0,0.8720960798343311,0.07295800000406416,0,0,"{""0_36"": 0.0, ""1_24"": 0.06994474558489157, ""1_25"": 1.0, ""1_26"": 0.12790392016566884, ""1_27"": 0.06661927314992849}","{""0_36"": 0.0, ""1_24"": 1.2429645194975335e-06, ""1_25"": 0.03139135774984663, ""1_26"": 1.0, ""1_27"": 3.0548688521575826e-05}",0.6,1_26,1,0.23232675341635944,"{""0_36"": 0.0, ""1_24"": 0.02797864401266833, ""1_25"": 0.418834814649908, ""1_26"": 0.6511615680662675, ""1_27"": 0.026666038473084342}"
formal_test,no_pheromone,No pheromone,2_1_26_11_2_16.bin,13,1_26,direct_lda_top5,1_26;1_25;1_27;1_24;0_36,1,1_26,1,1_25,1_25,0,0.3871742046090729,4.692249999997955,0,0,"{""0_36"": 0.0, ""1_24"": 0.0848305217606584, ""1_25"": 1.0, ""1_26"": 0.6128257953909271, ""1_27"": 0.07360918480051504}","{""0_36"": 0.0, ""1_24"": 1.2429645194975335e-06, ""1_25"": 0.03139135774984663, ""1_26"": 1.0, ""1_27"": 3.0548688521575826e-05}",0.6,1_26,1,0.42629550350646284,"{""0_36"": 0.0, ""1_24"": 0.03393295448297506, ""1_25"": 0.418834814649908, ""1_26"": 0.8451303181563709, ""1_27"": 0.02946200313331896}"
formal_test,full_aco,Full ACO,2_1_26_11_2_16.bin,13,1_26,direct_lda_top5,1_26;1_25;1_27;1_24;0_36,1,1_26,1,1_25,1_25,0,0.9045453890620598,4.943708000006097,0,0,"{""0_36"": 0.0, ""1_24"": 0.038740440770993735, ""1_25"": 1.0, ""1_26"": 0.09545461093794011, ""1_27"": 0.03685493451601318}","{""0_36"": 0.0, ""1_24"": 1.2429645194975335e-06, ""1_25"": 0.03139135774984663, ""1_26"": 1.0, ""1_27"": 3.0548688521575826e-05}",0.6,1_26,1,0.21934702972526798,"{""0_36"": 0.0, ""1_24"": 0.015496922087109195, ""1_25"": 0.418834814649908, ""1_26"": 0.638181844375176, ""1_27"": 0.01476030301951822}"
formal_test,average_cost,Average cost,2_1_26_11_2_16.bin,17,1_26,direct_lda_top5,1_26;1_25;1_24;0_36;1_27,1,1_26,1,1_26,1_26,1,0.096982866797509,0.0013749999965284587,,,"{""0_36"": 0.0, ""1_24"": 0.854384357698491, ""1_25"": 0.903017133202491, ""1_26"": 1.0, ""1_27"": 0.49143576953073453}","{""0_36"": 2.4044065410673083e-06, ""1_24"": 0.0001348441237619961, ""1_25"": 0.05934119469304837, ""1_26"": 1.0, ""1_27"": 0.0}",0.6,1_26,1,0.6031884299031746,"{""0_36"": 1.442643924640385e-06, ""1_24"": 0.3418346495536536, ""1_25"": 0.39681157009682544, ""1_26"": 1.0, ""1_27"": 0.19657430781229382}"
formal_test,greedy_path,Greedy path,2_1_26_11_2_16.bin,17,1_26,direct_lda_top5,1_26;1_25;1_24;0_36;1_27,1,1_26,1,1_26,1_26,1,0.8954252851020684,0.08687499999382453,0,0,"{""0_36"": 0.0, ""1_24"": 0.0980898471514975, ""1_25"": 0.10457471489793158, ""1_26"": 1.0, ""1_27"": 0.049692987859983814}","{""0_36"": 2.4044065410673083e-06, ""1_24"": 0.0001348441237619961, ""1_25"": 0.05934119469304837, ""1_26"": 1.0, ""1_27"": 0.0}",0.6,1_26,1,0.9225653972249983,"{""0_36"": 1.442643924640385e-06, ""1_24"": 0.0393168453348562, ""1_25"": 0.07743460277500165, ""1_26"": 1.0, ""1_27"": 0.019877195143993526}"
formal_test,no_pheromone,No pheromone,2_1_26_11_2_16.bin,17,1_26,direct_lda_top5,1_26;1_25;1_24;0_36;1_27,1,1_26,1,1_26,1_26,1,0.48707249970946087,4.620958000003839,0,0,"{""0_36"": 0.0, ""1_24"": 0.2842323461307653, ""1_25"": 0.5129275002905391, ""1_26"": 1.0, ""1_27"": 0.07660857784002141}","{""0_36"": 2.4044065410673083e-06, ""1_24"": 0.0001348441237619961, ""1_25"": 0.05934119469304837, ""1_26"": 1.0, ""1_27"": 0.0}",0.6,1_26,1,0.7592242830679553,"{""0_36"": 1.442643924640385e-06, ""1_24"": 0.11377384492656333, ""1_25"": 0.2407757169320447, ""1_26"": 1.0, ""1_27"": 0.030643431136008564}"
formal_test,full_aco,Full ACO,2_1_26_11_2_16.bin,17,1_26,direct_lda_top5,1_26;1_25;1_24;0_36;1_27,1,1_26,1,1_26,1_26,1,0.9387457205397582,5.0124580000030505,0,0,"{""0_36"": 0.0, ""1_24"": 0.056072556271690985, ""1_25"": 0.061254279460241735, ""1_26"": 1.0, ""1_27"": 0.027312595116010394}","{""0_36"": 2.4044065410673083e-06, ""1_24"": 0.0001348441237619961, ""1_25"": 0.05934119469304837, ""1_26"": 1.0, ""1_27"": 0.0}",0.6,1_26,1,0.9398935714000742,"{""0_36"": 1.442643924640385e-06, ""1_24"": 0.022509928982933594, ""1_25"": 0.06010642859992571, ""1_26"": 1.0, ""1_27"": 0.010925038046404158}"
formal_test,average_cost,Average cost,2_1_27_11_2_16.bin,1,1_27,direct_lda_top5,1_27;0_36;1_26;0_37;0_35,1,1_27,1,0_36,1_27,1,0.19802182649816213,0.0012910000037891223,,,"{""0_35"": 0.2876079419920616, ""0_36"": 0.7652984348799529, ""0_37"": 0.0, ""1_26"": 0.8019781735018379, ""1_27"": 1.0}","{""0_35"": 0.0, ""0_36"": 0.0035540165586824216, ""0_37"": 1.5798042399762695e-07, ""1_26"": 2.0330105615145736e-05, ""1_27"": 1.0}",0.6,1_27,1,0.6791965325358957,"{""0_35"": 0.11504317679682463, ""0_36"": 0.30825178388719066, ""0_37"": 9.478825439857617e-08, ""1_26"": 0.32080346746410426, ""1_27"": 1.0}"
formal_test,greedy_path,Greedy path,2_1_27_11_2_16.bin,1,1_27,direct_lda_top5,1_27;0_36;1_26;0_37;0_35,1,1_27,1,0_36,1_27,1,0.8241958651141914,0.0781250000017053,0,0,"{""0_35"": 0.04221899676205973, ""0_36"": 0.17580413488580865, ""0_37"": 0.0, ""1_26"": 0.11211586251923031, ""1_27"": 1.0}","{""0_35"": 0.0, ""0_36"": 0.0035540165586824216, ""0_37"": 1.5798042399762695e-07, ""1_26"": 2.0330105615145736e-05, ""1_27"": 1.0}",0.6,1_27,1,0.9275459361104671,"{""0_35"": 0.016887598704823894, ""0_36"": 0.07245406388953292, ""0_37"": 9.478825439857617e-08, ""1_26"": 0.04485854307106121, ""1_27"": 1.0}"
formal_test,no_pheromone,No pheromone,2_1_27_11_2_16.bin,1,1_27,direct_lda_top5,1_27;0_36;1_26;0_37;0_35,1,1_27,1,0_36,1_27,1,0.6735953983856653,4.585041999995099,0,0,"{""0_35"": 0.03958665994229291, ""0_36"": 0.30704853110006514, ""0_37"": 0.0, ""1_26"": 0.32640460161433466, ""1_27"": 1.0}","{""0_35"": 0.0, ""0_36"": 0.0035540165586824216, ""0_37"": 1.5798042399762695e-07, ""1_26"": 2.0330105615145736e-05, ""1_27"": 1.0}",0.6,1_27,1,0.869425961290897,"{""0_35"": 0.015834663976917164, ""0_36"": 0.12495182237523551, ""0_37"": 9.478825439857617e-08, ""1_26"": 0.13057403870910295, ""1_27"": 1.0}"
formal_test,full_aco,Full ACO,2_1_27_11_2_16.bin,1,1_27,direct_lda_top5,1_27;0_36;1_26;0_37;0_35,1,1_27,1,0_36,1_27,1,0.8503242652392056,4.997709000001294,0,0,"{""0_35"": 0.022341452949582185, ""0_36"": 0.14967573476079443, ""0_37"": 0.0, ""1_26"": 0.06982978043568618, ""1_27"": 1.0}","{""0_35"": 0.0, ""0_36"": 0.0035540165586824216, ""0_37"": 1.5798042399762695e-07, ""1_26"": 2.0330105615145736e-05, ""1_27"": 1.0}",0.6,1_27,1,0.9379972961604728,"{""0_35"": 0.008936581179832875, ""0_36"": 0.06200270383952723, ""0_37"": 9.478825439857617e-08, ""1_26"": 0.02794411023764356, ""1_27"": 1.0}"
formal_test,average_cost,Average cost,2_1_27_11_2_16.bin,5,1_27,direct_lda_top5,1_27;0_36;1_26;0_35;0_37,1,1_27,1,0_36,1_27,1,0.22618977311779365,0.001292000000319149,,,"{""0_35"": 0.15971138097039236, ""0_36"": 0.7738102268822064, ""0_37"": 0.0, ""1_26"": 0.7209668339997728, ""1_27"": 1.0}","{""0_35"": 8.975299625241032e-07, ""0_36"": 0.011617033304929074, ""0_37"": 0.0, ""1_26"": 0.00025324031978630394, ""1_27"": 1.0}",0.6,1_27,1,0.68350568926416,"{""0_35"": 0.06388509090613446, ""0_36"": 0.31649431073584, ""0_37"": 0.0, ""1_26"": 0.2885386777917809, ""1_27"": 1.0}"
formal_test,greedy_path,Greedy path,2_1_27_11_2_16.bin,5,1_27,direct_lda_top5,1_27;0_36;1_26;0_35;0_37,1,1_27,1,0_36,1_27,1,0.8261063503784574,0.08508299999476776,0,0,"{""0_35"": 0.021613812919411883, ""0_36"": 0.17389364962154266, ""0_37"": 0.0, ""1_26"": 0.11112577712071449, ""1_27"": 1.0}","{""0_35"": 8.975299625241032e-07, ""0_36"": 0.011617033304929074, ""0_37"": 0.0, ""1_26"": 0.00025324031978630394, ""1_27"": 1.0}",0.6,1_27,1,0.9234723201684255,"{""0_35"": 0.008646063685742267, ""0_36"": 0.07652767983157452, ""0_37"": 0.0, ""1_26"": 0.04460225504015758, ""1_27"": 1.0}"
formal_test,no_pheromone,No pheromone,2_1_27_11_2_16.bin,5,1_27,direct_lda_top5,1_27;0_36;1_26;0_35;0_37,1,1_27,1,0_36,1_27,1,0.5516327918437356,4.6944590000066455,0,0,"{""0_35"": 0.012061747369110178, ""0_36"": 0.4483672081562644, ""0_37"": 0.0, ""1_26"": 0.34824258154771365, ""1_27"": 1.0}","{""0_35"": 8.975299625241032e-07, ""0_36"": 0.011617033304929074, ""0_37"": 0.0, ""1_26"": 0.00025324031978630394, ""1_27"": 1.0}",0.6,1_27,1,0.8136828967545368,"{""0_35"": 0.004825237465621586, ""0_36"": 0.18631710324546322, ""0_37"": 0.0, ""1_26"": 0.13944897681095725, ""1_27"": 1.0}"
formal_test,full_aco,Full ACO,2_1_27_11_2_16.bin,5,1_27,direct_lda_top5,1_27;0_36;1_26;0_35;0_37,1,1_27,1,0_36,1_27,1,0.8481751666020556,4.883708999997793,0,0,"{""0_35"": 0.011426104394445432, ""0_36"": 0.15182483339794434, ""0_37"": 0.0, ""1_26"": 0.05876990062883847, ""1_27"": 1.0}","{""0_35"": 8.975299625241032e-07, ""0_36"": 0.011617033304929074, ""0_37"": 0.0, ""1_26"": 0.00025324031978630394, ""1_27"": 1.0}",0.6,1_27,1,0.9322998466578648,"{""0_35"": 0.004570980275755688, ""0_36"": 0.06770015334213518, ""0_37"": 0.0, ""1_26"": 0.02365990444340717, ""1_27"": 1.0}"
formal_test,average_cost,Average cost,2_1_27_11_2_16.bin,10,1_27,direct_lda_top5,1_27;0_36;1_26;0_35;1_25,1,1_27,1,1_27,1_27,1,0.3323307749426164,0.0011250000042650754,,,"{""0_35"": 0.361004928204917, ""0_36"": 0.06654839185117717, ""1_25"": 0.0, ""1_26"": 0.6676692250573836, ""1_27"": 1.0}","{""0_35"": 1.3798964916001722e-06, ""0_36"": 0.05648620088417392, ""1_25"": 0.0, ""1_26"": 0.002633802565521955, ""1_27"": 1.0}",0.6,1_27,1,0.7313520284377334,"{""0_35"": 0.14440279921986177, ""0_36"": 0.06051107727097522, ""1_25"": 0.0, ""1_26"": 0.2686479715622666, ""1_27"": 1.0}"
formal_test,greedy_path,Greedy path,2_1_27_11_2_16.bin,10,1_27,direct_lda_top5,1_27;0_36;1_26;0_35;1_25,1,1_27,1,1_27,1_27,1,0.913818110396189,0.07374999999854026,0,0,"{""0_35"": 0.046598054397840365, ""0_36"": 0.010827943548029526, ""1_25"": 0.0, ""1_26"": 0.08618188960381104, ""1_27"": 1.0}","{""0_35"": 1.3798964916001722e-06, ""0_36"": 0.05648620088417392, ""1_25"": 0.0, ""1_26"": 0.002633802565521955, ""1_27"": 1.0}",0.6,1_27,1,0.9617771020502839,"{""0_35"": 0.01864004969703111, ""0_36"": 0.03822289794971616, ""1_25"": 0.0, ""1_26"": 0.036053037380837594, ""1_27"": 1.0}"
formal_test,no_pheromone,No pheromone,2_1_27_11_2_16.bin,10,1_27,direct_lda_top5,1_27;0_36;1_26;0_35;1_25,1,1_27,1,1_27,1_27,1,0.6758316798455895,4.71300000000241,0,0,"{""0_35"": 0.05655502075044563, ""0_36"": 0.0, ""1_25"": 0.003129833972469348, ""1_26"": 0.3241683201544106, ""1_27"": 1.0}","{""0_35"": 1.3798964916001722e-06, ""0_36"": 0.05648620088417392, ""1_25"": 0.0, ""1_26"": 0.002633802565521955, ""1_27"": 1.0}",0.6,1_27,1,0.8687523903989226,"{""0_35"": 0.022622836238073214, ""0_36"": 0.03389172053050435, ""1_25"": 0.0012519335889877392, ""1_26"": 0.13124760960107743, ""1_27"": 1.0}"
formal_test,full_aco,Full ACO,2_1_27_11_2_16.bin,10,1_27,direct_lda_top5,1_27;0_36;1_26;0_35;1_25,1,1_27,1,1_27,1_27,1,0.9358213935073233,4.78999999999985,0,0,"{""0_35"": 0.025706434437756744, ""0_36"": 0.005965412993704071, ""1_25"": 0.0, ""1_26"": 0.06417860649267675, ""1_27"": 1.0}","{""0_35"": 1.3798964916001722e-06, ""0_36"": 0.05648620088417392, ""1_25"": 0.0, ""1_26"": 0.002633802565521955, ""1_27"": 1.0}",0.6,1_27,1,0.963722114272014,"{""0_35"": 0.010283401712997658, ""0_36"": 0.03627788572798598, ""1_25"": 0.0, ""1_26"": 0.027251724136383874, ""1_27"": 1.0}"
formal_test,average_cost,Average cost,2_1_27_11_2_16.bin,11,1_27,direct_lda_top5,1_27;0_36;1_26;0_35;1_25,1,1_27,1,0_36,1_26,0,0.00794157834970588,0.0012499999968440534,,,"{""0_35"": 0.4093592596592835, ""0_36"": 0.0, ""1_25"": 0.18385371163688013, ""1_26"": 1.0, ""1_27"": 0.9920584216502941}","{""0_35"": 5.350039117589274e-07, ""0_36"": 0.05256406040908367, ""1_25"": 0.0, ""1_26"": 0.007102885049093414, ""1_27"": 1.0}",0.6,1_27,1,0.5925616376306616,"{""0_35"": 0.16374402486606046, ""0_36"": 0.031538436245450205, ""1_25"": 0.07354148465475206, ""1_26"": 0.40426173102945606, ""1_27"": 0.9968233686601177}"
formal_test,greedy_path,Greedy path,2_1_27_11_2_16.bin,11,1_27,direct_lda_top5,1_27;0_36;1_26;0_35;1_25,1,1_27,1,0_36,1_27,1,0.8936661864766635,0.07391700000169976,0,0,"{""0_35"": 0.029380596632969498, ""0_36"": 0.06192801781569922, ""1_25"": 0.0, ""1_26"": 0.10633381352333647, ""1_27"": 1.0}","{""0_35"": 5.350039117589274e-07, ""0_36"": 0.05256406040908367, ""1_25"": 0.0, ""1_26"": 0.007102885049093414, ""1_27"": 1.0}",0.6,1_27,1,0.9436903566282702,"{""0_35"": 0.011752559655534857, ""0_36"": 0.05630964337172989, ""1_25"": 0.0, ""1_26"": 0.046795256438790636, ""1_27"": 1.0}"
formal_test,no_pheromone,No pheromone,2_1_27_11_2_16.bin,11,1_27,direct_lda_top5,1_27;0_36;1_26;0_35;1_25,1,1_27,1,0_36,1_27,1,0.3473831586624895,4.586959000000945,0,0,"{""0_35"": 0.03866024371379498, ""0_36"": 0.07483191372768874, ""1_25"": 0.0, ""1_26"": 0.6526168413375105, ""1_27"": 1.0}","{""0_35"": 5.350039117589274e-07, ""0_36"": 0.05256406040908367, ""1_25"": 0.0, ""1_26"": 0.007102885049093414, ""1_27"": 1.0}",0.6,1_27,1,0.7346915324355398,"{""0_35"": 0.015464418487865048, ""0_36"": 0.061471201736525705, ""1_25"": 0.0, ""1_26"": 0.26530846756446025, ""1_27"": 1.0}"
formal_test,full_aco,Full ACO,2_1_27_11_2_16.bin,11,1_27,direct_lda_top5,1_27;0_36;1_26;0_35;1_25,1,1_27,1,0_36,1_26,0,0.828746679989457,5.06245800000471,0,0,"{""0_35"": 0.015178572968295218, ""0_36"": 0.03229442238234424, ""1_25"": 0.0, ""1_26"": 1.0, ""1_27"": 0.171253320010543}","{""0_35"": 5.350039117589274e-07, ""0_36"": 0.05256406040908367, ""1_25"": 0.0, ""1_26"": 0.007102885049093414, ""1_27"": 1.0}",0.6,1_27,1,0.26423959697476107,"{""0_35"": 0.006071750189665143, ""0_36"": 0.0444562051983879, ""1_25"": 0.0, ""1_26"": 0.40426173102945606, ""1_27"": 0.6685013280042171}"
formal_test,average_cost,Average cost,2_1_28_11_2_16.bin,5,1_28,direct_lda_top5,1_29;1_28;1_27;1_26;1_25,1,1_29,0,1_28,1_28,1,0.3086097999620304,0.001166000004104717,,,"{""1_25"": 0.16529531094571298, ""1_26"": 0.39938637816781636, ""1_27"": 0.0, ""1_28"": 1.0, ""1_29"": 0.6913902000379696}","{""1_25"": 0.0, ""1_26"": 2.22941157279973e-12, ""1_27"": 4.931818085550156e-10, ""1_28"": 0.4670719258974498, ""1_29"": 1.0}",0.6,1_29,0,0.196312924476718,"{""1_25"": 0.0661181243782852, ""1_26"": 0.15975455126846422, ""1_27"": 2.9590908513300937e-10, ""1_28"": 0.6802431555384698, ""1_29"": 0.8765560800151878}"
formal_test,greedy_path,Greedy path,2_1_28_11_2_16.bin,5,1_28,direct_lda_top5,1_29;1_28;1_27;1_26;1_25,1,1_29,0,1_28,1_28,1,0.9074988948558466,0.06966599999458367,0,0,"{""1_25"": 0.022114862109392393, ""1_26"": 0.055222791187511, ""1_27"": 0.0, ""1_28"": 1.0, ""1_29"": 0.09250110514415344}","{""1_25"": 0.0, ""1_26"": 2.22941157279973e-12, ""1_27"": 4.931818085550156e-10, ""1_28"": 0.4670719258974498, ""1_29"": 1.0}",0.6,1_28,1,0.04324271348080844,"{""1_25"": 0.008845944843756958, ""1_26"": 0.022089116476342048, ""1_27"": 2.9590908513300937e-10, ""1_28"": 0.6802431555384698, ""1_29"": 0.6370004420576614}"
formal_test,no_pheromone,No pheromone,2_1_28_11_2_16.bin,5,1_28,direct_lda_top5,1_29;1_28;1_27;1_26;1_25,1,1_29,0,1_28,1_28,1,0.8565116729401157,4.515042000001301,0,0,"{""1_25"": 0.020459067977656543, ""1_26"": 0.06541299374999587, ""1_27"": 0.0, ""1_28"": 1.0, ""1_29"": 0.14348832705988432}","{""1_25"": 0.0, ""1_26"": 2.22941157279973e-12, ""1_27"": 4.931818085550156e-10, ""1_28"": 0.4670719258974498, ""1_29"": 1.0}",0.6,1_28,1,0.022847824714516074,"{""1_25"": 0.008183627191062618, ""1_26"": 0.026165197501335995, ""1_27"": 2.9590908513300937e-10, ""1_28"": 0.6802431555384698, ""1_29"": 0.6573953308239537}"
formal_test,full_aco,Full ACO,2_1_28_11_2_16.bin,5,1_28,direct_lda_top5,1_29;1_28;1_27;1_26;1_25,1,1_29,0,1_28,1_28,1,0.9486862588653082,4.917500000004793,0,0,"{""1_25"": 0.012271558617440606, ""1_26"": 0.030631633259084717, ""1_27"": 0.0, ""1_28"": 1.0, ""1_29"": 0.051313741134691816}","{""1_25"": 0.0, ""1_26"": 2.22941157279973e-12, ""1_27"": 4.931818085550156e-10, ""1_28"": 0.4670719258974498, ""1_29"": 1.0}",0.6,1_28,1,0.059717659084593144,"{""1_25"": 0.0049086234469762425, ""1_26"": 0.012252653304971535, ""1_27"": 2.9590908513300937e-10, ""1_28"": 0.6802431555384698, ""1_29"": 0.6205254964538767}"
formal_test,average_cost,Average cost,2_1_28_11_2_16.bin,10,1_28,direct_lda_top5,1_28;1_29;0_35;1_27;1_26,1,1_28,1,1_31,0_35,0,0.3769327993641042,0.0011250000042650754,,,"{""0_35"": 1.0, ""1_26"": 0.6230672006358958, ""1_27"": 0.0, ""1_28"": 0.523855324870862, ""1_29"": 0.6225170589781568}","{""0_35"": 0.00040192680619974676, ""1_26"": 0.0, ""1_27"": 2.925592493675029e-05, ""1_28"": 1.0, ""1_29"": 0.03376301884914252}",0.6,1_28,1,0.4093009738646249,"{""0_35"": 0.40024115608371985, ""1_26"": 0.24922688025435835, ""1_27"": 1.7553554962050174e-05, ""1_28"": 0.8095421299483447, ""1_29"": 0.26926463490074826}"
formal_test,greedy_path,Greedy path,2_1_28_11_2_16.bin,10,1_28,direct_lda_top5,1_28;1_29;0_35;1_27;1_26,1,1_28,1,1_31,0_35,0,0.901577150456481,0.07420800000090821,0,0,"{""0_35"": 1.0, ""1_26"": 0.09804065406799692, ""1_27"": 0.0, ""1_28"": 0.08242950140037182, ""1_29"": 0.09842284954351903}","{""0_35"": 0.00040192680619974676, ""1_26"": 0.0, ""1_27"": 2.925592493675029e-05, ""1_28"": 1.0, ""1_29"": 0.03376301884914252}",0.6,1_28,1,0.23273064447642883,"{""0_35"": 0.40024115608371985, ""1_26"": 0.03921626162719877, ""1_27"": 1.7553554962050174e-05, ""1_28"": 0.6329718005601487, ""1_29"": 0.05962695112689312}"
formal_test,no_pheromone,No pheromone,2_1_28_11_2_16.bin,10,1_28,direct_lda_top5,1_28;1_29;0_35;1_27;1_26,1,1_28,1,1_31,0_35,0,0.6601325831349407,4.684707999999205,0,0,"{""0_35"": 1.0, ""1_26"": 0.3398674168650592, ""1_27"": 0.0, ""1_28"": 0.13411595356988965, ""1_29"": 0.3158319575522688}","{""0_35"": 0.00040192680619974676, ""1_26"": 0.0, ""1_27"": 2.925592493675029e-05, ""1_28"": 1.0, ""1_29"": 0.03376301884914252}",0.6,1_28,1,0.253405225344236,"{""0_35"": 0.40024115608371985, ""1_26"": 0.1359469667460237, ""1_27"": 1.7553554962050174e-05, ""1_28"": 0.6536463814279558, ""1_29"": 0.14659059433039304}"
formal_test,full_aco,Full ACO,2_1_28_11_2_16.bin,10,1_28,direct_lda_top5,1_28;1_29;0_35;1_27;1_26,1,1_28,1,1_31,0_35,0,0.9449015769053732,4.830374999997389,0,0,"{""0_35"": 1.0, ""1_26"": 0.053166260273349426, ""1_27"": 0.0, ""1_28"": 0.04480314831329464, ""1_29"": 0.055098423094626814}","{""0_35"": 0.00040192680619974676, ""1_26"": 0.0, ""1_27"": 2.925592493675029e-05, ""1_28"": 1.0, ""1_29"": 0.03376301884914252}",0.6,1_28,1,0.21768010324159798,"{""0_35"": 0.40024115608371985, ""1_26"": 0.021266504109339772, ""1_27"": 1.7553554962050174e-05, ""1_28"": 0.6179212593253178, ""1_29"": 0.042297180547336236}"
formal_test,average_cost,Average cost,2_1_28_11_2_16.bin,14,1_28,direct_lda_top5,1_28;1_29;1_27;1_26;1_25,1,1_28,1,1_28,1_28,1,0.30212967923379896,0.0011670000006347436,,,"{""1_25"": 0.26609270707593347, ""1_26"": 0.6685962771507984, ""1_27"": 0.0, ""1_28"": 1.0, ""1_29"": 0.697870320766201}","{""1_25"": 0.0, ""1_26"": 3.098738567582093e-08, ""1_27"": 4.754283947530885e-07, ""1_28"": 1.0, ""1_29"": 0.00019773510434349737}",0.6,1_28,1,0.7207332306309134,"{""1_25"": 0.1064370828303734, ""1_26"": 0.2674385294527508, ""1_27"": 2.852570368518531e-07, ""1_28"": 1.0, ""1_29"": 0.27926676936908656}"
formal_test,greedy_path,Greedy path,2_1_28_11_2_16.bin,14,1_28,direct_lda_top5,1_28;1_29;1_27;1_26;1_25,1,1_28,1,1_28,1_28,1,0.9048210552395737,0.08441699999650609,0,0,"{""1_25"": 0.03789247218919576, ""1_26"": 0.0911864084721291, ""1_27"": 0.0, ""1_28"": 1.0, ""1_29"": 0.09517894476042636}","{""1_25"": 0.0, ""1_26"": 3.098738567582093e-08, ""1_27"": 4.754283947530885e-07, ""1_28"": 1.0, ""1_29"": 0.00019773510434349737}",0.6,1_28,1,0.9618097810332233,"{""1_25"": 0.015156988875678304, ""1_26"": 0.03647458198128305, ""1_27"": 2.852570368518531e-07, ""1_28"": 1.0, ""1_29"": 0.03819021896677664}"
formal_test,no_pheromone,No pheromone,2_1_28_11_2_16.bin,14,1_28,direct_lda_top5,1_28;1_29;1_27;1_26;1_25,1,1_28,1,1_28,1_28,1,0.5968271875226886,4.665332999998384,0,0,"{""1_25"": 0.05805699783822878, ""1_26"": 0.1511203843567999, ""1_27"": 0.0, ""1_28"": 1.0, ""1_29"": 0.4031728124773114}","{""1_25"": 0.0, ""1_26"": 3.098738567582093e-08, ""1_27"": 4.754283947530885e-07, ""1_28"": 1.0, ""1_29"": 0.00019773510434349737}",0.6,1_28,1,0.8386122339464693,"{""1_25"": 0.023222799135291513, ""1_26"": 0.060448172335151366, ""1_27"": 2.852570368518531e-07, ""1_28"": 1.0, ""1_29"": 0.16138776605353067}"
formal_test,full_aco,Full ACO,2_1_28_11_2_16.bin,14,1_28,direct_lda_top5,1_28;1_29;1_27;1_26;1_25,1,1_28,1,1_28,1_28,1,0.9249827371378346,4.871999999998877,0,0,"{""1_25"": 0.020944814976869286, ""1_26"": 0.050390991968716256, ""1_27"": 0.0, ""1_28"": 1.0, ""1_29"": 0.07501726286216534}","{""1_25"": 0.0, ""1_26"": 3.098738567582093e-08, ""1_27"": 4.754283947530885e-07, ""1_28"": 1.0, ""1_29"": 0.00019773510434349737}",0.6,1_28,1,0.9698744537925278,"{""1_25"": 0.008377925990747714, ""1_26"": 0.02015641537991791, ""1_27"": 2.852570368518531e-07, ""1_28"": 1.0, ""1_29"": 0.030125546207472237}"
formal_test,average_cost,Average cost,2_1_28_11_2_16.bin,18,1_28,direct_lda_top5,1_28;1_29;1_27;1_26;1_25,1,1_28,1,0_35,1_28,1,0.011342227222618906,0.0015419999996879596,,,"{""1_25"": 0.6779222775792613, ""1_26"": 0.8188219075861811, ""1_27"": 0.0, ""1_28"": 1.0, ""1_29"": 0.9886577727773811}","{""1_25"": 0.0, ""1_26"": 1.6874866361406293e-11, ""1_27"": 1.3890903347180674e-09, ""1_28"": 1.0, ""1_29"": 3.0562768940712268e-09}",0.6,1_28,1,0.6045368890552814,"{""1_25"": 0.27116891103170454, ""1_26"": 0.3275287630445974, ""1_27"": 8.334542008308404e-10, ""1_28"": 1.0, ""1_29"": 0.3954631109447186}"
formal_test,greedy_path,Greedy path,2_1_28_11_2_16.bin,18,1_28,direct_lda_top5,1_28;1_29;1_27;1_26;1_25,1,1_28,1,0_35,1_28,1,0.8614705357806546,0.07337499999948704,0,0,"{""1_25"": 0.10098617488103823, ""1_26"": 0.11473227973550522, ""1_27"": 0.0, ""1_28"": 1.0, ""1_29"": 0.13852946421934545}","{""1_25"": 0.0, ""1_26"": 1.6874866361406293e-11, ""1_27"": 1.3890903347180674e-09, ""1_28"": 1.0, ""1_29"": 3.0562768940712268e-09}",0.6,1_28,1,0.9445882124784957,"{""1_25"": 0.040394469952415295, ""1_26"": 0.04589291190432701, ""1_27"": 8.334542008308404e-10, ""1_28"": 1.0, ""1_29"": 0.05541178752150432}"
formal_test,no_pheromone,No pheromone,2_1_28_11_2_16.bin,18,1_28,direct_lda_top5,1_28;1_29;1_27;1_26;1_25,1,1_28,1,0_35,1_28,1,0.14746277264869934,4.565667000001383,0,0,"{""1_25"": 0.18627157389974627, ""1_26"": 0.3247261669917525, ""1_27"": 0.0, ""1_28"": 1.0, ""1_29"": 0.8525372273513007}","{""1_25"": 0.0, ""1_26"": 1.6874866361406293e-11, ""1_27"": 1.3890903347180674e-09, ""1_28"": 1.0, ""1_29"": 3.0562768940712268e-09}",0.6,1_28,1,0.6589851072257136,"{""1_25"": 0.07450862955989851, ""1_26"": 0.12989046680682592, ""1_27"": 8.334542008308404e-10, ""1_28"": 1.0, ""1_29"": 0.3410148927742864}"
formal_test,full_aco,Full ACO,2_1_28_11_2_16.bin,18,1_28,direct_lda_top5,1_28;1_29;1_27;1_26;1_25,1,1_28,1,0_35,1_28,1,0.8507688219688674,4.98979200000349,0,0,"{""1_25"": 0.053489919504189416, ""1_26"": 0.06075549522401327, ""1_27"": 0.0, ""1_28"": 1.0, ""1_29"": 0.14923117803113256}","{""1_25"": 0.0, ""1_26"": 1.6874866361406293e-11, ""1_27"": 1.3890903347180674e-09, ""1_28"": 1.0, ""1_29"": 3.0562768940712268e-09}",0.6,1_28,1,0.9403075269537808,"{""1_25"": 0.02139596780167577, ""1_26"": 0.024302198099730228, ""1_27"": 8.334542008308404e-10, ""1_28"": 1.0, ""1_29"": 0.05969247304621916}"
formal_test,average_cost,Average cost,2_1_29_11_2_16.bin,6,1_29,direct_lda_top5,1_29;1_28;0_34;1_27;0_35,1,1_29,1,1_29,1_29,1,0.5989546324172305,0.001499999996212864,,,"{""0_34"": 0.0, ""0_35"": 0.40104536758276954, ""1_27"": 0.3551502007047714, ""1_28"": 0.2254330852986282, ""1_29"": 1.0}","{""0_34"": 1.7409071077669214e-09, ""0_35"": 0.0, ""1_27"": 6.177072899023446e-13, ""1_28"": 3.8908087815867277e-07, ""1_29"": 1.0}",0.6,1_29,1,0.8395818529668921,"{""0_34"": 1.0445442646601527e-09, ""0_35"": 0.16041814703310783, ""1_27"": 0.14206008028227918, ""1_28"": 0.09017346756797819, ""1_29"": 1.0}"
formal_test,greedy_path,Greedy path,2_1_29_11_2_16.bin,6,1_29,direct_lda_top5,1_29;1_28;0_34;1_27;0_35,1,1_29,1,1_29,1_29,1,0.9430158425698205,0.0892909999947733,0,0,"{""0_34"": 0.0, ""0_35"": 0.056984157430179525, ""1_27"": 0.050462956523600166, ""1_28"": 0.032031574133509676, ""1_29"": 1.0}","{""0_34"": 1.7409071077669214e-09, ""0_35"": 0.0, ""1_27"": 6.177072899023446e-13, ""1_28"": 3.8908087815867277e-07, ""1_29"": 1.0}",0.6,1_29,1,0.9772063370279281,"{""0_34"": 1.0445442646601527e-09, ""0_35"": 0.02279366297207181, ""1_27"": 0.02018518260981069, ""1_28"": 0.012812863101930767, ""1_29"": 1.0}"
formal_test,no_pheromone,No pheromone,2_1_29_11_2_16.bin,6,1_29,direct_lda_top5,1_29;1_28;0_34;1_27;0_35,1,1_29,1,1_29,1_29,1,0.9334139023353606,4.593292000002691,0,0,"{""0_34"": 0.0, ""0_35"": 0.06658609766463942, ""1_27"": 0.056198793005547296, ""1_28"": 0.032239870003767754, ""1_29"": 1.0}","{""0_34"": 1.7409071077669214e-09, ""0_35"": 0.0, ""1_27"": 6.177072899023446e-13, ""1_28"": 3.8908087815867277e-07, ""1_29"": 1.0}",0.6,1_29,1,0.9733655609341443,"{""0_34"": 1.0445442646601527e-09, ""0_35"": 0.02663443906585577, ""1_27"": 0.022479517202589543, ""1_28"": 0.012896181450033998, ""1_29"": 1.0}"
formal_test,full_aco,Full ACO,2_1_29_11_2_16.bin,6,1_29,direct_lda_top5,1_29;1_28;0_34;1_27;0_35,1,1_29,1,1_29,1_29,1,0.9681138895449592,4.871832999995718,0,0,"{""0_34"": 0.0, ""0_35"": 0.03188611045504075, ""1_27"": 0.028227055215666586, ""1_28"": 0.017982208985526212, ""1_29"": 1.0}","{""0_34"": 1.7409071077669214e-09, ""0_35"": 0.0, ""1_27"": 6.177072899023446e-13, ""1_28"": 3.8908087815867277e-07, ""1_29"": 1.0}",0.6,1_29,1,0.9872455558179837,"{""0_34"": 1.0445442646601527e-09, ""0_35"": 0.012754444182016302, ""1_27"": 0.011290822086637259, ""1_28"": 0.00719311704273738, ""1_29"": 1.0}"
formal_test,average_cost,Average cost,2_1_29_11_2_16.bin,7,1_29,direct_lda_top5,1_29;1_28;0_34;1_27;0_35,1,1_29,1,1_29,1_29,1,0.656277162790672,0.0010409999973148842,,,"{""0_34"": 0.0, ""0_35"": 0.3437228372093279, ""1_27"": 0.321031551084401, ""1_28"": 0.16998217304166743, ""1_29"": 1.0}","{""0_34"": 4.8829229441887537e-08, ""0_35"": 0.0, ""1_27"": 8.228746324615795e-12, ""1_28"": 1.066610045265995e-06, ""1_29"": 1.0}",0.6,1_29,1,0.8625108651162688,"{""0_34"": 2.929753766513252e-08, ""0_35"": 0.13748913488373116, ""1_27"": 0.12841262043869767, ""1_28"": 0.06799350918269413, ""1_29"": 1.0}"
formal_test,greedy_path,Greedy path,2_1_29_11_2_16.bin,7,1_29,direct_lda_top5,1_29;1_28;0_34;1_27;0_35,1,1_29,1,1_29,1_29,1,0.9522338402037183,0.08120799999744577,0,0,"{""0_34"": 0.0, ""0_35"": 0.04776615979628173, ""1_27"": 0.044612817970564385, ""1_28"": 0.023621926625383847, ""1_29"": 1.0}","{""0_34"": 4.8829229441887537e-08, ""0_35"": 0.0, ""1_27"": 8.228746324615795e-12, ""1_28"": 1.066610045265995e-06, ""1_29"": 1.0}",0.6,1_29,1,0.9808935360814873,"{""0_34"": 2.929753766513252e-08, ""0_35"": 0.019106463918512694, ""1_27"": 0.017845127193163002, ""1_28"": 0.009449410616180699, ""1_29"": 1.0}"
formal_test,no_pheromone,No pheromone,2_1_29_11_2_16.bin,7,1_29,direct_lda_top5,1_29;1_28;0_34;1_27;0_35,1,1_29,1,1_29,1_29,1,0.9459276330120392,4.62487499999753,0,0,"{""0_34"": 0.0, ""0_35"": 0.054072366987960765, ""1_27"": 0.051343703851972004, ""1_28"": 0.0234935218729217, ""1_29"": 1.0}","{""0_34"": 4.8829229441887537e-08, ""0_35"": 0.0, ""1_27"": 8.228746324615795e-12, ""1_28"": 1.066610045265995e-06, ""1_29"": 1.0}",0.6,1_29,1,0.9783710532048157,"{""0_34"": 2.929753766513252e-08, ""0_35"": 0.021628946795184307, ""1_27"": 0.02053748154572605, ""1_28"": 0.009398048715195841, ""1_29"": 1.0}"
formal_test,full_aco,Full ACO,2_1_29_11_2_16.bin,7,1_29,direct_lda_top5,1_29;1_28;0_34;1_27;0_35,1,1_29,1,1_29,1_29,1,0.973528601316491,4.893500000001438,0,0,"{""0_34"": 0.0, ""0_35"": 0.026471398683509062, ""1_27"": 0.024696077035854785, ""1_28"": 0.01301316155468985, ""1_29"": 1.0}","{""0_34"": 4.8829229441887537e-08, ""0_35"": 0.0, ""1_27"": 8.228746324615795e-12, ""1_28"": 1.066610045265995e-06, ""1_29"": 1.0}",0.6,1_29,1,0.9894114405265964,"{""0_34"": 2.929753766513252e-08, ""0_35"": 0.010588559473403626, ""1_27"": 0.009878430819279162, ""1_28"": 0.0052059045879031, ""1_29"": 1.0}"
formal_test,average_cost,Average cost,2_1_29_11_2_16.bin,9,1_29,direct_lda_top5,1_29;1_28;0_34;1_27;1_30,1,1_29,1,1_29,1_29,1,0.509233859621465,0.0009580000011055745,,,"{""0_34"": 0.09889418957333175, ""1_27"": 0.49076614037853505, ""1_28"": 0.14293806470562673, ""1_29"": 1.0, ""1_30"": 0.0}","{""0_34"": 1.6173963593881734e-08, ""1_27"": 1.0958148187379899e-13, ""1_28"": 1.2206664857051408e-05, ""1_29"": 1.0, ""1_30"": 0.0}",0.6,1_29,1,0.8036935438485202,"{""0_34"": 0.039557685533710855, ""1_27"": 0.1963064561514798, ""1_28"": 0.057182549881164925, ""1_29"": 1.0, ""1_30"": 0.0}"
formal_test,greedy_path,Greedy path,2_1_29_11_2_16.bin,9,1_29,direct_lda_top5,1_29;1_28;0_34;1_27;1_30,1,1_29,1,1_29,1_29,1,0.9466596017117376,0.07154099999695518,0,0,"{""0_34"": 0.001103517548872782, ""1_27"": 0.053340398288262425, ""1_28"": 0.006974605407697183, ""1_29"": 1.0, ""1_30"": 0.0}","{""0_34"": 1.6173963593881734e-08, ""1_27"": 1.0958148187379899e-13, ""1_28"": 1.2206664857051408e-05, ""1_29"": 1.0, ""1_30"": 0.0}",0.6,1_29,1,0.9786638406846293,"{""0_34"": 0.00044141672392726907, ""1_27"": 0.02133615931537072, ""1_28"": 0.0027971661619931045, ""1_29"": 1.0, ""1_30"": 0.0}"
formal_test,no_pheromone,No pheromone,2_1_29_11_2_16.bin,9,1_29,direct_lda_top5,1_29;1_28;0_34;1_27;1_30,1,1_29,1,1_29,1_29,1,0.9060955751494402,4.578666000000453,0,0,"{""0_34"": 0.013760718905119153, ""1_27"": 0.09390442485055987, ""1_28"": 0.012177796252692857, ""1_29"": 1.0, ""1_30"": 0.0}","{""0_34"": 1.6173963593881734e-08, ""1_27"": 1.0958148187379899e-13, ""1_28"": 1.2206664857051408e-05, ""1_29"": 1.0, ""1_30"": 0.0}",0.6,1_29,1,0.9624382300597103,"{""0_34"": 0.005504297266425818, ""1_27"": 0.037561769940289695, ""1_28"": 0.004878442499991374, ""1_29"": 1.0, ""1_30"": 0.0}"
formal_test,full_aco,Full ACO,2_1_29_11_2_16.bin,9,1_29,direct_lda_top5,1_29;1_28;0_34;1_27;1_30,1,1_29,1,1_29,1_29,1,0.9705935980603074,4.974750000002359,0,0,"{""0_34"": 0.0006151374230352264, ""1_27"": 0.02940640193969261, ""1_28"": 0.003915517955522977, ""1_29"": 1.0, ""1_30"": 0.0}","{""0_34"": 1.6173963593881734e-08, ""1_27"": 1.0958148187379899e-13, ""1_28"": 1.2206664857051408e-05, ""1_29"": 1.0, ""1_30"": 0.0}",0.6,1_29,1,0.9882374392240572,"{""0_34"": 0.00024606467359224686, ""1_27"": 0.011762560775942794, ""1_28"": 0.0015735311811234218, ""1_29"": 1.0, ""1_30"": 0.0}"
formal_test,average_cost,Average cost,2_1_29_11_2_16.bin,15,1_29,direct_lda_top5,1_29;1_28;0_34;1_30;1_27,1,1_29,1,1_29,1_29,1,0.24955948850375997,0.0011250000042650754,,,"{""0_34"": 0.4429823004551732, ""1_27"": 0.75044051149624, ""1_28"": 0.0, ""1_29"": 1.0, ""1_30"": 0.25150331732944053}","{""0_34"": 3.3747845395607853e-13, ""1_27"": 0.0, ""1_28"": 2.8826423221319027e-06, ""1_29"": 1.0, ""1_30"": 1.492644487495793e-13}",0.6,1_29,1,0.699823795401504,"{""0_34"": 0.17719292018227176, ""1_27"": 0.30017620459849603, ""1_28"": 1.7295853932791416e-06, ""1_29"": 1.0, ""1_30"": 0.10060132693186577}"
formal_test,greedy_path,Greedy path,2_1_29_11_2_16.bin,15,1_29,direct_lda_top5,1_29;1_28;0_34;1_30;1_27,1,1_29,1,1_29,1_29,1,0.8982415187295514,0.06979200000500896,0,0,"{""0_34"": 0.06554827801558905, ""1_27"": 0.10175848127044862, ""1_28"": 0.0, ""1_29"": 1.0, ""1_30"": 0.03410343020381011}","{""0_34"": 3.3747845395607853e-13, ""1_27"": 0.0, ""1_28"": 2.8826423221319027e-06, ""1_29"": 1.0, ""1_30"": 1.492644487495793e-13}",0.6,1_29,1,0.9592966074918206,"{""0_34"": 0.02621931120643811, ""1_27"": 0.04070339250817945, ""1_28"": 1.7295853932791416e-06, ""1_29"": 1.0, ""1_30"": 0.013641372081613604}"
formal_test,no_pheromone,No pheromone,2_1_29_11_2_16.bin,15,1_29,direct_lda_top5,1_29;1_28;0_34;1_30;1_27,1,1_29,1,1_29,1_29,1,0.7872301988081984,4.57070899999934,0,0,"{""0_34"": 0.08674387930722205, ""1_27"": 0.2127698011918016, ""1_28"": 0.0, ""1_29"": 1.0, ""1_30"": 0.04548949534319915}","{""0_34"": 3.3747845395607853e-13, ""1_27"": 0.0, ""1_28"": 2.8826423221319027e-06, ""1_29"": 1.0, ""1_30"": 1.492644487495793e-13}",0.6,1_29,1,0.9148920795232793,"{""0_34"": 0.0346975517230913, ""1_27"": 0.08510792047672065, ""1_28"": 1.7295853932791416e-06, ""1_29"": 1.0, ""1_30"": 0.01819579813736922}"
formal_test,full_aco,Full ACO,2_1_29_11_2_16.bin,15,1_29,direct_lda_top5,1_29;1_28;0_34;1_30;1_27,1,1_29,1,1_29,1_29,1,0.943548716714901,4.969082999998875,0,0,"{""0_34"": 0.03634728772216577, ""1_27"": 0.05645128328509893, ""1_28"": 0.0, ""1_29"": 1.0, ""1_30"": 0.018873994985062297}","{""0_34"": 3.3747845395607853e-13, ""1_27"": 0.0, ""1_28"": 2.8826423221319027e-06, ""1_29"": 1.0, ""1_30"": 1.492644487495793e-13}",0.6,1_29,1,0.9774194866859605,"{""0_34"": 0.014538915089068797, ""1_27"": 0.022580513314039572, ""1_28"": 1.7295853932791416e-06, ""1_29"": 1.0, ""1_30"": 0.007549597994114478}"
formal_test,average_cost,Average cost,2_1_30_11_2_16.bin,1,1_30,direct_lda_top5,1_30;0_34;0_33;1_29;0_35,1,1_30,1,1_30,1_30,1,0.10380227464626834,0.0013749999965284587,,,"{""0_33"": 0.6422940639927971, ""0_34"": 0.8961977253537317, ""0_35"": 0.22952337064772316, ""1_29"": 0.0, ""1_30"": 1.0}","{""0_33"": 4.886265054230299e-09, ""0_34"": 7.830097669475372e-06, ""0_35"": 0.0, ""1_29"": 1.083256141334873e-15, ""1_30"": 1.0}",0.6,1_30,1,0.6415162117999056,"{""0_33"": 0.2569176285288779, ""0_34"": 0.3584837882000944, ""0_35"": 0.09180934825908926, ""1_29"": 6.499536848009238e-16, ""1_30"": 1.0}"
formal_test,greedy_path,Greedy path,2_1_30_11_2_16.bin,1,1_30,direct_lda_top5,1_30;0_34;0_33;1_29;0_35,1,1_30,1,1_30,1_30,1,0.8760143143426495,0.09287499999999227,0,0,"{""0_33"": 0.08124082001465602, ""0_34"": 0.12398568565735052, ""0_35"": 0.029031354778576903, ""1_29"": 0.0, ""1_30"": 1.0}","{""0_33"": 4.886265054230299e-09, ""0_34"": 7.830097669475372e-06, ""0_35"": 0.0, ""1_29"": 1.083256141334873e-15, ""1_30"": 1.0}",0.6,1_30,1,0.9504010276784581,"{""0_33"": 0.032496330937621436, ""0_34"": 0.049598972321541895, ""0_35"": 0.011612541911430761, ""1_29"": 6.499536848009238e-16, ""1_30"": 1.0}"
formal_test,no_pheromone,No pheromone,2_1_30_11_2_16.bin,1,1_30,direct_lda_top5,1_30;0_34;0_33;1_29;0_35,1,1_30,1,1_30,1_30,1,0.4184231752815415,4.7236249999969,0,0,"{""0_33"": 0.20259790515417203, ""0_34"": 0.5815768247184585, ""0_35"": 0.03014805614302075, ""1_29"": 0.0, ""1_30"": 1.0}","{""0_33"": 4.886265054230299e-09, ""0_34"": 7.830097669475372e-06, ""0_35"": 0.0, ""1_29"": 1.083256141334873e-15, ""1_30"": 1.0}",0.6,1_30,1,0.7673645720540149,"{""0_33"": 0.08103916499342785, ""0_34"": 0.2326354279459851, ""0_35"": 0.0120592224572083, ""1_29"": 6.499536848009238e-16, ""1_30"": 1.0}"
formal_test,full_aco,Full ACO,2_1_30_11_2_16.bin,1,1_30,direct_lda_top5,1_30;0_34;0_33;1_29;0_35,1,1_30,1,1_30,1_30,1,0.9208772959901708,4.909041999994201,0,0,"{""0_33"": 0.04484126315067202, ""0_34"": 0.07912270400982928, ""0_35"": 0.01603626007334349, ""1_29"": 0.0, ""1_30"": 1.0}","{""0_33"": 4.886265054230299e-09, ""0_34"": 7.830097669475372e-06, ""0_35"": 0.0, ""1_29"": 1.083256141334873e-15, ""1_30"": 1.0}",0.6,1_30,1,0.9683462203374666,"{""0_33"": 0.017936508192027842, ""0_34"": 0.031653779662533396, ""0_35"": 0.006414504029337397, ""1_29"": 6.499536848009238e-16, ""1_30"": 1.0}"
formal_test,average_cost,Average cost,2_1_30_11_2_16.bin,2,1_30,direct_lda_top5,1_30;0_34;0_33;1_29;1_28,1,1_30,1,1_30,1_30,1,0.12329996905153096,0.0015000000033182914,,,"{""0_33"": 0.7944273611221889, ""0_34"": 0.876700030948469, ""1_28"": 0.0, ""1_29"": 0.6808505378340693, ""1_30"": 1.0}","{""0_33"": 2.7471829083424978e-08, ""0_34"": 1.7858999812625027e-07, ""1_28"": 0.0, ""1_29"": 7.954335872616102e-14, ""1_30"": 1.0}",0.6,1_30,1,0.6493198804666135,"{""0_33"": 0.31777096093197305, ""0_34"": 0.3506801195333865, ""1_28"": 0.0, ""1_29"": 0.2723402151336755, ""1_30"": 1.0}"
formal_test,greedy_path,Greedy path,2_1_30_11_2_16.bin,2,1_30,direct_lda_top5,1_30;0_34;0_33;1_29;1_28,1,1_30,1,1_30,1_30,1,0.8809200198868085,0.07304200000390892,0,0,"{""0_33"": 0.10790508842740758, ""0_34"": 0.11907998011319156, ""1_28"": 0.0, ""1_29"": 0.09247823159949478, ""1_30"": 1.0}","{""0_33"": 2.7471829083424978e-08, ""0_34"": 1.7858999812625027e-07, ""1_28"": 0.0, ""1_29"": 7.954335872616102e-14, ""1_30"": 1.0}",0.6,1_30,1,0.9523679008007245,"{""0_33"": 0.04316205185406048, ""0_34"": 0.0476320991992755, ""1_28"": 0.0, ""1_29"": 0.03699129263984564, ""1_30"": 1.0}"
formal_test,no_pheromone,No pheromone,2_1_30_11_2_16.bin,2,1_30,direct_lda_top5,1_30;0_34;0_33;1_29;1_28,1,1_30,1,1_30,1_30,1,0.683387711457045,4.825875000001645,0,0,"{""0_33"": 0.2740776871515597, ""0_34"": 0.3166122885429549, ""1_28"": 0.0, ""1_29"": 0.12026582855001278, ""1_30"": 1.0}","{""0_33"": 2.7471829083424978e-08, ""0_34"": 1.7858999812625027e-07, ""1_28"": 0.0, ""1_29"": 7.954335872616102e-14, ""1_30"": 1.0}",0.6,1_30,1,0.8733549774288192,"{""0_33"": 0.10963109134372136, ""0_34"": 0.12664502257118085, ""1_28"": 0.0, ""1_29"": 0.04810633142005284, ""1_30"": 1.0}"
formal_test,full_aco,Full ACO,2_1_30_11_2_16.bin,2,1_30,direct_lda_top5,1_30;0_34;0_33;1_29;1_28,1,1_30,1,1_30,1_30,1,0.8995091898560948,5.036875000001828,0,0,"{""0_33"": 0.06145337271918125, ""0_34"": 0.10049081014390515, ""1_28"": 0.0, ""1_29"": 0.05100270426633226, ""1_30"": 1.0}","{""0_33"": 2.7471829083424978e-08, ""0_34"": 1.7858999812625027e-07, ""1_28"": 0.0, ""1_29"": 7.954335872616102e-14, ""1_30"": 1.0}",0.6,1_30,1,0.9598035687884391,"{""0_33"": 0.02458136557076995, ""0_34"": 0.04019643121156094, ""1_28"": 0.0, ""1_29"": 0.02040108170658063, ""1_30"": 1.0}"
formal_test,average_cost,Average cost,2_1_30_11_2_16.bin,5,1_30,direct_lda_top5,1_30;0_33;0_34;1_29;1_28,1,1_30,1,1_30,1_30,1,0.1254375029619036,0.0012499999968440534,,,"{""0_33"": 0.8266657739557224, ""0_34"": 0.8745624970380964, ""1_28"": 0.0, ""1_29"": 0.7592736710314878, ""1_30"": 1.0}","{""0_33"": 5.451744863318333e-07, ""0_34"": 4.969985248164413e-07, ""1_28"": 0.0, ""1_29"": 7.848127428223867e-12, ""1_30"": 1.0}",0.6,1_30,1,0.6501747029856465,"{""0_33"": 0.33066663668698076, ""0_34"": 0.3498252970143535, ""1_28"": 0.0, ""1_29"": 0.30370946841730406, ""1_30"": 1.0}"
formal_test,greedy_path,Greedy path,2_1_30_11_2_16.bin,5,1_30,direct_lda_top5,1_30;0_33;0_34;1_29;1_28,1,1_30,1,1_30,1_30,1,0.8818700369016074,0.0779579999985458,0,0,"{""0_33"": 0.11166039900272537, ""0_34"": 0.11812996309839262, ""1_28"": 0.0, ""1_29"": 0.10255753138774674, ""1_30"": 1.0}","{""0_33"": 5.451744863318333e-07, ""0_34"": 4.969985248164413e-07, ""1_28"": 0.0, ""1_29"": 7.848127428223867e-12, ""1_30"": 1.0}",0.6,1_30,1,0.952747716561528,"{""0_33"": 0.04466448670578195, ""0_34"": 0.04725228343847194, ""1_28"": 0.0, ""1_29"": 0.04102301255980758, ""1_30"": 1.0}"
formal_test,no_pheromone,No pheromone,2_1_30_11_2_16.bin,5,1_30,direct_lda_top5,1_30;0_33;0_34;1_29;1_28,1,1_30,1,1_30,1_30,1,0.6598610559538078,4.676917000004721,0,0,"{""0_33"": 0.20540823901831334, ""0_34"": 0.3401389440461922, ""1_28"": 0.0, ""1_29"": 0.16321585256033588, ""1_30"": 1.0}","{""0_33"": 5.451744863318333e-07, ""0_34"": 4.969985248164413e-07, ""1_28"": 0.0, ""1_29"": 7.848127428223867e-12, ""1_30"": 1.0}",0.6,1_30,1,0.8639441241824082,"{""0_33"": 0.08216362271201715, ""0_34"": 0.1360558758175918, ""1_28"": 0.0, ""1_29"": 0.06528634102884323, ""1_30"": 1.0}"
formal_test,full_aco,Full ACO,2_1_30_11_2_16.bin,5,1_30,direct_lda_top5,1_30;0_33;0_34;1_29;1_28,1,1_30,1,1_30,1_30,1,0.9078448596443041,4.958792000003598,0,0,"{""0_33"": 0.06163519981723767, ""0_34"": 0.09215514035569593, ""1_28"": 0.0, ""1_29"": 0.05656112291204516, ""1_30"": 1.0}","{""0_33"": 5.451744863318333e-07, ""0_34"": 4.969985248164413e-07, ""1_28"": 0.0, ""1_29"": 7.848127428223867e-12, ""1_30"": 1.0}",0.6,1_30,1,0.9631376456586067,"{""0_33"": 0.024654407031586868, ""0_34"": 0.03686235434139326, ""1_28"": 0.0, ""1_29"": 0.022624449169526942, ""1_30"": 1.0}"
formal_test,average_cost,Average cost,2_1_30_11_2_16.bin,13,1_30,direct_lda_top5,1_30;0_34;0_33;1_29;1_28,1,1_30,1,1_30,1_30,1,0.14138726328994355,0.0010830000007899798,,,"{""0_33"": 0.7628992230380995, ""0_34"": 0.8586127367100564, ""1_28"": 0.0, ""1_29"": 0.6567151803616345, ""1_30"": 1.0}","{""0_33"": 3.9038883339849996e-13, ""0_34"": 5.525166364101702e-10, ""1_28"": 0.0, ""1_29"": 6.0874320759863775e-18, ""1_30"": 1.0}",0.6,1_30,1,0.6565549049844674,"{""0_33"": 0.3051596892154741, ""0_34"": 0.3434450950155326, ""1_28"": 0.0, ""1_29"": 0.2626860721446538, ""1_30"": 1.0}"
formal_test,greedy_path,Greedy path,2_1_30_11_2_16.bin,13,1_30,direct_lda_top5,1_30;0_34;0_33;1_29;1_28,1,1_30,1,1_30,1_30,1,0.8732661424812944,0.07079099999884875,0,0,"{""0_33"": 0.10535300024092555, ""0_34"": 0.12673385751870556, ""1_28"": 0.0, ""1_29"": 0.09068945473470943, ""1_30"": 1.0}","{""0_33"": 3.9038883339849996e-13, ""0_34"": 5.525166364101702e-10, ""1_28"": 0.0, ""1_29"": 6.0874320759863775e-18, ""1_30"": 1.0}",0.6,1_30,1,0.9493064566610078,"{""0_33"": 0.04214120009660446, ""0_34"": 0.0506935433389922, ""1_28"": 0.0, ""1_29"": 0.03627578189388378, ""1_30"": 1.0}"
formal_test,no_pheromone,No pheromone,2_1_30_11_2_16.bin,13,1_30,direct_lda_top5,1_30;0_34;0_33;1_29;1_28,1,1_30,1,1_30,1_30,1,0.663101643088695,4.564833999999962,0,0,"{""0_33"": 0.19186644998392638, ""0_34"": 0.336898356911305, ""1_28"": 0.0, ""1_29"": 0.10292876819968648, ""1_30"": 1.0}","{""0_33"": 3.9038883339849996e-13, ""0_34"": 5.525166364101702e-10, ""1_28"": 0.0, ""1_29"": 6.0874320759863775e-18, ""1_30"": 1.0}",0.6,1_30,1,0.865240656903968,"{""0_33"": 0.07674657999380478, ""0_34"": 0.134759343096032, ""1_28"": 0.0, ""1_29"": 0.0411715072798746, ""1_30"": 1.0}"
formal_test,full_aco,Full ACO,2_1_30_11_2_16.bin,13,1_30,direct_lda_top5,1_30;0_34;0_33;1_29;1_28,1,1_30,1,1_30,1_30,1,0.9295729977324415,5.018583000001797,0,0,"{""0_33"": 0.05855267238312748, ""0_34"": 0.07042700226755853, ""1_28"": 0.0, ""1_29"": 0.050352903252463416, ""1_30"": 1.0}","{""0_33"": 3.9038883339849996e-13, ""0_34"": 5.525166364101702e-10, ""1_28"": 0.0, ""1_29"": 6.0874320759863775e-18, ""1_30"": 1.0}",0.6,1_30,1,0.9718291987614666,"{""0_33"": 0.023421068953485228, ""0_34"": 0.028170801238533397, ""1_28"": 0.0, ""1_29"": 0.02014116130098537, ""1_30"": 1.0}"
formal_test,average_cost,Average cost,2_1_31_11_2_16.bin,2,1_31,direct_lda_top5,1_31;1_30;0_33;1_29;1_28,1,1_31,1,1_31,1_31,1,0.3292312393596589,0.0010840000044254339,,,"{""0_33"": 0.4511462295478884, ""1_28"": 0.0, ""1_29"": 0.34518296059292847, ""1_30"": 0.6707687606403411, ""1_31"": 1.0}","{""0_33"": 2.683308395250126e-151, ""1_28"": 0.0, ""1_29"": 1.2465656413833084e-154, ""1_30"": 2.0177136834927908e-148, ""1_31"": 1.0}",0.6,1_31,1,0.7316924957438635,"{""0_33"": 0.18045849181915538, ""1_28"": 0.0, ""1_29"": 0.13807318423717138, ""1_30"": 0.2683075042561364, ""1_31"": 1.0}"
formal_test,greedy_path,Greedy path,2_1_31_11_2_16.bin,2,1_31,direct_lda_top5,1_31;1_30;0_33;1_29;1_28,1,1_31,1,1_31,1_31,1,0.8989786280479292,0.07566699999728144,0,0,"{""0_33"": 0.06446214783852987, ""1_28"": 0.0, ""1_29"": 0.04932155824372428, ""1_30"": 0.10102137195207082, ""1_31"": 1.0}","{""0_33"": 2.683308395250126e-151, ""1_28"": 0.0, ""1_29"": 1.2465656413833084e-154, ""1_30"": 2.0177136834927908e-148, ""1_31"": 1.0}",0.6,1_31,1,0.9595914512191717,"{""0_33"": 0.02578485913541195, ""1_28"": 0.0, ""1_29"": 0.019728623297489714, ""1_30"": 0.040408548780828335, ""1_31"": 1.0}"
formal_test,no_pheromone,No pheromone,2_1_31_11_2_16.bin,2,1_31,direct_lda_top5,1_31;1_30;0_33;1_29;1_28,1,1_31,1,1_31,1_31,1,0.8526800234584754,4.589291999998579,0,0,"{""0_33"": 0.0765338007457356, ""1_28"": 0.0, ""1_29"": 0.048968015104164236, ""1_30"": 0.14731997654152465, ""1_31"": 1.0}","{""0_33"": 2.683308395250126e-151, ""1_28"": 0.0, ""1_29"": 1.2465656413833084e-154, ""1_30"": 2.0177136834927908e-148, ""1_31"": 1.0}",0.6,1_31,1,0.9410720093833902,"{""0_33"": 0.03061352029829424, ""1_28"": 0.0, ""1_29"": 0.019587206041665695, ""1_30"": 0.05892799061660986, ""1_31"": 1.0}"
formal_test,full_aco,Full ACO,2_1_31_11_2_16.bin,2,1_31,direct_lda_top5,1_31;1_30;0_33;1_29;1_28,1,1_31,1,1_31,1_31,1,0.9437341910141943,4.865625000000762,0,0,"{""0_33"": 0.03590312321573607, ""1_28"": 0.0, ""1_29"": 0.027422072076725874, ""1_30"": 0.056265808985805695, ""1_31"": 1.0}","{""0_33"": 2.683308395250126e-151, ""1_28"": 0.0, ""1_29"": 1.2465656413833084e-154, ""1_30"": 2.0177136834927908e-148, ""1_31"": 1.0}",0.6,1_31,1,0.9774936764056777,"{""0_33"": 0.014361249286294429, ""1_28"": 0.0, ""1_29"": 0.01096882883069035, ""1_30"": 0.02250632359432228, ""1_31"": 1.0}"
formal_test,average_cost,Average cost,2_1_31_11_2_16.bin,3,1_31,direct_lda_top5,1_31;1_29;1_30;0_33;1_28,1,1_31,1,1_31,1_31,1,0.4279916464654162,0.001041999993844911,,,"{""0_33"": 0.33586727017963103, ""1_28"": 0.0, ""1_29"": 0.2976046032827227, ""1_30"": 0.5720083535345838, ""1_31"": 1.0}","{""0_33"": 4.2008112772309906e-126, ""1_28"": 0.0, ""1_29"": 2.724028622861932e-121, ""1_30"": 5.997319530435616e-122, ""1_31"": 1.0}",0.6,1_31,1,0.7711966585861665,"{""0_33"": 0.13434690807185243, ""1_28"": 0.0, ""1_29"": 0.11904184131308909, ""1_30"": 0.22880334141383352, ""1_31"": 1.0}"
formal_test,greedy_path,Greedy path,2_1_31_11_2_16.bin,3,1_31,direct_lda_top5,1_31;1_29;1_30;0_33;1_28,1,1_31,1,1_31,1_31,1,0.9109991386258722,0.06975000000153386,0,0,"{""0_33"": 0.04797420300882237, ""1_28"": 0.0, ""1_29"": 0.04250888646163548, ""1_30"": 0.0890008613741278, ""1_31"": 1.0}","{""0_33"": 4.2008112772309906e-126, ""1_28"": 0.0, ""1_29"": 2.724028622861932e-121, ""1_30"": 5.997319530435616e-122, ""1_31"": 1.0}",0.6,1_31,1,0.9643996554503489,"{""0_33"": 0.01918968120352895, ""1_28"": 0.0, ""1_29"": 0.017003554584654194, ""1_30"": 0.03560034454965112, ""1_31"": 1.0}"
formal_test,no_pheromone,No pheromone,2_1_31_11_2_16.bin,3,1_31,direct_lda_top5,1_31;1_29;1_30;0_33;1_28,1,1_31,1,1_31,1_31,1,0.8769869045884991,4.729749999995647,0,0,"{""0_33"": 0.05828565096019499, ""1_28"": 0.0, ""1_29"": 0.04047190590870318, ""1_30"": 0.12301309541150086, ""1_31"": 1.0}","{""0_33"": 4.2008112772309906e-126, ""1_28"": 0.0, ""1_29"": 2.724028622861932e-121, ""1_30"": 5.997319530435616e-122, ""1_31"": 1.0}",0.6,1_31,1,0.9507947618353997,"{""0_33"": 0.023314260384077995, ""1_28"": 0.0, ""1_29"": 0.016188762363481272, ""1_30"": 0.049205238164600346, ""1_31"": 1.0}"
formal_test,full_aco,Full ACO,2_1_31_11_2_16.bin,3,1_31,direct_lda_top5,1_31;1_29;1_30;0_33;1_28,1,1_31,1,1_31,1_31,1,0.9504374905186146,4.789459000001273,0,0,"{""0_33"": 0.026709546336942037, ""1_28"": 0.0, ""1_29"": 0.02362308648819497, ""1_30"": 0.04956250948138543, ""1_31"": 1.0}","{""0_33"": 4.2008112772309906e-126, ""1_28"": 0.0, ""1_29"": 2.724028622861932e-121, ""1_30"": 5.997319530435616e-122, ""1_31"": 1.0}",0.6,1_31,1,0.9801749962074459,"{""0_33"": 0.010683818534776816, ""1_28"": 0.0, ""1_29"": 0.009449234595277987, ""1_30"": 0.019825003792554172, ""1_31"": 1.0}"
formal_test,average_cost,Average cost,2_1_31_11_2_16.bin,6,1_31,direct_lda_top5,1_31;1_30;1_29;0_33;1_28,1,1_31,1,1_31,1_31,1,0.3829569085829658,0.0011250000042650754,,,"{""0_33"": 0.42002307349469487, ""1_28"": 0.0, ""1_29"": 0.32687726874538103, ""1_30"": 0.6170430914170342, ""1_31"": 1.0}","{""0_33"": 3.2263220069626784e-129, ""1_28"": 0.0, ""1_29"": 9.309914040516821e-129, ""1_30"": 1.7803785984851056e-126, ""1_31"": 1.0}",0.6,1_31,1,0.7531827634331864,"{""0_33"": 0.16800922939787796, ""1_28"": 0.0, ""1_29"": 0.1307509074981524, ""1_30"": 0.24681723656681367, ""1_31"": 1.0}"
formal_test,greedy_path,Greedy path,2_1_31_11_2_16.bin,6,1_31,direct_lda_top5,1_31;1_30;1_29;0_33;1_28,1,1_31,1,1_31,1_31,1,0.9029491669272438,0.09083399999809671,0,0,"{""0_33"": 0.06043356738976466, ""1_28"": 0.0, ""1_29"": 0.04703160539383011, ""1_30"": 0.09705083307275623, ""1_31"": 1.0}","{""0_33"": 3.2263220069626784e-129, ""1_28"": 0.0, ""1_29"": 9.309914040516821e-129, ""1_30"": 1.7803785984851056e-126, ""1_31"": 1.0}",0.6,1_31,1,0.9611796667708975,"{""0_33"": 0.024173426955905866, ""1_28"": 0.0, ""1_29"": 0.018812642157532047, ""1_30"": 0.0388203332291025, ""1_31"": 1.0}"
formal_test,no_pheromone,No pheromone,2_1_31_11_2_16.bin,6,1_31,direct_lda_top5,1_31;1_30;1_29;0_33;1_28,1,1_31,1,1_31,1_31,1,0.8464131408049084,4.603875000000812,0,0,"{""0_33"": 0.06719359089406295, ""1_28"": 0.0, ""1_29"": 0.05751666345710703, ""1_30"": 0.15358685919509163, ""1_31"": 1.0}","{""0_33"": 3.2263220069626784e-129, ""1_28"": 0.0, ""1_29"": 9.309914040516821e-129, ""1_30"": 1.7803785984851056e-126, ""1_31"": 1.0}",0.6,1_31,1,0.9385652563219633,"{""0_33"": 0.02687743635762518, ""1_28"": 0.0, ""1_29"": 0.023006665382842812, ""1_30"": 0.061434743678036655, ""1_31"": 1.0}"
formal_test,full_aco,Full ACO,2_1_31_11_2_16.bin,6,1_31,direct_lda_top5,1_31;1_30;1_29;0_33;1_28,1,1_31,1,1_31,1_31,1,0.9459200678031102,4.80637500000114,0,0,"{""0_33"": 0.0336743542130057, ""1_28"": 0.0, ""1_29"": 0.02615888734458046, ""1_30"": 0.05407993219688973, ""1_31"": 1.0}","{""0_33"": 3.2263220069626784e-129, ""1_28"": 0.0, ""1_29"": 9.309914040516821e-129, ""1_30"": 1.7803785984851056e-126, ""1_31"": 1.0}",0.6,1_31,1,0.9783680271212442,"{""0_33"": 0.01346974168520228, ""1_28"": 0.0, ""1_29"": 0.010463554937832185, ""1_30"": 0.021631972878755894, ""1_31"": 1.0}"
formal_test,average_cost,Average cost,2_1_31_11_2_16.bin,7,1_31,direct_lda_top5,1_31;1_30;0_33;1_29;1_28,1,1_31,1,1_31,1_31,1,0.38927149414031537,0.0011250000042650754,,,"{""0_33"": 0.41529458784176665, ""1_28"": 0.0, ""1_29"": 0.31591598367727686, ""1_30"": 0.6107285058596846, ""1_31"": 1.0}","{""0_33"": 8.832557841047212e-119, ""1_28"": 0.0, ""1_29"": 1.6524973952134234e-121, ""1_30"": 4.195720928297305e-116, ""1_31"": 1.0}",0.6,1_31,1,0.7557085976561262,"{""0_33"": 0.16611783513670667, ""1_28"": 0.0, ""1_29"": 0.12636639347091075, ""1_30"": 0.24429140234387386, ""1_31"": 1.0}"
formal_test,greedy_path,Greedy path,2_1_31_11_2_16.bin,7,1_31,direct_lda_top5,1_31;1_30;0_33;1_29;1_28,1,1_31,1,1_31,1_31,1,0.9041851989082529,0.06879200000042829,0,0,"{""0_33"": 0.05966162200128252, ""1_28"": 0.0, ""1_29"": 0.0453847956465506, ""1_30"": 0.09581480109174709, ""1_31"": 1.0}","{""0_33"": 8.832557841047212e-119, ""1_28"": 0.0, ""1_29"": 1.6524973952134234e-121, ""1_30"": 4.195720928297305e-116, ""1_31"": 1.0}",0.6,1_31,1,0.9616740795633012,"{""0_33"": 0.02386464880051301, ""1_28"": 0.0, ""1_29"": 0.01815391825862024, ""1_30"": 0.038325920436698836, ""1_31"": 1.0}"
formal_test,no_pheromone,No pheromone,2_1_31_11_2_16.bin,7,1_31,direct_lda_top5,1_31;1_30;0_33;1_29;1_28,1,1_31,1,1_31,1_31,1,0.8837175424970493,4.528000000000532,0,0,"{""0_33"": 0.06971285378718074, ""1_28"": 0.0, ""1_29"": 0.04840000589144878, ""1_30"": 0.11628245750295073, ""1_31"": 1.0}","{""0_33"": 8.832557841047212e-119, ""1_28"": 0.0, ""1_29"": 1.6524973952134234e-121, ""1_30"": 4.195720928297305e-116, ""1_31"": 1.0}",0.6,1_31,1,0.9534870169988197,"{""0_33"": 0.0278851415148723, ""1_28"": 0.0, ""1_29"": 0.019360002356579514, ""1_30"": 0.04651298300118029, ""1_31"": 1.0}"
formal_test,full_aco,Full ACO,2_1_31_11_2_16.bin,7,1_31,direct_lda_top5,1_31;1_30;0_33;1_29;1_28,1,1_31,1,1_31,1_31,1,0.946615674400521,4.917999999996425,0,0,"{""0_33"": 0.03323993461456587, ""1_28"": 0.0, ""1_29"": 0.025237333700961453, ""1_30"": 0.05338432559947898, ""1_31"": 1.0}","{""0_33"": 8.832557841047212e-119, ""1_28"": 0.0, ""1_29"": 1.6524973952134234e-121, ""1_30"": 4.195720928297305e-116, ""1_31"": 1.0}",0.6,1_31,1,0.9786462697602084,"{""0_33"": 0.013295973845826349, ""1_28"": 0.0, ""1_29"": 0.010094933480384581, ""1_30"": 0.02135373023979159, ""1_31"": 1.0}"
formal_test,average_cost,Average cost,2_1_32_11_2_16.bin,4,1_32,direct_lda_top5,1_32;0_33;1_31;1_30;1_29,1,1_32,1,1_32,1_32,1,0.289189130246985,0.0011659999969992896,,,"{""0_33"": 0.6535175769853502, ""1_29"": 0.710810869753015, ""1_30"": 0.5178184924686361, ""1_31"": 0.0, ""1_32"": 1.0}","{""0_33"": 4.7801106322699257e-144, ""1_29"": 0.0, ""1_30"": 3.662360093447489e-199, ""1_31"": 4.077686699909984e-154, ""1_32"": 1.0}",0.6,1_32,1,0.7156756520987939,"{""0_33"": 0.26140703079414007, ""1_29"": 0.28432434790120603, ""1_30"": 0.20712739698745444, ""1_31"": 2.4466120199459903e-154, ""1_32"": 1.0}"
formal_test,greedy_path,Greedy path,2_1_32_11_2_16.bin,4,1_32,direct_lda_top5,1_32;0_33;1_31;1_30;1_29,1,1_32,1,1_32,1_32,1,0.8980324653740085,0.08137500000060527,0,0,"{""0_33"": 0.09374867351578664, ""1_29"": 0.10196753462599147, ""1_30"": 0.0742823123668902, ""1_31"": 0.0, ""1_32"": 1.0}","{""0_33"": 4.7801106322699257e-144, ""1_29"": 0.0, ""1_30"": 3.662360093447489e-199, ""1_31"": 4.077686699909984e-154, ""1_32"": 1.0}",0.6,1_32,1,0.9592129861496034,"{""0_33"": 0.037499469406314656, ""1_29"": 0.04078701385039659, ""1_30"": 0.02971292494675608, ""1_31"": 2.4466120199459903e-154, ""1_32"": 1.0}"
formal_test,no_pheromone,No pheromone,2_1_32_11_2_16.bin,4,1_32,direct_lda_top5,1_32;0_33;1_31;1_30;1_29,1,1_32,1,1_32,1_32,1,0.8134744964952935,4.865625000000762,0,0,"{""0_33"": 0.13558146310653552, ""1_29"": 0.18652550350470656, ""1_30"": 0.13413315493159964, ""1_31"": 0.0, ""1_32"": 1.0}","{""0_33"": 4.7801106322699257e-144, ""1_29"": 0.0, ""1_30"": 3.662360093447489e-199, ""1_31"": 4.077686699909984e-154, ""1_32"": 1.0}",0.6,1_32,1,0.9253897985981174,"{""0_33"": 0.054232585242614206, ""1_29"": 0.07461020140188263, ""1_30"": 0.05365326197263986, ""1_31"": 2.4466120199459903e-154, ""1_32"": 1.0}"
formal_test,full_aco,Full ACO,2_1_32_11_2_16.bin,4,1_32,direct_lda_top5,1_32;0_33;1_31;1_30;1_29,1,1_32,1,1_32,1_32,1,0.9404375154029637,4.930208000004654,0,0,"{""0_33"": 0.05280748322156119, ""1_29"": 0.059562484597036267, ""1_30"": 0.04151911315668855, ""1_31"": 0.0, ""1_32"": 1.0}","{""0_33"": 4.7801106322699257e-144, ""1_29"": 0.0, ""1_30"": 3.662360093447489e-199, ""1_31"": 4.077686699909984e-154, ""1_32"": 1.0}",0.6,1_32,1,0.9761750061611855,"{""0_33"": 0.021122993288624478, ""1_29"": 0.023824993838814507, ""1_30"": 0.01660764526267542, ""1_31"": 2.4466120199459903e-154, ""1_32"": 1.0}"
formal_test,average_cost,Average cost,2_1_32_11_2_16.bin,5,1_32,direct_lda_top5,1_32;1_31;0_33;1_30;1_29,1,1_32,1,1_32,1_32,1,0.6738091898194235,0.0012499999968440534,,,"{""0_33"": 0.1909872496398512, ""1_29"": 0.2777254692995816, ""1_30"": 0.0, ""1_31"": 0.3261908101805765, ""1_32"": 1.0}","{""0_33"": 9.412414165587428e-157, ""1_29"": 0.0, ""1_30"": 1.1080498108896735e-212, ""1_31"": 1.0346084160211387e-117, ""1_32"": 1.0}",0.6,1_32,1,0.8695236759277694,"{""0_33"": 0.07639489985594049, ""1_29"": 0.11109018771983264, ""1_30"": 6.64829886533804e-213, ""1_31"": 0.13047632407223062, ""1_32"": 1.0}"
formal_test,greedy_path,Greedy path,2_1_32_11_2_16.bin,5,1_32,direct_lda_top5,1_32;1_31;0_33;1_30;1_29,1,1_32,1,1_32,1_32,1,0.9541937201630744,0.06958299999837436,0,0,"{""0_33"": 0.026819932166221177, ""1_29"": 0.03900039537452196, ""1_30"": 0.0, ""1_31"": 0.0458062798369256, ""1_32"": 1.0}","{""0_33"": 9.412414165587428e-157, ""1_29"": 0.0, ""1_30"": 1.1080498108896735e-212, ""1_31"": 1.0346084160211387e-117, ""1_32"": 1.0}",0.6,1_32,1,0.9816774880652298,"{""0_33"": 0.010727972866488472, ""1_29"": 0.015600158149808786, ""1_30"": 6.64829886533804e-213, ""1_31"": 0.01832251193477024, ""1_32"": 1.0}"
formal_test,no_pheromone,No pheromone,2_1_32_11_2_16.bin,5,1_32,direct_lda_top5,1_32;1_31;0_33;1_30;1_29,1,1_32,1,1_32,1_32,1,0.953638517898378,4.473875000002181,0,0,"{""0_33"": 0.027846330169636824, ""1_29"": 0.03898471309656411, ""1_30"": 0.0, ""1_31"": 0.046361482101622026, ""1_32"": 1.0}","{""0_33"": 9.412414165587428e-157, ""1_29"": 0.0, ""1_30"": 1.1080498108896735e-212, ""1_31"": 1.0346084160211387e-117, ""1_32"": 1.0}",0.6,1_32,1,0.9814554071593512,"{""0_33"": 0.01113853206785473, ""1_29"": 0.015593885238625644, ""1_30"": 6.64829886533804e-213, ""1_31"": 0.01854459284064881, ""1_32"": 1.0}"
formal_test,full_aco,Full ACO,2_1_32_11_2_16.bin,5,1_32,direct_lda_top5,1_32;1_31;0_33;1_30;1_29,1,1_32,1,1_32,1_32,1,0.9744029996993306,4.98537499999685,0,0,"{""0_33"": 0.014972707725703792, ""1_29"": 0.021715904594235266, ""1_30"": 0.0, ""1_31"": 0.025597000300669342, ""1_32"": 1.0}","{""0_33"": 9.412414165587428e-157, ""1_29"": 0.0, ""1_30"": 1.1080498108896735e-212, ""1_31"": 1.0346084160211387e-117, ""1_32"": 1.0}",0.6,1_32,1,0.9897611998797322,"{""0_33"": 0.005989083090281518, ""1_29"": 0.008686361837694107, ""1_30"": 6.64829886533804e-213, ""1_31"": 0.010238800120267738, ""1_32"": 1.0}"
formal_test,average_cost,Average cost,2_1_32_11_2_16.bin,9,1_32,direct_lda_top5,1_32;1_31;0_33;1_30;1_29,1,1_32,1,1_32,1_32,1,0.5611159078630477,0.0012080000004743852,,,"{""0_33"": 0.10898718084437661, ""1_29"": 0.4388840921369524, ""1_30"": 0.0, ""1_31"": 0.12122154029941035, ""1_32"": 1.0}","{""0_33"": 3.4210461628897436e-149, ""1_29"": 0.0, ""1_30"": 9.596488217881255e-205, ""1_31"": 2.808077030146056e-141, ""1_32"": 1.0}",0.6,1_32,1,0.824446363145219,"{""0_33"": 0.04359487233775065, ""1_29"": 0.17555363685478098, ""1_30"": 5.757892930728753e-205, ""1_31"": 0.04848861611976414, ""1_32"": 1.0}"
formal_test,greedy_path,Greedy path,2_1_32_11_2_16.bin,9,1_32,direct_lda_top5,1_32;1_31;0_33;1_30;1_29,1,1_32,1,1_32,1_32,1,0.9482902866156246,0.09320800000267582,0,0,"{""0_33"": 0.007715129329078453, ""1_29"": 0.051709713384375376, ""1_30"": 0.0, ""1_31"": 0.009346686148747627, ""1_32"": 1.0}","{""0_33"": 3.4210461628897436e-149, ""1_29"": 0.0, ""1_30"": 9.596488217881255e-205, ""1_31"": 2.808077030146056e-141, ""1_32"": 1.0}",0.6,1_32,1,0.9793161146462499,"{""0_33"": 0.0030860517316313816, ""1_29"": 0.020683885353750153, ""1_30"": 5.757892930728753e-205, ""1_31"": 0.0037386744594990508, ""1_32"": 1.0}"
formal_test,no_pheromone,No pheromone,2_1_32_11_2_16.bin,9,1_32,direct_lda_top5,1_32;1_31;0_33;1_30;1_29,1,1_32,1,1_32,1_32,1,0.9431129604180718,4.571916999999814,0,0,"{""0_33"": 0.003083411684616703, ""1_29"": 0.05688703958192819, ""1_30"": 0.004650320344184234, ""1_31"": 0.0, ""1_32"": 1.0}","{""0_33"": 3.4210461628897436e-149, ""1_29"": 0.0, ""1_30"": 9.596488217881255e-205, ""1_31"": 2.808077030146056e-141, ""1_32"": 1.0}",0.6,1_32,1,0.9772451841672287,"{""0_33"": 0.0012333646738466814, ""1_29"": 0.022754815832771277, ""1_30"": 0.0018601281376736938, ""1_31"": 1.6848462180876336e-141, ""1_32"": 1.0}"
formal_test,full_aco,Full ACO,2_1_32_11_2_16.bin,9,1_32,direct_lda_top5,1_32;1_31;0_33;1_30;1_29,1,1_32,1,1_32,1_32,1,0.971441253445098,4.889416999994012,0,0,"{""0_33"": 0.00477966312329253, ""1_29"": 0.028558746554901947, ""1_30"": 0.0, ""1_31"": 0.00582496210271649, ""1_32"": 1.0}","{""0_33"": 3.4210461628897436e-149, ""1_29"": 0.0, ""1_30"": 9.596488217881255e-205, ""1_31"": 2.808077030146056e-141, ""1_32"": 1.0}",0.6,1_32,1,0.9885765013780392,"{""0_33"": 0.001911865249317012, ""1_29"": 0.011423498621960779, ""1_30"": 5.757892930728753e-205, ""1_31"": 0.002329984841086596, ""1_32"": 1.0}"
formal_test,average_cost,Average cost,2_1_32_11_2_16.bin,17,1_32,direct_lda_top5,1_32;0_33;1_30;1_31;0_34,1,1_32,1,1_32,1_32,1,0.20124276523716778,0.0012090000041098392,,,"{""0_33"": 0.7987572347628322, ""0_34"": 0.6758799845763835, ""1_30"": 0.5741601453391685, ""1_31"": 0.0, ""1_32"": 1.0}","{""0_33"": 3.529310055451286e-133, ""0_34"": 0.0, ""1_30"": 1.632098342476201e-188, ""1_31"": 3.173945559390614e-202, ""1_32"": 1.0}",0.6,1_32,1,0.680497106094867,"{""0_33"": 0.3195028939051329, ""0_34"": 0.2703519938305534, ""1_30"": 0.2296640581356674, ""1_31"": 1.9043673356343682e-202, ""1_32"": 1.0}"
formal_test,greedy_path,Greedy path,2_1_32_11_2_16.bin,17,1_32,direct_lda_top5,1_32;0_33;1_30;1_31;0_34,1,1_32,1,1_32,1_32,1,0.8871975427233566,0.07408300000122381,0,0,"{""0_33"": 0.11280245727664338, ""0_34"": 0.09544943039790234, ""1_30"": 0.0810843050251726, ""1_31"": 0.0, ""1_32"": 1.0}","{""0_33"": 3.529310055451286e-133, ""0_34"": 0.0, ""1_30"": 1.632098342476201e-188, ""1_31"": 3.173945559390614e-202, ""1_32"": 1.0}",0.6,1_32,1,0.9548790170893426,"{""0_33"": 0.04512098291065736, ""0_34"": 0.038179772159160935, ""1_30"": 0.03243372201006904, ""1_31"": 1.9043673356343682e-202, ""1_32"": 1.0}"
formal_test,no_pheromone,No pheromone,2_1_32_11_2_16.bin,17,1_32,direct_lda_top5,1_32;0_33;1_30;1_31;0_34,1,1_32,1,1_32,1_32,1,0.7391528700053566,4.719583000003524,0,0,"{""0_33"": 0.26084712999464343, ""0_34"": 0.15229538639412166, ""1_30"": 0.10296139033046967, ""1_31"": 0.0, ""1_32"": 1.0}","{""0_33"": 3.529310055451286e-133, ""0_34"": 0.0, ""1_30"": 1.632098342476201e-188, ""1_31"": 3.173945559390614e-202, ""1_32"": 1.0}",0.6,1_32,1,0.8956611480021426,"{""0_33"": 0.10433885199785738, ""0_34"": 0.060918154557648665, ""1_30"": 0.04118455613218787, ""1_31"": 1.9043673356343682e-202, ""1_32"": 1.0}"
formal_test,full_aco,Full ACO,2_1_32_11_2_16.bin,17,1_32,direct_lda_top5,1_32;0_33;1_30;1_31;0_34,1,1_32,1,1_32,1_32,1,0.9370736297906983,4.779249999998569,0,0,"{""0_33"": 0.06292637020930167, ""0_34"": 0.05322258448575911, ""1_30"": 0.04519756220441865, ""1_31"": 0.0, ""1_32"": 1.0}","{""0_33"": 3.529310055451286e-133, ""0_34"": 0.0, ""1_30"": 1.632098342476201e-188, ""1_31"": 3.173945559390614e-202, ""1_32"": 1.0}",0.6,1_32,1,0.9748294519162793,"{""0_33"": 0.02517054808372067, ""0_34"": 0.021289033794303646, ""1_30"": 0.01807902488176746, ""1_31"": 1.9043673356343682e-202, ""1_32"": 1.0}"
formal_test,average_cost,Average cost,2_2_15_11_2_16.bin,3,2_15,direct_lda_top5,2_15;0_48;1_16;0_50;0_45,1,2_15,1,2_15,2_15,1,0.09970185965663447,0.0013330000001587905,,,"{""0_45"": 0.829275301435668, ""0_48"": 0.9002981403433655, ""0_50"": 0.0, ""1_16"": 0.6695859580865992, ""2_15"": 1.0}","{""0_45"": 0.0, ""0_48"": 2.5187522948007428e-11, ""0_50"": 2.791081319653368e-19, ""1_16"": 2.176309486439729e-17, ""2_15"": 1.0}",0.6,2_15,1,0.6398807438475412,"{""0_45"": 0.3317101205742672, ""0_48"": 0.36011925615245877, ""0_50"": 1.6746487917920207e-19, ""1_16"": 0.26783438323463965, ""2_15"": 1.0}"
formal_test,greedy_path,Greedy path,2_2_15_11_2_16.bin,3,2_15,direct_lda_top5,2_15;0_48;1_16;0_50;0_45,1,2_15,1,2_15,2_15,1,0.8786385396803593,0.08462499999950523,0,0,"{""0_45"": 0.11178748136795984, ""0_48"": 0.12136146031964064, ""0_50"": 0.0, ""1_16"": 0.10694417979912911, ""2_15"": 1.0}","{""0_45"": 0.0, ""0_48"": 2.5187522948007428e-11, ""0_50"": 2.791081319653368e-19, ""1_16"": 2.176309486439729e-17, ""2_15"": 1.0}",0.6,2_15,1,0.9514554158570312,"{""0_45"": 0.04471499254718394, ""0_48"": 0.04854458414296877, ""0_50"": 1.6746487917920207e-19, ""1_16"": 0.042777671919651664, ""2_15"": 1.0}"
formal_test,no_pheromone,No pheromone,2_2_15_11_2_16.bin,3,2_15,direct_lda_top5,2_15;0_48;1_16;0_50;0_45,1,2_15,1,2_15,2_15,1,0.49791969717128026,4.7182079999998905,0,0,"{""0_45"": 0.35180557062475326, ""0_48"": 0.5020803028287197, ""0_50"": 0.0, ""1_16"": 0.160238447290609, ""2_15"": 1.0}","{""0_45"": 0.0, ""0_48"": 2.5187522948007428e-11, ""0_50"": 2.791081319653368e-19, ""1_16"": 2.176309486439729e-17, ""2_15"": 1.0}",0.6,2_15,1,0.7991678788533996,"{""0_45"": 0.1407222282499013, ""0_48"": 0.20083212114660043, ""0_50"": 1.6746487917920207e-19, ""1_16"": 0.06409537891624362, ""2_15"": 1.0}"
formal_test,full_aco,Full ACO,2_2_15_11_2_16.bin,3,2_15,direct_lda_top5,2_15;0_48;1_16;0_50;0_45,1,2_15,1,2_15,2_15,1,0.8957167151063804,4.989207999997802,0,0,"{""0_45"": 0.08284139918771835, ""0_48"": 0.10428328489361957, ""0_50"": 0.0, ""1_16"": 0.058591315286077625, ""2_15"": 1.0}","{""0_45"": 0.0, ""0_48"": 2.5187522948007428e-11, ""0_50"": 2.791081319653368e-19, ""1_16"": 2.176309486439729e-17, ""2_15"": 1.0}",0.6,2_15,1,0.9582866860274396,"{""0_45"": 0.03313655967508734, ""0_48"": 0.04171331397256035, ""0_50"": 1.6746487917920207e-19, ""1_16"": 0.023436526114431065, ""2_15"": 1.0}"
formal_test,average_cost,Average cost,2_2_15_11_2_16.bin,10,2_15,direct_lda_top5,2_15;0_48;1_16;1_17;0_50,1,2_15,1,2_15,2_15,1,0.20047721317404588,0.0012500000039494807,,,"{""0_48"": 0.7730689345896871, ""0_50"": 0.0, ""1_16"": 0.74916597251588, ""1_17"": 0.7995227868259541, ""2_15"": 1.0}","{""0_48"": 1.1519883774949215e-18, ""0_50"": 0.0, ""1_16"": 2.0295003970031703e-20, ""1_17"": 3.8756314219517037e-31, ""2_15"": 1.0}",0.6,2_15,1,0.6801908852696184,"{""0_48"": 0.30922757383587485, ""0_50"": 0.0, ""1_16"": 0.299666389006352, ""1_17"": 0.31980911473038165, ""2_15"": 1.0}"
formal_test,greedy_path,Greedy path,2_2_15_11_2_16.bin,10,2_15,direct_lda_top5,2_15;0_48;1_16;1_17;0_50,1,2_15,1,2_15,2_15,1,0.8836489196842631,0.08362499999492456,0,0,"{""0_48"": 0.10751929518890306, ""0_50"": 0.0, ""1_16"": 0.11635108031573695, ""1_17"": 0.11119852665224528, ""2_15"": 1.0}","{""0_48"": 1.1519883774949215e-18, ""0_50"": 0.0, ""1_16"": 2.0295003970031703e-20, ""1_17"": 3.8756314219517037e-31, ""2_15"": 1.0}",0.6,2_15,1,0.9534595678737052,"{""0_48"": 0.043007718075561224, ""0_50"": 0.0, ""1_16"": 0.04654043212629478, ""1_17"": 0.04447941066089811, ""2_15"": 1.0}"
formal_test,no_pheromone,No pheromone,2_2_15_11_2_16.bin,10,2_15,direct_lda_top5,2_15;0_48;1_16;1_17;0_50,1,2_15,1,2_15,2_15,1,0.7117086242490316,4.648291999998833,0,0,"{""0_48"": 0.28829137575096836, ""0_50"": 0.0, ""1_16"": 0.2815435030140504, ""1_17"": 0.21711951393790355, ""2_15"": 1.0}","{""0_48"": 1.1519883774949215e-18, ""0_50"": 0.0, ""1_16"": 2.0295003970031703e-20, ""1_17"": 3.8756314219517037e-31, ""2_15"": 1.0}",0.6,2_15,1,0.8846834496996127,"{""0_48"": 0.11531655030038734, ""0_50"": 0.0, ""1_16"": 0.11261740120562017, ""1_17"": 0.08684780557516142, ""2_15"": 1.0}"
formal_test,full_aco,Full ACO,2_2_15_11_2_16.bin,10,2_15,direct_lda_top5,2_15;0_48;1_16;1_17;0_50,1,2_15,1,2_15,2_15,1,0.9309409956329348,4.8539160000018455,0,0,"{""0_48"": 0.059705091989261716, ""0_50"": 0.0, ""1_16"": 0.0646690657696688, ""1_17"": 0.06905900436706525, ""2_15"": 1.0}","{""0_48"": 1.1519883774949215e-18, ""0_50"": 0.0, ""1_16"": 2.0295003970031703e-20, ""1_17"": 3.8756314219517037e-31, ""2_15"": 1.0}",0.6,2_15,1,0.9723763982531739,"{""0_48"": 0.02388203679570469, ""0_50"": 0.0, ""1_16"": 0.02586762630786752, ""1_17"": 0.0276236017468261, ""2_15"": 1.0}"
formal_test,average_cost,Average cost,2_2_15_11_2_16.bin,16,2_15,direct_lda_top5,2_15;0_48;1_16;1_17;0_50,1,2_15,1,2_15,2_15,1,0.1707461670148741,0.0010829999936845525,,,"{""0_48"": 0.8292538329851259, ""0_50"": 0.0, ""1_16"": 0.6770190472404995, ""1_17"": 0.8145542701024877, ""2_15"": 1.0}","{""0_48"": 5.048201312390721e-19, ""0_50"": 0.0, ""1_16"": 1.1933576224376175e-20, ""1_17"": 2.0211720882538863e-30, ""2_15"": 1.0}",0.6,2_15,1,0.6682984668059496,"{""0_48"": 0.3317015331940504, ""0_50"": 0.0, ""1_16"": 0.2708076188961998, ""1_17"": 0.3258217080409951, ""2_15"": 1.0}"
formal_test,greedy_path,Greedy path,2_2_15_11_2_16.bin,16,2_15,direct_lda_top5,2_15;0_48;1_16;1_17;0_50,1,2_15,1,2_15,2_15,1,0.8857116791466753,0.07004199999727234,0,0,"{""0_48"": 0.11428832085332477, ""0_50"": 0.0, ""1_16"": 0.09997384549629294, ""1_17"": 0.11226241721283509, ""2_15"": 1.0}","{""0_48"": 5.048201312390721e-19, ""0_50"": 0.0, ""1_16"": 1.1933576224376175e-20, ""1_17"": 2.0211720882538863e-30, ""2_15"": 1.0}",0.6,2_15,1,0.9542846716586701,"{""0_48"": 0.04571532834132991, ""0_50"": 0.0, ""1_16"": 0.03998953819851718, ""1_17"": 0.04490496688513404, ""2_15"": 1.0}"
formal_test,no_pheromone,No pheromone,2_2_15_11_2_16.bin,16,2_15,direct_lda_top5,2_15;0_48;1_16;1_17;0_50,1,2_15,1,2_15,2_15,1,0.620265262208314,4.577458999996509,0,0,"{""0_48"": 0.37973473779168604, ""0_50"": 0.0, ""1_16"": 0.21161445163889747, ""1_17"": 0.2963333127131127, ""2_15"": 1.0}","{""0_48"": 5.048201312390721e-19, ""0_50"": 0.0, ""1_16"": 1.1933576224376175e-20, ""1_17"": 2.0211720882538863e-30, ""2_15"": 1.0}",0.6,2_15,1,0.8481061048833256,"{""0_48"": 0.15189389511667442, ""0_50"": 0.0, ""1_16"": 0.084645780655559, ""1_17"": 0.11853332508524508, ""2_15"": 1.0}"
formal_test,full_aco,Full ACO,2_2_15_11_2_16.bin,16,2_15,direct_lda_top5,2_15;0_48;1_16;1_17;0_50,1,2_15,1,2_15,2_15,1,0.9337629711713297,4.957042000000911,0,0,"{""0_48"": 0.06623702882867036, ""0_50"": 0.0, ""1_16"": 0.05558694946738627, ""1_17"": 0.06316092535184022, ""2_15"": 1.0}","{""0_48"": 5.048201312390721e-19, ""0_50"": 0.0, ""1_16"": 1.1933576224376175e-20, ""1_17"": 2.0211720882538863e-30, ""2_15"": 1.0}",0.6,2_15,1,0.9735051884685318,"{""0_48"": 0.026494811531468144, ""0_50"": 0.0, ""1_16"": 0.02223477978695451, ""1_17"": 0.025264370140736087, ""2_15"": 1.0}"
formal_test,average_cost,Average cost,2_2_15_11_2_16.bin,20,2_15,direct_lda_top5,2_15;0_48;0_50;1_16;0_45,1,2_15,1,2_15,1_16,0,0.03496438874724139,0.0012499999968440534,,,"{""0_45"": 0.666494735088457, ""0_48"": 0.9650356112527586, ""0_50"": 0.0, ""1_16"": 1.0, ""2_15"": 0.8657093328899503}","{""0_45"": 0.0, ""0_48"": 2.43292107247679e-06, ""0_50"": 4.4423692063982684e-12, ""1_16"": 6.696145384367635e-14, ""2_15"": 1.0}",0.6,2_15,1,0.5462837331559399,"{""0_45"": 0.2665978940353828, ""0_48"": 0.3860157042537469, ""0_50"": 2.665421523838961e-12, ""1_16"": 0.4000000000000402, ""2_15"": 0.9462837331559801}"
formal_test,greedy_path,Greedy path,2_2_15_11_2_16.bin,20,2_15,direct_lda_top5,2_15;0_48;0_50;1_16;0_45,1,2_15,1,2_15,1_16,0,0.8127057581727593,0.08670799999777046,0,0,"{""0_45"": 0.09199060565576882, ""0_48"": 0.13319566634947871, ""0_50"": 0.0, ""1_16"": 1.0, ""2_15"": 0.18729424182724078}","{""0_45"": 0.0, ""0_48"": 2.43292107247679e-06, ""0_50"": 4.4423692063982684e-12, ""1_16"": 6.696145384367635e-14, ""2_15"": 1.0}",0.6,2_15,1,0.2749176967308561,"{""0_45"": 0.03679624226230753, ""0_48"": 0.05327972629243497, ""0_50"": 2.665421523838961e-12, ""1_16"": 0.4000000000000402, ""2_15"": 0.6749176967308963}"
formal_test,no_pheromone,No pheromone,2_2_15_11_2_16.bin,20,2_15,direct_lda_top5,2_15;0_48;0_50;1_16;0_45,1,2_15,1,2_15,1_16,0,0.41915256213575014,4.563625000002958,0,0,"{""0_45"": 0.1934516219104249, ""0_48"": 0.5808474378642499, ""0_50"": 0.0, ""1_16"": 1.0, ""2_15"": 0.5544966076254453}","{""0_45"": 0.0, ""0_48"": 2.43292107247679e-06, ""0_50"": 4.4423692063982684e-12, ""1_16"": 6.696145384367635e-14, ""2_15"": 1.0}",0.6,2_15,1,0.4217986430501379,"{""0_45"": 0.07738064876416996, ""0_48"": 0.23234043489834344, ""0_50"": 2.665421523838961e-12, ""1_16"": 0.4000000000000402, ""2_15"": 0.8217986430501781}"
formal_test,full_aco,Full ACO,2_2_15_11_2_16.bin,20,2_15,direct_lda_top5,2_15;0_48;0_50;1_16;0_45,1,2_15,1,2_15,1_16,0,0.7836868871547709,4.879416999997943,0,0,"{""0_45"": 0.05143548614453348, ""0_48"": 0.21631311284522908, ""0_50"": 0.0, ""1_16"": 1.0, ""2_15"": 0.13723538501435917}","{""0_45"": 0.0, ""0_48"": 2.43292107247679e-06, ""0_50"": 4.4423692063982684e-12, ""1_16"": 6.696145384367635e-14, ""2_15"": 1.0}",0.6,2_15,1,0.2548941540057035,"{""0_45"": 0.020574194457813392, ""0_48"": 0.08652670489073512, ""0_50"": 2.665421523838961e-12, ""1_16"": 0.4000000000000402, ""2_15"": 0.6548941540057437}"
