split,method,method_label,file_name,packet_index,true_label,candidate_policy,candidate_labels,true_in_candidates,lda_label,lda_correct,rssi_top1_label,search_label,search_correct,search_margin,search_runtime_ms,path_switches,path_garbage_segments,search_scores_json,lda_candidate_scores_json,frozen_beta,final_label,final_correct,final_margin,final_scores_json
formal_test,average_cost,Average cost,2_0_33_11_2_16.bin,0,0_33,direct_lda_top5,0_33;1_30;1_31;0_34;1_29,1,0_33,1,0_33,0_33,1,0.09250106914344669,0.0007500057108700275,,,"{""0_33"": 1.0, ""0_34"": 0.9074989308565533, ""1_29"": 0.7504813498902454, ""1_30"": 0.7725796681860128, ""1_31"": 0.0}","{""0_33"": 1.0, ""0_34"": 4.518662286349719e-16, ""1_29"": 0.0, ""1_30"": 2.64671873920558e-10, ""1_31"": 2.920048474443586e-14}",0.5,0_33,1,0.5462505345717231,"{""0_33"": 1.0, ""0_34"": 0.4537494654282769, ""1_29"": 0.3752406749451227, ""1_30"": 0.3862898342253423, ""1_31"": 1.460024237221793e-14}"
formal_test,greedy_path,Greedy path,2_0_33_11_2_16.bin,0,0_33,direct_lda_top5,0_33;1_30;1_31;0_34;1_29,1,0_33,1,0_33,0_33,1,0.8771807402936486,0.049124995712190866,0,0,"{""0_33"": 1.0, ""0_34"": 0.12281925970635145, ""1_29"": 0.10156878502318914, ""1_30"": 0.11064228559161747, ""1_31"": 0.0}","{""0_33"": 1.0, ""0_34"": 4.518662286349719e-16, ""1_29"": 0.0, ""1_30"": 2.64671873920558e-10, ""1_31"": 2.920048474443586e-14}",0.5,0_33,1,0.938590370146824,"{""0_33"": 1.0, ""0_34"": 0.061409629853175954, ""1_29"": 0.05078439251159457, ""1_30"": 0.05532114292814467, ""1_31"": 1.460024237221793e-14}"
formal_test,no_pheromone,No pheromone,2_0_33_11_2_16.bin,0,0_33,direct_lda_top5,0_33;1_30;1_31;0_34;1_29,1,0_33,1,0_33,0_33,1,0.6157587467846757,2.733250003075227,0,0,"{""0_33"": 1.0, ""0_34"": 0.3842412532153243, ""1_29"": 0.14604028849841852, ""1_30"": 0.1914999066258535, ""1_31"": 0.0}","{""0_33"": 1.0, ""0_34"": 4.518662286349719e-16, ""1_29"": 0.0, ""1_30"": 2.64671873920558e-10, ""1_31"": 2.920048474443586e-14}",0.5,0_33,1,0.8078793733923376,"{""0_33"": 1.0, ""0_34"": 0.19212062660766238, ""1_29"": 0.07302014424920926, ""1_30"": 0.09574995344526269, ""1_31"": 1.460024237221793e-14}"
formal_test,full_aco,Full ACO,2_0_33_11_2_16.bin,0,0_33,direct_lda_top5,0_33;1_30;1_31;0_34;1_29,1,0_33,1,0_33,0_33,1,0.8928048133392629,2.794166997773573,0,0,"{""0_33"": 1.0, ""0_34"": 0.10719518666073716, ""1_29"": 0.05578392513325615, ""1_30"": 0.06408237074406206, ""1_31"": 0.0}","{""0_33"": 1.0, ""0_34"": 4.518662286349719e-16, ""1_29"": 0.0, ""1_30"": 2.64671873920558e-10, ""1_31"": 2.920048474443586e-14}",0.5,0_33,1,0.9464024066696312,"{""0_33"": 1.0, ""0_34"": 0.05359759333036881, ""1_29"": 0.027891962566628074, ""1_30"": 0.032041185504366965, ""1_31"": 1.460024237221793e-14}"
formal_test,average_cost,Average cost,2_0_33_11_2_16.bin,3,0_33,direct_lda_top5,0_33;1_30;1_31;0_34;1_29,1,0_33,1,0_33,0_33,1,0.08997464742240269,0.0007079943316057324,,,"{""0_33"": 1.0, ""0_34"": 0.9100253525775973, ""1_29"": 0.7923062792923048, ""1_30"": 0.8267179601632958, ""1_31"": 0.0}","{""0_33"": 1.0, ""0_34"": 2.693699577011017e-15, ""1_29"": 0.0, ""1_30"": 1.579940584896713e-09, ""1_31"": 6.077214958260302e-14}",0.5,0_33,1,0.5449873237112,"{""0_33"": 1.0, ""0_34"": 0.4550126762888, ""1_29"": 0.3961531396461524, ""1_30"": 0.4133589808716182, ""1_31"": 3.038607479130151e-14}"
formal_test,greedy_path,Greedy path,2_0_33_11_2_16.bin,3,0_33,direct_lda_top5,0_33;1_30;1_31;0_34;1_29,1,0_33,1,0_33,0_33,1,0.8783811028665462,0.047083012759685516,0,0,"{""0_33"": 1.0, ""0_34"": 0.12161889713345371, ""1_29"": 0.10588651800360006, ""1_30"": 0.11838072084772863, ""1_31"": 0.0}","{""0_33"": 1.0, ""0_34"": 2.693699577011017e-15, ""1_29"": 0.0, ""1_30"": 1.579940584896713e-09, ""1_31"": 6.077214958260302e-14}",0.5,0_33,1,0.9391905514332718,"{""0_33"": 1.0, ""0_34"": 0.0608094485667282, ""1_29"": 0.05294325900180003, ""1_30"": 0.05919036121383461, ""1_31"": 3.038607479130151e-14}"
formal_test,no_pheromone,No pheromone,2_0_33_11_2_16.bin,3,0_33,direct_lda_top5,0_33;1_30;1_31;0_34;1_29,1,0_33,1,0_33,0_33,1,0.45232627357277433,2.6704580086516216,0,0,"{""0_33"": 1.0, ""0_34"": 0.5476737264272257, ""1_29"": 0.18929410120119183, ""1_30"": 0.40917557453364256, ""1_31"": 0.0}","{""0_33"": 1.0, ""0_34"": 2.693699577011017e-15, ""1_29"": 0.0, ""1_30"": 1.579940584896713e-09, ""1_31"": 6.077214958260302e-14}",0.5,0_33,1,0.7261631367863859,"{""0_33"": 1.0, ""0_34"": 0.27383686321361417, ""1_29"": 0.09464705060059592, ""1_30"": 0.20458778805679156, ""1_31"": 3.038607479130151e-14}"
formal_test,full_aco,Full ACO,2_0_33_11_2_16.bin,3,0_33,direct_lda_top5,0_33;1_30;1_31;0_34;1_29,1,0_33,1,0_33,0_33,1,0.8883303481253391,2.9426669934764504,0,0,"{""0_33"": 1.0, ""0_34"": 0.1116696518746609, ""1_29"": 0.05810865129567316, ""1_30"": 0.06499581604793205, ""1_31"": 0.0}","{""0_33"": 1.0, ""0_34"": 2.693699577011017e-15, ""1_29"": 0.0, ""1_30"": 1.579940584896713e-09, ""1_31"": 6.077214958260302e-14}",0.5,0_33,1,0.9441651740626682,"{""0_33"": 1.0, ""0_34"": 0.05583482593733179, ""1_29"": 0.02905432564783658, ""1_30"": 0.03249790881393631, ""1_31"": 3.038607479130151e-14}"
formal_test,average_cost,Average cost,2_0_33_11_2_16.bin,17,0_33,direct_lda_top5,0_33;1_30;1_31;0_34;1_29,1,0_33,1,0_33,0_33,1,0.07934635403946366,0.0006659975042566657,,,"{""0_33"": 1.0, ""0_34"": 0.9206536459605363, ""1_29"": 0.8678183706862522, ""1_30"": 0.7796638468279851, ""1_31"": 0.0}","{""0_33"": 1.0, ""0_34"": 2.818830303558986e-15, ""1_29"": 0.0, ""1_30"": 3.246514019792036e-10, ""1_31"": 3.5054420503490122e-15}",0.5,0_33,1,0.5396731770197305,"{""0_33"": 1.0, ""0_34"": 0.46032682298026956, ""1_29"": 0.4339091853431261, ""1_30"": 0.38983192357631824, ""1_31"": 1.7527210251745061e-15}"
formal_test,greedy_path,Greedy path,2_0_33_11_2_16.bin,17,0_33,direct_lda_top5,0_33;1_30;1_31;0_34;1_29,1,0_33,1,0_33,0_33,1,0.8701184505794273,0.048874993808567524,0,0,"{""0_33"": 1.0, ""0_34"": 0.1298815494205727, ""1_29"": 0.1149282803419971, ""1_30"": 0.10325366250302873, ""1_31"": 0.0}","{""0_33"": 1.0, ""0_34"": 2.818830303558986e-15, ""1_29"": 0.0, ""1_30"": 3.246514019792036e-10, ""1_31"": 3.5054420503490122e-15}",0.5,0_33,1,0.9350592252897122,"{""0_33"": 1.0, ""0_34"": 0.06494077471028777, ""1_29"": 0.05746414017099855, ""1_30"": 0.051626831413840064, ""1_31"": 1.7527210251745061e-15}"
formal_test,no_pheromone,No pheromone,2_0_33_11_2_16.bin,17,0_33,direct_lda_top5,0_33;1_30;1_31;0_34;1_29,1,0_33,1,0_33,0_33,1,0.3495849450524948,2.776457986328751,0,0,"{""0_33"": 1.0, ""0_34"": 0.6504150549475052, ""1_29"": 0.44021258235087396, ""1_30"": 0.21394795753592313, ""1_31"": 0.0}","{""0_33"": 1.0, ""0_34"": 2.818830303558986e-15, ""1_29"": 0.0, ""1_30"": 3.246514019792036e-10, ""1_31"": 3.5054420503490122e-15}",0.5,0_33,1,0.674792472526246,"{""0_33"": 1.0, ""0_34"": 0.325207527473754, ""1_29"": 0.22010629117543698, ""1_30"": 0.10697397893028726, ""1_31"": 1.7527210251745061e-15}"
formal_test,full_aco,Full ACO,2_0_33_11_2_16.bin,17,0_33,direct_lda_top5,0_33;1_30;1_31;0_34;1_29,1,0_33,1,0_33,0_33,1,0.9214932341209152,2.8863339975941926,0,0,"{""0_33"": 1.0, ""0_34"": 0.07850676587908482, ""1_29"": 0.06354752254291063, ""1_30"": 0.05710402815042258, ""1_31"": 0.0}","{""0_33"": 1.0, ""0_34"": 2.818830303558986e-15, ""1_29"": 0.0, ""1_30"": 3.246514019792036e-10, ""1_31"": 3.5054420503490122e-15}",0.5,0_33,1,0.9607466170604562,"{""0_33"": 1.0, ""0_34"": 0.03925338293954382, ""1_29"": 0.031773761271455314, ""1_30"": 0.02855201423753699, ""1_31"": 1.7527210251745061e-15}"
formal_test,average_cost,Average cost,2_0_33_11_2_16.bin,18,0_33,direct_lda_top5,0_33;1_30;1_31;0_34;1_29,1,0_33,1,0_33,0_33,1,0.11252180749431773,0.0007920025382190943,,,"{""0_33"": 1.0, ""0_34"": 0.8874781925056823, ""1_29"": 0.849895731245217, ""1_30"": 0.8174491244129415, ""1_31"": 0.0}","{""0_33"": 1.0, ""0_34"": 1.2765807827987771e-13, ""1_29"": 0.0, ""1_30"": 2.760495730816023e-06, ""1_31"": 2.4423683606368024e-09}",0.5,0_33,1,0.556260903747095,"{""0_33"": 1.0, ""0_34"": 0.443739096252905, ""1_29"": 0.4249478656226085, ""1_30"": 0.40872594245433613, ""1_31"": 1.2211841803184012e-09}"
formal_test,greedy_path,Greedy path,2_0_33_11_2_16.bin,18,0_33,direct_lda_top5,0_33;1_30;1_31;0_34;1_29,1,0_33,1,0_33,0_33,1,0.8820416509031314,0.041166989831253886,0,0,"{""0_33"": 1.0, ""0_34"": 0.11795834909686867, ""1_29"": 0.11296311076569907, ""1_30"": 0.1086504998102407, ""1_31"": 0.0}","{""0_33"": 1.0, ""0_34"": 1.2765807827987771e-13, ""1_29"": 0.0, ""1_30"": 2.760495730816023e-06, ""1_31"": 2.4423683606368024e-09}",0.5,0_33,1,0.9410208254515018,"{""0_33"": 1.0, ""0_34"": 0.058979174548498166, ""1_29"": 0.05648155538284953, ""1_30"": 0.054326630152985764, ""1_31"": 1.2211841803184012e-09}"
formal_test,no_pheromone,No pheromone,2_0_33_11_2_16.bin,18,0_33,direct_lda_top5,0_33;1_30;1_31;0_34;1_29,1,0_33,1,0_33,0_33,1,0.6902444207751268,2.6442499947734177,0,0,"{""0_33"": 1.0, ""0_34"": 0.2737824356284282, ""1_29"": 0.3097555792248732, ""1_30"": 0.30565327180700724, ""1_31"": 0.0}","{""0_33"": 1.0, ""0_34"": 1.2765807827987771e-13, ""1_29"": 0.0, ""1_30"": 2.760495730816023e-06, ""1_31"": 2.4423683606368024e-09}",0.5,0_33,1,0.8451222103875634,"{""0_33"": 1.0, ""0_34"": 0.13689121781427793, ""1_29"": 0.1548777896124366, ""1_30"": 0.15282801615136904, ""1_31"": 1.2211841803184012e-09}"
formal_test,full_aco,Full ACO,2_0_33_11_2_16.bin,18,0_33,direct_lda_top5,0_33;1_30;1_31;0_34;1_29,1,0_33,1,0_33,0_33,1,0.9037677597842346,2.780875001917593,0,0,"{""0_33"": 1.0, ""0_34"": 0.09623224021576539, ""1_29"": 0.06444001409777077, ""1_30"": 0.061966344955122925, ""1_31"": 0.0}","{""0_33"": 1.0, ""0_34"": 1.2765807827987771e-13, ""1_29"": 0.0, ""1_30"": 2.760495730816023e-06, ""1_31"": 2.4423683606368024e-09}",0.5,0_33,1,0.9518838798920535,"{""0_33"": 1.0, ""0_34"": 0.048116120107946525, ""1_29"": 0.032220007048885384, ""1_30"": 0.03098455272542687, ""1_31"": 1.2211841803184012e-09}"
formal_test,average_cost,Average cost,2_0_34_11_2_16.bin,4,0_34,direct_lda_top5,0_34;1_29;1_30;1_28;0_35,1,0_34,1,0_34,0_34,1,0.18082601830471334,0.0008750066626816988,,,"{""0_34"": 1.0, ""0_35"": 0.5515620268511915, ""1_28"": 0.0, ""1_29"": 0.6862254619199207, ""1_30"": 0.8191739816952867}","{""0_34"": 1.0, ""0_35"": 0.0, ""1_28"": 1.7168097036274117e-09, ""1_29"": 0.02770959031334066, ""1_30"": 6.152783793003236e-06}",0.5,0_34,1,0.5904099327604602,"{""0_34"": 1.0, ""0_35"": 0.27578101342559574, ""1_28"": 8.584048518137058e-10, ""1_29"": 0.3569675261166307, ""1_30"": 0.40959006723953983}"
formal_test,greedy_path,Greedy path,2_0_34_11_2_16.bin,4,0_34,direct_lda_top5,0_34;1_29;1_30;1_28;0_35,1,0_34,1,0_34,0_34,1,0.8848763471234902,0.04400000034365803,0,0,"{""0_34"": 1.0, ""0_35"": 0.07751446791275222, ""1_28"": 0.0, ""1_29"": 0.10047424649813023, ""1_30"": 0.11512365287650984}","{""0_34"": 1.0, ""0_35"": 0.0, ""1_28"": 1.7168097036274117e-09, ""1_29"": 0.02770959031334066, ""1_30"": 6.152783793003236e-06}",0.5,0_34,1,0.9359080815942645,"{""0_34"": 1.0, ""0_35"": 0.03875723395637611, ""1_28"": 8.584048518137058e-10, ""1_29"": 0.06409191840573544, ""1_30"": 0.05756490283015142}"
formal_test,no_pheromone,No pheromone,2_0_34_11_2_16.bin,4,0_34,direct_lda_top5,0_34;1_29;1_30;1_28;0_35,1,0_34,1,0_34,0_34,1,0.6820843424978312,2.7032919897465035,0,0,"{""0_34"": 1.0, ""0_35"": 0.11624315383626672, ""1_28"": 0.0, ""1_29"": 0.24056115589112056, ""1_30"": 0.31791565750216877}","{""0_34"": 1.0, ""0_35"": 0.0, ""1_28"": 1.7168097036274117e-09, ""1_29"": 0.02770959031334066, ""1_30"": 6.152783793003236e-06}",0.5,0_34,1,0.8410390948570191,"{""0_34"": 1.0, ""0_35"": 0.05812157691813336, ""1_28"": 8.584048518137058e-10, ""1_29"": 0.13413537310223062, ""1_30"": 0.1589609051429809}"
formal_test,full_aco,Full ACO,2_0_34_11_2_16.bin,4,0_34,direct_lda_top5,0_34;1_29;1_30;1_28;0_35,1,0_34,1,0_34,0_34,1,0.9353090865023541,2.870707990950905,0,0,"{""0_34"": 1.0, ""0_35"": 0.043100528566524014, ""1_28"": 0.0, ""1_29"": 0.055856402230702124, ""1_30"": 0.06469091349764594}","{""0_34"": 1.0, ""0_35"": 0.0, ""1_28"": 1.7168097036274117e-09, ""1_29"": 0.02770959031334066, ""1_30"": 6.152783793003236e-06}",0.5,0_34,1,0.9582170037279786,"{""0_34"": 1.0, ""0_35"": 0.021550264283262007, ""1_28"": 8.584048518137058e-10, ""1_29"": 0.041782996272021394, ""1_30"": 0.03234853314071947}"
formal_test,average_cost,Average cost,2_0_34_11_2_16.bin,8,0_34,direct_lda_top5,1_30;0_34;1_29;0_33;1_28,1,1_30,0,1_31,0_33,0,0.42089903070559564,0.0009170034900307655,,,"{""0_33"": 1.0, ""0_34"": 0.5791009692944044, ""1_28"": 0.0, ""1_29"": 0.4329236914376215, ""1_30"": 0.4962173108631255}","{""0_33"": 1.3020885221200868e-12, ""0_34"": 0.12920929987384036, ""1_28"": 0.0, ""1_29"": 1.4543578701286693e-07, ""1_30"": 1.0}",0.5,1_30,0,0.24810865543091176,"{""0_33"": 0.500000000000651, ""0_34"": 0.35415513458412234, ""1_28"": 0.0, ""1_29"": 0.21646191843670426, ""1_30"": 0.7481086554315628}"
formal_test,greedy_path,Greedy path,2_0_34_11_2_16.bin,8,0_34,direct_lda_top5,1_30;0_34;1_29;0_33;1_28,1,1_30,0,1_31,0_33,0,0.9084693787926986,0.04199999966658652,0,0,"{""0_33"": 1.0, ""0_34"": 0.09153062120730138, ""1_28"": 0.0, ""1_29"": 0.06842636520005295, ""1_30"": 0.08686367744893667}","{""0_33"": 1.3020885221200868e-12, ""0_34"": 0.12920929987384036, ""1_28"": 0.0, ""1_29"": 1.4543578701286693e-07, ""1_30"": 1.0}",0.5,1_30,0,0.043431838723817284,"{""0_33"": 0.500000000000651, ""0_34"": 0.11036996054057087, ""1_28"": 0.0, ""1_29"": 0.03421325531791998, ""1_30"": 0.5434318387244683}"
formal_test,no_pheromone,No pheromone,2_0_34_11_2_16.bin,8,0_34,direct_lda_top5,1_30;0_34;1_29;0_33;1_28,1,1_30,0,1_31,0_33,0,0.8649182918933387,2.7614580030785874,0,0,"{""0_33"": 1.0, ""0_34"": 0.13508170810666129, ""1_28"": 0.0, ""1_29"": 0.07787431241215956, ""1_30"": 0.12068609932243295}","{""0_33"": 1.3020885221200868e-12, ""0_34"": 0.12920929987384036, ""1_28"": 0.0, ""1_29"": 1.4543578701286693e-07, ""1_30"": 1.0}",0.5,1_30,0,0.06034304966056547,"{""0_33"": 0.500000000000651, ""0_34"": 0.13214550399025082, ""1_28"": 0.0, ""1_29"": 0.038937228923973284, ""1_30"": 0.5603430496612165}"
formal_test,full_aco,Full ACO,2_0_34_11_2_16.bin,8,0_34,direct_lda_top5,1_30;0_34;1_29;0_33;1_28,1,1_30,0,1_31,0_33,0,0.9503759009178968,2.774666005279869,0,0,"{""0_33"": 1.0, ""0_34"": 0.04962409908210317, ""1_28"": 0.0, ""1_29"": 0.03704789251922651, ""1_30"": 0.047082661532745346}","{""0_33"": 1.3020885221200868e-12, ""0_34"": 0.12920929987384036, ""1_28"": 0.0, ""1_29"": 1.4543578701286693e-07, ""1_30"": 1.0}",0.5,1_30,0,0.023541330765721624,"{""0_33"": 0.500000000000651, ""0_34"": 0.08941669947797176, ""1_28"": 0.0, ""1_29"": 0.01852401897750676, ""1_30"": 0.5235413307663727}"
formal_test,average_cost,Average cost,2_0_34_11_2_16.bin,16,0_34,direct_lda_top5,0_34;1_29;1_30;1_28;0_35,1,0_34,1,0_34,0_34,1,0.18681639816293472,0.0006659975042566657,,,"{""0_34"": 1.0, ""0_35"": 0.5583179107747641, ""1_28"": 0.0, ""1_29"": 0.6258147397350617, ""1_30"": 0.8131836018370653}","{""0_34"": 1.0, ""0_35"": 0.0, ""1_28"": 2.623841431409277e-10, ""1_29"": 0.004168652251736519, ""1_30"": 5.742191150198629e-05}",0.5,0_34,1,0.5933794881257164,"{""0_34"": 1.0, ""0_35"": 0.27915895538738206, ""1_28"": 1.3119207157046384e-10, ""1_29"": 0.31499169599339916, ""1_30"": 0.4066205118742836}"
formal_test,greedy_path,Greedy path,2_0_34_11_2_16.bin,16,0_34,direct_lda_top5,0_34;1_29;1_30;1_28;0_35,1,0_34,1,0_34,0_34,1,0.8800269927608113,0.04070800787303597,0,0,"{""0_34"": 1.0, ""0_35"": 0.07901443070049115, ""1_28"": 0.0, ""1_29"": 0.08856673667431446, ""1_30"": 0.11997300723918863}","{""0_34"": 1.0, ""0_35"": 0.0, ""1_28"": 2.623841431409277e-10, ""1_29"": 0.004168652251736519, ""1_30"": 5.742191150198629e-05}",0.5,0_34,1,0.9399847854246547,"{""0_34"": 1.0, ""0_35"": 0.039507215350245574, ""1_28"": 1.3119207157046384e-10, ""1_29"": 0.04636769446302549, ""1_30"": 0.06001521457534531}"
formal_test,no_pheromone,No pheromone,2_0_34_11_2_16.bin,16,0_34,direct_lda_top5,0_34;1_29;1_30;1_28;0_35,1,0_34,1,0_34,0_34,1,0.7264235753399372,2.5973750016419217,0,0,"{""0_34"": 1.0, ""0_35"": 0.10175803098271691, ""1_28"": 0.0, ""1_29"": 0.12004140463434708, ""1_30"": 0.2735764246600628}","{""0_34"": 1.0, ""0_35"": 0.0, ""1_28"": 2.623841431409277e-10, ""1_29"": 0.004168652251736519, ""1_30"": 5.742191150198629e-05}",0.5,0_34,1,0.8631830767142176,"{""0_34"": 1.0, ""0_35"": 0.050879015491358454, ""1_28"": 1.3119207157046384e-10, ""1_29"": 0.0621050284430418, ""1_30"": 0.1368169232857824}"
formal_test,full_aco,Full ACO,2_0_34_11_2_16.bin,16,0_34,direct_lda_top5,0_34;1_29;1_30;1_28;0_35,1,0_34,1,0_34,0_34,1,0.9332209065811516,2.7399160026106983,0,0,"{""0_34"": 1.0, ""0_35"": 0.04396568991489544, ""1_28"": 0.0, ""1_29"": 0.04926014583658246, ""1_30"": 0.0667790934188484}","{""0_34"": 1.0, ""0_35"": 0.0, ""1_28"": 2.623841431409277e-10, ""1_29"": 0.004168652251736519, ""1_30"": 5.742191150198629e-05}",0.5,0_34,1,0.9665817423348249,"{""0_34"": 1.0, ""0_35"": 0.02198284495744772, ""1_28"": 1.3119207157046384e-10, ""1_29"": 0.02671439904415949, ""1_30"": 0.03341825766517519}"
formal_test,average_cost,Average cost,2_0_34_11_2_16.bin,18,0_34,direct_lda_top5,0_34;1_29;1_30;1_28;0_35,1,0_34,1,0_34,0_34,1,0.2291506396631312,0.0008329952834174037,,,"{""0_34"": 1.0, ""0_35"": 0.6010975226787013, ""1_28"": 0.0, ""1_29"": 0.6866933990368074, ""1_30"": 0.7708493603368688}","{""0_34"": 1.0, ""0_35"": 0.0, ""1_28"": 2.5030684693427654e-09, ""1_29"": 0.012627442978308754, ""1_30"": 9.469599719291159e-06}",0.5,0_34,1,0.614570585031706,"{""0_34"": 1.0, ""0_35"": 0.30054876133935066, ""1_28"": 1.2515342346713827e-09, ""1_29"": 0.34966042100755806, ""1_30"": 0.385429414968294}"
formal_test,greedy_path,Greedy path,2_0_34_11_2_16.bin,18,0_34,direct_lda_top5,0_34;1_29;1_30;1_28;0_35,1,0_34,1,0_34,0_34,1,0.8899179865073498,0.046375003876164556,0,0,"{""0_34"": 1.0, ""0_35"": 0.08584041059980703, ""1_28"": 0.0, ""1_29"": 0.10197172892141618, ""1_30"": 0.11008201349265023}","{""0_34"": 1.0, ""0_35"": 0.0, ""1_28"": 2.5030684693427654e-09, ""1_29"": 0.012627442978308754, ""1_30"": 9.469599719291159e-06}",0.5,0_34,1,0.9427004140501375,"{""0_34"": 1.0, ""0_35"": 0.042920205299903515, ""1_28"": 1.2515342346713827e-09, ""1_29"": 0.05729958594986247, ""1_30"": 0.05504574154618476}"
formal_test,no_pheromone,No pheromone,2_0_34_11_2_16.bin,18,0_34,direct_lda_top5,0_34;1_29;1_30;1_28;0_35,1,0_34,1,0_34,0_34,1,0.7717115436020069,2.7214580040890723,0,0,"{""0_34"": 1.0, ""0_35"": 0.09888470554166952, ""1_28"": 0.0, ""1_29"": 0.13719428823045346, ""1_30"": 0.22828845639799314}","{""0_34"": 1.0, ""0_35"": 0.0, ""1_28"": 2.5030684693427654e-09, ""1_29"": 0.012627442978308754, ""1_30"": 9.469599719291159e-06}",0.5,0_34,1,0.8858510370011438,"{""0_34"": 1.0, ""0_35"": 0.04944235277083476, ""1_28"": 1.2515342346713827e-09, ""1_29"": 0.07491086560438111, ""1_30"": 0.11414896299885621}"
formal_test,full_aco,Full ACO,2_0_34_11_2_16.bin,18,0_34,direct_lda_top5,0_34;1_29;1_30;1_28;0_35,1,0_34,1,0_34,0_34,1,0.9386911474732993,2.7325830014888197,0,0,"{""0_34"": 1.0, ""0_35"": 0.047800648181591465, ""1_28"": 0.0, ""1_29"": 0.05676669586640194, ""1_30"": 0.06130885252670065}","{""0_34"": 1.0, ""0_35"": 0.0, ""1_28"": 2.5030684693427654e-09, ""1_29"": 0.012627442978308754, ""1_30"": 9.469599719291159e-06}",0.5,0_34,1,0.9653029305776446,"{""0_34"": 1.0, ""0_35"": 0.023900324090795733, ""1_28"": 1.2515342346713827e-09, ""1_29"": 0.03469706942235535, ""1_30"": 0.030659161063209973}"
formal_test,average_cost,Average cost,2_0_35_11_2_16.bin,11,0_35,direct_lda_top5,0_35;1_28;0_34;1_29;1_27,1,0_35,1,0_35,0_35,1,0.6203081059066007,0.0009159994078800082,,,"{""0_34"": 0.37969189409339926, ""0_35"": 1.0, ""1_27"": 0.3026945443573688, ""1_28"": 0.0, ""1_29"": 0.3203734560407635}","{""0_34"": 0.08941034881741922, ""0_35"": 1.0, ""1_27"": 0.0, ""1_28"": 0.2786831335489555, ""1_29"": 0.04824369019998759}",0.5,0_35,1,0.7654488785445908,"{""0_34"": 0.23455112145540924, ""0_35"": 1.0, ""1_27"": 0.1513472721786844, ""1_28"": 0.13934156677447776, ""1_29"": 0.18430857312037555}"
formal_test,greedy_path,Greedy path,2_0_35_11_2_16.bin,11,0_35,direct_lda_top5,0_35;1_28;0_34;1_29;1_27,1,0_35,1,0_35,0_35,1,0.9439276996940151,0.048125002649612725,0,0,"{""0_34"": 0.05507041978152441, ""0_35"": 1.0, ""1_27"": 0.04390274294145738, ""1_28"": 0.0, ""1_29"": 0.05607230030598482}","{""0_34"": 0.08941034881741922, ""0_35"": 1.0, ""1_27"": 0.0, ""1_28"": 0.2786831335489555, ""1_29"": 0.04824369019998759}",0.5,0_35,1,0.8606584332255223,"{""0_34"": 0.07224038429947181, ""0_35"": 1.0, ""1_27"": 0.02195137147072869, ""1_28"": 0.13934156677447776, ""1_29"": 0.0521579952529862}"
formal_test,no_pheromone,No pheromone,2_0_35_11_2_16.bin,11,0_35,direct_lda_top5,0_35;1_28;0_34;1_29;1_27,1,0_35,1,0_35,0_35,1,0.9257338201056343,2.6153340004384518,0,0,"{""0_34"": 0.07426617989436572, ""0_35"": 1.0, ""1_27"": 0.05898142420560653, ""1_28"": 0.0, ""1_29"": 0.05589266304652986}","{""0_34"": 0.08941034881741922, ""0_35"": 1.0, ""1_27"": 0.0, ""1_28"": 0.2786831335489555, ""1_29"": 0.04824369019998759}",0.5,0_35,1,0.8606584332255223,"{""0_34"": 0.08183826435589248, ""0_35"": 1.0, ""1_27"": 0.029490712102803265, ""1_28"": 0.13934156677447776, ""1_29"": 0.05206817662325872}"
formal_test,full_aco,Full ACO,2_0_35_11_2_16.bin,11,0_35,direct_lda_top5,0_35;1_28;0_34;1_29;1_27,1,0_35,1,0_35,0_35,1,0.9687877226786318,2.8237920050742105,0,0,"{""0_34"": 0.03067970867316846, ""0_35"": 1.0, ""1_27"": 0.024436961506379785, ""1_28"": 0.0, ""1_29"": 0.03121227732136821}","{""0_34"": 0.08941034881741922, ""0_35"": 1.0, ""1_27"": 0.0, ""1_28"": 0.2786831335489555, ""1_29"": 0.04824369019998759}",0.5,0_35,1,0.8606584332255223,"{""0_34"": 0.06004502874529384, ""0_35"": 1.0, ""1_27"": 0.012218480753189893, ""1_28"": 0.13934156677447776, ""1_29"": 0.0397279837606779}"
formal_test,average_cost,Average cost,2_0_35_11_2_16.bin,12,0_35,direct_lda_top5,1_28;0_35;1_27;1_29;0_36,1,1_28,0,0_35,0_35,1,0.344461450801433,0.0006250047590583563,,,"{""0_35"": 1.0, ""0_36"": 0.3235641086766854, ""1_27"": 0.36253369014657205, ""1_28"": 0.0, ""1_29"": 0.655538549198567}","{""0_35"": 0.7711679134741247, ""0_36"": 0.0, ""1_27"": 0.0071873656982790225, ""1_28"": 1.0, ""1_29"": 0.00026429426285069465}",0.5,0_35,1,0.38558395673706236,"{""0_35"": 0.8855839567370624, ""0_36"": 0.1617820543383427, ""1_27"": 0.18486052792242555, ""1_28"": 0.5, ""1_29"": 0.32790142173070885}"
formal_test,greedy_path,Greedy path,2_0_35_11_2_16.bin,12,0_35,direct_lda_top5,1_28;0_35;1_27;1_29;0_36,1,1_28,0,0_35,0_35,1,0.9073214414822328,0.04158299998380244,0,0,"{""0_35"": 1.0, ""0_36"": 0.06176596866470799, ""1_27"": 0.0512541937586858, ""1_28"": 0.0, ""1_29"": 0.09267855851776713}","{""0_35"": 0.7711679134741247, ""0_36"": 0.0, ""1_27"": 0.0071873656982790225, ""1_28"": 1.0, ""1_29"": 0.00026429426285069465}",0.5,0_35,1,0.38558395673706236,"{""0_35"": 0.8855839567370624, ""0_36"": 0.030882984332353994, ""1_27"": 0.02922077972848241, ""1_28"": 0.5, ""1_29"": 0.04647142639030891}"
formal_test,no_pheromone,No pheromone,2_0_35_11_2_16.bin,12,0_35,direct_lda_top5,1_28;0_35;1_27;1_29;0_36,1,1_28,0,0_35,0_35,1,0.7803656136780148,2.6626670005498454,0,0,"{""0_35"": 1.0, ""0_36"": 0.07609871031651033, ""1_27"": 0.04095839141519307, ""1_28"": 0.0, ""1_29"": 0.2196343863219852}","{""0_35"": 0.7711679134741247, ""0_36"": 0.0, ""1_27"": 0.0071873656982790225, ""1_28"": 1.0, ""1_29"": 0.00026429426285069465}",0.5,0_35,1,0.38558395673706236,"{""0_35"": 0.8855839567370624, ""0_36"": 0.038049355158255166, ""1_27"": 0.024072878556736045, ""1_28"": 0.5, ""1_29"": 0.10994934029241794}"
formal_test,full_aco,Full ACO,2_0_35_11_2_16.bin,12,0_35,direct_lda_top5,1_28;0_35;1_27;1_29;0_36,1,1_28,0,0_35,0_35,1,0.935998610859385,2.9209579952294007,0,0,"{""0_35"": 1.0, ""0_36"": 0.03421435469003112, ""1_27"": 0.02995463146880861, ""1_28"": 0.0, ""1_29"": 0.06400138914061504}","{""0_35"": 0.7711679134741247, ""0_36"": 0.0, ""1_27"": 0.0071873656982790225, ""1_28"": 1.0, ""1_29"": 0.00026429426285069465}",0.5,0_35,1,0.38558395673706236,"{""0_35"": 0.8855839567370624, ""0_36"": 0.01710717734501556, ""1_27"": 0.018570998583543816, ""1_28"": 0.5, ""1_29"": 0.03213284170173287}"
formal_test,average_cost,Average cost,2_0_35_11_2_16.bin,13,0_35,direct_lda_top5,1_28;0_35;1_27;0_36;1_29,1,1_28,0,1_28,0_35,1,0.38780315354364026,0.000667001586407423,,,"{""0_35"": 1.0, ""0_36"": 0.6121968464563597, ""1_27"": 0.2642509466559905, ""1_28"": 0.033119884916576685, ""1_29"": 0.0}","{""0_35"": 0.61466576840757, ""0_36"": 0.00019829623573330195, ""1_27"": 0.003691250133849292, ""1_28"": 1.0, ""1_29"": 0.0}",0.5,0_35,1,0.2907729417454967,"{""0_35"": 0.807332884203785, ""0_36"": 0.3061975713460465, ""1_27"": 0.1339710983949199, ""1_28"": 0.5165599424582883, ""1_29"": 0.0}"
formal_test,greedy_path,Greedy path,2_0_35_11_2_16.bin,13,0_35,direct_lda_top5,1_28;0_35;1_27;0_36;1_29,1,1_28,0,1_28,0_35,1,0.8973286811898687,0.0416670081904158,0,0,"{""0_35"": 1.0, ""0_36"": 0.10267131881013125, ""1_27"": 0.03615509945620878, ""1_28"": 0.07358581210471038, ""1_29"": 0.0}","{""0_35"": 0.61466576840757, ""0_36"": 0.00019829623573330195, ""1_27"": 0.003691250133849292, ""1_28"": 1.0, ""1_29"": 0.0}",0.5,0_35,1,0.2705399781514298,"{""0_35"": 0.807332884203785, ""0_36"": 0.05143480752293228, ""1_27"": 0.019923174795029037, ""1_28"": 0.5367929060523552, ""1_29"": 0.0}"
formal_test,no_pheromone,No pheromone,2_0_35_11_2_16.bin,13,0_35,direct_lda_top5,1_28;0_35;1_27;0_36;1_29,1,1_28,0,1_28,0_35,1,0.708750639946583,2.6782920031109825,0,0,"{""0_35"": 1.0, ""0_36"": 0.29124936005341695, ""1_27"": 0.06635075542371165, ""1_28"": 0.0766530697743611, ""1_29"": 0.0}","{""0_35"": 0.61466576840757, ""0_36"": 0.00019829623573330195, ""1_27"": 0.003691250133849292, ""1_28"": 1.0, ""1_29"": 0.0}",0.5,0_35,1,0.2690063493166045,"{""0_35"": 0.807332884203785, ""0_36"": 0.14572382814457513, ""1_27"": 0.035021002778780466, ""1_28"": 0.5383265348871805, ""1_29"": 0.0}"
formal_test,full_aco,Full ACO,2_0_35_11_2_16.bin,13,0_35,direct_lda_top5,1_28;0_35;1_27;0_36;1_29,1,1_28,0,1_28,0_35,1,0.9446091120652028,2.764250006293878,0,0,"{""0_35"": 1.0, ""0_36"": 0.055390887934797135, ""1_27"": 0.019423988971507534, ""1_28"": 0.0399036170820634, ""1_29"": 0.0}","{""0_35"": 0.61466576840757, ""0_36"": 0.00019829623573330195, ""1_27"": 0.003691250133849292, ""1_28"": 1.0, ""1_29"": 0.0}",0.5,0_35,1,0.2873810756627533,"{""0_35"": 0.807332884203785, ""0_36"": 0.02779459208526522, ""1_27"": 0.011557619552678413, ""1_28"": 0.5199518085410317, ""1_29"": 0.0}"
formal_test,average_cost,Average cost,2_0_35_11_2_16.bin,17,0_35,direct_lda_top5,0_35;1_28;1_29;1_27;0_36,1,0_35,1,0_35,0_35,1,0.4108279036137126,0.000957996235229075,,,"{""0_35"": 1.0, ""0_36"": 0.5891720963862874, ""1_27"": 0.1827575148089382, ""1_28"": 0.0, ""1_29"": 0.32501442454023527}","{""0_35"": 1.0, ""0_36"": 0.0, ""1_27"": 0.0005944494049466546, ""1_28"": 0.8842456564917395, ""1_29"": 0.0020740756250229057}",0.5,0_35,1,0.5578771717541302,"{""0_35"": 1.0, ""0_36"": 0.2945860481931437, ""1_27"": 0.09167598210694243, ""1_28"": 0.44212282824586974, ""1_29"": 0.1635442500826291}"
formal_test,greedy_path,Greedy path,2_0_35_11_2_16.bin,17,0_35,direct_lda_top5,0_35;1_28;1_29;1_27;0_36,1,0_35,1,0_35,0_35,1,0.9067690109188086,0.046540997573174536,0,0,"{""0_35"": 1.0, ""0_36"": 0.09323098908119139, ""1_27"": 0.025137816397624167, ""1_28"": 0.0, ""1_29"": 0.044704880886639875}","{""0_35"": 1.0, ""0_36"": 0.0, ""1_27"": 0.0005944494049466546, ""1_28"": 0.8842456564917395, ""1_29"": 0.0020740756250229057}",0.5,0_35,1,0.5578771717541302,"{""0_35"": 1.0, ""0_36"": 0.046615494540595694, ""1_27"": 0.01286613290128541, ""1_28"": 0.44212282824586974, ""1_29"": 0.02338947825583139}"
formal_test,no_pheromone,No pheromone,2_0_35_11_2_16.bin,17,0_35,direct_lda_top5,0_35;1_28;1_29;1_27;0_36,1,0_35,1,0_35,0_35,1,0.7563212241616171,2.6650419895304367,0,0,"{""0_35"": 1.0, ""0_36"": 0.2436787758383829, ""1_27"": 0.03130020981368564, ""1_28"": 0.0, ""1_29"": 0.04460867862775353}","{""0_35"": 1.0, ""0_36"": 0.0, ""1_27"": 0.0005944494049466546, ""1_28"": 0.8842456564917395, ""1_29"": 0.0020740756250229057}",0.5,0_35,1,0.5578771717541302,"{""0_35"": 1.0, ""0_36"": 0.12183938791919145, ""1_27"": 0.01594732960931615, ""1_28"": 0.44212282824586974, ""1_29"": 0.023341377126388216}"
formal_test,full_aco,Full ACO,2_0_35_11_2_16.bin,17,0_35,direct_lda_top5,0_35;1_28;1_29;1_27;0_36,1,0_35,1,0_35,0_35,1,0.9470397561799258,2.8861660102847964,0,0,"{""0_35"": 1.0, ""0_36"": 0.05296024382007429, ""1_27"": 0.0139009631495581, ""1_28"": 0.0, ""1_29"": 0.024759186806334134}","{""0_35"": 1.0, ""0_36"": 0.0, ""1_27"": 0.0005944494049466546, ""1_28"": 0.8842456564917395, ""1_29"": 0.0020740756250229057}",0.5,0_35,1,0.5578771717541302,"{""0_35"": 1.0, ""0_36"": 0.026480121910037145, ""1_27"": 0.007247706277252378, ""1_28"": 0.44212282824586974, ""1_29"": 0.01341663121567852}"
formal_test,average_cost,Average cost,2_0_36_11_2_16.bin,6,0_36,direct_lda_top5,0_36;1_27;0_37;1_26;1_25,1,0_36,1,0_36,0_36,1,0.26732551944061234,0.0006250047590583563,,,"{""0_36"": 1.0, ""0_37"": 0.6370520689806988, ""1_25"": 0.0, ""1_26"": 0.7326744805593877, ""1_27"": 0.5849599664434991}","{""0_36"": 1.0, ""0_37"": 0.017276377193785643, ""1_25"": 0.0, ""1_26"": 0.008711210104312417, ""1_27"": 0.6349984598006152}",0.5,0_36,1,0.39002078687794284,"{""0_36"": 1.0, ""0_37"": 0.3271642230872422, ""1_25"": 0.0, ""1_26"": 0.37069284533185004, ""1_27"": 0.6099792131220572}"
formal_test,greedy_path,Greedy path,2_0_36_11_2_16.bin,6,0_36,direct_lda_top5,0_36;1_27;0_37;1_26;1_25,1,0_36,1,0_36,0_36,1,0.8940491957675946,0.041624996811151505,0,0,"{""0_36"": 1.0, ""0_37"": 0.092123010746724, ""1_25"": 0.0, ""1_26"": 0.10595080423240547, ""1_27"": 0.08459006084275107}","{""0_36"": 1.0, ""0_37"": 0.017276377193785643, ""1_25"": 0.0, ""1_26"": 0.008711210104312417, ""1_27"": 0.6349984598006152}",0.5,0_36,1,0.6402057396783168,"{""0_36"": 1.0, ""0_37"": 0.054699693970254815, ""1_25"": 0.0, ""1_26"": 0.05733100716835894, ""1_27"": 0.35979426032168316}"
formal_test,no_pheromone,No pheromone,2_0_36_11_2_16.bin,6,0_36,direct_lda_top5,0_36;1_27;0_37;1_26;1_25,1,0_36,1,0_36,0_36,1,0.8501500886013026,2.609292001579888,0,0,"{""0_36"": 1.0, ""0_37"": 0.13786686648895, ""1_25"": 0.0, ""1_26"": 0.1498499113986974, ""1_27"": 0.13993285664109104}","{""0_36"": 1.0, ""0_37"": 0.017276377193785643, ""1_25"": 0.0, ""1_26"": 0.008711210104312417, ""1_27"": 0.6349984598006152}",0.5,0_36,1,0.6125343417791469,"{""0_36"": 1.0, ""0_37"": 0.07757162184136782, ""1_25"": 0.0, ""1_26"": 0.07928056075150491, ""1_27"": 0.3874656582208531}"
formal_test,full_aco,Full ACO,2_0_36_11_2_16.bin,6,0_36,direct_lda_top5,0_36;1_27;0_37;1_26;1_25,1,0_36,1,0_36,0_36,1,0.9390409108388028,2.890416988520883,0,0,"{""0_36"": 1.0, ""0_37"": 0.0514298678164636, ""1_25"": 0.0, ""1_26"": 0.060959089161197154, ""1_27"": 0.04720513455694862}","{""0_36"": 1.0, ""0_37"": 0.017276377193785643, ""1_25"": 0.0, ""1_26"": 0.008711210104312417, ""1_27"": 0.6349984598006152}",0.5,0_36,1,0.658898202821218,"{""0_36"": 1.0, ""0_37"": 0.03435312250512462, ""1_25"": 0.0, ""1_26"": 0.03483514963275479, ""1_27"": 0.3411017971787819}"
formal_test,average_cost,Average cost,2_0_36_11_2_16.bin,11,0_36,direct_lda_top5,0_36;1_27;1_26;0_37;1_28,1,0_36,1,0_36,0_36,1,0.12407213090493752,0.001124994014389813,,,"{""0_36"": 1.0, ""0_37"": 0.8759278690950625, ""1_26"": 0.8579121088152295, ""1_27"": 0.8332165942461648, ""1_28"": 0.0}","{""0_36"": 1.0, ""0_37"": 0.007029111871072121, ""1_26"": 0.010367115341458654, ""1_27"": 0.8649232624215059, ""1_28"": 0.0}",0.5,0_36,1,0.15093007166616468,"{""0_36"": 1.0, ""0_37"": 0.4414784904830673, ""1_26"": 0.43413961207834406, ""1_27"": 0.8490699283338353, ""1_28"": 0.0}"
formal_test,greedy_path,Greedy path,2_0_36_11_2_16.bin,11,0_36,direct_lda_top5,0_36;1_27;1_26;0_37;1_28,1,0_36,1,0_36,0_36,1,0.8846853111488635,0.057249999372288585,0,0,"{""0_36"": 1.0, ""0_37"": 0.11531468885113648, ""1_26"": 0.11294293900233685, ""1_27"": 0.10969180876772917, ""1_28"": 0.0}","{""0_36"": 1.0, ""0_37"": 0.007029111871072121, ""1_26"": 0.010367115341458654, ""1_27"": 0.8649232624215059, ""1_28"": 0.0}",0.5,0_36,1,0.5126924644053825,"{""0_36"": 1.0, ""0_37"": 0.0611719003611043, ""1_26"": 0.06165502717189775, ""1_27"": 0.48730753559461754, ""1_28"": 0.0}"
formal_test,no_pheromone,No pheromone,2_0_36_11_2_16.bin,11,0_36,direct_lda_top5,0_36;1_27;1_26;0_37;1_28,1,0_36,1,0_36,0_36,1,0.6384437995380957,2.8050830005668104,0,0,"{""0_36"": 1.0, ""0_37"": 0.3615562004619043, ""1_26"": 0.20112711395304725, ""1_27"": 0.2467778869025378, ""1_28"": 0.0}","{""0_36"": 1.0, ""0_37"": 0.007029111871072121, ""1_26"": 0.010367115341458654, ""1_27"": 0.8649232624215059, ""1_28"": 0.0}",0.5,0_36,1,0.4441494253379782,"{""0_36"": 1.0, ""0_37"": 0.1842926561664882, ""1_26"": 0.10574711464725295, ""1_27"": 0.5558505746620218, ""1_28"": 0.0}"
formal_test,full_aco,Full ACO,2_0_36_11_2_16.bin,11,0_36,direct_lda_top5,0_36;1_27;1_26;0_37;1_28,1,0_36,1,0_36,0_36,1,0.8985752252754429,2.7607079973677173,0,0,"{""0_36"": 1.0, ""0_37"": 0.10142477472455708, ""1_26"": 0.06238039854042599, ""1_27"": 0.06059581318868243, ""1_28"": 0.0}","{""0_36"": 1.0, ""0_37"": 0.007029111871072121, ""1_26"": 0.010367115341458654, ""1_27"": 0.8649232624215059, ""1_28"": 0.0}",0.5,0_36,1,0.5372404621949058,"{""0_36"": 1.0, ""0_37"": 0.0542269432978146, ""1_26"": 0.036373756940942324, ""1_27"": 0.46275953780509416, ""1_28"": 0.0}"
formal_test,average_cost,Average cost,2_0_36_11_2_16.bin,12,0_36,direct_lda_top5,1_26;0_36;1_27;0_37;0_35,1,1_26,0,0_37,0_35,0,0.12185767721358709,0.0008750066626816988,,,"{""0_35"": 1.0, ""0_36"": 0.6783689187159712, ""0_37"": 0.8781423227864129, ""1_26"": 0.7669402470346088, ""1_27"": 0.0}","{""0_35"": 0.0, ""0_36"": 0.7477873363687416, ""0_37"": 0.01773598507347852, ""1_26"": 1.0, ""1_27"": 0.46649234850214005}",0.5,1_26,0,0.17039199597494803,"{""0_35"": 0.5, ""0_36"": 0.7130781275423563, ""0_37"": 0.4479391539299457, ""1_26"": 0.8834701235173044, ""1_27"": 0.23324617425107003}"
formal_test,greedy_path,Greedy path,2_0_36_11_2_16.bin,12,0_36,direct_lda_top5,1_26;0_36;1_27;0_37;0_35,1,1_26,0,0_37,0_35,0,0.8031623004547336,0.04600000102072954,0,0,"{""0_35"": 1.0, ""0_36"": 0.09934960407219035, ""0_37"": 0.19683769954526642, ""1_26"": 0.112321198374094, ""1_27"": 0.0}","{""0_35"": 0.0, ""0_36"": 0.7477873363687416, ""0_37"": 0.01773598507347852, ""1_26"": 1.0, ""1_27"": 0.46649234850214005}",0.5,1_26,0,0.05616059918704697,"{""0_35"": 0.5, ""0_36"": 0.42356847022046595, ""0_37"": 0.10728684230937247, ""1_26"": 0.556160599187047, ""1_27"": 0.23324617425107003}"
formal_test,no_pheromone,No pheromone,2_0_36_11_2_16.bin,12,0_36,direct_lda_top5,1_26;0_36;1_27;0_37;0_35,1,1_26,0,0_37,0_35,0,0.21813670806928576,2.704500002437271,0,0,"{""0_35"": 1.0, ""0_36"": 0.2088630904947747, ""0_37"": 0.7818632919307142, ""1_26"": 0.24320587134428168, ""1_27"": 0.0}","{""0_35"": 0.0, ""0_36"": 0.7477873363687416, ""0_37"": 0.01773598507347852, ""1_26"": 1.0, ""1_27"": 0.46649234850214005}",0.5,1_26,0,0.12160293567214087,"{""0_35"": 0.5, ""0_36"": 0.47832521343175816, ""0_37"": 0.3997996385020964, ""1_26"": 0.6216029356721409, ""1_27"": 0.23324617425107003}"
formal_test,full_aco,Full ACO,2_0_36_11_2_16.bin,12,0_36,direct_lda_top5,1_26;0_36;1_27;0_37;0_35,1,1_26,0,0_37,0_35,0,0.8674628204482493,2.952208000351675,0,0,"{""0_35"": 1.0, ""0_36"": 0.053271509290944784, ""0_37"": 0.13253717955175073, ""1_26"": 0.06021837725703314, ""1_27"": 0.0}","{""0_35"": 0.0, ""0_36"": 0.7477873363687416, ""0_37"": 0.01773598507347852, ""1_26"": 1.0, ""1_27"": 0.46649234850214005}",0.5,1_26,0,0.030109188628516526,"{""0_35"": 0.5, ""0_36"": 0.4005294228298432, ""0_37"": 0.07513658231261462, ""1_26"": 0.5301091886285165, ""1_27"": 0.23324617425107003}"
formal_test,average_cost,Average cost,2_0_36_11_2_16.bin,13,0_36,direct_lda_top5,0_36;1_27;1_26;0_37;0_35,1,0_36,1,0_37,1_26,0,0.02782151046439363,0.0008329952834174037,,,"{""0_35"": 0.7974014193265695, ""0_36"": 0.8567304282515122, ""0_37"": 0.9721784895356064, ""1_26"": 1.0, ""1_27"": 0.0}","{""0_35"": 0.0, ""0_36"": 1.0, ""0_37"": 0.08415351409640683, ""1_26"": 0.5775841441253605, ""1_27"": 0.7166455939139477}",0.5,0_36,1,0.13957314206307592,"{""0_35"": 0.39870070966328475, ""0_36"": 0.9283652141257561, ""0_37"": 0.5281660018160066, ""1_26"": 0.7887920720626802, ""1_27"": 0.35832279695697383}"
formal_test,greedy_path,Greedy path,2_0_36_11_2_16.bin,13,0_36,direct_lda_top5,0_36;1_27;1_26;0_37;0_35,1,0_36,1,0_37,1_26,0,0.7955445270980904,0.045666005462408066,0,0,"{""0_35"": 0.11123443559662446, ""0_36"": 0.13949748541152487, ""0_37"": 0.20445547290190957, ""1_26"": 1.0, ""1_27"": 0.0}","{""0_35"": 0.0, ""0_36"": 1.0, ""0_37"": 0.08415351409640683, ""1_26"": 0.5775841441253605, ""1_27"": 0.7166455939139477}",0.5,1_26,0,0.21904332935691773,"{""0_35"": 0.05561721779831223, ""0_36"": 0.5697487427057625, ""0_37"": 0.1443044934991582, ""1_26"": 0.7887920720626802, ""1_27"": 0.35832279695697383}"
formal_test,no_pheromone,No pheromone,2_0_36_11_2_16.bin,13,0_36,direct_lda_top5,0_36;1_27;1_26;0_37;0_35,1,0_36,1,0_37,1_26,0,0.10721930761370468,2.7721250080503523,0,0,"{""0_35"": 0.3403684785707939, ""0_36"": 0.37917242641622845, ""0_37"": 0.8927806923862953, ""1_26"": 1.0, ""1_27"": 0.0}","{""0_35"": 0.0, ""0_36"": 1.0, ""0_37"": 0.08415351409640683, ""1_26"": 0.5775841441253605, ""1_27"": 0.7166455939139477}",0.5,1_26,0,0.09920585885456601,"{""0_35"": 0.17018423928539694, ""0_36"": 0.6895862132081142, ""0_37"": 0.48846710324135106, ""1_26"": 0.7887920720626802, ""1_27"": 0.35832279695697383}"
formal_test,full_aco,Full ACO,2_0_36_11_2_16.bin,13,0_36,direct_lda_top5,0_36;1_27;1_26;0_37;0_35,1,0_36,1,0_37,0_37,0,0.7266245040813457,2.9077910003252327,0,0,"{""0_35"": 0.05583617534916711, ""0_36"": 0.09159553363046417, ""0_37"": 1.0, ""1_26"": 0.27337549591865423, ""1_27"": 0.0}","{""0_35"": 0.0, ""0_36"": 1.0, ""0_37"": 0.08415351409640683, ""1_26"": 0.5775841441253605, ""1_27"": 0.7166455939139477}",0.5,0_36,1,0.0037210097670286046,"{""0_35"": 0.027918087674583553, ""0_36"": 0.5457977668152321, ""0_37"": 0.5420767570482035, ""1_26"": 0.42547982002200735, ""1_27"": 0.35832279695697383}"
formal_test,average_cost,Average cost,2_0_37_11_2_16.bin,2,0_37,direct_lda_top5,0_37;0_36;1_26;0_38;1_24,1,0_37,1,0_37,0_37,1,0.08948174184481539,0.001458989572711289,,,"{""0_36"": 0.9105182581551846, ""0_37"": 1.0, ""0_38"": 0.7803712134897998, ""1_24"": 0.0, ""1_26"": 0.5481099089267504}","{""0_36"": 0.1053822936124575, ""0_37"": 1.0, ""0_38"": 0.005015629681324334, ""1_24"": 0.0, ""1_26"": 0.021010933948563407}",0.5,0_37,1,0.492049724116179,"{""0_36"": 0.507950275883821, ""0_37"": 1.0, ""0_38"": 0.39269342158556203, ""1_24"": 0.0, ""1_26"": 0.2845604214376569}"
formal_test,greedy_path,Greedy path,2_0_37_11_2_16.bin,2,0_37,direct_lda_top5,0_37;0_36;1_26;0_38;1_24,1,0_37,1,0_37,0_37,1,0.877701342590295,0.05699999746866524,0,0,"{""0_36"": 0.12229865740970505, ""0_37"": 1.0, ""0_38"": 0.10481761440386048, ""1_24"": 0.0, ""1_26"": 0.0736208256938352}","{""0_36"": 0.1053822936124575, ""0_37"": 1.0, ""0_38"": 0.005015629681324334, ""1_24"": 0.0, ""1_26"": 0.021010933948563407}",0.5,0_37,1,0.8861595244889187,"{""0_36"": 0.11384047551108128, ""0_37"": 1.0, ""0_38"": 0.05491662204259241, ""1_24"": 0.0, ""1_26"": 0.0473158798211993}"
formal_test,no_pheromone,No pheromone,2_0_37_11_2_16.bin,2,0_37,direct_lda_top5,0_37;0_36;1_26;0_38;1_24,1,0_37,1,0_37,0_37,1,0.6325155174433205,2.688124994165264,0,0,"{""0_36"": 0.36748448255667954, ""0_37"": 1.0, ""0_38"": 0.186138770220809, ""1_24"": 0.0, ""1_26"": 0.07958727423940336}","{""0_36"": 0.1053822936124575, ""0_37"": 1.0, ""0_38"": 0.005015629681324334, ""1_24"": 0.0, ""1_26"": 0.021010933948563407}",0.5,0_37,1,0.7635666119154315,"{""0_36"": 0.2364333880845685, ""0_37"": 1.0, ""0_38"": 0.09557719995106666, ""1_24"": 0.0, ""1_26"": 0.05029910409398338}"
formal_test,full_aco,Full ACO,2_0_37_11_2_16.bin,2,0_37,direct_lda_top5,0_37;0_36;1_26;0_38;1_24,1,0_37,1,0_37,0_37,1,0.9155513926808928,2.7937499980907887,0,0,"{""0_36"": 0.08444860731910722, ""0_37"": 1.0, ""0_38"": 0.05927372324247772, ""1_24"": 0.0, ""1_26"": 0.04064276600577094}","{""0_36"": 0.1053822936124575, ""0_37"": 1.0, ""0_38"": 0.005015629681324334, ""1_24"": 0.0, ""1_26"": 0.021010933948563407}",0.5,0_37,1,0.9050845495342177,"{""0_36"": 0.09491545046578237, ""0_37"": 1.0, ""0_38"": 0.03214467646190103, ""1_24"": 0.0, ""1_26"": 0.030826849977167177}"
formal_test,average_cost,Average cost,2_0_37_11_2_16.bin,9,0_37,direct_lda_top5,0_37;1_26;0_38;0_36;1_25,1,0_37,1,0_37,0_37,1,0.0580776727417015,0.0008749921107664704,,,"{""0_36"": 0.7943461565966069, ""0_37"": 1.0, ""0_38"": 0.9419223272582985, ""1_25"": 0.0, ""1_26"": 0.8085408732722081}","{""0_36"": 0.003740193782753426, ""0_37"": 1.0, ""0_38"": 0.0038071579523901436, ""1_25"": 0.0, ""1_26"": 0.01490226417445154}",0.5,0_37,1,0.5271352573946557,"{""0_36"": 0.3990431751896802, ""0_37"": 1.0, ""0_38"": 0.47286474260534433, ""1_25"": 0.0, ""1_26"": 0.4117215687233298}"
formal_test,greedy_path,Greedy path,2_0_37_11_2_16.bin,9,0_37,direct_lda_top5,0_37;1_26;0_38;0_36;1_25,1,0_37,1,0_37,0_37,1,0.8826695470064283,0.045082997530698776,0,0,"{""0_36"": 0.09756965730141783, ""0_37"": 1.0, ""0_38"": 0.11733045299357164, ""1_25"": 0.0, ""1_26"": 0.09947036318690654}","{""0_36"": 0.003740193782753426, ""0_37"": 1.0, ""0_38"": 0.0038071579523901436, ""1_25"": 0.0, ""1_26"": 0.01490226417445154}",0.5,0_37,1,0.9394311945270191,"{""0_36"": 0.05065492554208562, ""0_37"": 1.0, ""0_38"": 0.060568805472980894, ""1_25"": 0.0, ""1_26"": 0.057186313680679036}"
formal_test,no_pheromone,No pheromone,2_0_37_11_2_16.bin,9,0_37,direct_lda_top5,0_37;1_26;0_38;0_36;1_25,1,0_37,1,0_37,0_37,1,0.37351062521912515,2.6752499979920685,0,0,"{""0_36"": 0.23265114246272942, ""0_37"": 1.0, ""0_38"": 0.6264893747808749, ""1_25"": 0.0, ""1_26"": 0.2345015041578431}","{""0_36"": 0.003740193782753426, ""0_37"": 1.0, ""0_38"": 0.0038071579523901436, ""1_25"": 0.0, ""1_26"": 0.01490226417445154}",0.5,0_37,1,0.6848517336333675,"{""0_36"": 0.11819566812274142, ""0_37"": 1.0, ""0_38"": 0.3151482663666325, ""1_25"": 0.0, ""1_26"": 0.12470188416614732}"
formal_test,full_aco,Full ACO,2_0_37_11_2_16.bin,9,0_37,direct_lda_top5,0_37;1_26;0_38;0_36;1_25,1,0_37,1,0_37,0_37,1,0.9156226450597751,2.8769589989678934,0,0,"{""0_36"": 0.053644076573241314, ""0_37"": 1.0, ""0_38"": 0.08437735494022497, ""1_25"": 0.0, ""1_26"": 0.054681173915555}","{""0_36"": 0.003740193782753426, ""0_37"": 1.0, ""0_38"": 0.0038071579523901436, ""1_25"": 0.0, ""1_26"": 0.01490226417445154}",0.5,0_37,1,0.9559077435536925,"{""0_36"": 0.02869213517799737, ""0_37"": 1.0, ""0_38"": 0.04409225644630756, ""1_25"": 0.0, ""1_26"": 0.03479171904500327}"
formal_test,average_cost,Average cost,2_0_37_11_2_16.bin,11,0_37,direct_lda_top5,0_37;1_26;0_38;0_36;1_25,1,0_37,1,0_37,0_37,1,0.08727776440191226,0.0007500057108700275,,,"{""0_36"": 0.7819136558922715, ""0_37"": 1.0, ""0_38"": 0.9127222355980877, ""1_25"": 0.0, ""1_26"": 0.7897080434695467}","{""0_36"": 0.00038445217439275146, ""0_37"": 1.0, ""0_38"": 0.0009126236536624187, ""1_25"": 0.0, ""1_26"": 0.008410006757092928}",0.5,0_37,1,0.5431825703741249,"{""0_36"": 0.3911490540333321, ""0_37"": 1.0, ""0_38"": 0.45681742962587507, ""1_25"": 0.0, ""1_26"": 0.3990590251133198}"
formal_test,greedy_path,Greedy path,2_0_37_11_2_16.bin,11,0_37,direct_lda_top5,0_37;1_26;0_38;0_36;1_25,1,0_37,1,0_37,0_37,1,0.8867052390556979,0.04095799522474408,0,0,"{""0_36"": 0.095524026976775, ""0_37"": 1.0, ""0_38"": 0.11329476094430216, ""1_25"": 0.0, ""1_26"": 0.09658291767329558}","{""0_36"": 0.00038445217439275146, ""0_37"": 1.0, ""0_38"": 0.0009126236536624187, ""1_25"": 0.0, ""1_26"": 0.008410006757092928}",0.5,0_37,1,0.9428963077010177,"{""0_36"": 0.04795423957558388, ""0_37"": 1.0, ""0_38"": 0.05710369229898229, ""1_25"": 0.0, ""1_26"": 0.05249646221519425}"
formal_test,no_pheromone,No pheromone,2_0_37_11_2_16.bin,11,0_37,direct_lda_top5,0_37;1_26;0_38;0_36;1_25,1,0_37,1,0_37,0_37,1,0.48665085520481477,2.6811249990714714,0,0,"{""0_36"": 0.15088188484983742, ""0_37"": 1.0, ""0_38"": 0.5133491447951852, ""1_25"": 0.0, ""1_26"": 0.1710420614397813}","{""0_36"": 0.00038445217439275146, ""0_37"": 1.0, ""0_38"": 0.0009126236536624187, ""1_25"": 0.0, ""1_26"": 0.008410006757092928}",0.5,0_37,1,0.7428691157755762,"{""0_36"": 0.07563316851211509, ""0_37"": 1.0, ""0_38"": 0.2571308842244238, ""1_25"": 0.0, ""1_26"": 0.0897260340984371}"
formal_test,full_aco,Full ACO,2_0_37_11_2_16.bin,11,0_37,direct_lda_top5,0_37;1_26;0_38;0_36;1_25,1,0_37,1,0_37,0_37,1,0.9264584526778559,2.955457995994948,0,0,"{""0_36"": 0.052537081388954535, ""0_37"": 1.0, ""0_38"": 0.07354154732214416, ""1_25"": 0.0, ""1_26"": 0.059871686493856324}","{""0_36"": 0.00038445217439275146, ""0_37"": 1.0, ""0_38"": 0.0009126236536624187, ""1_25"": 0.0, ""1_26"": 0.008410006757092928}",0.5,0_37,1,0.9627729145120967,"{""0_36"": 0.026460766781673643, ""0_37"": 1.0, ""0_38"": 0.03722708548790329, ""1_25"": 0.0, ""1_26"": 0.034140846625474626}"
formal_test,average_cost,Average cost,2_0_37_11_2_16.bin,16,0_37,direct_lda_top5,0_37;1_25;1_26;0_38;1_24,1,0_37,1,0_37,0_37,1,0.11781221814060483,0.0005830079317092896,,,"{""0_37"": 1.0, ""0_38"": 0.8821877818593952, ""1_24"": 0.26625051096742575, ""1_25"": 0.0, ""1_26"": 0.7663820734654003}","{""0_37"": 1.0, ""0_38"": 0.0462649811058639, ""1_24"": 0.0, ""1_25"": 0.27876774086104544, ""1_26"": 0.22106098793302958}",0.5,0_37,1,0.506278469300785,"{""0_37"": 1.0, ""0_38"": 0.4642263814826295, ""1_24"": 0.13312525548371287, ""1_25"": 0.13938387043052272, ""1_26"": 0.493721530699215}"
formal_test,greedy_path,Greedy path,2_0_37_11_2_16.bin,16,0_37,direct_lda_top5,0_37;1_25;1_26;0_38;1_24,1,0_37,1,0_37,0_37,1,0.8936923439083376,0.04108299617655575,0,0,"{""0_37"": 1.0, ""0_38"": 0.10630765609166237, ""1_24"": 0.02800268612040056, ""1_25"": 0.0, ""1_26"": 0.09158511380231463}","{""0_37"": 1.0, ""0_38"": 0.0462649811058639, ""1_24"": 0.0, ""1_25"": 0.27876774086104544, ""1_26"": 0.22106098793302958}",0.5,0_37,1,0.8436769491323279,"{""0_37"": 1.0, ""0_38"": 0.07628631859876314, ""1_24"": 0.01400134306020028, ""1_25"": 0.13938387043052272, ""1_26"": 0.15632305086767212}"
formal_test,no_pheromone,No pheromone,2_0_37_11_2_16.bin,16,0_37,direct_lda_top5,0_37;1_25;1_26;0_38;1_24,1,0_37,1,0_37,0_37,1,0.7456450998564037,2.752040993073024,0,0,"{""0_37"": 1.0, ""0_38"": 0.23146956648117906, ""1_24"": 0.04930916669529306, ""1_25"": 0.0, ""1_26"": 0.2543549001435963}","{""0_37"": 1.0, ""0_38"": 0.0462649811058639, ""1_24"": 0.0, ""1_25"": 0.27876774086104544, ""1_26"": 0.22106098793302958}",0.5,0_37,1,0.762292055961687,"{""0_37"": 1.0, ""0_38"": 0.13886727379352148, ""1_24"": 0.02465458334764653, ""1_25"": 0.13938387043052272, ""1_26"": 0.23770794403831294}"
formal_test,full_aco,Full ACO,2_0_37_11_2_16.bin,16,0_37,direct_lda_top5,0_37;1_25;1_26;0_38;1_24,1,0_37,1,0_37,0_37,1,0.9141779641826576,2.8301249985815957,0,0,"{""0_37"": 1.0, ""0_38"": 0.0858220358173424, ""1_24"": 0.015386559518615655, ""1_25"": 0.0, ""1_26"": 0.05016974042929326}","{""0_37"": 1.0, ""0_38"": 0.0462649811058639, ""1_24"": 0.0, ""1_25"": 0.27876774086104544, ""1_26"": 0.22106098793302958}",0.5,0_37,1,0.8606161295694773,"{""0_37"": 1.0, ""0_38"": 0.06604350846160315, ""1_24"": 0.0076932797593078275, ""1_25"": 0.13938387043052272, ""1_26"": 0.13561536418116144}"
formal_test,average_cost,Average cost,2_0_38_11_2_16.bin,4,0_38,direct_lda_top5,1_24;0_38;1_25;1_23;0_37,1,1_24,0,1_24,0_38,1,0.1805900581270129,0.000667001586407423,,,"{""0_37"": 0.5958915885936561, ""0_38"": 1.0, ""1_23"": 0.5094564978954402, ""1_24"": 0.8194099418729871, ""1_25"": 0.0}","{""0_37"": 0.0, ""0_38"": 0.7429505637343395, ""1_23"": 0.012284030271108439, ""1_24"": 1.0, ""1_25"": 0.0277165433853839}",0.5,1_24,0,0.03822968906932367,"{""0_37"": 0.29794579429682805, ""0_38"": 0.8714752818671698, ""1_23"": 0.26087026408327435, ""1_24"": 0.9097049709364935, ""1_25"": 0.01385827169269195}"
formal_test,greedy_path,Greedy path,2_0_38_11_2_16.bin,4,0_38,direct_lda_top5,1_24;0_38;1_25;1_23;0_37,1,1_24,0,1_24,0_38,1,0.8120504624580331,0.04149999585933983,0,0,"{""0_37"": 0.08597722021718522, ""0_38"": 1.0, ""1_23"": 0.07293417761033938, ""1_24"": 0.1879495375419669, ""1_25"": 0.0}","{""0_37"": 0.0, ""0_38"": 0.7429505637343395, ""1_23"": 0.012284030271108439, ""1_24"": 1.0, ""1_25"": 0.0277165433853839}",0.5,0_38,1,0.2775005130961864,"{""0_37"": 0.04298861010859261, ""0_38"": 0.8714752818671698, ""1_23"": 0.04260910394072391, ""1_24"": 0.5939747687709834, ""1_25"": 0.01385827169269195}"
formal_test,no_pheromone,No pheromone,2_0_38_11_2_16.bin,4,0_38,direct_lda_top5,1_24;0_38;1_25;1_23;0_37,1,1_24,0,1_24,0_38,1,0.5063624938325938,2.632625008118339,0,0,"{""0_37"": 0.10354547890249206, ""0_38"": 1.0, ""1_23"": 0.10511286388151582, ""1_24"": 0.4936375061674062, ""1_25"": 0.0}","{""0_37"": 0.0, ""0_38"": 0.7429505637343395, ""1_23"": 0.012284030271108439, ""1_24"": 1.0, ""1_25"": 0.0277165433853839}",0.5,0_38,1,0.12465652878346667,"{""0_37"": 0.05177273945124603, ""0_38"": 0.8714752818671698, ""1_23"": 0.05869844707631213, ""1_24"": 0.7468187530837032, ""1_25"": 0.01385827169269195}"
formal_test,full_aco,Full ACO,2_0_38_11_2_16.bin,4,0_38,direct_lda_top5,1_24;0_38;1_25;1_23;0_37,1,1_24,0,1_24,0_38,1,0.8942602051111751,2.8871670074295253,0,0,"{""0_37"": 0.046371554266543095, ""0_38"": 1.0, ""1_23"": 0.039297479974787594, ""1_24"": 0.10573979488882493, ""1_25"": 0.0}","{""0_37"": 0.0, ""0_38"": 0.7429505637343395, ""1_23"": 0.012284030271108439, ""1_24"": 1.0, ""1_25"": 0.0277165433853839}",0.5,0_38,1,0.3186053844227573,"{""0_37"": 0.023185777133271548, ""0_38"": 0.8714752818671698, ""1_23"": 0.02579075512294802, ""1_24"": 0.5528698974444125, ""1_25"": 0.01385827169269195}"
formal_test,average_cost,Average cost,2_0_38_11_2_16.bin,5,0_38,direct_lda_top5,1_24;0_38;1_25;1_23;0_37,1,1_24,0,1_24,0_38,1,0.1412857280541998,0.000667001586407423,,,"{""0_37"": 0.5990469335476883, ""0_38"": 1.0, ""1_23"": 0.43296795661572307, ""1_24"": 0.8587142719458002, ""1_25"": 0.0}","{""0_37"": 0.0, ""0_38"": 0.7272205739618107, ""1_23"": 0.027077005868339648, ""1_24"": 1.0, ""1_25"": 0.04209347281424828}",0.5,1_24,0,0.06574684899199468,"{""0_37"": 0.29952346677384417, ""0_38"": 0.8636102869809054, ""1_23"": 0.23002248124203137, ""1_24"": 0.9293571359729, ""1_25"": 0.02104673640712414}"
formal_test,greedy_path,Greedy path,2_0_38_11_2_16.bin,5,0_38,direct_lda_top5,1_24;0_38;1_25;1_23;0_37,1,1_24,0,1_24,0_38,1,0.806037498530779,0.042750005377456546,0,0,"{""0_37"": 0.0891761151266558, ""0_38"": 1.0, ""1_23"": 0.06336356372235499, ""1_24"": 0.19396250146922106, ""1_25"": 0.0}","{""0_37"": 0.0, ""0_38"": 0.7272205739618107, ""1_23"": 0.027077005868339648, ""1_24"": 1.0, ""1_25"": 0.04209347281424828}",0.5,0_38,1,0.26662903624629486,"{""0_37"": 0.0445880575633279, ""0_38"": 0.8636102869809054, ""1_23"": 0.04522028479534732, ""1_24"": 0.5969812507346105, ""1_25"": 0.02104673640712414}"
formal_test,no_pheromone,No pheromone,2_0_38_11_2_16.bin,5,0_38,direct_lda_top5,1_24;0_38;1_25;1_23;0_37,1,1_24,0,1_24,0_38,1,0.401402507020583,2.6390420098323375,0,0,"{""0_37"": 0.12791720428193792, ""0_38"": 1.0, ""1_23"": 0.0840293338727188, ""1_24"": 0.598597492979417, ""1_25"": 0.0}","{""0_37"": 0.0, ""0_38"": 0.7272205739618107, ""1_23"": 0.027077005868339648, ""1_24"": 1.0, ""1_25"": 0.04209347281424828}",0.5,0_38,1,0.0643115404911968,"{""0_37"": 0.06395860214096896, ""0_38"": 0.8636102869809054, ""1_23"": 0.055553169870529225, ""1_24"": 0.7992987464897086, ""1_25"": 0.02104673640712414}"
formal_test,full_aco,Full ACO,2_0_38_11_2_16.bin,5,0_38,direct_lda_top5,1_24;0_38;1_25;1_23;0_37,1,1_24,0,1_24,0_38,1,0.8358027203178735,2.7779590018326417,0,0,"{""0_37"": 0.047500623911327665, ""0_38"": 1.0, ""1_23"": 0.03371413924232808, ""1_24"": 0.16419727968212652, ""1_25"": 0.0}","{""0_37"": 0.0, ""0_38"": 0.7272205739618107, ""1_23"": 0.027077005868339648, ""1_24"": 1.0, ""1_25"": 0.04209347281424828}",0.5,0_38,1,0.2815116471398421,"{""0_37"": 0.023750311955663832, ""0_38"": 0.8636102869809054, ""1_23"": 0.030395572555333865, ""1_24"": 0.5820986398410632, ""1_25"": 0.02104673640712414}"
formal_test,average_cost,Average cost,2_0_38_11_2_16.bin,8,0_38,direct_lda_top5,1_24;0_38;1_25;1_23;0_39,1,1_24,0,1_24,0_38,1,0.25459203201214675,0.0007079943316057324,,,"{""0_38"": 1.0, ""0_39"": 0.4120650941057319, ""1_23"": 0.5595983511477567, ""1_24"": 0.7454079679878532, ""1_25"": 0.0}","{""0_38"": 0.605847854082935, ""0_39"": 0.0, ""1_23"": 0.05685155876203407, ""1_24"": 1.0, ""1_25"": 0.07820615163828766}",0.5,1_24,0,0.06978005695245915,"{""0_38"": 0.8029239270414674, ""0_39"": 0.20603254705286594, ""1_23"": 0.3082249549548954, ""1_24"": 0.8727039839939266, ""1_25"": 0.03910307581914383}"
formal_test,greedy_path,Greedy path,2_0_38_11_2_16.bin,8,0_38,direct_lda_top5,1_24;0_38;1_25;1_23;0_39,1,1_24,0,1_24,0_38,1,0.8237324777479924,0.04254200030118227,0,0,"{""0_38"": 1.0, ""0_39"": 0.05712829551950067, ""1_23"": 0.07965159785439188, ""1_24"": 0.1762675222520076, ""1_25"": 0.0}","{""0_38"": 0.605847854082935, ""0_39"": 0.0, ""1_23"": 0.05685155876203407, ""1_24"": 1.0, ""1_25"": 0.07820615163828766}",0.5,0_38,1,0.21479016591546363,"{""0_38"": 0.8029239270414674, ""0_39"": 0.028564147759750334, ""1_23"": 0.06825157830821298, ""1_24"": 0.5881337611260038, ""1_25"": 0.03910307581914383}"
formal_test,no_pheromone,No pheromone,2_0_38_11_2_16.bin,8,0_38,direct_lda_top5,1_24;0_38;1_25;1_23;0_39,1,1_24,0,1_24,0_38,1,0.37756308796975013,2.7847500023199245,0,0,"{""0_38"": 1.0, ""0_39"": 0.11356660086262389, ""1_23"": 0.17914355256072237, ""1_24"": 0.6224369120302499, ""1_25"": 0.0}","{""0_38"": 0.605847854082935, ""0_39"": 0.0, ""1_23"": 0.05685155876203407, ""1_24"": 1.0, ""1_25"": 0.07820615163828766}",0.5,1_24,0,0.008294528973657567,"{""0_38"": 0.8029239270414674, ""0_39"": 0.056783300431311946, ""1_23"": 0.11799755566137822, ""1_24"": 0.811218456015125, ""1_25"": 0.03910307581914383}"
formal_test,full_aco,Full ACO,2_0_38_11_2_16.bin,8,0_38,direct_lda_top5,1_24;0_38;1_25;1_23;0_39,1,1_24,0,1_24,0_38,1,0.8668166121176926,2.8763750015059486,0,0,"{""0_38"": 1.0, ""0_39"": 0.030555854325439273, ""1_23"": 0.0425790163546345, ""1_24"": 0.13318338788230746, ""1_25"": 0.0}","{""0_38"": 0.605847854082935, ""0_39"": 0.0, ""1_23"": 0.05685155876203407, ""1_24"": 1.0, ""1_25"": 0.07820615163828766}",0.5,0_38,1,0.2363322331003137,"{""0_38"": 0.8029239270414674, ""0_39"": 0.015277927162719637, ""1_23"": 0.049715287558334285, ""1_24"": 0.5665916939411537, ""1_25"": 0.03910307581914383}"
formal_test,average_cost,Average cost,2_0_38_11_2_16.bin,15,0_38,direct_lda_top5,1_24;0_38;1_25;1_23;0_37,1,1_24,0,1_24,0_38,1,0.21615607314482677,0.0009999930625781417,,,"{""0_37"": 0.6509811972947657, ""0_38"": 1.0, ""1_23"": 0.44300085689475344, ""1_24"": 0.7838439268551732, ""1_25"": 0.0}","{""0_37"": 0.0, ""0_38"": 0.7131857712005999, ""1_23"": 0.0231221583185144, ""1_24"": 1.0, ""1_25"": 0.03362999344686968}",0.5,1_24,0,0.03532907782728656,"{""0_37"": 0.32549059864738283, ""0_38"": 0.8565928856003, ""1_23"": 0.2330615076066339, ""1_24"": 0.8919219634275866, ""1_25"": 0.01681499672343484}"
formal_test,greedy_path,Greedy path,2_0_38_11_2_16.bin,15,0_38,direct_lda_top5,1_24;0_38;1_25;1_23;0_37,1,1_24,0,1_24,0_38,1,0.8147765420343519,0.05341701034922153,0,0,"{""0_37"": 0.09745948053773286, ""0_38"": 1.0, ""1_23"": 0.06632239697575111, ""1_24"": 0.18522345796564813, ""1_25"": 0.0}","{""0_37"": 0.0, ""0_38"": 0.7131857712005999, ""1_23"": 0.0231221583185144, ""1_24"": 1.0, ""1_25"": 0.03362999344686968}",0.5,0_38,1,0.2639811566174759,"{""0_37"": 0.04872974026886643, ""0_38"": 0.8565928856003, ""1_23"": 0.044722277647132755, ""1_24"": 0.5926117289828241, ""1_25"": 0.01681499672343484}"
formal_test,no_pheromone,No pheromone,2_0_38_11_2_16.bin,15,0_38,direct_lda_top5,1_24;0_38;1_25;1_23;0_37,1,1_24,0,1_24,0_38,1,0.5441213936651006,2.623291002237238,0,0,"{""0_37"": 0.13936988151871224, ""0_38"": 1.0, ""1_23"": 0.0820995108418225, ""1_24"": 0.45587860633489935, ""1_25"": 0.0}","{""0_37"": 0.0, ""0_38"": 0.7131857712005999, ""1_23"": 0.0231221583185144, ""1_24"": 1.0, ""1_25"": 0.03362999344686968}",0.5,0_38,1,0.1286535824328503,"{""0_37"": 0.06968494075935612, ""0_38"": 0.8565928856003, ""1_23"": 0.05261083458016845, ""1_24"": 0.7279393031674497, ""1_25"": 0.01681499672343484}"
formal_test,full_aco,Full ACO,2_0_38_11_2_16.bin,15,0_38,direct_lda_top5,1_24;0_38;1_25;1_23;0_37,1,1_24,0,1_24,0_38,1,0.894364954403776,3.016415997990407,0,0,"{""0_37"": 0.05267816904641803, ""0_38"": 1.0, ""1_23"": 0.035813296622649766, ""1_24"": 0.105635045596224, ""1_25"": 0.0}","{""0_37"": 0.0, ""0_38"": 0.7131857712005999, ""1_23"": 0.0231221583185144, ""1_24"": 1.0, ""1_25"": 0.03362999344686968}",0.5,0_38,1,0.303775362802188,"{""0_37"": 0.026339084523209016, ""0_38"": 0.8565928856003, ""1_23"": 0.029467727470582083, ""1_24"": 0.552817522798112, ""1_25"": 0.01681499672343484}"
formal_test,average_cost,Average cost,2_0_39_11_2_16.bin,1,0_39,direct_lda_top5,0_39;1_23;0_38;1_24;1_21,1,0_39,1,0_39,0_39,1,0.6019356719541916,0.0007500057108700275,,,"{""0_38"": 0.3980643280458084, ""0_39"": 1.0, ""1_21"": 0.0996602697386659, ""1_23"": 0.39754849400486236, ""1_24"": 0.0}","{""0_38"": 0.03602987216549024, ""0_39"": 1.0, ""1_21"": 0.0, ""1_23"": 0.9557460758101385, ""1_24"": 0.021458098671682288}",0.5,0_39,1,0.3233527150924995,"{""0_38"": 0.21704710010564932, ""0_39"": 1.0, ""1_21"": 0.04983013486933295, ""1_23"": 0.6766472849075005, ""1_24"": 0.010729049335841144}"
formal_test,greedy_path,Greedy path,2_0_39_11_2_16.bin,1,0_39,direct_lda_top5,0_39;1_23;0_38;1_24;1_21,1,0_39,1,0_39,0_39,1,0.9409710738653264,0.04499999340623617,0,0,"{""0_38"": 0.05902892613467354, ""0_39"": 1.0, ""1_21"": 0.013695394391276988, ""1_23"": 0.0546314336629015, ""1_24"": 0.0}","{""0_38"": 0.03602987216549024, ""0_39"": 1.0, ""1_21"": 0.0, ""1_23"": 0.9557460758101385, ""1_24"": 0.021458098671682288}",0.5,0_39,1,0.49481124526347997,"{""0_38"": 0.04752939915008189, ""0_39"": 1.0, ""1_21"": 0.006847697195638494, ""1_23"": 0.50518875473652, ""1_24"": 0.010729049335841144}"
formal_test,no_pheromone,No pheromone,2_0_39_11_2_16.bin,1,0_39,direct_lda_top5,0_39;1_23;0_38;1_24;1_21,1,0_39,1,0_39,0_39,1,0.9321462116417905,2.612333992146887,0,0,"{""0_38"": 0.06785378835820959, ""0_39"": 1.0, ""1_21"": 0.023289677017623783, ""1_23"": 0.05947247572935749, ""1_24"": 0.0}","{""0_38"": 0.03602987216549024, ""0_39"": 1.0, ""1_21"": 0.0, ""1_23"": 0.9557460758101385, ""1_24"": 0.021458098671682288}",0.5,0_39,1,0.492390724230252,"{""0_38"": 0.05194183026184991, ""0_39"": 1.0, ""1_21"": 0.011644838508811891, ""1_23"": 0.507609275769748, ""1_24"": 0.010729049335841144}"
formal_test,full_aco,Full ACO,2_0_39_11_2_16.bin,1,0_39,direct_lda_top5,0_39;1_23;0_38;1_24;1_21,1,0_39,1,0_39,0_39,1,0.9672100930017994,2.7020420093322173,0,0,"{""0_38"": 0.032789906998200585, ""0_39"": 1.0, ""1_21"": 0.007604868820399293, ""1_23"": 0.03031551051826614, ""1_24"": 0.0}","{""0_38"": 0.03602987216549024, ""0_39"": 1.0, ""1_21"": 0.0, ""1_23"": 0.9557460758101385, ""1_24"": 0.021458098671682288}",0.5,0_39,1,0.5069692068357977,"{""0_38"": 0.03440988958184541, ""0_39"": 1.0, ""1_21"": 0.0038024344101996463, ""1_23"": 0.4930307931642023, ""1_24"": 0.010729049335841144}"
formal_test,average_cost,Average cost,2_0_39_11_2_16.bin,12,0_39,direct_lda_top5,1_23;0_39;0_38;1_24;1_21,1,1_23,0,0_39,0_39,1,0.2903858491458423,0.0012920063454657793,,,"{""0_38"": 0.7096141508541577, ""0_39"": 1.0, ""1_21"": 0.15670262996719966, ""1_23"": 0.44758681612080825, ""1_24"": 0.0}","{""0_38"": 0.03354306768607376, ""0_39"": 0.3742247231550834, ""1_21"": 0.0, ""1_23"": 1.0, ""1_24"": 0.014177453902345465}",0.5,1_23,0,0.03668104648286241,"{""0_38"": 0.3715786092701157, ""0_39"": 0.6871123615775417, ""1_21"": 0.07835131498359983, ""1_23"": 0.7237934080604042, ""1_24"": 0.007088726951172733}"
formal_test,greedy_path,Greedy path,2_0_39_11_2_16.bin,12,0_39,direct_lda_top5,1_23;0_39;0_38;1_24;1_21,1,1_23,0,0_39,0_39,1,0.9058045458821521,0.06925000343471766,0,0,"{""0_38"": 0.09419545411784794, ""0_39"": 1.0, ""1_21"": 0.02080098793612576, ""1_23"": 0.05941347611362142, ""1_24"": 0.0}","{""0_38"": 0.03354306768607376, ""0_39"": 0.3742247231550834, ""1_21"": 0.0, ""1_23"": 1.0, ""1_24"": 0.014177453902345465}",0.5,0_39,1,0.15740562352073106,"{""0_38"": 0.06386926090196085, ""0_39"": 0.6871123615775417, ""1_21"": 0.01040049396806288, ""1_23"": 0.5297067380568107, ""1_24"": 0.007088726951172733}"
formal_test,no_pheromone,No pheromone,2_0_39_11_2_16.bin,12,0_39,direct_lda_top5,1_23;0_39;0_38;1_24;1_21,1,1_23,0,0_39,0_39,1,0.8411748135975986,2.7358329971320927,0,0,"{""0_38"": 0.15882518640240142, ""0_39"": 1.0, ""1_21"": 0.022079710369644307, ""1_23"": 0.06649927303881012, ""1_24"": 0.0}","{""0_38"": 0.03354306768607376, ""0_39"": 0.3742247231550834, ""1_21"": 0.0, ""1_23"": 1.0, ""1_24"": 0.014177453902345465}",0.5,0_39,1,0.1538627250581367,"{""0_38"": 0.0961841270442376, ""0_39"": 0.6871123615775417, ""1_21"": 0.011039855184822154, ""1_23"": 0.533249636519405, ""1_24"": 0.007088726951172733}"
formal_test,full_aco,Full ACO,2_0_39_11_2_16.bin,12,0_39,direct_lda_top5,1_23;0_39;0_38;1_24;1_21,1,1_23,0,0_39,0_39,1,0.9472111312466941,2.765249999356456,0,0,"{""0_38"": 0.05278886875330586, ""0_39"": 1.0, ""1_21"": 0.011530345634641765, ""1_23"": 0.03290259126055423, ""1_24"": 0.0}","{""0_38"": 0.03354306768607376, ""0_39"": 0.3742247231550834, ""1_21"": 0.0, ""1_23"": 1.0, ""1_24"": 0.014177453902345465}",0.5,0_39,1,0.1706610659472646,"{""0_38"": 0.04316596821968981, ""0_39"": 0.6871123615775417, ""1_21"": 0.005765172817320883, ""1_23"": 0.5164512956302771, ""1_24"": 0.007088726951172733}"
formal_test,average_cost,Average cost,2_0_39_11_2_16.bin,15,0_39,direct_lda_top5,0_39;1_23;1_24;0_38;1_20,1,0_39,1,1_20,1_20,0,0.06956049227998873,0.000667001586407423,,,"{""0_38"": 0.27429692836707914, ""0_39"": 0.9304395077200113, ""1_20"": 1.0, ""1_23"": 0.1811764324433358, ""1_24"": 0.0}","{""0_38"": 0.004002607538620508, ""0_39"": 1.0, ""1_20"": 0.0, ""1_23"": 0.12219518742342456, ""1_24"": 0.01523555418932985}",0.5,0_39,1,0.4652197538600056,"{""0_38"": 0.13914976795284983, ""0_39"": 0.9652197538600056, ""1_20"": 0.5, ""1_23"": 0.15168580993338018, ""1_24"": 0.007617777094664925}"
formal_test,greedy_path,Greedy path,2_0_39_11_2_16.bin,15,0_39,direct_lda_top5,0_39;1_23;1_24;0_38;1_20,1,0_39,1,1_20,1_20,0,0.8892313355825747,0.04108400025870651,0,0,"{""0_38"": 0.03265500245521237, ""0_39"": 0.11076866441742533, ""1_20"": 1.0, ""1_23"": 0.021569023326233554, ""1_24"": 0.0}","{""0_38"": 0.004002607538620508, ""0_39"": 1.0, ""1_20"": 0.0, ""1_23"": 0.12219518742342456, ""1_24"": 0.01523555418932985}",0.5,0_39,1,0.05538433220871264,"{""0_38"": 0.01832880499691644, ""0_39"": 0.5553843322087126, ""1_20"": 0.5, ""1_23"": 0.07188210537482906, ""1_24"": 0.007617777094664925}"
formal_test,no_pheromone,No pheromone,2_0_39_11_2_16.bin,15,0_39,direct_lda_top5,0_39;1_23;1_24;0_38;1_20,1,0_39,1,1_20,1_20,0,0.574671842828542,2.624166998430155,0,0,"{""0_38"": 0.03207342204206611, ""0_39"": 0.42532815717145805, ""1_20"": 1.0, ""1_23"": 0.021184882442629678, ""1_24"": 0.0}","{""0_38"": 0.004002607538620508, ""0_39"": 1.0, ""1_20"": 0.0, ""1_23"": 0.12219518742342456, ""1_24"": 0.01523555418932985}",0.5,0_39,1,0.212664078585729,"{""0_38"": 0.01803801479034331, ""0_39"": 0.712664078585729, ""1_20"": 0.5, ""1_23"": 0.07169003493302711, ""1_24"": 0.007617777094664925}"
formal_test,full_aco,Full ACO,2_0_39_11_2_16.bin,15,0_39,direct_lda_top5,0_39;1_23;1_24;0_38;1_20,1,0_39,1,1_20,1_20,0,0.9388725725397302,2.831125006196089,0,0,"{""0_38"": 0.018004414213272108, ""0_39"": 0.061127427460269765, ""1_20"": 1.0, ""1_23"": 0.011853971675967013, ""1_24"": 0.0}","{""0_38"": 0.004002607538620508, ""0_39"": 1.0, ""1_20"": 0.0, ""1_23"": 0.12219518742342456, ""1_24"": 0.01523555418932985}",0.5,0_39,1,0.03056371373013489,"{""0_38"": 0.011003510875946308, ""0_39"": 0.5305637137301349, ""1_20"": 0.5, ""1_23"": 0.06702457954969579, ""1_24"": 0.007617777094664925}"
formal_test,average_cost,Average cost,2_0_39_11_2_16.bin,20,0_39,direct_lda_top5,0_39;1_23;1_24;0_38;1_25,1,0_39,1,0_39,0_39,1,0.7187792627174264,0.000667001586407423,,,"{""0_38"": 0.2305685658450328, ""0_39"": 1.0, ""1_23"": 0.2812207372825736, ""1_24"": 0.1254905324900449, ""1_25"": 0.0}","{""0_38"": 0.015041991690640272, ""0_39"": 1.0, ""1_23"": 0.14306995064632028, ""1_24"": 0.033977097677070585, ""1_25"": 0.0}",0.5,0_39,1,0.787854656035553,"{""0_38"": 0.12280527876783653, ""0_39"": 1.0, ""1_23"": 0.21214534396444693, ""1_24"": 0.07973381508355774, ""1_25"": 0.0}"
formal_test,greedy_path,Greedy path,2_0_39_11_2_16.bin,20,0_39,direct_lda_top5,0_39;1_23;1_24;0_38;1_25,1,0_39,1,0_39,0_39,1,0.9650260448246016,0.040291997720487416,0,0,"{""0_38"": 0.028006406929968964, ""0_39"": 1.0, ""1_23"": 0.03497395517539835, ""1_24"": 0.013552213829116191, ""1_25"": 0.0}","{""0_38"": 0.015041991690640272, ""0_39"": 1.0, ""1_23"": 0.14306995064632028, ""1_24"": 0.033977097677070585, ""1_25"": 0.0}",0.5,0_39,1,0.9109780470891407,"{""0_38"": 0.021524199310304616, ""0_39"": 1.0, ""1_23"": 0.08902195291085932, ""1_24"": 0.02376465575309339, ""1_25"": 0.0}"
formal_test,no_pheromone,No pheromone,2_0_39_11_2_16.bin,20,0_39,direct_lda_top5,0_39;1_23;1_24;0_38;1_25,1,0_39,1,0_39,0_39,1,0.9304565364956444,2.6463340036571026,0,0,"{""0_38"": 0.06324398410945702, ""0_39"": 1.0, ""1_23"": 0.06954346350435557, ""1_24"": 0.017979860258554654, ""1_25"": 0.0}","{""0_38"": 0.015041991690640272, ""0_39"": 1.0, ""1_23"": 0.14306995064632028, ""1_24"": 0.033977097677070585, ""1_25"": 0.0}",0.5,0_39,1,0.893693292924662,"{""0_38"": 0.039142987900048644, ""0_39"": 1.0, ""1_23"": 0.10630670707533793, ""1_24"": 0.02597847896781262, ""1_25"": 0.0}"
formal_test,full_aco,Full ACO,2_0_39_11_2_16.bin,20,0_39,direct_lda_top5,0_39;1_23;1_24;0_38;1_25,1,0_39,1,0_39,0_39,1,0.9806132867014228,2.8413749969331548,0,0,"{""0_38"": 0.016050628892290475, ""0_39"": 1.0, ""1_23"": 0.019386713298577173, ""1_24"": 0.008139098640582428, ""1_25"": 0.0}","{""0_38"": 0.015041991690640272, ""0_39"": 1.0, ""1_23"": 0.14306995064632028, ""1_24"": 0.033977097677070585, ""1_25"": 0.0}",0.5,0_39,1,0.9187716680275513,"{""0_38"": 0.015546310291465373, ""0_39"": 1.0, ""1_23"": 0.08122833197244872, ""1_24"": 0.021058098158826505, ""1_25"": 0.0}"
formal_test,average_cost,Average cost,2_0_40_11_2_16.bin,9,0_40,direct_lda_top5,0_40;1_21;1_22;1_23;1_20,1,0_40,1,0_40,0_40,1,0.09398731669508642,0.0008330098353326321,,,"{""0_40"": 1.0, ""1_20"": 0.0, ""1_21"": 0.8530952546666624, ""1_22"": 0.9060126833049136, ""1_23"": 0.6455107317222203}","{""0_40"": 1.0, ""1_20"": 0.0, ""1_21"": 0.42712024769542173, ""1_22"": 0.14267197801285075, ""1_23"": 0.0005257620500060996}",0.5,0_40,1,0.359892248818958,"{""0_40"": 1.0, ""1_20"": 0.0, ""1_21"": 0.640107751181042, ""1_22"": 0.5243423306588821, ""1_23"": 0.3230182468861132}"
formal_test,greedy_path,Greedy path,2_0_40_11_2_16.bin,9,0_40,direct_lda_top5,0_40;1_21;1_22;1_23;1_20,1,0_40,1,0_40,0_40,1,0.8888105748739387,0.04608299059327692,0,0,"{""0_40"": 1.0, ""1_20"": 0.0, ""1_21"": 0.10402963857275899, ""1_22"": 0.11118942512606136, ""1_23"": 0.07594322329715043}","{""0_40"": 1.0, ""1_20"": 0.0, ""1_21"": 0.42712024769542173, ""1_22"": 0.14267197801285075, ""1_23"": 0.0005257620500060996}",0.5,0_40,1,0.7344250568659096,"{""0_40"": 1.0, ""1_20"": 0.0, ""1_21"": 0.26557494313409036, ""1_22"": 0.12693070156945607, ""1_23"": 0.038234492673578264}"
formal_test,no_pheromone,No pheromone,2_0_40_11_2_16.bin,9,0_40,direct_lda_top5,0_40;1_21;1_22;1_23;1_20,1,0_40,1,0_40,0_40,1,0.6185904844062753,2.736082999035716,0,0,"{""0_40"": 1.0, ""1_20"": 0.0, ""1_21"": 0.2818118321775985, ""1_22"": 0.3814095155937247, ""1_23"": 0.08796757127546745}","{""0_40"": 1.0, ""1_20"": 0.0, ""1_21"": 0.42712024769542173, ""1_22"": 0.14267197801285075, ""1_23"": 0.0005257620500060996}",0.5,0_40,1,0.64553396006349,"{""0_40"": 1.0, ""1_20"": 0.0, ""1_21"": 0.3544660399365101, ""1_22"": 0.2620407468032877, ""1_23"": 0.04424666666273677}"
formal_test,full_aco,Full ACO,2_0_40_11_2_16.bin,9,0_40,direct_lda_top5,0_40;1_21;1_22;1_23;1_20,1,0_40,1,0_40,0_40,1,0.9292206634040119,2.958125012810342,0,0,"{""0_40"": 1.0, ""1_20"": 0.0, ""1_21"": 0.062200062491735326, ""1_22"": 0.07077933659598817, ""1_23"": 0.04172342767973104}","{""0_40"": 1.0, ""1_20"": 0.0, ""1_21"": 0.42712024769542173, ""1_22"": 0.14267197801285075, ""1_23"": 0.0005257620500060996}",0.5,0_40,1,0.7553398449064215,"{""0_40"": 1.0, ""1_20"": 0.0, ""1_21"": 0.24466015509357852, ""1_22"": 0.10672565730441946, ""1_23"": 0.021124594864868573}"
formal_test,average_cost,Average cost,2_0_40_11_2_16.bin,10,0_40,direct_lda_top5,0_40;1_21;1_22;1_23;1_24,1,0_40,1,0_40,0_40,1,0.13101412964829684,0.0007499911589547992,,,"{""0_40"": 1.0, ""1_21"": 0.0, ""1_22"": 0.8689858703517032, ""1_23"": 0.4308567068398827, ""1_24"": 0.32736111377358146}","{""0_40"": 1.0, ""1_21"": 0.4471924963091252, ""1_22"": 0.15768557272651318, ""1_23"": 0.0007569946994342207, ""1_24"": 0.0}",0.5,0_40,1,0.4866642784608919,"{""0_40"": 1.0, ""1_21"": 0.2235962481545626, ""1_22"": 0.5133357215391081, ""1_23"": 0.21580685076965847, ""1_24"": 0.16368055688679073}"
formal_test,greedy_path,Greedy path,2_0_40_11_2_16.bin,10,0_40,direct_lda_top5,0_40;1_21;1_22;1_23;1_24,1,0_40,1,0_40,0_40,1,0.885309258306898,0.044792002881877124,0,0,"{""0_40"": 1.0, ""1_21"": 0.0, ""1_22"": 0.114690741693102, ""1_23"": 0.05854062561905235, ""1_24"": 0.04320586815177604}","{""0_40"": 1.0, ""1_21"": 0.4471924963091252, ""1_22"": 0.15768557272651318, ""1_23"": 0.0007569946994342207, ""1_24"": 0.0}",0.5,0_40,1,0.7764037518454374,"{""0_40"": 1.0, ""1_21"": 0.2235962481545626, ""1_22"": 0.1361881572098076, ""1_23"": 0.029648810159243286, ""1_24"": 0.02160293407588802}"
formal_test,no_pheromone,No pheromone,2_0_40_11_2_16.bin,10,0_40,direct_lda_top5,0_40;1_21;1_22;1_23;1_24,1,0_40,1,0_40,0_40,1,0.5107912336035425,2.644292006152682,0,0,"{""0_40"": 1.0, ""1_21"": 0.0, ""1_22"": 0.48920876639645744, ""1_23"": 0.1441709493665765, ""1_24"": 0.05388958826062933}","{""0_40"": 1.0, ""1_21"": 0.4471924963091252, ""1_22"": 0.15768557272651318, ""1_23"": 0.0007569946994342207, ""1_24"": 0.0}",0.5,0_40,1,0.6765528304385147,"{""0_40"": 1.0, ""1_21"": 0.2235962481545626, ""1_22"": 0.32344716956148534, ""1_23"": 0.07246397203300536, ""1_24"": 0.026944794130314666}"
formal_test,full_aco,Full ACO,2_0_40_11_2_16.bin,10,0_40,direct_lda_top5,0_40;1_21;1_22;1_23;1_24,1,0_40,1,0_40,0_40,1,0.868791586478362,2.8333749942248687,0,0,"{""0_40"": 1.0, ""1_21"": 0.0, ""1_22"": 0.1312084135216381, ""1_23"": 0.03194116602552004, ""1_24"": 0.0236178588695791}","{""0_40"": 1.0, ""1_21"": 0.4471924963091252, ""1_22"": 0.15768557272651318, ""1_23"": 0.0007569946994342207, ""1_24"": 0.0}",0.5,0_40,1,0.7764037518454374,"{""0_40"": 1.0, ""1_21"": 0.2235962481545626, ""1_22"": 0.14444699312407563, ""1_23"": 0.01634908036247713, ""1_24"": 0.01180892943478955}"
formal_test,average_cost,Average cost,2_0_40_11_2_16.bin,15,0_40,direct_lda_top5,0_40;1_21;1_22;1_23;1_20,1,0_40,1,0_40,0_40,1,0.030756283254777528,0.001291002263315022,,,"{""0_40"": 1.0, ""1_20"": 0.0, ""1_21"": 0.860206921612161, ""1_22"": 0.9692437167452225, ""1_23"": 0.7277082461181473}","{""0_40"": 1.0, ""1_20"": 0.0, ""1_21"": 0.4309508910123651, ""1_22"": 0.14027905133935015, ""1_23"": 0.000455802514005722}",0.5,0_40,1,0.354421093687737,"{""0_40"": 1.0, ""1_20"": 0.0, ""1_21"": 0.645578906312263, ""1_22"": 0.5547613840422863, ""1_23"": 0.3640820243160765}"
formal_test,greedy_path,Greedy path,2_0_40_11_2_16.bin,15,0_40,direct_lda_top5,0_40;1_21;1_22;1_23;1_20,1,0_40,1,0_40,0_40,1,0.8729633096225515,0.06545899668708444,0,0,"{""0_40"": 1.0, ""1_20"": 0.0, ""1_21"": 0.1127454720349837, ""1_22"": 0.1270366903774484, ""1_23"": 0.10027946949850917}","{""0_40"": 1.0, ""1_20"": 0.0, ""1_21"": 0.4309508910123651, ""1_22"": 0.14027905133935015, ""1_23"": 0.000455802514005722}",0.5,0_40,1,0.7281518184763256,"{""0_40"": 1.0, ""1_20"": 0.0, ""1_21"": 0.2718481815236744, ""1_22"": 0.13365787085839928, ""1_23"": 0.050367636006257446}"
formal_test,no_pheromone,No pheromone,2_0_40_11_2_16.bin,15,0_40,direct_lda_top5,0_40;1_21;1_22;1_23;1_20,1,0_40,1,0_40,0_40,1,0.526000622349017,2.686207997612655,0,0,"{""0_40"": 1.0, ""1_20"": 0.0, ""1_21"": 0.27430586166414705, ""1_22"": 0.473999377650983, ""1_23"": 0.13869311233221518}","{""0_40"": 1.0, ""1_20"": 0.0, ""1_21"": 0.4309508910123651, ""1_22"": 0.14027905133935015, ""1_23"": 0.000455802514005722}",0.5,0_40,1,0.647371623661744,"{""0_40"": 1.0, ""1_20"": 0.0, ""1_21"": 0.35262837633825606, ""1_22"": 0.30713921449516657, ""1_23"": 0.06957445742311046}"
formal_test,full_aco,Full ACO,2_0_40_11_2_16.bin,15,0_40,direct_lda_top5,0_40;1_21;1_22;1_23;1_20,1,0_40,1,0_40,0_40,1,0.8785997307840803,2.732041000854224,0,0,"{""0_40"": 1.0, ""1_20"": 0.0, ""1_21"": 0.06174822828232685, ""1_22"": 0.12140026921591976, ""1_23"": 0.05487255815529034}","{""0_40"": 1.0, ""1_20"": 0.0, ""1_21"": 0.4309508910123651, ""1_22"": 0.14027905133935015, ""1_23"": 0.000455802514005722}",0.5,0_40,1,0.753650440352654,"{""0_40"": 1.0, ""1_20"": 0.0, ""1_21"": 0.24634955964734598, ""1_22"": 0.13083966027763494, ""1_23"": 0.02766418033464803}"
formal_test,average_cost,Average cost,2_0_40_11_2_16.bin,18,0_40,direct_lda_top5,0_40;1_21;1_22;1_23;1_24,1,0_40,1,0_40,1_21,0,0.2787998451369196,0.0009159994078800082,,,"{""0_40"": 0.6448449414946208, ""1_21"": 1.0, ""1_22"": 0.7212001548630804, ""1_23"": 0.18556275642280248, ""1_24"": 0.0}","{""0_40"": 1.0, ""1_21"": 0.4248247282990916, ""1_22"": 0.16157722808529765, ""1_23"": 0.0005039377387283322, ""1_24"": 0.0}",0.5,0_40,1,0.11001010659776467,"{""0_40"": 0.8224224707473105, ""1_21"": 0.7124123641495458, ""1_22"": 0.441388691474189, ""1_23"": 0.09303334708076541, ""1_24"": 0.0}"
formal_test,greedy_path,Greedy path,2_0_40_11_2_16.bin,18,0_40,direct_lda_top5,0_40;1_21;1_22;1_23;1_24,1,0_40,1,0_40,1_21,0,0.840366066112577,0.041624996811151505,0,0,"{""0_40"": 0.15963393388742295, ""1_21"": 1.0, ""1_22"": 0.10282689718509953, ""1_23"": 0.02616132533264823, ""1_24"": 0.0}","{""0_40"": 1.0, ""1_21"": 0.4248247282990916, ""1_22"": 0.16157722808529765, ""1_23"": 0.0005039377387283322, ""1_24"": 0.0}",0.5,1_21,0,0.13259539720583435,"{""0_40"": 0.5798169669437114, ""1_21"": 0.7124123641495458, ""1_22"": 0.1322020626351986, ""1_23"": 0.013332631535688281, ""1_24"": 0.0}"
formal_test,no_pheromone,No pheromone,2_0_40_11_2_16.bin,18,0_40,direct_lda_top5,0_40;1_21;1_22;1_23;1_24,1,0_40,1,0_40,1_21,0,0.7477149010194754,2.5896249862853438,0,0,"{""0_40"": 0.25228509898052465, ""1_21"": 1.0, ""1_22"": 0.22853324234326855, ""1_23"": 0.04007422216868574, ""1_24"": 0.0}","{""0_40"": 1.0, ""1_21"": 0.4248247282990916, ""1_22"": 0.16157722808529765, ""1_23"": 0.0005039377387283322, ""1_24"": 0.0}",0.5,1_21,0,0.0862698146592834,"{""0_40"": 0.6261425494902624, ""1_21"": 0.7124123641495458, ""1_22"": 0.19505523521428308, ""1_23"": 0.020289079953707035, ""1_24"": 0.0}"
formal_test,full_aco,Full ACO,2_0_40_11_2_16.bin,18,0_40,direct_lda_top5,0_40;1_21;1_22;1_23;1_24,1,0_40,1,0_40,1_21,0,0.9138286249457185,2.84904200816527,0,0,"{""0_40"": 0.08617137505428153, ""1_21"": 1.0, ""1_22"": 0.055247185371768724, ""1_23"": 0.01400792244592978, ""1_24"": 0.0}","{""0_40"": 1.0, ""1_21"": 0.4248247282990916, ""1_22"": 0.16157722808529765, ""1_23"": 0.0005039377387283322, ""1_24"": 0.0}",0.5,1_21,0,0.16932667662240497,"{""0_40"": 0.5430856875271408, ""1_21"": 0.7124123641495458, ""1_22"": 0.10841220672853319, ""1_23"": 0.007255930092329056, ""1_24"": 0.0}"
formal_test,average_cost,Average cost,2_0_42_11_2_16.bin,1,0_42,direct_lda_top5,0_42;0_43;1_19;1_20;1_21,1,0_42,1,0_43,0_42,1,0.006313240809699416,0.0007079943316057324,,,"{""0_42"": 1.0, ""0_43"": 0.9936867591903006, ""1_19"": 0.0, ""1_20"": 0.5181449473421885, ""1_21"": 0.3747114821784368}","{""0_42"": 1.0, ""0_43"": 0.23987902351922136, ""1_19"": 0.19085627890468165, ""1_20"": 0.1303819390870137, ""1_21"": 0.0}",0.5,0_42,1,0.38321710864523906,"{""0_42"": 1.0, ""0_43"": 0.6167828913547609, ""1_19"": 0.09542813945234083, ""1_20"": 0.3242634432146011, ""1_21"": 0.1873557410892184}"
formal_test,greedy_path,Greedy path,2_0_42_11_2_16.bin,1,0_42,direct_lda_top5,0_42;0_43;1_19;1_20;1_21,1,0_42,1,0_43,0_43,0,0.8729491513830222,0.040333005017600954,0,0,"{""0_42"": 0.1270508486169778, ""0_43"": 1.0, ""1_19"": 0.0, ""1_20"": 0.0706155514995684, ""1_21"": 0.047607411797295954}","{""0_42"": 1.0, ""0_43"": 0.23987902351922136, ""1_19"": 0.19085627890468165, ""1_20"": 0.1303819390870137, ""1_21"": 0.0}",0.5,0_43,0,0.056414087451121864,"{""0_42"": 0.5635254243084888, ""0_43"": 0.6199395117596107, ""1_19"": 0.09542813945234083, ""1_20"": 0.10049874529329106, ""1_21"": 0.023803705898647977}"
formal_test,no_pheromone,No pheromone,2_0_42_11_2_16.bin,1,0_42,direct_lda_top5,0_42;0_43;1_19;1_20;1_21,1,0_42,1,0_43,0_43,0,0.1687064418872425,2.5905830116244033,0,0,"{""0_42"": 0.8312935581127575, ""0_43"": 1.0, ""1_19"": 0.0, ""1_20"": 0.09261884328277296, ""1_21"": 0.06510642163368795}","{""0_42"": 1.0, ""0_43"": 0.23987902351922136, ""1_19"": 0.19085627890468165, ""1_20"": 0.1303819390870137, ""1_21"": 0.0}",0.5,0_42,1,0.295707267296768,"{""0_42"": 0.9156467790563787, ""0_43"": 0.6199395117596107, ""1_19"": 0.09542813945234083, ""1_20"": 0.11150039118489333, ""1_21"": 0.032553210816843973}"
formal_test,full_aco,Full ACO,2_0_42_11_2_16.bin,1,0_42,direct_lda_top5,0_42;0_43;1_19;1_20;1_21,1,0_42,1,0_43,0_43,0,0.7694163489547312,2.8462920017773286,0,0,"{""0_42"": 0.23058365104526873, ""0_43"": 1.0, ""1_19"": 0.0, ""1_20"": 0.038204674768061025, ""1_21"": 0.025769522956349034}","{""0_42"": 1.0, ""0_43"": 0.23987902351922136, ""1_19"": 0.19085627890468165, ""1_20"": 0.1303819390870137, ""1_21"": 0.0}",0.5,0_43,0,0.004647686236976312,"{""0_42"": 0.6152918255226344, ""0_43"": 0.6199395117596107, ""1_19"": 0.09542813945234083, ""1_20"": 0.08429330692753736, ""1_21"": 0.012884761478174517}"
formal_test,average_cost,Average cost,2_0_42_11_2_16.bin,7,0_42,direct_lda_top5,0_42;1_19;1_20;0_44;0_43,1,0_42,1,0_44,0_42,1,0.09793856481988794,0.0014169927453622222,,,"{""0_42"": 1.0, ""0_43"": 0.42437251601037, ""0_44"": 0.0, ""1_19"": 0.9020614351801121, ""1_20"": 0.4256373172021983}","{""0_42"": 1.0, ""0_43"": 0.0, ""0_44"": 0.018472162684551038, ""1_19"": 0.5543298750082681, ""1_20"": 0.20867682843349347}",0.5,0_42,1,0.27180434490580985,"{""0_42"": 1.0, ""0_43"": 0.212186258005185, ""0_44"": 0.009236081342275519, ""1_19"": 0.7281956550941902, ""1_20"": 0.3171570728178459}"
formal_test,greedy_path,Greedy path,2_0_42_11_2_16.bin,7,0_42,direct_lda_top5,0_42;1_19;1_20;0_44;0_43,1,0_42,1,0_44,0_42,1,0.9281471914398002,0.0593330041738227,0,0,"{""0_42"": 1.0, ""0_43"": 0.015472132587766571, ""0_44"": 0.008876811350106895, ""1_19"": 0.07185280856019984, ""1_20"": 0.0}","{""0_42"": 1.0, ""0_43"": 0.0, ""0_44"": 0.018472162684551038, ""1_19"": 0.5543298750082681, ""1_20"": 0.20867682843349347}",0.5,0_42,1,0.686908658215766,"{""0_42"": 1.0, ""0_43"": 0.0077360662938832855, ""0_44"": 0.013674487017328967, ""1_19"": 0.313091341784234, ""1_20"": 0.10433841421674674}"
formal_test,no_pheromone,No pheromone,2_0_42_11_2_16.bin,7,0_42,direct_lda_top5,0_42;1_19;1_20;0_44;0_43,1,0_42,1,0_44,0_42,1,0.34837400574139166,2.6580830017337576,0,0,"{""0_42"": 1.0, ""0_43"": 0.02035800091673115, ""0_44"": 0.0, ""1_19"": 0.6516259942586083, ""1_20"": 0.013728297786592417}","{""0_42"": 1.0, ""0_43"": 0.0, ""0_44"": 0.018472162684551038, ""1_19"": 0.5543298750082681, ""1_20"": 0.20867682843349347}",0.5,0_42,1,0.3970220653665617,"{""0_42"": 1.0, ""0_43"": 0.010179000458365575, ""0_44"": 0.009236081342275519, ""1_19"": 0.6029779346334383, ""1_20"": 0.11120256311004295}"
formal_test,full_aco,Full ACO,2_0_42_11_2_16.bin,7,0_42,direct_lda_top5,0_42;1_19;1_20;0_44;0_43,1,0_42,1,0_44,0_42,1,0.8798304161178883,2.686542007722892,0,0,"{""0_42"": 1.0, ""0_43"": 0.007892038039460104, ""0_44"": 0.004917851578288868, ""1_19"": 0.12016958388211174, ""1_20"": 0.0}","{""0_42"": 1.0, ""0_43"": 0.0, ""0_44"": 0.018472162684551038, ""1_19"": 0.5543298750082681, ""1_20"": 0.20867682843349347}",0.5,0_42,1,0.6627502705548101,"{""0_42"": 1.0, ""0_43"": 0.003946019019730052, ""0_44"": 0.011695007131419953, ""1_19"": 0.33724972944518994, ""1_20"": 0.10433841421674674}"
formal_test,average_cost,Average cost,2_0_42_11_2_16.bin,11,0_42,direct_lda_top5,1_19;0_42;1_20;0_44;0_43,1,1_19,0,1_19,0_42,1,0.07468357937492187,0.0009170034900307655,,,"{""0_42"": 1.0, ""0_43"": 0.3452409778797189, ""0_44"": 0.0, ""1_19"": 0.9253164206250781, ""1_20"": 0.7135928069279834}","{""0_42"": 0.6581105941237131, ""0_43"": 0.0, ""0_44"": 0.0305663188709037, ""1_19"": 1.0, ""1_20"": 0.4578115180387047}",0.5,1_19,0,0.13360291325068252,"{""0_42"": 0.8290552970618565, ""0_43"": 0.17262048893985946, ""0_44"": 0.01528315943545185, ""1_19"": 0.9626582103125391, ""1_20"": 0.5857021624833441}"
formal_test,greedy_path,Greedy path,2_0_42_11_2_16.bin,11,0_42,direct_lda_top5,1_19;0_42;1_20;0_44;0_43,1,1_19,0,1_19,1_19,0,0.8697497581809764,0.042499988921917975,0,0,"{""0_42"": 0.13025024181902353, ""0_43"": 0.04496772085466955, ""0_44"": 0.0, ""1_19"": 1.0, ""1_20"": 0.09813809586078273}","{""0_42"": 0.6581105941237131, ""0_43"": 0.0, ""0_44"": 0.0305663188709037, ""1_19"": 1.0, ""1_20"": 0.4578115180387047}",0.5,1_19,0,0.6058195820286316,"{""0_42"": 0.3941804179713683, ""0_43"": 0.022483860427334777, ""0_44"": 0.01528315943545185, ""1_19"": 1.0, ""1_20"": 0.2779748069497437}"
formal_test,no_pheromone,No pheromone,2_0_42_11_2_16.bin,11,0_42,direct_lda_top5,1_19;0_42;1_20;0_44;0_43,1,1_19,0,1_19,0_42,1,0.09901887932518649,2.6104999997187406,0,0,"{""0_42"": 1.0, ""0_43"": 0.06413358653798365, ""0_44"": 0.0, ""1_19"": 0.9009811206748135, ""1_20"": 0.19614909771875835}","{""0_42"": 0.6581105941237131, ""0_43"": 0.0, ""0_44"": 0.0305663188709037, ""1_19"": 1.0, ""1_20"": 0.4578115180387047}",0.5,1_19,0,0.12143526327555021,"{""0_42"": 0.8290552970618565, ""0_43"": 0.032066793268991825, ""0_44"": 0.01528315943545185, ""1_19"": 0.9504905603374068, ""1_20"": 0.3269803078787315}"
formal_test,full_aco,Full ACO,2_0_42_11_2_16.bin,11,0_42,direct_lda_top5,1_19;0_42;1_20;0_44;0_43,1,1_19,0,1_19,0_42,1,0.7775121212739388,2.9990000039106235,0,0,"{""0_42"": 1.0, ""0_43"": 0.02496207292328151, ""0_44"": 0.0, ""1_19"": 0.22248787872606127, ""1_20"": 0.05461262259764736}","{""0_42"": 0.6581105941237131, ""0_43"": 0.0, ""0_44"": 0.0305663188709037, ""1_19"": 1.0, ""1_20"": 0.4578115180387047}",0.5,0_42,1,0.21781135769882587,"{""0_42"": 0.8290552970618565, ""0_43"": 0.012481036461640754, ""0_44"": 0.01528315943545185, ""1_19"": 0.6112439393630307, ""1_20"": 0.256212070318176}"
formal_test,average_cost,Average cost,2_0_42_11_2_16.bin,18,0_42,direct_lda_top5,0_42;1_19;0_43;1_20;1_21,1,0_42,1,1_20,0_42,1,0.09831537781148836,0.0006250047590583563,,,"{""0_42"": 1.0, ""0_43"": 0.9016846221885116, ""1_19"": 0.0, ""1_20"": 0.015876710932677823, ""1_21"": 0.20010557202426943}","{""0_42"": 1.0, ""0_43"": 0.25089453081825414, ""1_19"": 0.31774639812911215, ""1_20"": 0.19786901097586845, ""1_21"": 0.0}",0.5,0_42,1,0.42371042349661714,"{""0_42"": 1.0, ""0_43"": 0.5762895765033829, ""1_19"": 0.15887319906455608, ""1_20"": 0.10687286095427313, ""1_21"": 0.10005278601213471}"
formal_test,greedy_path,Greedy path,2_0_42_11_2_16.bin,18,0_42,direct_lda_top5,0_42;1_19;0_43;1_20;1_21,1,0_42,1,1_20,0_42,1,0.8915608982260227,0.04774999979417771,0,0,"{""0_42"": 1.0, ""0_43"": 0.10843910177397735, ""1_19"": 0.0, ""1_20"": 0.0720405114298214, ""1_21"": 0.024065252923591622}","{""0_42"": 1.0, ""0_43"": 0.25089453081825414, ""1_19"": 0.31774639812911215, ""1_20"": 0.19786901097586845, ""1_21"": 0.0}",0.5,0_42,1,0.8203331837038843,"{""0_42"": 1.0, ""0_43"": 0.17966681629611575, ""1_19"": 0.15887319906455608, ""1_20"": 0.13495476120284494, ""1_21"": 0.012032626461795811}"
formal_test,no_pheromone,No pheromone,2_0_42_11_2_16.bin,18,0_42,direct_lda_top5,0_42;1_19;0_43;1_20;1_21,1,0_42,1,1_20,0_42,1,0.4294810000237681,2.560916997026652,0,0,"{""0_42"": 1.0, ""0_43"": 0.5705189999762319, ""1_19"": 0.0, ""1_20"": 0.07799780660638607, ""1_21"": 0.06922760908474755}","{""0_42"": 1.0, ""0_43"": 0.25089453081825414, ""1_19"": 0.31774639812911215, ""1_20"": 0.19786901097586845, ""1_21"": 0.0}",0.5,0_42,1,0.589293234602757,"{""0_42"": 1.0, ""0_43"": 0.41070676539724305, ""1_19"": 0.15887319906455608, ""1_20"": 0.13793340879112725, ""1_21"": 0.034613804542373776}"
formal_test,full_aco,Full ACO,2_0_42_11_2_16.bin,18,0_42,direct_lda_top5,0_42;1_19;0_43;1_20;1_21,1,0_42,1,1_20,0_42,1,0.9262515255565091,2.987500003655441,0,0,"{""0_42"": 1.0, ""0_43"": 0.07374847444349088, ""1_19"": 0.0, ""1_20"": 0.038633514922780124, ""1_21"": 0.012846234457199124}","{""0_42"": 1.0, ""0_43"": 0.25089453081825414, ""1_19"": 0.31774639812911215, ""1_20"": 0.19786901097586845, ""1_21"": 0.0}",0.5,0_42,1,0.8376784973691275,"{""0_42"": 1.0, ""0_43"": 0.1623215026308725, ""1_19"": 0.15887319906455608, ""1_20"": 0.11825126294932428, ""1_21"": 0.006423117228599562}"
formal_test,average_cost,Average cost,2_0_43_11_2_16.bin,10,0_43,direct_lda_top5,0_43;0_42;0_44;1_19;1_21,1,0_43,1,0_43,0_43,1,0.07206011739018858,0.0005409965524449944,,,"{""0_42"": 0.9279398826098114, ""0_43"": 1.0, ""0_44"": 0.0, ""1_19"": 0.23021743281423093, ""1_21"": 0.7763280311783787}","{""0_42"": 0.08311044729544301, ""0_43"": 1.0, ""0_44"": 0.05502572480486418, ""1_19"": 0.0011369076939678102, ""1_21"": 0.0}",0.5,0_43,1,0.4944748350473728,"{""0_42"": 0.5055251649526272, ""0_43"": 1.0, ""0_44"": 0.02751286240243209, ""1_19"": 0.11567717025409938, ""1_21"": 0.38816401558918934}"
formal_test,greedy_path,Greedy path,2_0_43_11_2_16.bin,10,0_43,direct_lda_top5,0_43;0_42;0_44;1_19;1_21,1,0_43,1,0_43,0_43,1,0.8864944693695408,0.04016599268652499,0,0,"{""0_42"": 0.11350553063045925, ""0_43"": 1.0, ""0_44"": 0.0, ""1_19"": 0.028160177573646944, ""1_21"": 0.10087069106645787}","{""0_42"": 0.08311044729544301, ""0_43"": 1.0, ""0_44"": 0.05502572480486418, ""1_19"": 0.0011369076939678102, ""1_21"": 0.0}",0.5,0_43,1,0.9016920110370489,"{""0_42"": 0.09830798896295112, ""0_43"": 1.0, ""0_44"": 0.02751286240243209, ""1_19"": 0.014648542633807377, ""1_21"": 0.05043534553322893}"
formal_test,no_pheromone,No pheromone,2_0_43_11_2_16.bin,10,0_43,direct_lda_top5,0_43;0_42;0_44;1_19;1_21,1,0_43,1,0_43,0_43,1,0.48385760382961307,2.595124999061227,0,0,"{""0_42"": 0.5161423961703869, ""0_43"": 1.0, ""0_44"": 0.0, ""1_19"": 0.027141274072581902, ""1_21"": 0.21091353245102412}","{""0_42"": 0.08311044729544301, ""0_43"": 1.0, ""0_44"": 0.05502572480486418, ""1_19"": 0.0011369076939678102, ""1_21"": 0.0}",0.5,0_43,1,0.700373578267085,"{""0_42"": 0.299626421732915, ""0_43"": 1.0, ""0_44"": 0.02751286240243209, ""1_19"": 0.014139090883274856, ""1_21"": 0.10545676622551206}"
formal_test,full_aco,Full ACO,2_0_43_11_2_16.bin,10,0_43,direct_lda_top5,0_43;0_42;0_44;1_19;1_21,1,0_43,1,0_43,0_43,1,0.9235979910403677,2.897582991863601,0,0,"{""0_42"": 0.07640200895963233, ""0_43"": 1.0, ""0_44"": 0.0, ""1_19"": 0.01539473423792424, ""1_21"": 0.05543436714831814}","{""0_42"": 0.08311044729544301, ""0_43"": 1.0, ""0_44"": 0.05502572480486418, ""1_19"": 0.0011369076939678102, ""1_21"": 0.0}",0.5,0_43,1,0.9202437718724623,"{""0_42"": 0.07975622812753766, ""0_43"": 1.0, ""0_44"": 0.02751286240243209, ""1_19"": 0.008265820965946025, ""1_21"": 0.02771718357415907}"
formal_test,average_cost,Average cost,2_0_43_11_2_16.bin,13,0_43,direct_lda_top5,0_43;0_44;0_42;1_19;1_20,1,0_43,1,0_43,0_42,0,0.017045353091511894,0.0006249902071431279,,,"{""0_42"": 1.0, ""0_43"": 0.9829546469084881, ""0_44"": 0.0, ""1_19"": 0.4358644799320676, ""1_20"": 0.5181396064338157}","{""0_42"": 0.08436908650039981, ""0_43"": 1.0, ""0_44"": 0.13885899276550934, ""1_19"": 0.004282951048234447, ""1_20"": 0.0}",0.5,0_43,1,0.44929278020404406,"{""0_42"": 0.5421845432501999, ""0_43"": 0.991477323454244, ""0_44"": 0.06942949638275467, ""1_19"": 0.22007371549015103, ""1_20"": 0.25906980321690787}"
formal_test,greedy_path,Greedy path,2_0_43_11_2_16.bin,13,0_43,direct_lda_top5,0_43;0_44;0_42;1_19;1_20,1,0_43,1,0_43,0_42,0,0.7951768660919,0.04041699867229909,0,0,"{""0_42"": 1.0, ""0_43"": 0.2048231339081, ""0_44"": 0.0, ""1_19"": 0.06276744555527135, ""1_20"": 0.07162686376155626}","{""0_42"": 0.08436908650039981, ""0_43"": 1.0, ""0_44"": 0.13885899276550934, ""1_19"": 0.004282951048234447, ""1_20"": 0.0}",0.5,0_43,1,0.060227023703850024,"{""0_42"": 0.5421845432501999, ""0_43"": 0.60241156695405, ""0_44"": 0.06942949638275467, ""1_19"": 0.0335251983017529, ""1_20"": 0.03581343188077813}"
formal_test,no_pheromone,No pheromone,2_0_43_11_2_16.bin,13,0_43,direct_lda_top5,0_43;0_44;0_42;1_19;1_20,1,0_43,1,0_43,0_43,1,0.2499605251005772,2.620166997076012,0,0,"{""0_42"": 0.7500394748994228, ""0_43"": 1.0, ""0_44"": 0.0, ""1_19"": 0.07368187183173262, ""1_20"": 0.09918172441885538}","{""0_42"": 0.08436908650039981, ""0_43"": 1.0, ""0_44"": 0.13885899276550934, ""1_19"": 0.004282951048234447, ""1_20"": 0.0}",0.5,0_43,1,0.5827957193000887,"{""0_42"": 0.41720428069991133, ""0_43"": 1.0, ""0_44"": 0.06942949638275467, ""1_19"": 0.03898241143998354, ""1_20"": 0.04959086220942769}"
formal_test,full_aco,Full ACO,2_0_43_11_2_16.bin,13,0_43,direct_lda_top5,0_43;0_44;0_42;1_19;1_20,1,0_43,1,0_43,0_43,1,0.8569426752879928,2.780124996206723,0,0,"{""0_42"": 0.14305732471200716, ""0_43"": 1.0, ""0_44"": 0.0, ""1_19"": 0.03195796969863998, ""1_20"": 0.036561273572254895}","{""0_42"": 0.08436908650039981, ""0_43"": 1.0, ""0_44"": 0.13885899276550934, ""1_19"": 0.004282951048234447, ""1_20"": 0.0}",0.5,0_43,1,0.8862867943937965,"{""0_42"": 0.11371320560620349, ""0_43"": 1.0, ""0_44"": 0.06942949638275467, ""1_19"": 0.018120460373437213, ""1_20"": 0.018280636786127447}"
formal_test,average_cost,Average cost,2_0_43_11_2_16.bin,15,0_43,direct_lda_top5,0_43;0_42;0_44;1_19;1_21,1,0_43,1,0_43,0_43,1,0.013941479983051619,0.0006249902071431279,,,"{""0_42"": 0.9860585200169484, ""0_43"": 1.0, ""0_44"": 0.0, ""1_19"": 0.4262398803893694, ""1_21"": 0.9410002060726907}","{""0_42"": 0.05755937433616589, ""0_43"": 1.0, ""0_44"": 0.0529979946194254, ""1_19"": 0.001256636391032976, ""1_21"": 0.0}",0.5,0_43,1,0.4781910528234429,"{""0_42"": 0.5218089471765571, ""0_43"": 1.0, ""0_44"": 0.0264989973097127, ""1_19"": 0.21374825839020117, ""1_21"": 0.4705001030363454}"
formal_test,greedy_path,Greedy path,2_0_43_11_2_16.bin,15,0_43,direct_lda_top5,0_43;0_42;0_44;1_19;1_21,1,0_43,1,0_43,0_43,1,0.8811817213827834,0.04095800977665931,0,0,"{""0_42"": 0.11881827861721664, ""0_43"": 1.0, ""0_44"": 0.0, ""1_19"": 0.050029865960087086, ""1_21"": 0.1132816821664553}","{""0_42"": 0.05755937433616589, ""0_43"": 1.0, ""0_44"": 0.0529979946194254, ""1_19"": 0.001256636391032976, ""1_21"": 0.0}",0.5,0_43,1,0.9118111735233088,"{""0_42"": 0.08818882647669127, ""0_43"": 1.0, ""0_44"": 0.0264989973097127, ""1_19"": 0.02564325117556003, ""1_21"": 0.05664084108322765}"
formal_test,no_pheromone,No pheromone,2_0_43_11_2_16.bin,15,0_43,direct_lda_top5,0_43;0_42;0_44;1_19;1_21,1,0_43,1,0_43,0_43,1,0.11097386011006627,2.6302909973310307,0,0,"{""0_42"": 0.8890261398899337, ""0_43"": 1.0, ""0_44"": 0.0, ""1_19"": 0.06370022410592255, ""1_21"": 0.6270715088794249}","{""0_42"": 0.05755937433616589, ""0_43"": 1.0, ""0_44"": 0.0529979946194254, ""1_19"": 0.001256636391032976, ""1_21"": 0.0}",0.5,0_43,1,0.5267072428869501,"{""0_42"": 0.4732927571130498, ""0_43"": 1.0, ""0_44"": 0.0264989973097127, ""1_19"": 0.03247843024847776, ""1_21"": 0.31353575443971243}"
formal_test,full_aco,Full ACO,2_0_43_11_2_16.bin,15,0_43,direct_lda_top5,0_43;0_42;0_44;1_19;1_21,1,0_43,1,0_43,0_43,1,0.8441165150972634,2.753792010480538,0,0,"{""0_42"": 0.15588348490273657, ""0_43"": 1.0, ""0_44"": 0.0, ""1_19"": 0.026970865731411407, ""1_21"": 0.06126033192775085}","{""0_42"": 0.05755937433616589, ""0_43"": 1.0, ""0_44"": 0.0529979946194254, ""1_19"": 0.001256636391032976, ""1_21"": 0.0}",0.5,0_43,1,0.8932785703805488,"{""0_42"": 0.10672142961945123, ""0_43"": 1.0, ""0_44"": 0.0264989973097127, ""1_19"": 0.014113751061222191, ""1_21"": 0.030630165963875425}"
formal_test,average_cost,Average cost,2_0_43_11_2_16.bin,19,0_43,direct_lda_top5,0_43;0_44;0_42;1_19;1_20,1,0_43,1,0_42,0_42,0,0.13806248861905202,0.0008330098353326321,,,"{""0_42"": 1.0, ""0_43"": 0.861937511380948, ""0_44"": 0.12070662363436198, ""1_19"": 0.0, ""1_20"": 0.5819005467350283}","{""0_42"": 0.15370598567789182, ""0_43"": 1.0, ""0_44"": 0.17745689732638603, ""1_19"": 0.012246119814629735, ""1_20"": 0.0}",0.5,0_43,1,0.3541157628515281,"{""0_42"": 0.5768529928389459, ""0_43"": 0.930968755690474, ""0_44"": 0.149081760480374, ""1_19"": 0.0061230599073148675, ""1_20"": 0.29095027336751417}"
formal_test,greedy_path,Greedy path,2_0_43_11_2_16.bin,19,0_43,direct_lda_top5,0_43;0_44;0_42;1_19;1_20,1,0_43,1,0_42,0_42,0,0.8937556840316129,0.044791988329961896,0,0,"{""0_42"": 1.0, ""0_43"": 0.10624431596838717, ""0_44"": 0.014878564271254235, ""1_19"": 0.0, ""1_20"": 0.07421162449545662}","{""0_42"": 0.15370598567789182, ""0_43"": 1.0, ""0_44"": 0.17745689732638603, ""1_19"": 0.012246119814629735, ""1_20"": 0.0}",0.5,0_42,0,0.023730834854752247,"{""0_42"": 0.5768529928389459, ""0_43"": 0.5531221579841936, ""0_44"": 0.09616773079882013, ""1_19"": 0.0061230599073148675, ""1_20"": 0.03710581224772831}"
formal_test,no_pheromone,No pheromone,2_0_43_11_2_16.bin,19,0_43,direct_lda_top5,0_43;0_44;0_42;1_19;1_20,1,0_43,1,0_42,0_42,0,0.35957973449548974,2.6010000001406297,0,0,"{""0_42"": 1.0, ""0_43"": 0.6404202655045103, ""0_44"": 0.022481533857591156, ""1_19"": 0.0, ""1_20"": 0.13182142886151632}","{""0_42"": 0.15370598567789182, ""0_43"": 1.0, ""0_44"": 0.17745689732638603, ""1_19"": 0.012246119814629735, ""1_20"": 0.0}",0.5,0_43,1,0.2433571399133092,"{""0_42"": 0.5768529928389459, ""0_43"": 0.8202101327522551, ""0_44"": 0.0999692155919886, ""1_19"": 0.0061230599073148675, ""1_20"": 0.06591071443075816}"
formal_test,full_aco,Full ACO,2_0_43_11_2_16.bin,19,0_43,direct_lda_top5,0_43;0_44;0_42;1_19;1_20,1,0_43,1,0_42,0_42,0,0.9413307531898163,2.848333999281749,0,0,"{""0_42"": 1.0, ""0_43"": 0.058669246810183706, ""0_44"": 0.008297994971823873, ""1_19"": 0.0, ""1_20"": 0.04103070854059856}","{""0_42"": 0.15370598567789182, ""0_43"": 1.0, ""0_44"": 0.17745689732638603, ""1_19"": 0.012246119814629735, ""1_20"": 0.0}",0.5,0_42,0,0.04751836943385401,"{""0_42"": 0.5768529928389459, ""0_43"": 0.5293346234050919, ""0_44"": 0.09287744614910495, ""1_19"": 0.0061230599073148675, ""1_20"": 0.02051535427029928}"
formal_test,average_cost,Average cost,2_0_44_11_2_16.bin,3,0_44,direct_lda_top5,0_44;0_42;0_43;0_45;1_19,1,0_44,1,0_44,0_44,1,0.0783620430896641,0.0007920025382190943,,,"{""0_42"": 0.9216379569103359, ""0_43"": 0.37541650630658996, ""0_44"": 1.0, ""0_45"": 0.3526230897126671, ""1_19"": 0.0}","{""0_42"": 0.016331116062552654, ""0_43"": 0.010588159067812243, ""0_44"": 1.0, ""0_45"": 0.002228745373520999, ""1_19"": 0.0}",0.5,0_44,1,0.5310154635135558,"{""0_42"": 0.4689845364864443, ""0_43"": 0.1930023326872011, ""0_44"": 1.0, ""0_45"": 0.17742591754309406, ""1_19"": 0.0}"
formal_test,greedy_path,Greedy path,2_0_44_11_2_16.bin,3,0_44,direct_lda_top5,0_44;0_42;0_43;0_45;1_19,1,0_44,1,0_44,0_44,1,0.8821888597543994,0.042750005377456546,0,0,"{""0_42"": 0.11781114024560053, ""0_43"": 0.04798874258962612, ""0_44"": 1.0, ""0_45"": 0.04507510564695373, ""1_19"": 0.0}","{""0_42"": 0.016331116062552654, ""0_43"": 0.010588159067812243, ""0_44"": 1.0, ""0_45"": 0.002228745373520999, ""1_19"": 0.0}",0.5,0_44,1,0.9329288718459234,"{""0_42"": 0.06707112815407659, ""0_43"": 0.02928845082871918, ""0_44"": 1.0, ""0_45"": 0.023651925510237364, ""1_19"": 0.0}"
formal_test,no_pheromone,No pheromone,2_0_44_11_2_16.bin,3,0_44,direct_lda_top5,0_44;0_42;0_43;0_45;1_19,1,0_44,1,0_44,0_44,1,0.5880850010690604,2.6330830005463213,0,0,"{""0_42"": 0.41191499893093964, ""0_43"": 0.041114359061418304, ""0_44"": 1.0, ""0_45"": 0.060467584110155764, ""1_19"": 0.0}","{""0_42"": 0.016331116062552654, ""0_43"": 0.010588159067812243, ""0_44"": 1.0, ""0_45"": 0.002228745373520999, ""1_19"": 0.0}",0.5,0_44,1,0.7858769425032539,"{""0_42"": 0.21412305749674615, ""0_43"": 0.025851259064615273, ""0_44"": 1.0, ""0_45"": 0.03134816474183838, ""1_19"": 0.0}"
formal_test,full_aco,Full ACO,2_0_44_11_2_16.bin,3,0_44,direct_lda_top5,0_44;0_42;0_43;0_45;1_19,1,0_44,1,0_44,0_44,1,0.9346182135195877,2.745459001744166,0,0,"{""0_42"": 0.0653817864804123, ""0_43"": 0.02664348748179589, ""0_44"": 1.0, ""0_45"": 0.02503689744555027, ""1_19"": 0.0}","{""0_42"": 0.016331116062552654, ""0_43"": 0.010588159067812243, ""0_44"": 1.0, ""0_45"": 0.002228745373520999, ""1_19"": 0.0}",0.5,0_44,1,0.9591435487285175,"{""0_42"": 0.04085645127148248, ""0_43"": 0.018615823274804065, ""0_44"": 1.0, ""0_45"": 0.013632821409535634, ""1_19"": 0.0}"
formal_test,average_cost,Average cost,2_0_44_11_2_16.bin,9,0_44,direct_lda_top5,0_44;0_43;0_42;0_45;1_19,1,0_44,1,0_43,0_43,0,0.09574733746580744,0.0007910130079835653,,,"{""0_42"": 0.9042526625341926, ""0_43"": 1.0, ""0_44"": 0.880842504746824, ""0_45"": 0.18747568864501907, ""1_19"": 0.0}","{""0_42"": 0.022507861473907913, ""0_43"": 0.29709534580069136, ""0_44"": 1.0, ""0_45"": 0.0003021982613850405, ""1_19"": 0.0}",0.5,0_44,1,0.29187357947306636,"{""0_42"": 0.46338026200405025, ""0_43"": 0.6485476729003457, ""0_44"": 0.940421252373412, ""0_45"": 0.09388894345320205, ""1_19"": 0.0}"
formal_test,greedy_path,Greedy path,2_0_44_11_2_16.bin,9,0_44,direct_lda_top5,0_44;0_43;0_42;0_45;1_19,1,0_44,1,0_43,0_43,0,0.8947384118126345,0.04595798964146525,0,0,"{""0_42"": 0.10526158818736554, ""0_43"": 1.0, ""0_44"": 0.10253647551641218, ""0_45"": 0.021823534008724638, ""1_19"": 0.0}","{""0_42"": 0.022507861473907913, ""0_43"": 0.29709534580069136, ""0_44"": 1.0, ""0_45"": 0.0003021982613850405, ""1_19"": 0.0}",0.5,0_43,0,0.09727943514213955,"{""0_42"": 0.06388472483063673, ""0_43"": 0.6485476729003457, ""0_44"": 0.5512682377582061, ""0_45"": 0.01106286613505484, ""1_19"": 0.0}"
formal_test,no_pheromone,No pheromone,2_0_44_11_2_16.bin,9,0_44,direct_lda_top5,0_44;0_43;0_42;0_45;1_19,1,0_44,1,0_43,0_43,0,0.6017965041938368,2.7855419903062284,0,0,"{""0_42"": 0.35206234525519814, ""0_43"": 1.0, ""0_44"": 0.3982034958061632, ""0_45"": 0.024946896712433178, ""1_19"": 0.0}","{""0_42"": 0.022507861473907913, ""0_43"": 0.29709534580069136, ""0_44"": 1.0, ""0_45"": 0.0003021982613850405, ""1_19"": 0.0}",0.5,0_44,1,0.05055407500273601,"{""0_42"": 0.18728510336455303, ""0_43"": 0.6485476729003457, ""0_44"": 0.6991017479030817, ""0_45"": 0.01262454748690911, ""1_19"": 0.0}"
formal_test,full_aco,Full ACO,2_0_44_11_2_16.bin,9,0_44,direct_lda_top5,0_44;0_43;0_42;0_45;1_19,1,0_44,1,0_43,0_43,0,0.9211058631499013,2.7120000013383105,0,0,"{""0_42"": 0.06754468461288538, ""0_43"": 1.0, ""0_44"": 0.07889413685009872, ""0_45"": 0.01203556196160065, ""1_19"": 0.0}","{""0_42"": 0.022507861473907913, ""0_43"": 0.29709534580069136, ""0_44"": 1.0, ""0_45"": 0.0003021982613850405, ""1_19"": 0.0}",0.5,0_43,0,0.10910060447529624,"{""0_42"": 0.045026273043396646, ""0_43"": 0.6485476729003457, ""0_44"": 0.5394470684250494, ""0_45"": 0.006168880111492845, ""1_19"": 0.0}"
formal_test,average_cost,Average cost,2_0_44_11_2_16.bin,11,0_44,direct_lda_top5,0_44;0_43;0_42;1_19;0_45,1,0_44,1,0_44,0_44,1,0.16803319807353756,0.0010840012691915035,,,"{""0_42"": 0.8319668019264624, ""0_43"": 0.7110512534969324, ""0_44"": 1.0, ""0_45"": 0.21078754960682042, ""1_19"": 0.0}","{""0_42"": 0.025443947597426016, ""0_43"": 0.06399630195703424, ""0_44"": 1.0, ""0_45"": 0.0, ""1_19"": 0.004664807411653673}",0.5,0_44,1,0.5712946252380557,"{""0_42"": 0.4287053747619442, ""0_43"": 0.3875237777269833, ""0_44"": 1.0, ""0_45"": 0.10539377480341021, ""1_19"": 0.0023324037058268365}"
formal_test,greedy_path,Greedy path,2_0_44_11_2_16.bin,11,0_44,direct_lda_top5,0_44;0_43;0_42;1_19;0_45,1,0_44,1,0_44,0_44,1,0.894105762667234,0.05395899643190205,0,0,"{""0_42"": 0.10589423733276601, ""0_43"": 0.09050388791861956, ""0_44"": 1.0, ""0_45"": 0.028802252499371857, ""1_19"": 0.0}","{""0_42"": 0.025443947597426016, ""0_43"": 0.06399630195703424, ""0_44"": 1.0, ""0_45"": 0.0, ""1_19"": 0.004664807411653673}",0.5,0_44,1,0.9227499050621731,"{""0_42"": 0.06566909246509602, ""0_43"": 0.07725009493782689, ""0_44"": 1.0, ""0_45"": 0.014401126249685928, ""1_19"": 0.0023324037058268365}"
formal_test,no_pheromone,No pheromone,2_0_44_11_2_16.bin,11,0_44,direct_lda_top5,0_44;0_43;0_42;1_19;0_45,1,0_44,1,0_44,0_44,1,0.7386722710295226,2.6948750019073486,0,0,"{""0_42"": 0.26132772897047746, ""0_43"": 0.19114242375419616, ""0_44"": 1.0, ""0_45"": 0.033224778305678174, ""1_19"": 0.0}","{""0_42"": 0.025443947597426016, ""0_43"": 0.06399630195703424, ""0_44"": 1.0, ""0_45"": 0.0, ""1_19"": 0.004664807411653673}",0.5,0_44,1,0.8566141617160483,"{""0_42"": 0.14338583828395174, ""0_43"": 0.1275693628556152, ""0_44"": 1.0, ""0_45"": 0.016612389152839087, ""1_19"": 0.0023324037058268365}"
formal_test,full_aco,Full ACO,2_0_44_11_2_16.bin,11,0_44,direct_lda_top5,0_44;0_43;0_42;1_19;0_45,1,0_44,1,0_44,0_44,1,0.9364360837050312,2.9087080038152635,0,0,"{""0_42"": 0.0635639162949688, ""0_43"": 0.050022732025170435, ""0_44"": 1.0, ""0_45"": 0.015949570485823295, ""1_19"": 0.0}","{""0_42"": 0.025443947597426016, ""0_43"": 0.06399630195703424, ""0_44"": 1.0, ""0_45"": 0.0, ""1_19"": 0.004664807411653673}",0.5,0_44,1,0.9429904830088977,"{""0_42"": 0.04450393194619741, ""0_43"": 0.057009516991102335, ""0_44"": 1.0, ""0_45"": 0.007974785242911647, ""1_19"": 0.0023324037058268365}"
formal_test,average_cost,Average cost,2_0_44_11_2_16.bin,16,0_44,direct_lda_top5,0_44;0_43;0_42;0_45;1_19,1,0_44,1,0_44,0_42,0,0.19258290578027015,0.000790998456068337,,,"{""0_42"": 1.0, ""0_43"": 0.5894244212650386, ""0_44"": 0.8074170942197298, ""0_45"": 0.22852459487669158, ""1_19"": 0.0}","{""0_42"": 0.016630031360991827, ""0_43"": 0.03350683205999901, ""0_44"": 1.0, ""0_45"": 0.0029971323810201976, ""1_19"": 0.0}",0.5,0_44,1,0.39539353142936906,"{""0_42"": 0.5083150156804959, ""0_43"": 0.3114656266625188, ""0_44"": 0.9037085471098649, ""0_45"": 0.11576086362885589, ""1_19"": 0.0}"
formal_test,greedy_path,Greedy path,2_0_44_11_2_16.bin,16,0_44,direct_lda_top5,0_44;0_43;0_42;0_45;1_19,1,0_44,1,0_44,0_42,0,0.8184931483668502,0.04100000660400838,0,0,"{""0_42"": 1.0, ""0_43"": 0.082511009492488, ""0_44"": 0.18150685163314983, ""0_45"": 0.0319901828578274, ""1_19"": 0.0}","{""0_42"": 0.016630031360991827, ""0_43"": 0.03350683205999901, ""0_44"": 1.0, ""0_45"": 0.0029971323810201976, ""1_19"": 0.0}",0.5,0_44,1,0.08243841013607911,"{""0_42"": 0.5083150156804959, ""0_43"": 0.058008920776243506, ""0_44"": 0.590753425816575, ""0_45"": 0.0174936576194238, ""1_19"": 0.0}"
formal_test,no_pheromone,No pheromone,2_0_44_11_2_16.bin,16,0_44,direct_lda_top5,0_44;0_43;0_42;0_45;1_19,1,0_44,1,0_44,0_42,0,0.45751477488786496,2.5966669927584007,0,0,"{""0_42"": 1.0, ""0_43"": 0.14107018449319078, ""0_44"": 0.542485225112135, ""0_45"": 0.030907024480417957, ""1_19"": 0.0}","{""0_42"": 0.016630031360991827, ""0_43"": 0.03350683205999901, ""0_44"": 1.0, ""0_45"": 0.0029971323810201976, ""1_19"": 0.0}",0.5,0_44,1,0.26292759687557166,"{""0_42"": 0.5083150156804959, ""0_43"": 0.0872885082765949, ""0_44"": 0.7712426125560675, ""0_45"": 0.016952078430719077, ""1_19"": 0.0}"
formal_test,full_aco,Full ACO,2_0_44_11_2_16.bin,16,0_44,direct_lda_top5,0_44;0_43;0_42;0_45;1_19,1,0_44,1,0_44,0_42,0,0.8595727342504054,2.7039999986300245,0,0,"{""0_42"": 1.0, ""0_43"": 0.04406257344295218, ""0_44"": 0.1404272657495947, ""0_45"": 0.017118834607336972, ""1_19"": 0.0}","{""0_42"": 0.016630031360991827, ""0_43"": 0.03350683205999901, ""0_44"": 1.0, ""0_45"": 0.0029971323810201976, ""1_19"": 0.0}",0.5,0_44,1,0.06189861719430145,"{""0_42"": 0.5083150156804959, ""0_43"": 0.038784702751475594, ""0_44"": 0.5702136328747973, ""0_45"": 0.010057983494178585, ""1_19"": 0.0}"
formal_test,average_cost,Average cost,2_0_45_11_2_16.bin,3,0_45,direct_lda_top5,0_45;1_17;0_48;1_18;0_44,1,0_45,1,0_45,0_45,1,0.035673540521721114,0.0008329952834174037,,,"{""0_44"": 0.0, ""0_45"": 1.0, ""0_48"": 0.9053465717102525, ""1_17"": 0.9643264594782789, ""1_18"": 0.875169983120603}","{""0_44"": 0.0, ""0_45"": 1.0, ""0_48"": 0.012693921680577782, ""1_17"": 0.01564984984883792, ""1_18"": 0.0031503063650021976}",0.5,0_45,1,0.5100118453364416,"{""0_44"": 0.0, ""0_45"": 1.0, ""0_48"": 0.45902024669541514, ""1_17"": 0.4899881546635584, ""1_18"": 0.4391601447428026}"
formal_test,greedy_path,Greedy path,2_0_45_11_2_16.bin,3,0_45,direct_lda_top5,0_45;1_17;0_48;1_18;0_44,1,0_45,1,0_45,0_45,1,0.8645365716708595,0.04116600030101836,0,0,"{""0_44"": 0.0, ""0_45"": 1.0, ""0_48"": 0.11627267603451492, ""1_17"": 0.1354634283291405, ""1_18"": 0.11239712956584823}","{""0_44"": 0.0, ""0_45"": 1.0, ""0_48"": 0.012693921680577782, ""1_17"": 0.01564984984883792, ""1_18"": 0.0031503063650021976}",0.5,0_45,1,0.9244433609110108,"{""0_44"": 0.0, ""0_45"": 1.0, ""0_48"": 0.06448329885754635, ""1_17"": 0.0755566390889892, ""1_18"": 0.057773717965425214}"
formal_test,no_pheromone,No pheromone,2_0_45_11_2_16.bin,3,0_45,direct_lda_top5,0_45;1_17;0_48;1_18;0_44,1,0_45,1,0_45,0_45,1,0.32505149356685514,2.7136250137118623,0,0,"{""0_44"": 0.0, ""0_45"": 1.0, ""0_48"": 0.3391425050070995, ""1_17"": 0.6749485064331449, ""1_18"": 0.33728415197093914}","{""0_44"": 0.0, ""0_45"": 1.0, ""0_48"": 0.012693921680577782, ""1_17"": 0.01564984984883792, ""1_18"": 0.0031503063650021976}",0.5,0_45,1,0.6547008218590087,"{""0_44"": 0.0, ""0_45"": 1.0, ""0_48"": 0.17591821334383864, ""1_17"": 0.34529917814099137, ""1_18"": 0.17021722916797066}"
formal_test,full_aco,Full ACO,2_0_45_11_2_16.bin,3,0_45,direct_lda_top5,0_45;1_17;0_48;1_18;0_44,1,0_45,1,0_45,0_45,1,0.8676356561510723,2.7075830003013834,0,0,"{""0_44"": 0.0, ""0_45"": 1.0, ""0_48"": 0.06436631061056314, ""1_17"": 0.13236434384892773, ""1_18"": 0.06137376044595233}","{""0_44"": 0.0, ""0_45"": 1.0, ""0_48"": 0.012693921680577782, ""1_17"": 0.01564984984883792, ""1_18"": 0.0031503063650021976}",0.5,0_45,1,0.9259929031511172,"{""0_44"": 0.0, ""0_45"": 1.0, ""0_48"": 0.03853011614557046, ""1_17"": 0.07400709684888282, ""1_18"": 0.032262033405477265}"
formal_test,average_cost,Average cost,2_0_45_11_2_16.bin,6,0_45,direct_lda_top5,0_45;1_17;0_48;1_18;0_44,1,0_45,1,0_45,0_45,1,0.03348709681017381,0.0014169927453622222,,,"{""0_44"": 0.0, ""0_45"": 1.0, ""0_48"": 0.9603087374656837, ""1_17"": 0.9665129031898262, ""1_18"": 0.8703790060812081}","{""0_44"": 0.0, ""0_45"": 1.0, ""0_48"": 0.009926925428545296, ""1_17"": 0.01733468525191388, ""1_18"": 0.004037092182799588}",0.5,0_45,1,0.5080762057791299,"{""0_44"": 0.0, ""0_45"": 1.0, ""0_48"": 0.4851178314471145, ""1_17"": 0.49192379422087, ""1_18"": 0.43720804913200384}"
formal_test,greedy_path,Greedy path,2_0_45_11_2_16.bin,6,0_45,direct_lda_top5,0_45;1_17;0_48;1_18;0_44,1,0_45,1,0_45,0_45,1,0.8683711942298558,0.05225000495556742,0,0,"{""0_44"": 0.0, ""0_45"": 1.0, ""0_48"": 0.13162880577014427, ""1_17"": 0.12267709245458051, ""1_18"": 0.1104750546497145}","{""0_44"": 0.0, ""0_45"": 1.0, ""0_48"": 0.009926925428545296, ""1_17"": 0.01733468525191388, ""1_18"": 0.004037092182799588}",0.5,0_45,1,0.9292221344006553,"{""0_44"": 0.0, ""0_45"": 1.0, ""0_48"": 0.07077786559934478, ""1_17"": 0.0700058888532472, ""1_18"": 0.05725607341625704}"
formal_test,no_pheromone,No pheromone,2_0_45_11_2_16.bin,6,0_45,direct_lda_top5,0_45;1_17;0_48;1_18;0_44,1,0_45,1,0_45,0_45,1,0.28007360934211434,2.762916003121063,0,0,"{""0_44"": 0.0, ""0_45"": 1.0, ""0_48"": 0.656458222286971, ""1_17"": 0.7199263906578857, ""1_18"": 0.2707862450314759}","{""0_44"": 0.0, ""0_45"": 1.0, ""0_48"": 0.009926925428545296, ""1_17"": 0.01733468525191388, ""1_18"": 0.004037092182799588}",0.5,0_45,1,0.6313694620451002,"{""0_44"": 0.0, ""0_45"": 1.0, ""0_48"": 0.3331925738577582, ""1_17"": 0.36863053795489975, ""1_18"": 0.13741166860713774}"
formal_test,full_aco,Full ACO,2_0_45_11_2_16.bin,6,0_45,direct_lda_top5,0_45;1_17;0_48;1_18;0_44,1,0_45,1,0_45,0_45,1,0.8903353050919769,2.868124996894039,0,0,"{""0_44"": 0.0, ""0_45"": 1.0, ""0_48"": 0.09166416975863068, ""1_17"": 0.10966469490802307, ""1_18"": 0.0601241691142508}","{""0_44"": 0.0, ""0_45"": 1.0, ""0_48"": 0.009926925428545296, ""1_17"": 0.01733468525191388, ""1_18"": 0.004037092182799588}",0.5,0_45,1,0.9365003099200315,"{""0_44"": 0.0, ""0_45"": 1.0, ""0_48"": 0.05079554759358799, ""1_17"": 0.06349969007996847, ""1_18"": 0.0320806306485252}"
formal_test,average_cost,Average cost,2_0_45_11_2_16.bin,7,0_45,direct_lda_top5,0_45;0_48;1_17;1_18;0_44,1,0_45,1,0_45,0_45,1,0.0506996893642474,0.0007499911589547992,,,"{""0_44"": 0.0, ""0_45"": 1.0, ""0_48"": 0.9204370158627092, ""1_17"": 0.9493003106357526, ""1_18"": 0.8470260287585637}","{""0_44"": 0.0, ""0_45"": 1.0, ""0_48"": 0.019321365808922856, ""1_17"": 0.011999271408651495, ""1_18"": 0.0015116233248709465}",0.5,0_45,1,0.5193502089777979,"{""0_44"": 0.0, ""0_45"": 1.0, ""0_48"": 0.46987919083581603, ""1_17"": 0.48064979102220207, ""1_18"": 0.42426882604171734}"
formal_test,greedy_path,Greedy path,2_0_45_11_2_16.bin,7,0_45,direct_lda_top5,0_45;0_48;1_17;1_18;0_44,1,0_45,1,0_45,0_45,1,0.8762477922265285,0.041915991459973156,0,0,"{""0_44"": 0.0, ""0_45"": 1.0, ""0_48"": 0.11877802127910123, ""1_17"": 0.1237522077734715, ""1_18"": 0.10930468237801054}","{""0_44"": 0.0, ""0_45"": 1.0, ""0_48"": 0.019321365808922856, ""1_17"": 0.011999271408651495, ""1_18"": 0.0015116233248709465}",0.5,0_45,1,0.930950306455988,"{""0_44"": 0.0, ""0_45"": 1.0, ""0_48"": 0.06904969354401204, ""1_17"": 0.0678757395910615, ""1_18"": 0.055408152851440746}"
formal_test,no_pheromone,No pheromone,2_0_45_11_2_16.bin,7,0_45,direct_lda_top5,0_45;0_48;1_17;1_18;0_44,1,0_45,1,0_45,0_45,1,0.4720473439045324,2.634542004670948,0,0,"{""0_44"": 0.0, ""0_45"": 1.0, ""0_48"": 0.42764648577506637, ""1_17"": 0.5279526560954676, ""1_18"": 0.24679139086177607}","{""0_44"": 0.0, ""0_45"": 1.0, ""0_48"": 0.019321365808922856, ""1_17"": 0.011999271408651495, ""1_18"": 0.0015116233248709465}",0.5,0_45,1,0.7300240362479404,"{""0_44"": 0.0, ""0_45"": 1.0, ""0_48"": 0.2234839257919946, ""1_17"": 0.26997596375205957, ""1_18"": 0.12415150709332351}"
formal_test,full_aco,Full ACO,2_0_45_11_2_16.bin,7,0_45,direct_lda_top5,0_45;0_48;1_17;1_18;0_44,1,0_45,1,0_45,0_45,1,0.9314967715336575,2.749958002823405,0,0,"{""0_44"": 0.0, ""0_45"": 1.0, ""0_48"": 0.06564461224628877, ""1_17"": 0.06850322846634246, ""1_18"": 0.06044427385058463}","{""0_44"": 0.0, ""0_45"": 1.0, ""0_48"": 0.019321365808922856, ""1_17"": 0.011999271408651495, ""1_18"": 0.0015116233248709465}",0.5,0_45,1,0.9575170109723942,"{""0_44"": 0.0, ""0_45"": 1.0, ""0_48"": 0.04248298902760581, ""1_17"": 0.04025124993749698, ""1_18"": 0.030977948587727788}"
formal_test,average_cost,Average cost,2_0_45_11_2_16.bin,16,0_45,direct_lda_top5,0_45;1_17;0_44;1_18;0_48,1,0_45,1,1_20,0_45,1,0.3887956893406518,0.0013329990906640887,,,"{""0_44"": 0.0, ""0_45"": 1.0, ""0_48"": 0.6112043106593482, ""1_17"": 0.52483600628238, ""1_18"": 0.445394616355441}","{""0_44"": 0.015233244280606096, ""0_45"": 1.0, ""0_48"": 0.0, ""1_17"": 0.023371290626223475, ""1_18"": 0.0133068306736538}",0.5,0_45,1,0.6943978446703258,"{""0_44"": 0.007616622140303048, ""0_45"": 1.0, ""0_48"": 0.3056021553296741, ""1_17"": 0.27410364845430174, ""1_18"": 0.22935072351454738}"
formal_test,greedy_path,Greedy path,2_0_45_11_2_16.bin,16,0_45,direct_lda_top5,0_45;1_17;0_44;1_18;0_48,1,0_45,1,1_20,0_45,1,0.9037027467146278,0.06166700040921569,0,0,"{""0_44"": 0.0, ""0_45"": 1.0, ""0_48"": 0.0962972532853722, ""1_17"": 0.09416388693742225, ""1_18"": 0.07017338954441008}","{""0_44"": 0.015233244280606096, ""0_45"": 1.0, ""0_48"": 0.0, ""1_17"": 0.023371290626223475, ""1_18"": 0.0133068306736538}",0.5,0_45,1,0.9412324112181771,"{""0_44"": 0.007616622140303048, ""0_45"": 1.0, ""0_48"": 0.0481486266426861, ""1_17"": 0.058767588781822866, ""1_18"": 0.04174011010903194}"
formal_test,no_pheromone,No pheromone,2_0_45_11_2_16.bin,16,0_45,direct_lda_top5,0_45;1_17;0_44;1_18;0_48,1,0_45,1,1_20,0_45,1,0.8367247223849059,2.644874999532476,0,0,"{""0_44"": 0.0, ""0_45"": 1.0, ""0_48"": 0.16327527761509414, ""1_17"": 0.12459435759001775, ""1_18"": 0.06828104973344344}","{""0_44"": 0.015233244280606096, ""0_45"": 1.0, ""0_48"": 0.0, ""1_17"": 0.023371290626223475, ""1_18"": 0.0133068306736538}",0.5,0_45,1,0.918362361192453,"{""0_44"": 0.007616622140303048, ""0_45"": 1.0, ""0_48"": 0.08163763880754707, ""1_17"": 0.07398282410812061, ""1_18"": 0.04079394020354862}"
formal_test,full_aco,Full ACO,2_0_45_11_2_16.bin,16,0_45,direct_lda_top5,0_45;1_17;0_44;1_18;0_48,1,0_45,1,1_20,0_45,1,0.9478621516683308,2.6975419896189123,0,0,"{""0_44"": 0.0, ""0_45"": 1.0, ""0_48"": 0.052137848331669234, ""1_17"": 0.05110356497544599, ""1_18"": 0.0380087102517328}","{""0_44"": 0.015233244280606096, ""0_45"": 1.0, ""0_48"": 0.0, ""1_17"": 0.023371290626223475, ""1_18"": 0.0133068306736538}",0.5,0_45,1,0.9627625721991653,"{""0_44"": 0.007616622140303048, ""0_45"": 1.0, ""0_48"": 0.026068924165834617, ""1_17"": 0.037237427800834735, ""1_18"": 0.0256577704626933}"
formal_test,average_cost,Average cost,2_0_48_11_2_16.bin,2,0_48,direct_lda_top5,0_48;0_45;0_50;0_44;1_17,1,0_48,1,0_48,0_48,1,0.06772786587794433,0.0007500057108700275,,,"{""0_44"": 0.0, ""0_45"": 0.9322721341220557, ""0_48"": 1.0, ""0_50"": 0.5705068506485966, ""1_17"": 0.9170595419057279}","{""0_44"": 3.3747044811453836e-06, ""0_45"": 0.010017932809277076, ""0_48"": 1.0, ""0_50"": 0.00016890445404796014, ""1_17"": 0.0}",0.5,0_48,1,0.5288549665343336,"{""0_44"": 1.6873522405726918e-06, ""0_45"": 0.4711450334656664, ""0_48"": 1.0, ""0_50"": 0.2853378775513223, ""1_17"": 0.45852977095286396}"
formal_test,greedy_path,Greedy path,2_0_48_11_2_16.bin,2,0_48,direct_lda_top5,0_48;0_45;0_50;0_44;1_17,1,0_48,1,0_48,0_48,1,0.8792136797240314,0.04300000728107989,0,0,"{""0_44"": 0.0, ""0_45"": 0.12078632027596863, ""0_48"": 1.0, ""0_50"": 0.08625323216619726, ""1_17"": 0.11881535818409031}","{""0_44"": 3.3747044811453836e-06, ""0_45"": 0.010017932809277076, ""0_48"": 1.0, ""0_50"": 0.00016890445404796014, ""1_17"": 0.0}",0.5,0_48,1,0.9345978734573771,"{""0_44"": 1.6873522405726918e-06, ""0_45"": 0.06540212654262285, ""0_48"": 1.0, ""0_50"": 0.04321106831012261, ""1_17"": 0.059407679092045154}"
formal_test,no_pheromone,No pheromone,2_0_48_11_2_16.bin,2,0_48,direct_lda_top5,0_48;0_45;0_50;0_44;1_17,1,0_48,1,0_48,0_48,1,0.6387961067866803,2.6287500077160075,0,0,"{""0_44"": 0.0, ""0_45"": 0.30660280481680596, ""0_48"": 1.0, ""0_50"": 0.10358603329363764, ""1_17"": 0.3612038932133197}","{""0_44"": 3.3747044811453836e-06, ""0_45"": 0.010017932809277076, ""0_48"": 1.0, ""0_50"": 0.00016890445404796014, ""1_17"": 0.0}",0.5,0_48,1,0.8193980533933402,"{""0_44"": 1.6873522405726918e-06, ""0_45"": 0.15831036881304153, ""0_48"": 1.0, ""0_50"": 0.0518774688738428, ""1_17"": 0.18060194660665985}"
formal_test,full_aco,Full ACO,2_0_48_11_2_16.bin,2,0_48,direct_lda_top5,0_48;0_45;0_50;0_44;1_17,1,0_48,1,0_48,0_48,1,0.9155559973393104,2.8500830085249618,0,0,"{""0_44"": 0.0, ""0_45"": 0.0844440026606896, ""0_48"": 1.0, ""0_50"": 0.04726128686862859, ""1_17"": 0.08147666059817545}","{""0_44"": 3.3747044811453836e-06, ""0_45"": 0.010017932809277076, ""0_48"": 1.0, ""0_50"": 0.00016890445404796014, ""1_17"": 0.0}",0.5,0_48,1,0.9527690322650166,"{""0_44"": 1.6873522405726918e-06, ""0_45"": 0.04723096773498334, ""0_48"": 1.0, ""0_50"": 0.023715095661338278, ""1_17"": 0.04073833029908772}"
formal_test,average_cost,Average cost,2_0_48_11_2_16.bin,5,0_48,direct_lda_top5,0_48;0_45;0_50;0_44;1_17,1,0_48,1,0_48,0_48,1,0.1428370186794956,0.0007500057108700275,,,"{""0_44"": 0.0, ""0_45"": 0.8571629813205044, ""0_48"": 1.0, ""0_50"": 0.5867347359169858, ""1_17"": 0.8376183378667152}","{""0_44"": 7.305575355758505e-05, ""0_45"": 0.025910587456969385, ""0_48"": 1.0, ""0_50"": 0.0006903425695643929, ""1_17"": 0.0}",0.5,0_48,1,0.5584632156112631,"{""0_44"": 3.6527876778792525e-05, ""0_45"": 0.4415367843887369, ""0_48"": 1.0, ""0_50"": 0.29371253924327506, ""1_17"": 0.4188091689333576}"
formal_test,greedy_path,Greedy path,2_0_48_11_2_16.bin,5,0_48,direct_lda_top5,0_48;0_45;0_50;0_44;1_17,1,0_48,1,0_48,0_48,1,0.8838227256369746,0.03975001163780689,0,0,"{""0_44"": 0.0, ""0_45"": 0.11617727436302536, ""0_48"": 1.0, ""0_50"": 0.07952424903830164, ""1_17"": 0.11352825258497293}","{""0_44"": 7.305575355758505e-05, ""0_45"": 0.025910587456969385, ""0_48"": 1.0, ""0_50"": 0.0006903425695643929, ""1_17"": 0.0}",0.5,0_48,1,0.9289560690900026,"{""0_44"": 3.6527876778792525e-05, ""0_45"": 0.07104393090999737, ""0_48"": 1.0, ""0_50"": 0.04010729580393302, ""1_17"": 0.056764126292486464}"
formal_test,no_pheromone,No pheromone,2_0_48_11_2_16.bin,5,0_48,direct_lda_top5,0_48;0_45;0_50;0_44;1_17,1,0_48,1,0_48,0_48,1,0.6740906122959955,2.586750008049421,0,0,"{""0_44"": 0.0, ""0_45"": 0.3259093877040044, ""0_48"": 1.0, ""0_50"": 0.10846599041255743, ""1_17"": 0.30473656806813426}","{""0_44"": 7.305575355758505e-05, ""0_45"": 0.025910587456969385, ""0_48"": 1.0, ""0_50"": 0.0006903425695643929, ""1_17"": 0.0}",0.5,0_48,1,0.8240900124195131,"{""0_44"": 3.6527876778792525e-05, ""0_45"": 0.1759099875804869, ""0_48"": 1.0, ""0_50"": 0.05457816649106091, ""1_17"": 0.15236828403406713}"
formal_test,full_aco,Full ACO,2_0_48_11_2_16.bin,5,0_48,direct_lda_top5,0_48;0_45;0_50;0_44;1_17,1,0_48,1,0_48,0_48,1,0.8513219473241525,2.8836249985033646,0,0,"{""0_44"": 0.0, ""0_45"": 0.1486780526758476, ""0_48"": 1.0, ""0_50"": 0.04314980740824327, ""1_17"": 0.07467786822467447}","{""0_44"": 7.305575355758505e-05, ""0_45"": 0.025910587456969385, ""0_48"": 1.0, ""0_50"": 0.0006903425695643929, ""1_17"": 0.0}",0.5,0_48,1,0.9127056799335915,"{""0_44"": 3.6527876778792525e-05, ""0_45"": 0.0872943200664085, ""0_48"": 1.0, ""0_50"": 0.02192007498890383, ""1_17"": 0.037338934112337234}"
formal_test,average_cost,Average cost,2_0_48_11_2_16.bin,7,0_48,direct_lda_top5,0_48;0_45;0_50;0_44;1_17,1,0_48,1,0_48,0_48,1,0.1331928993616922,0.0007500057108700275,,,"{""0_44"": 0.0, ""0_45"": 0.8577474361504288, ""0_48"": 1.0, ""0_50"": 0.5803738134829058, ""1_17"": 0.8668071006383078}","{""0_44"": 5.532753518285743e-05, ""0_45"": 0.034371321245023144, ""0_48"": 1.0, ""0_50"": 0.0002884483666826574, ""1_17"": 0.0}",0.5,0_48,1,0.553940621302274,"{""0_44"": 2.7663767591428715e-05, ""0_45"": 0.446059378697726, ""0_48"": 1.0, ""0_50"": 0.29033113092479423, ""1_17"": 0.4334035503191539}"
formal_test,greedy_path,Greedy path,2_0_48_11_2_16.bin,7,0_48,direct_lda_top5,0_48;0_45;0_50;0_44;1_17,1,0_48,1,0_48,0_48,1,0.8834451071282686,0.04212500061839819,0,0,"{""0_44"": 0.0, ""0_45"": 0.11533668847185855, ""0_48"": 1.0, ""0_50"": 0.09529895825648818, ""1_17"": 0.11655489287173136}","{""0_44"": 5.532753518285743e-05, ""0_45"": 0.034371321245023144, ""0_48"": 1.0, ""0_50"": 0.0002884483666826574, ""1_17"": 0.0}",0.5,0_48,1,0.9251459951415592,"{""0_44"": 2.7663767591428715e-05, ""0_45"": 0.07485400485844085, ""0_48"": 1.0, ""0_50"": 0.04779370331158542, ""1_17"": 0.05827744643586568}"
formal_test,no_pheromone,No pheromone,2_0_48_11_2_16.bin,7,0_48,direct_lda_top5,0_48;0_45;0_50;0_44;1_17,1,0_48,1,0_48,0_48,1,0.7413499724119293,2.8485840011853725,0,0,"{""0_44"": 0.0, ""0_45"": 0.2462071472706646, ""0_48"": 1.0, ""0_50"": 0.1185918717789596, ""1_17"": 0.25865002758807065}","{""0_44"": 5.532753518285743e-05, ""0_45"": 0.034371321245023144, ""0_48"": 1.0, ""0_50"": 0.0002884483666826574, ""1_17"": 0.0}",0.5,0_48,1,0.8597107657421561,"{""0_44"": 2.7663767591428715e-05, ""0_45"": 0.14028923425784387, ""0_48"": 1.0, ""0_50"": 0.05944016007282113, ""1_17"": 0.12932501379403533}"
formal_test,full_aco,Full ACO,2_0_48_11_2_16.bin,7,0_48,direct_lda_top5,0_48;0_45;0_50;0_44;1_17,1,0_48,1,0_48,0_48,1,0.9346542038230298,2.7653750003082678,0,0,"{""0_44"": 0.0, ""0_45"": 0.06397316949476702, ""0_48"": 1.0, ""0_50"": 0.05279296964127994, ""1_17"": 0.06534579617697024}","{""0_44"": 5.532753518285743e-05, ""0_45"": 0.034371321245023144, ""0_48"": 1.0, ""0_50"": 0.0002884483666826574, ""1_17"": 0.0}",0.5,0_48,1,0.9508277546301049,"{""0_44"": 2.7663767591428715e-05, ""0_45"": 0.049172245369895076, ""0_48"": 1.0, ""0_50"": 0.0265407090039813, ""1_17"": 0.03267289808848512}"
formal_test,average_cost,Average cost,2_0_48_11_2_16.bin,13,0_48,direct_lda_top5,0_48;0_45;1_16;1_17;1_18,1,0_48,1,0_48,0_48,1,0.3222675893796303,0.0006250047590583563,,,"{""0_45"": 0.0, ""0_48"": 1.0, ""1_16"": 0.2813172787976015, ""1_17"": 0.6777324106203697, ""1_18"": 0.4720290202720331}","{""0_45"": 0.0007593473672782289, ""0_48"": 1.0, ""1_16"": 0.0005653489696338396, ""1_17"": 3.489623341864259e-05, ""1_18"": 0.0}",0.5,0_48,1,0.6611163465731058,"{""0_45"": 0.00037967368363911447, ""0_48"": 1.0, ""1_16"": 0.14094131388361766, ""1_17"": 0.3388836534268942, ""1_18"": 0.23601451013601654}"
formal_test,greedy_path,Greedy path,2_0_48_11_2_16.bin,13,0_48,direct_lda_top5,0_48;0_45;1_16;1_17;1_18,1,0_48,1,0_48,0_48,1,0.9051723787357316,0.051333001465536654,0,0,"{""0_45"": 0.0, ""0_48"": 1.0, ""1_16"": 0.039361624072980064, ""1_17"": 0.09482762126426836, ""1_18"": 0.0660458146292977}","{""0_45"": 0.0007593473672782289, ""0_48"": 1.0, ""1_16"": 0.0005653489696338396, ""1_17"": 3.489623341864259e-05, ""1_18"": 0.0}",0.5,0_48,1,0.9525687412511565,"{""0_45"": 0.00037967368363911447, ""0_48"": 1.0, ""1_16"": 0.01996348652130695, ""1_17"": 0.0474312587488435, ""1_18"": 0.03302290731464885}"
formal_test,no_pheromone,No pheromone,2_0_48_11_2_16.bin,13,0_48,direct_lda_top5,0_48;0_45;1_16;1_17;1_18,1,0_48,1,0_48,0_48,1,0.8412942041956278,2.577833001851104,0,0,"{""0_45"": 0.0, ""0_48"": 1.0, ""1_16"": 0.04049197258214892, ""1_17"": 0.1587057958043722, ""1_18"": 0.07046264815512601}","{""0_45"": 0.0007593473672782289, ""0_48"": 1.0, ""1_16"": 0.0005653489696338396, ""1_17"": 3.489623341864259e-05, ""1_18"": 0.0}",0.5,0_48,1,0.9206296539811045,"{""0_45"": 0.00037967368363911447, ""0_48"": 1.0, ""1_16"": 0.02052866077589138, ""1_17"": 0.07937034601889542, ""1_18"": 0.035231324077563006}"
formal_test,full_aco,Full ACO,2_0_48_11_2_16.bin,13,0_48,direct_lda_top5,0_48;0_45;1_16;1_17;1_18,1,0_48,1,0_48,0_48,1,0.9470920417610479,2.890917006880045,0,0,"{""0_45"": 0.0, ""0_48"": 1.0, ""1_16"": 0.021920443280397075, ""1_17"": 0.05290795823895216, ""1_18"": 0.036792693382051406}","{""0_45"": 0.0007593473672782289, ""0_48"": 1.0, ""1_16"": 0.0005653489696338396, ""1_17"": 3.489623341864259e-05, ""1_18"": 0.0}",0.5,0_48,1,0.9735285727638145,"{""0_45"": 0.00037967368363911447, ""0_48"": 1.0, ""1_16"": 0.011242896125015457, ""1_17"": 0.026471427236185403, ""1_18"": 0.018396346691025703}"
formal_test,average_cost,Average cost,2_0_50_11_2_16.bin,10,0_50,direct_lda_top5,0_50;0_48;0_44;0_45;0_43,1,0_50,1,0_50,0_50,1,0.29507892638419797,0.0005830079317092896,,,"{""0_43"": 0.704921073615802, ""0_44"": 0.0, ""0_45"": 0.41955267010248776, ""0_48"": 0.4575105015097337, ""0_50"": 1.0}","{""0_43"": 0.0, ""0_44"": 6.948226841035585e-08, ""0_45"": 2.3494585501014485e-10, ""0_48"": 3.022639934975403e-07, ""0_50"": 1.0}",0.5,0_50,1,0.647539463192099,"{""0_43"": 0.352460536807901, ""0_44"": 3.4741134205177925e-08, ""0_45"": 0.2097763351687168, ""0_48"": 0.2287554018868636, ""0_50"": 1.0}"
formal_test,greedy_path,Greedy path,2_0_50_11_2_16.bin,10,0_50,direct_lda_top5,0_50;0_48;0_44;0_45;0_43,1,0_50,1,0_50,0_50,1,0.9000018771102426,0.04304198955651373,0,0,"{""0_43"": 0.09999812288975736, ""0_44"": 0.0, ""0_45"": 0.05951656296560164, ""0_48"": 0.06490115427909558, ""0_50"": 1.0}","{""0_43"": 0.0, ""0_44"": 6.948226841035585e-08, ""0_45"": 2.3494585501014485e-10, ""0_48"": 3.022639934975403e-07, ""0_50"": 1.0}",0.5,0_50,1,0.9500009385551214,"{""0_43"": 0.04999906144487868, ""0_44"": 3.4741134205177925e-08, ""0_45"": 0.02975828160027375, ""0_48"": 0.03245072827154454, ""0_50"": 1.0}"
formal_test,no_pheromone,No pheromone,2_0_50_11_2_16.bin,10,0_50,direct_lda_top5,0_50;0_48;0_44;0_45;0_43,1,0_50,1,0_50,0_50,1,0.8594124277976798,2.683666010852903,0,0,"{""0_43"": 0.14058757220232024, ""0_44"": 0.0, ""0_45"": 0.0705745124555461, ""0_48"": 0.07392518655290961, ""0_50"": 1.0}","{""0_43"": 0.0, ""0_44"": 6.948226841035585e-08, ""0_45"": 2.3494585501014485e-10, ""0_48"": 3.022639934975403e-07, ""0_50"": 1.0}",0.5,0_50,1,0.9297062138988399,"{""0_43"": 0.07029378610116012, ""0_44"": 3.4741134205177925e-08, ""0_45"": 0.03528725634524598, ""0_48"": 0.036962744408451556, ""0_50"": 1.0}"
formal_test,full_aco,Full ACO,2_0_50_11_2_16.bin,10,0_50,direct_lda_top5,0_50;0_48;0_44;0_45;0_43,1,0_50,1,0_50,0_50,1,0.9434889581354328,2.7531249943422154,0,0,"{""0_43"": 0.05651104186456727, ""0_44"": 0.0, ""0_45"": 0.033603236782164786, ""0_48"": 0.036272209722449066, ""0_50"": 1.0}","{""0_43"": 0.0, ""0_44"": 6.948226841035585e-08, ""0_45"": 2.3494585501014485e-10, ""0_48"": 3.022639934975403e-07, ""0_50"": 1.0}",0.5,0_50,1,0.9717444790677163,"{""0_43"": 0.028255520932283635, ""0_44"": 3.4741134205177925e-08, ""0_45"": 0.01680161850855532, ""0_48"": 0.01813625599322128, ""0_50"": 1.0}"
formal_test,average_cost,Average cost,2_0_50_11_2_16.bin,11,0_50,direct_lda_top5,0_50;0_48;0_44;0_45;0_43,1,0_50,1,0_50,0_50,1,0.31211554372707306,0.0015419936971738935,,,"{""0_43"": 0.5350339638632188, ""0_44"": 0.0, ""0_45"": 0.46938027844698194, ""0_48"": 0.6878844562729269, ""0_50"": 1.0}","{""0_43"": 0.0, ""0_44"": 5.5374758317222633e-08, ""0_45"": 1.3903698700633987e-08, ""0_48"": 7.299051096217974e-06, ""0_50"": 1.0}",0.5,0_50,1,0.6560541223379884,"{""0_43"": 0.2675169819316094, ""0_44"": 2.7687379158611317e-08, ""0_45"": 0.23469014617534031, ""0_48"": 0.34394587766201157, ""0_50"": 1.0}"
formal_test,greedy_path,Greedy path,2_0_50_11_2_16.bin,11,0_50,direct_lda_top5,0_50;0_48;0_44;0_45;0_43,1,0_50,1,0_50,0_50,1,0.8871740226200531,0.06445898907259107,0,0,"{""0_43"": 0.07798463739660984, ""0_44"": 0.0, ""0_45"": 0.06841519097498934, ""0_48"": 0.11282597737994698, ""0_50"": 1.0}","{""0_43"": 0.0, ""0_44"": 5.5374758317222633e-08, ""0_45"": 1.3903698700633987e-08, ""0_48"": 7.299051096217974e-06, ""0_50"": 1.0}",0.5,0_50,1,0.9435833617844784,"{""0_43"": 0.03899231869830492, ""0_44"": 2.7687379158611317e-08, ""0_45"": 0.03420760243934402, ""0_48"": 0.0564166382155216, ""0_50"": 1.0}"
formal_test,no_pheromone,No pheromone,2_0_50_11_2_16.bin,11,0_50,direct_lda_top5,0_50;0_48;0_44;0_45;0_43,1,0_50,1,0_50,0_50,1,0.7311925211685597,2.7174580027349293,0,0,"{""0_43"": 0.12684252596558332, ""0_44"": 0.0, ""0_45"": 0.09642759164716978, ""0_48"": 0.26880747883144035, ""0_50"": 1.0}","{""0_43"": 0.0, ""0_44"": 5.5374758317222633e-08, ""0_45"": 1.3903698700633987e-08, ""0_48"": 7.299051096217974e-06, ""0_50"": 1.0}",0.5,0_50,1,0.8655926110587318,"{""0_43"": 0.06342126298279166, ""0_44"": 2.7687379158611317e-08, ""0_45"": 0.048213802775434245, ""0_48"": 0.13440738894126827, ""0_50"": 1.0}"
formal_test,full_aco,Full ACO,2_0_50_11_2_16.bin,11,0_50,direct_lda_top5,0_50;0_48;0_44;0_45;0_43,1,0_50,1,0_50,0_50,1,0.9341907473314529,2.7074589888798073,0,0,"{""0_43"": 0.04344779388705811, ""0_44"": 0.0, ""0_45"": 0.03906943516657468, ""0_48"": 0.06580925266854705, ""0_50"": 1.0}","{""0_43"": 0.0, ""0_44"": 5.5374758317222633e-08, ""0_45"": 1.3903698700633987e-08, ""0_48"": 7.299051096217974e-06, ""0_50"": 1.0}",0.5,0_50,1,0.9670917241401784,"{""0_43"": 0.021723896943529056, ""0_44"": 2.7687379158611317e-08, ""0_45"": 0.01953472453513669, ""0_48"": 0.03290827585982163, ""0_50"": 1.0}"
formal_test,average_cost,Average cost,2_0_50_11_2_16.bin,14,0_50,direct_lda_top5,0_50;0_48;0_44;0_45;0_43,1,0_50,1,0_50,0_50,1,0.42151563314013796,0.0010829971870407462,,,"{""0_43"": 0.0, ""0_44"": 0.061634871608085354, ""0_45"": 0.20151205186895313, ""0_48"": 0.578484366859862, ""0_50"": 1.0}","{""0_43"": 0.0, ""0_44"": 1.490334959016286e-07, ""0_45"": 8.432211614103373e-10, ""0_48"": 5.234481104277225e-07, ""0_50"": 1.0}",0.5,0_50,1,0.7107575548460138,"{""0_43"": 0.0, ""0_44"": 0.030817510320790626, ""0_45"": 0.10075602635608714, ""0_48"": 0.2892424451539862, ""0_50"": 1.0}"
formal_test,greedy_path,Greedy path,2_0_50_11_2_16.bin,14,0_50,direct_lda_top5,0_50;0_48;0_44;0_45;0_43,1,0_50,1,0_50,0_50,1,0.9148086248924613,0.046250002924352884,0,0,"{""0_43"": 0.0, ""0_44"": 0.00796471635070267, ""0_45"": 0.02604023164986605, ""0_48"": 0.08519137510753867, ""0_50"": 1.0}","{""0_43"": 0.0, ""0_44"": 1.490334959016286e-07, ""0_45"": 8.432211614103373e-10, ""0_48"": 5.234481104277225e-07, ""0_50"": 1.0}",0.5,0_50,1,0.9574040507221755,"{""0_43"": 0.0, ""0_44"": 0.003982432692099286, ""0_45"": 0.013020116246543607, ""0_48"": 0.04259594927782455, ""0_50"": 1.0}"
formal_test,no_pheromone,No pheromone,2_0_50_11_2_16.bin,14,0_50,direct_lda_top5,0_50;0_48;0_44;0_45;0_43,1,0_50,1,0_50,0_50,1,0.8267268083615062,2.895917001296766,0,0,"{""0_43"": 0.009714739826281639, ""0_44"": 0.0, ""0_45"": 0.022395417794538547, ""0_48"": 0.17327319163849372, ""0_50"": 1.0}","{""0_43"": 0.0, ""0_44"": 1.490334959016286e-07, ""0_45"": 8.432211614103373e-10, ""0_48"": 5.234481104277225e-07, ""0_50"": 1.0}",0.5,0_50,1,0.9133631424566979,"{""0_43"": 0.004857369913140819, ""0_44"": 7.45167479508143e-08, ""0_45"": 0.011197709318879855, ""0_48"": 0.08663685754330208, ""0_50"": 1.0}"
formal_test,full_aco,Full ACO,2_0_50_11_2_16.bin,14,0_50,direct_lda_top5,0_50;0_48;0_44;0_45;0_43,1,0_50,1,0_50,0_50,1,0.9529000835298663,2.790750004351139,0,0,"{""0_43"": 0.0, ""0_44"": 0.004465411339406355, ""0_45"": 0.0144264969119593, ""0_48"": 0.04709991647013372, ""0_50"": 1.0}","{""0_43"": 0.0, ""0_44"": 1.490334959016286e-07, ""0_45"": 8.432211614103373e-10, ""0_48"": 5.234481104277225e-07, ""0_50"": 1.0}",0.5,0_50,1,0.9764497800408779,"{""0_43"": 0.0, ""0_44"": 0.0022327801864511286, ""0_45"": 0.007213248877590231, ""0_48"": 0.023550219959122074, ""0_50"": 1.0}"
formal_test,average_cost,Average cost,2_0_50_11_2_16.bin,18,0_50,direct_lda_top5,0_50;0_44;0_48;0_45;0_43,1,0_50,1,0_50,0_50,1,0.2644105068622118,0.000667001586407423,,,"{""0_43"": 0.7355894931377882, ""0_44"": 0.0, ""0_45"": 0.20098061262807634, ""0_48"": 0.24465158914631965, ""0_50"": 1.0}","{""0_43"": 0.0, ""0_44"": 5.999721853083365e-07, ""0_45"": 1.1036053426907098e-10, ""0_48"": 7.58411154207741e-08, ""0_50"": 1.0}",0.5,0_50,1,0.6322052534311059,"{""0_43"": 0.3677947465688941, ""0_44"": 2.9998609265416824e-07, ""0_45"": 0.10049030636921844, ""0_48"": 0.12232583249371753, ""0_50"": 1.0}"
formal_test,greedy_path,Greedy path,2_0_50_11_2_16.bin,18,0_50,direct_lda_top5,0_50;0_44;0_48;0_45;0_43,1,0_50,1,0_50,0_50,1,0.8823080039119887,0.05716600571759045,0,0,"{""0_43"": 0.11769199608801133, ""0_44"": 0.0, ""0_45"": 0.026149927237315556, ""0_48"": 0.03183203181149101, ""0_50"": 1.0}","{""0_43"": 0.0, ""0_44"": 5.999721853083365e-07, ""0_45"": 1.1036053426907098e-10, ""0_48"": 7.58411154207741e-08, ""0_50"": 1.0}",0.5,0_50,1,0.9411540019559943,"{""0_43"": 0.058845998044005664, ""0_44"": 2.9998609265416824e-07, ""0_45"": 0.013074963673838045, ""0_48"": 0.015916053826303216, ""0_50"": 1.0}"
formal_test,no_pheromone,No pheromone,2_0_50_11_2_16.bin,18,0_50,direct_lda_top5,0_50;0_44;0_48;0_45;0_43,1,0_50,1,0_50,0_50,1,0.717395656871642,2.7146250067744404,0,0,"{""0_43"": 0.2826043431283581, ""0_44"": 0.0, ""0_45"": 0.03360055004415667, ""0_48"": 0.052847380144771784, ""0_50"": 1.0}","{""0_43"": 0.0, ""0_44"": 5.999721853083365e-07, ""0_45"": 1.1036053426907098e-10, ""0_48"": 7.58411154207741e-08, ""0_50"": 1.0}",0.5,0_50,1,0.858697828435821,"{""0_43"": 0.14130217156417904, ""0_44"": 2.9998609265416824e-07, ""0_45"": 0.016800275077258602, ""0_48"": 0.026423727992943603, ""0_50"": 1.0}"
formal_test,full_aco,Full ACO,2_0_50_11_2_16.bin,18,0_50,direct_lda_top5,0_50;0_44;0_48;0_45;0_43,1,0_50,1,0_50,0_50,1,0.9348434413677303,2.918209007475525,0,0,"{""0_43"": 0.06515655863226961, ""0_44"": 0.0, ""0_45"": 0.014438646059164855, ""0_48"": 0.017511888539214746, ""0_50"": 1.0}","{""0_43"": 0.0, ""0_44"": 5.999721853083365e-07, ""0_45"": 1.1036053426907098e-10, ""0_48"": 7.58411154207741e-08, ""0_50"": 1.0}",0.5,0_50,1,0.9674217206838652,"{""0_43"": 0.03257827931613481, ""0_44"": 2.9998609265416824e-07, ""0_45"": 0.007219323084762695, ""0_48"": 0.008755982190165082, ""0_50"": 1.0}"
formal_test,average_cost,Average cost,2_1_16_11_2_16.bin,2,1_16,direct_lda_top5,1_16;1_17;1_18;0_48;0_45,1,1_16,1,1_16,1_16,1,0.11459842542868781,0.000500003807246685,,,"{""0_45"": 0.0, ""0_48"": 0.6489538085074368, ""1_16"": 1.0, ""1_17"": 0.8854015745713122, ""1_18"": 0.3478109830488301}","{""0_45"": 0.0, ""0_48"": 3.0306340883516775e-07, ""1_16"": 1.0, ""1_17"": 0.011115953458601006, ""1_18"": 0.00020113369099232677}",0.5,1_16,1,0.5517412359850433,"{""0_45"": 0.0, ""0_48"": 0.3244770557854228, ""1_16"": 1.0, ""1_17"": 0.4482587640149566, ""1_18"": 0.17400605836991123}"
formal_test,greedy_path,Greedy path,2_1_16_11_2_16.bin,2,1_16,direct_lda_top5,1_16;1_17;1_18;0_48;0_45,1,1_16,1,1_16,1_16,1,0.8830880913443325,0.04104200343135744,0,0,"{""0_45"": 0.0, ""0_48"": 0.08569041501728, ""1_16"": 1.0, ""1_17"": 0.11691190865566743, ""1_18"": 0.04592633111063845}","{""0_45"": 0.0, ""0_48"": 3.0306340883516775e-07, ""1_16"": 1.0, ""1_17"": 0.011115953458601006, ""1_18"": 0.00020113369099232677}",0.5,1_16,1,0.9359860689428657,"{""0_45"": 0.0, ""0_48"": 0.04284535904034442, ""1_16"": 1.0, ""1_17"": 0.06401393105713422, ""1_18"": 0.023063732400815388}"
formal_test,no_pheromone,No pheromone,2_1_16_11_2_16.bin,2,1_16,direct_lda_top5,1_16;1_17;1_18;0_48;0_45,1,1_16,1,1_16,1_16,1,0.5926773900359688,2.5746659957803786,0,0,"{""0_45"": 0.0, ""0_48"": 0.14710223846504422, ""1_16"": 1.0, ""1_17"": 0.4073226099640312, ""1_18"": 0.05514055211792027}","{""0_45"": 0.0, ""0_48"": 3.0306340883516775e-07, ""1_16"": 1.0, ""1_17"": 0.011115953458601006, ""1_18"": 0.00020113369099232677}",0.5,1_16,1,0.7907807182886839,"{""0_45"": 0.0, ""0_48"": 0.07355127076422653, ""1_16"": 1.0, ""1_17"": 0.2092192817113161, ""1_18"": 0.0276708429044563}"
formal_test,full_aco,Full ACO,2_1_16_11_2_16.bin,2,1_16,direct_lda_top5,1_16;1_17;1_18;0_48;0_45,1,1_16,1,1_16,1_16,1,0.8959967181003743,2.8485000075306743,0,0,"{""0_45"": 0.0, ""0_48"": 0.04706151836258708, ""1_16"": 1.0, ""1_17"": 0.10400328189962565, ""1_18"": 0.025236724732248285}","{""0_45"": 0.0, ""0_48"": 3.0306340883516775e-07, ""1_16"": 1.0, ""1_17"": 0.011115953458601006, ""1_18"": 0.00020113369099232677}",0.5,1_16,1,0.9424403823208867,"{""0_45"": 0.0, ""0_48"": 0.023530910712997958, ""1_16"": 1.0, ""1_17"": 0.05755961767911333, ""1_18"": 0.012718929211620305}"
formal_test,average_cost,Average cost,2_1_16_11_2_16.bin,5,1_16,direct_lda_top5,1_16;1_17;1_18;0_48;0_45,1,1_16,1,1_16,1_17,0,0.13917949807079555,0.00100000761449337,,,"{""0_45"": 0.10010216191304165, ""0_48"": 0.8608205019292045, ""1_16"": 0.7698389231837629, ""1_17"": 1.0, ""1_18"": 0.0}","{""0_45"": 0.0, ""0_48"": 1.1100846385957582e-07, ""1_16"": 1.0, ""1_17"": 0.013273396082349202, ""1_18"": 0.00031129003442508126}",0.5,1_16,1,0.3782827635507068,"{""0_45"": 0.050051080956520826, ""0_48"": 0.43041030646883416, ""1_16"": 0.8849194615918814, ""1_17"": 0.5066366980411746, ""1_18"": 0.00015564501721254063}"
formal_test,greedy_path,Greedy path,2_1_16_11_2_16.bin,5,1_16,direct_lda_top5,1_16;1_17;1_18;0_48;0_45,1,1_16,1,1_16,1_17,0,0.8324683522217289,0.05316600436344743,0,0,"{""0_45"": 0.012701671193003597, ""0_48"": 0.141907335139044, ""1_16"": 0.16753164777827115, ""1_17"": 1.0, ""1_18"": 0.0}","{""0_45"": 0.0, ""0_48"": 1.1100846385957582e-07, ""1_16"": 1.0, ""1_17"": 0.013273396082349202, ""1_18"": 0.00031129003442508126}",0.5,1_16,1,0.07712912584796094,"{""0_45"": 0.0063508355965017985, ""0_48"": 0.07095372307375393, ""1_16"": 0.5837658238891356, ""1_17"": 0.5066366980411746, ""1_18"": 0.00015564501721254063}"
formal_test,no_pheromone,No pheromone,2_1_16_11_2_16.bin,5,1_16,direct_lda_top5,1_16;1_17;1_18;0_48;0_45,1,1_16,1,1_16,1_17,0,0.4947185271622252,2.7187910018255934,0,0,"{""0_45"": 0.02362367312615762, ""0_48"": 0.5052814728377748, ""1_16"": 0.3100243189391173, ""1_17"": 1.0, ""1_18"": 0.0}","{""0_45"": 0.0, ""0_48"": 1.1100846385957582e-07, ""1_16"": 1.0, ""1_17"": 0.013273396082349202, ""1_18"": 0.00031129003442508126}",0.5,1_16,1,0.14837546142838398,"{""0_45"": 0.01181183656307881, ""0_48"": 0.25264079192311933, ""1_16"": 0.6550121594695586, ""1_17"": 0.5066366980411746, ""1_18"": 0.00015564501721254063}"
formal_test,full_aco,Full ACO,2_1_16_11_2_16.bin,5,1_16,direct_lda_top5,1_16;1_17;1_18;0_48;0_45,1,1_16,1,1_16,1_17,0,0.8471849138586456,2.719875003094785,0,0,"{""0_45"": 0.006705371666801592, ""0_48"": 0.15281508614135447, ""1_16"": 0.08830584316879761, ""1_17"": 1.0, ""1_18"": 0.0}","{""0_45"": 0.0, ""0_48"": 1.1100846385957582e-07, ""1_16"": 1.0, ""1_17"": 0.013273396082349202, ""1_18"": 0.00031129003442508126}",0.5,1_16,1,0.03751622354322415,"{""0_45"": 0.003352685833400796, ""0_48"": 0.07640759857490917, ""1_16"": 0.5441529215843988, ""1_17"": 0.5066366980411746, ""1_18"": 0.00015564501721254063}"
formal_test,average_cost,Average cost,2_1_16_11_2_16.bin,14,1_16,direct_lda_top5,1_16;1_17;1_18;0_48;0_45,1,1_16,1,1_16,1_16,1,0.13172092092961185,0.00145800004247576,,,"{""0_45"": 0.0, ""0_48"": 0.6786390503040151, ""1_16"": 1.0, ""1_17"": 0.7926961881438693, ""1_18"": 0.8682790790703881}","{""0_45"": 0.0, ""0_48"": 2.468677680046215e-07, ""1_16"": 1.0, ""1_17"": 0.011785755132189404, ""1_18"": 0.00023943164960816377}",0.5,1_16,1,0.5657407446400018,"{""0_45"": 0.0, ""0_48"": 0.33931964858589153, ""1_16"": 1.0, ""1_17"": 0.40224097163802935, ""1_18"": 0.43425925535999815}"
formal_test,greedy_path,Greedy path,2_1_16_11_2_16.bin,14,1_16,direct_lda_top5,1_16;1_17;1_18;0_48;0_45,1,1_16,1,1_16,1_16,1,0.8820649180006488,0.06049999501556158,0,0,"{""0_45"": 0.0, ""0_48"": 0.09217699006551518, ""1_16"": 1.0, ""1_17"": 0.10766894216708602, ""1_18"": 0.11793508199935115}","{""0_45"": 0.0, ""0_48"": 2.468677680046215e-07, ""1_16"": 1.0, ""1_17"": 0.011785755132189404, ""1_18"": 0.00023943164960816377}",0.5,1_16,1,0.9402726513503623,"{""0_45"": 0.0, ""0_48"": 0.04608861846664159, ""1_16"": 1.0, ""1_17"": 0.05972734864963771, ""1_18"": 0.059087256824479656}"
formal_test,no_pheromone,No pheromone,2_1_16_11_2_16.bin,14,1_16,direct_lda_top5,1_16;1_17;1_18;0_48;0_45,1,1_16,1,1_16,1_16,1,0.6918810219195377,2.6786669914145023,0,0,"{""0_45"": 0.0, ""0_48"": 0.14476101901598631, ""1_16"": 1.0, ""1_17"": 0.2550743504688615, ""1_18"": 0.30811897808046224}","{""0_45"": 0.0, ""0_48"": 2.468677680046215e-07, ""1_16"": 1.0, ""1_17"": 0.011785755132189404, ""1_18"": 0.00023943164960816377}",0.5,1_16,1,0.8458207951349648,"{""0_45"": 0.0, ""0_48"": 0.07238063294187716, ""1_16"": 1.0, ""1_17"": 0.13343005280052544, ""1_18"": 0.1541792048650352}"
formal_test,full_aco,Full ACO,2_1_16_11_2_16.bin,14,1_16,direct_lda_top5,1_16;1_17;1_18;0_48;0_45,1,1_16,1,1_16,1_16,1,0.9257919118785094,2.7072499942732975,0,0,"{""0_45"": 0.0, ""0_48"": 0.05112348686136674, ""1_16"": 1.0, ""1_17"": 0.07420808812149057, ""1_18"": 0.06997887586228572}","{""0_45"": 0.0, ""0_48"": 2.468677680046215e-07, ""1_16"": 1.0, ""1_17"": 0.011785755132189404, ""1_18"": 0.00023943164960816377}",0.5,1_16,1,0.95700307837316,"{""0_45"": 0.0, ""0_48"": 0.02556186686456737, ""1_16"": 1.0, ""1_17"": 0.04299692162683999, ""1_18"": 0.03510915375594694}"
formal_test,average_cost,Average cost,2_1_16_11_2_16.bin,18,1_16,direct_lda_top5,1_16;1_17;1_18;0_45;0_48,1,1_16,1,1_16,1_16,1,0.034900213537417346,0.0005839974619448185,,,"{""0_45"": 0.0, ""0_48"": 0.7445243764831192, ""1_16"": 1.0, ""1_17"": 0.9650997864625827, ""1_18"": 0.36733071669924244}","{""0_45"": 0.00011133173741310961, ""0_48"": 0.0, ""1_16"": 1.0, ""1_17"": 0.20417002383918706, ""1_18"": 0.009488083961230319}",0.5,1_16,1,0.4153650948491151,"{""0_45"": 5.566586870655481e-05, ""0_48"": 0.3722621882415596, ""1_16"": 1.0, ""1_17"": 0.5846349051508849, ""1_18"": 0.18840940033023637}"
formal_test,greedy_path,Greedy path,2_1_16_11_2_16.bin,18,1_16,direct_lda_top5,1_16;1_17;1_18;0_45;0_48,1,1_16,1,1_16,1_16,1,0.8772806551954266,0.0407920015277341,0,0,"{""0_45"": 0.0, ""0_48"": 0.11057961976122509, ""1_16"": 1.0, ""1_17"": 0.12271934480457342, ""1_18"": 0.0467087295140264}","{""0_45"": 0.00011133173741310961, ""0_48"": 0.0, ""1_16"": 1.0, ""1_17"": 0.20417002383918706, ""1_18"": 0.009488083961230319}",0.5,1_16,1,0.8365553156781198,"{""0_45"": 5.566586870655481e-05, ""0_48"": 0.055289809880612543, ""1_16"": 1.0, ""1_17"": 0.16344468432188025, ""1_18"": 0.02809840673762836}"
formal_test,no_pheromone,No pheromone,2_1_16_11_2_16.bin,18,1_16,direct_lda_top5,1_16;1_17;1_18;0_45;0_48,1,1_16,1,1_16,1_16,1,0.2575462133358114,2.5997920020017773,0,0,"{""0_45"": 0.0, ""0_48"": 0.30392976311343395, ""1_16"": 1.0, ""1_17"": 0.7424537866641886, ""1_18"": 0.05327710661941054}","{""0_45"": 0.00011133173741310961, ""0_48"": 0.0, ""1_16"": 1.0, ""1_17"": 0.20417002383918706, ""1_18"": 0.009488083961230319}",0.5,1_16,1,0.5266880947483121,"{""0_45"": 5.566586870655481e-05, ""0_48"": 0.15196488155671697, ""1_16"": 1.0, ""1_17"": 0.4733119052516878, ""1_18"": 0.031382595290320434}"
formal_test,full_aco,Full ACO,2_1_16_11_2_16.bin,18,1_16,direct_lda_top5,1_16;1_17;1_18;0_45;0_48,1,1_16,1,1_16,1_16,1,0.861008488537936,2.8543339867610484,0,0,"{""0_45"": 0.0, ""0_48"": 0.06016772838521149, ""1_16"": 1.0, ""1_17"": 0.13899151146206404, ""1_18"": 0.02542016582056339}","{""0_45"": 0.00011133173741310961, ""0_48"": 0.0, ""1_16"": 1.0, ""1_17"": 0.20417002383918706, ""1_18"": 0.009488083961230319}",0.5,1_16,1,0.8284192323493744,"{""0_45"": 5.566586870655481e-05, ""0_48"": 0.030083864192605746, ""1_16"": 1.0, ""1_17"": 0.17158076765062555, ""1_18"": 0.017454124890896854}"
formal_test,average_cost,Average cost,2_1_17_11_2_16.bin,1,1_17,direct_lda_top5,1_17;1_18;0_45;1_16;1_19,1,1_17,1,1_17,1_17,1,0.0297147791327258,0.0005829933797940612,,,"{""0_45"": 0.9167466712755877, ""1_16"": 0.6849301796070328, ""1_17"": 1.0, ""1_18"": 0.9702852208672742, ""1_19"": 0.0}","{""0_45"": 0.06802254226724591, ""1_16"": 0.0026835467315546664, ""1_17"": 1.0, ""1_18"": 0.6179643775734862, ""1_19"": 0.0}",0.5,1_17,1,0.20587520077961985,"{""0_45"": 0.4923846067714168, ""1_16"": 0.34380686316929376, ""1_17"": 1.0, ""1_18"": 0.7941247992203802, ""1_19"": 0.0}"
formal_test,greedy_path,Greedy path,2_1_17_11_2_16.bin,1,1_17,direct_lda_top5,1_17;1_18;0_45;1_16;1_19,1,1_17,1,1_17,1_17,1,0.8711649871579035,0.04099999205209315,0,0,"{""0_45"": 0.12883501284209659, ""1_16"": 0.08859240013590032, ""1_17"": 1.0, ""1_18"": 0.1255016921320973, ""1_19"": 0.0}","{""0_45"": 0.06802254226724591, ""1_16"": 0.0026835467315546664, ""1_17"": 1.0, ""1_18"": 0.6179643775734862, ""1_19"": 0.0}",0.5,1_17,1,0.6282669651472083,"{""0_45"": 0.09842877755467125, ""1_16"": 0.0456379734337275, ""1_17"": 1.0, ""1_18"": 0.37173303485279174, ""1_19"": 0.0}"
formal_test,no_pheromone,No pheromone,2_1_17_11_2_16.bin,1,1_17,direct_lda_top5,1_17;1_18;0_45;1_16;1_19,1,1_17,1,1_17,1_17,1,0.5517252010511636,2.6661250012693927,0,0,"{""0_45"": 0.44374891429856667, ""1_16"": 0.12674784960788046, ""1_17"": 1.0, ""1_18"": 0.4482747989488364, ""1_19"": 0.0}","{""0_45"": 0.06802254226724591, ""1_16"": 0.0026835467315546664, ""1_17"": 1.0, ""1_18"": 0.6179643775734862, ""1_19"": 0.0}",0.5,1_17,1,0.46688041173883876,"{""0_45"": 0.2558857282829063, ""1_16"": 0.06471569816971756, ""1_17"": 1.0, ""1_18"": 0.5331195882611612, ""1_19"": 0.0}"
formal_test,full_aco,Full ACO,2_1_17_11_2_16.bin,1,1_17,direct_lda_top5,1_17;1_18;0_45;1_16;1_19,1,1_17,1,1_17,1_17,1,0.8832979310750149,2.7807919977931306,0,0,"{""0_45"": 0.07061897160858614, ""1_16"": 0.048551039597284906, ""1_17"": 1.0, ""1_18"": 0.11670206892498511, ""1_19"": 0.0}","{""0_45"": 0.06802254226724591, ""1_16"": 0.0026835467315546664, ""1_17"": 1.0, ""1_18"": 0.6179643775734862, ""1_19"": 0.0}",0.5,1_17,1,0.6326667767507643,"{""0_45"": 0.06932075693791603, ""1_16"": 0.025617293164419786, ""1_17"": 1.0, ""1_18"": 0.3673332232492357, ""1_19"": 0.0}"
formal_test,average_cost,Average cost,2_1_17_11_2_16.bin,11,1_17,direct_lda_top5,1_17;1_18;0_45;1_19;1_16,1,1_17,1,1_17,1_17,1,0.06972468100583884,0.0007080088835209608,,,"{""0_45"": 0.9302753189941612, ""1_16"": 0.4491970523494849, ""1_17"": 1.0, ""1_18"": 0.8329553840440009, ""1_19"": 0.0}","{""0_45"": 0.12332202078515325, ""1_16"": 0.0, ""1_17"": 1.0, ""1_18"": 0.19774288572600962, ""1_19"": 0.00022199730688320378}",0.5,1_17,1,0.4732013301103428,"{""0_45"": 0.5267986698896572, ""1_16"": 0.22459852617474246, ""1_17"": 1.0, ""1_18"": 0.5153491348850052, ""1_19"": 0.00011099865344160189}"
formal_test,greedy_path,Greedy path,2_1_17_11_2_16.bin,11,1_17,direct_lda_top5,1_17;1_18;0_45;1_19;1_16,1,1_17,1,1_17,1_17,1,0.8687649353749318,0.050582995754666626,0,0,"{""0_45"": 0.1312350646250682, ""1_16"": 0.05817969656821572, ""1_17"": 1.0, ""1_18"": 0.10788381456438807, ""1_19"": 0.0}","{""0_45"": 0.12332202078515325, ""1_16"": 0.0, ""1_17"": 1.0, ""1_18"": 0.19774288572600962, ""1_19"": 0.00022199730688320378}",0.5,1_17,1,0.8471866498548012,"{""0_45"": 0.12727854270511074, ""1_16"": 0.02908984828410786, ""1_17"": 1.0, ""1_18"": 0.15281335014519884, ""1_19"": 0.00011099865344160189}"
formal_test,no_pheromone,No pheromone,2_1_17_11_2_16.bin,11,1_17,direct_lda_top5,1_17;1_18;0_45;1_19;1_16,1,1_17,1,1_17,1_17,1,0.41001393233336936,2.760208008112386,0,0,"{""0_45"": 0.5899860676666306, ""1_16"": 0.06804994678901956, ""1_17"": 1.0, ""1_18"": 0.2946962990147542, ""1_19"": 0.0}","{""0_45"": 0.12332202078515325, ""1_16"": 0.0, ""1_17"": 1.0, ""1_18"": 0.19774288572600962, ""1_19"": 0.00022199730688320378}",0.5,1_17,1,0.643345955774108,"{""0_45"": 0.356654044225892, ""1_16"": 0.03402497339450978, ""1_17"": 1.0, ""1_18"": 0.2462195923703819, ""1_19"": 0.00011099865344160189}"
formal_test,full_aco,Full ACO,2_1_17_11_2_16.bin,11,1_17,direct_lda_top5,1_17;1_18;0_45;1_19;1_16,1,1_17,1,1_17,1_17,1,0.9006253901643875,2.8585830004885793,0,0,"{""0_45"": 0.0993746098356125, ""1_16"": 0.03200316875017218, ""1_17"": 1.0, ""1_18"": 0.06297011560790808, ""1_19"": 0.0}","{""0_45"": 0.12332202078515325, ""1_16"": 0.0, ""1_17"": 1.0, ""1_18"": 0.19774288572600962, ""1_19"": 0.00022199730688320378}",0.5,1_17,1,0.8696434993330411,"{""0_45"": 0.11134831531038288, ""1_16"": 0.01600158437508609, ""1_17"": 1.0, ""1_18"": 0.13035650066695886, ""1_19"": 0.00011099865344160189}"
formal_test,average_cost,Average cost,2_1_17_11_2_16.bin,19,1_17,direct_lda_top5,1_17;1_18;1_16;0_45;0_48,1,1_17,1,1_18,1_17,1,0.18961230818067687,0.0007079943316057324,,,"{""0_45"": 0.09796059349272018, ""0_48"": 0.8103876918193231, ""1_16"": 0.5283482604168594, ""1_17"": 1.0, ""1_18"": 0.0}","{""0_45"": 0.0034347388161304984, ""0_48"": 0.0, ""1_16"": 0.08271621969438714, ""1_17"": 1.0, ""1_18"": 0.2559797205976293}",0.5,1_17,1,0.5948061540903384,"{""0_45"": 0.05069766615442534, ""0_48"": 0.40519384590966157, ""1_16"": 0.3055322400556233, ""1_17"": 1.0, ""1_18"": 0.12798986029881465}"
formal_test,greedy_path,Greedy path,2_1_17_11_2_16.bin,19,1_17,direct_lda_top5,1_17;1_18;1_16;0_45;0_48,1,1_17,1,1_18,1_17,1,0.9036121507477176,0.05091700586490333,0,0,"{""0_45"": 0.0, ""0_48"": 0.09638784925228236, ""1_16"": 0.07676777637252673, ""1_17"": 1.0, ""1_18"": 0.056983101817041776}","{""0_45"": 0.0034347388161304984, ""0_48"": 0.0, ""1_16"": 0.08271621969438714, ""1_17"": 1.0, ""1_18"": 0.2559797205976293}",0.5,1_17,1,0.8435185887926644,"{""0_45"": 0.0017173694080652492, ""0_48"": 0.04819392462614118, ""1_16"": 0.07974199803345694, ""1_17"": 1.0, ""1_18"": 0.15648141120733555}"
formal_test,no_pheromone,No pheromone,2_1_17_11_2_16.bin,19,1_17,direct_lda_top5,1_17;1_18;1_16;0_45;0_48,1,1_17,1,1_18,1_17,1,0.6169889169225211,2.6796250022016466,0,0,"{""0_45"": 0.0, ""0_48"": 0.3830110830774789, ""1_16"": 0.093799909939526, ""1_17"": 1.0, ""1_18"": 0.030656047372589142}","{""0_45"": 0.0034347388161304984, ""0_48"": 0.0, ""1_16"": 0.08271621969438714, ""1_17"": 1.0, ""1_18"": 0.2559797205976293}",0.5,1_17,1,0.8084944584612606,"{""0_45"": 0.0017173694080652492, ""0_48"": 0.19150554153873944, ""1_16"": 0.08825806481695657, ""1_17"": 1.0, ""1_18"": 0.14331788398510922}"
formal_test,full_aco,Full ACO,2_1_17_11_2_16.bin,19,1_17,direct_lda_top5,1_17;1_18;1_16;0_45;0_48,1,1_17,1,1_18,1_17,1,0.9010193701367741,2.8902500052936375,0,0,"{""0_45"": 0.0, ""0_48"": 0.0989806298632259, ""1_16"": 0.04042321529376372, ""1_17"": 1.0, ""1_18"": 0.0302947331775019}","{""0_45"": 0.0034347388161304984, ""0_48"": 0.0, ""1_16"": 0.08271621969438714, ""1_17"": 1.0, ""1_18"": 0.2559797205976293}",0.5,1_17,1,0.8568627731124344,"{""0_45"": 0.0017173694080652492, ""0_48"": 0.04949031493161295, ""1_16"": 0.06156971749407543, ""1_17"": 1.0, ""1_18"": 0.1431372268875656}"
formal_test,average_cost,Average cost,2_1_17_11_2_16.bin,20,1_17,direct_lda_top5,1_17;1_18;1_16;0_45;1_19,1,1_17,1,1_17,1_17,1,0.09385392875843657,0.0004999892553314567,,,"{""0_45"": 0.8036747177892696, ""1_16"": 0.8970323141624356, ""1_17"": 1.0, ""1_18"": 0.9061460712415634, ""1_19"": 0.0}","{""0_45"": 0.002489415693304872, ""1_16"": 0.05317928944312576, ""1_17"": 1.0, ""1_18"": 0.15935402849136035, ""1_19"": 0.0}",0.5,1_17,1,0.4672499501335381,"{""0_45"": 0.4030820667412872, ""1_16"": 0.47510580180278067, ""1_17"": 1.0, ""1_18"": 0.5327500498664619, ""1_19"": 0.0}"
formal_test,greedy_path,Greedy path,2_1_17_11_2_16.bin,20,1_17,direct_lda_top5,1_17;1_18;1_16;0_45;1_19,1,1_17,1,1_17,1_17,1,0.8805819203563571,0.04041599459014833,0,0,"{""0_45"": 0.11608854563237869, ""1_16"": 0.11821700687704484, ""1_17"": 1.0, ""1_18"": 0.11941807964364295, ""1_19"": 0.0}","{""0_45"": 0.002489415693304872, ""1_16"": 0.05317928944312576, ""1_17"": 1.0, ""1_18"": 0.15935402849136035, ""1_19"": 0.0}",0.5,1_17,1,0.8606139459324984,"{""0_45"": 0.05928898066284178, ""1_16"": 0.08569814816008531, ""1_17"": 1.0, ""1_18"": 0.13938605406750165, ""1_19"": 0.0}"
formal_test,no_pheromone,No pheromone,2_1_17_11_2_16.bin,20,1_17,direct_lda_top5,1_17;1_18;1_16;0_45;1_19,1,1_17,1,1_17,1_17,1,0.5019530269753609,2.658750003320165,0,0,"{""0_45"": 0.18810459135653163, ""1_16"": 0.4980469730246391, ""1_17"": 1.0, ""1_18"": 0.4978727426121515, ""1_19"": 0.0}","{""0_45"": 0.002489415693304872, ""1_16"": 0.05317928944312576, ""1_17"": 1.0, ""1_18"": 0.15935402849136035, ""1_19"": 0.0}",0.5,1_17,1,0.6713866144482441,"{""0_45"": 0.09529700352491825, ""1_16"": 0.2756131312338824, ""1_17"": 1.0, ""1_18"": 0.3286133855517559, ""1_19"": 0.0}"
formal_test,full_aco,Full ACO,2_1_17_11_2_16.bin,20,1_17,direct_lda_top5,1_17;1_18;1_16;0_45;1_19,1,1_17,1,1_17,1_17,1,0.9337809842122644,2.7340829983586445,0,0,"{""0_45"": 0.06439505561756831, ""1_16"": 0.06555346231559049, ""1_17"": 1.0, ""1_18"": 0.06621901578773554, ""1_19"": 0.0}","{""0_45"": 0.002489415693304872, ""1_16"": 0.05317928944312576, ""1_17"": 1.0, ""1_18"": 0.15935402849136035, ""1_19"": 0.0}",0.5,1_17,1,0.887213477860452,"{""0_45"": 0.03344223565543659, ""1_16"": 0.05936637587935813, ""1_17"": 1.0, ""1_18"": 0.11278652213954794, ""1_19"": 0.0}"
formal_test,average_cost,Average cost,2_1_18_11_2_16.bin,9,1_18,direct_lda_top5,1_18;1_17;1_16;0_45;1_19,1,1_18,1,1_18,1_18,1,0.011539500508827127,0.0012499949662014842,,,"{""0_45"": 0.7960579177417259, ""1_16"": 0.9729485859159591, ""1_17"": 0.9884604994911729, ""1_18"": 1.0, ""1_19"": 0.0}","{""0_45"": 0.0003518951125397942, ""1_16"": 0.01963474099586885, ""1_17"": 0.9744606439560383, ""1_18"": 1.0, ""1_19"": 0.0}",0.5,1_18,1,0.018539428276394432,"{""0_45"": 0.3982049064271328, ""1_16"": 0.49629166345591397, ""1_17"": 0.9814605717236056, ""1_18"": 1.0, ""1_19"": 0.0}"
formal_test,greedy_path,Greedy path,2_1_18_11_2_16.bin,9,1_18,direct_lda_top5,1_18;1_17;1_16;0_45;1_19,1,1_18,1,1_18,1_18,1,0.8645894564055678,0.06079200829844922,0,0,"{""0_45"": 0.10082932946984488, ""1_16"": 0.13541054359443214, ""1_17"": 0.1251991936137725, ""1_18"": 1.0, ""1_19"": 0.0}","{""0_45"": 0.0003518951125397942, ""1_16"": 0.01963474099586885, ""1_17"": 0.9744606439560383, ""1_18"": 1.0, ""1_19"": 0.0}",0.5,1_18,1,0.4501700812150946,"{""0_45"": 0.050590612291192334, ""1_16"": 0.07752264229515049, ""1_17"": 0.5498299187849054, ""1_18"": 1.0, ""1_19"": 0.0}"
formal_test,no_pheromone,No pheromone,2_1_18_11_2_16.bin,9,1_18,direct_lda_top5,1_18;1_17;1_16;0_45;1_19,1,1_18,1,1_18,1_18,1,0.2362164841504395,2.755500012426637,0,0,"{""0_45"": 0.18678836630640822, ""1_16"": 0.7637835158495605, ""1_17"": 0.7264457549634141, ""1_18"": 1.0, ""1_19"": 0.0}","{""0_45"": 0.0003518951125397942, ""1_16"": 0.01963474099586885, ""1_17"": 0.9744606439560383, ""1_18"": 1.0, ""1_19"": 0.0}",0.5,1_18,1,0.1495468005402738,"{""0_45"": 0.09357013070947401, ""1_16"": 0.39170912842271466, ""1_17"": 0.8504531994597262, ""1_18"": 1.0, ""1_19"": 0.0}"
formal_test,full_aco,Full ACO,2_1_18_11_2_16.bin,9,1_18,direct_lda_top5,1_18;1_17;1_16;0_45;1_19,1,1_18,1,1_18,1_18,1,0.8059493358468032,2.756250003585592,0,0,"{""0_45"": 0.054475196780976044, ""1_16"": 0.0758213754117635, ""1_17"": 0.19405066415319683, ""1_18"": 1.0, ""1_19"": 0.0}","{""0_45"": 0.0003518951125397942, ""1_16"": 0.01963474099586885, ""1_17"": 0.9744606439560383, ""1_18"": 1.0, ""1_19"": 0.0}",0.5,1_18,1,0.41574434594538245,"{""0_45"": 0.02741354594675792, ""1_16"": 0.047728058203816176, ""1_17"": 0.5842556540546175, ""1_18"": 1.0, ""1_19"": 0.0}"
formal_test,average_cost,Average cost,2_1_18_11_2_16.bin,10,1_18,direct_lda_top5,1_17;1_18;1_16;0_45;1_19,1,1_17,0,1_18,1_18,1,0.017341521782184177,0.000667001586407423,,,"{""0_45"": 0.7860776109729237, ""1_16"": 0.9629286526492894, ""1_17"": 0.9826584782178158, ""1_18"": 1.0, ""1_19"": 0.0}","{""0_45"": 0.0004924361140996621, ""1_16"": 0.02553245904085102, ""1_17"": 1.0, ""1_18"": 0.7985898377438023, ""1_19"": 0.0}",0.5,1_17,0,0.09203432023700675,"{""0_45"": 0.3932850235435117, ""1_16"": 0.4942305558450702, ""1_17"": 0.9913292391089079, ""1_18"": 0.8992949188719012, ""1_19"": 0.0}"
formal_test,greedy_path,Greedy path,2_1_18_11_2_16.bin,10,1_18,direct_lda_top5,1_17;1_18;1_16;0_45;1_19,1,1_17,0,1_18,1_18,1,0.861735178144905,0.042790998122654855,0,0,"{""0_45"": 0.10004146751642705, ""1_16"": 0.13826482185509506, ""1_17"": 0.12505965677701436, ""1_18"": 1.0, ""1_19"": 0.0}","{""0_45"": 0.0004924361140996621, ""1_16"": 0.02553245904085102, ""1_17"": 1.0, ""1_18"": 0.7985898377438023, ""1_19"": 0.0}",0.5,1_18,1,0.336765090483394,"{""0_45"": 0.050266951815263354, ""1_16"": 0.08189864044797304, ""1_17"": 0.5625298283885072, ""1_18"": 0.8992949188719012, ""1_19"": 0.0}"
formal_test,no_pheromone,No pheromone,2_1_18_11_2_16.bin,10,1_18,direct_lda_top5,1_17;1_18;1_16;0_45;1_19,1,1_17,0,1_18,1_18,1,0.38332182462050024,2.5890830002026632,0,0,"{""0_45"": 0.14288997911059567, ""1_16"": 0.43324850336341136, ""1_17"": 0.6166781753794998, ""1_18"": 1.0, ""1_19"": 0.0}","{""0_45"": 0.0004924361140996621, ""1_16"": 0.02553245904085102, ""1_17"": 1.0, ""1_18"": 0.7985898377438023, ""1_19"": 0.0}",0.5,1_18,1,0.09095583118215134,"{""0_45"": 0.07169120761234767, ""1_16"": 0.22939048120213118, ""1_17"": 0.8083390876897498, ""1_18"": 0.8992949188719012, ""1_19"": 0.0}"
formal_test,full_aco,Full ACO,2_1_18_11_2_16.bin,10,1_18,direct_lda_top5,1_17;1_18;1_16;0_45;1_19,1,1_17,0,1_18,1_18,1,0.8642851721972897,2.8481670015025884,0,0,"{""0_45"": 0.054577295258202346, ""1_16"": 0.0753865201636806, ""1_17"": 0.13571482780271024, ""1_18"": 1.0, ""1_19"": 0.0}","{""0_45"": 0.0004924361140996621, ""1_16"": 0.02553245904085102, ""1_17"": 1.0, ""1_18"": 0.7985898377438023, ""1_19"": 0.0}",0.5,1_18,1,0.331437504970546,"{""0_45"": 0.027534865686151003, ""1_16"": 0.05045948960226581, ""1_17"": 0.5678574139013551, ""1_18"": 0.8992949188719012, ""1_19"": 0.0}"
formal_test,average_cost,Average cost,2_1_18_11_2_16.bin,11,1_18,direct_lda_top5,1_17;1_18;1_16;0_45;1_19,1,1_17,0,1_18,1_18,1,0.030022266313691648,0.0006249902071431279,,,"{""0_45"": 0.7649256157069402, ""1_16"": 0.93539320349323, ""1_17"": 0.9699777336863084, ""1_18"": 1.0, ""1_19"": 0.0}","{""0_45"": 0.0005231781045610067, ""1_16"": 0.027266039256391268, ""1_17"": 1.0, ""1_18"": 0.6746386859296207, ""1_19"": 0.0}",0.5,1_17,0,0.14766952387834376,"{""0_45"": 0.3827243969057506, ""1_16"": 0.4813296213748106, ""1_17"": 0.9849888668431541, ""1_18"": 0.8373193429648104, ""1_19"": 0.0}"
formal_test,greedy_path,Greedy path,2_1_18_11_2_16.bin,11,1_18,direct_lda_top5,1_17;1_18;1_16;0_45;1_19,1,1_17,0,1_18,1_18,1,0.8647367641293937,0.04112500755582005,0,0,"{""0_45"": 0.09848150245329772, ""1_16"": 0.13526323587060635, ""1_17"": 0.12488124674892574, ""1_18"": 1.0, ""1_19"": 0.0}","{""0_45"": 0.0005231781045610067, ""1_16"": 0.027266039256391268, ""1_17"": 1.0, ""1_18"": 0.6746386859296207, ""1_19"": 0.0}",0.5,1_18,1,0.2748787195903475,"{""0_45"": 0.049502340278929365, ""1_16"": 0.0812646375634988, ""1_17"": 0.5624406233744629, ""1_18"": 0.8373193429648104, ""1_19"": 0.0}"
formal_test,no_pheromone,No pheromone,2_1_18_11_2_16.bin,11,1_18,direct_lda_top5,1_17;1_18;1_16;0_45;1_19,1,1_17,0,1_18,1_18,1,0.4605796797667834,2.653834002558142,0,0,"{""0_45"": 0.1608328007408336, ""1_16"": 0.5394203202332166, ""1_17"": 0.39900117954542275, ""1_18"": 1.0, ""1_19"": 0.0}","{""0_45"": 0.0005231781045610067, ""1_16"": 0.027266039256391268, ""1_17"": 1.0, ""1_18"": 0.6746386859296207, ""1_19"": 0.0}",0.5,1_18,1,0.13781875319209902,"{""0_45"": 0.0806779894226973, ""1_16"": 0.28334317974480394, ""1_17"": 0.6995005897727113, ""1_18"": 0.8373193429648104, ""1_19"": 0.0}"
formal_test,full_aco,Full ACO,2_1_18_11_2_16.bin,11,1_18,direct_lda_top5,1_17;1_18;1_16;0_45;1_19,1,1_17,0,1_18,1_18,1,0.9044649676257239,2.9197089897934347,0,0,"{""0_45"": 0.05412966902121393, ""1_16"": 0.08037527249406544, ""1_17"": 0.09553503237427605, ""1_18"": 1.0, ""1_19"": 0.0}","{""0_45"": 0.0005231781045610067, ""1_16"": 0.027266039256391268, ""1_17"": 1.0, ""1_18"": 0.6746386859296207, ""1_19"": 0.0}",0.5,1_18,1,0.2895518267776723,"{""0_45"": 0.02732642356288747, ""1_16"": 0.05382065587522836, ""1_17"": 0.547767516187138, ""1_18"": 0.8373193429648104, ""1_19"": 0.0}"
formal_test,average_cost,Average cost,2_1_18_11_2_16.bin,14,1_18,direct_lda_top5,1_18;1_17;0_45;1_19;1_16,1,1_18,1,1_18,1_18,1,0.09318930555398197,0.00100000761449337,,,"{""0_45"": 0.8015428620800392, ""1_16"": 0.7255732813811904, ""1_17"": 0.906810694446018, ""1_18"": 1.0, ""1_19"": 0.0}","{""0_45"": 0.0024760027232796364, ""1_16"": 0.0, ""1_17"": 0.3175065012209968, ""1_18"": 1.0, ""1_19"": 0.00021035951578427203}",0.5,1_18,1,0.38784140216649265,"{""0_45"": 0.40200943240165943, ""1_16"": 0.3627866406905952, ""1_17"": 0.6121585978335073, ""1_18"": 1.0, ""1_19"": 0.00010517975789213602}"
formal_test,greedy_path,Greedy path,2_1_18_11_2_16.bin,14,1_18,direct_lda_top5,1_18;1_17;0_45;1_19;1_16,1,1_18,1,1_18,1_18,1,0.8819278851785064,0.05516600504051894,0,0,"{""0_45"": 0.10378277218963154, ""1_16"": 0.09347045413571115, ""1_17"": 0.11807211482149362, ""1_18"": 1.0, ""1_19"": 0.0}","{""0_45"": 0.0024760027232796364, ""1_16"": 0.0, ""1_17"": 0.3175065012209968, ""1_18"": 1.0, ""1_19"": 0.00021035951578427203}",0.5,1_18,1,0.7822106919787548,"{""0_45"": 0.05312938745645559, ""1_16"": 0.04673522706785557, ""1_17"": 0.2177893080212452, ""1_18"": 1.0, ""1_19"": 0.00010517975789213602}"
formal_test,no_pheromone,No pheromone,2_1_18_11_2_16.bin,14,1_18,direct_lda_top5,1_18;1_17;0_45;1_19;1_16,1,1_18,1,1_18,1_18,1,0.685010100822873,2.785249991575256,0,0,"{""0_45"": 0.16163943417596746, ""1_16"": 0.12398954437838271, ""1_17"": 0.31498989917712705, ""1_18"": 1.0, ""1_19"": 0.0}","{""0_45"": 0.0024760027232796364, ""1_16"": 0.0, ""1_17"": 0.3175065012209968, ""1_18"": 1.0, ""1_19"": 0.00021035951578427203}",0.5,1_18,1,0.6837517998009381,"{""0_45"": 0.08205771844962355, ""1_16"": 0.061994772189191354, ""1_17"": 0.3162482001990619, ""1_18"": 1.0, ""1_19"": 0.00010517975789213602}"
formal_test,full_aco,Full ACO,2_1_18_11_2_16.bin,14,1_18,direct_lda_top5,1_18;1_17;0_45;1_19;1_16,1,1_18,1,1_18,1_18,1,0.9042150140314251,2.7640839980449528,0,0,"{""0_45"": 0.057132871493659164, ""1_16"": 0.05143603444581272, ""1_17"": 0.09578498596857483, ""1_18"": 1.0, ""1_19"": 0.0}","{""0_45"": 0.0024760027232796364, ""1_16"": 0.0, ""1_17"": 0.3175065012209968, ""1_18"": 1.0, ""1_19"": 0.00021035951578427203}",0.5,1_18,1,0.7933542564052142,"{""0_45"": 0.0298044371084694, ""1_16"": 0.02571801722290636, ""1_17"": 0.2066457435947858, ""1_18"": 1.0, ""1_19"": 0.00010517975789213602}"
formal_test,average_cost,Average cost,2_1_19_11_2_16.bin,4,1_19,direct_lda_top5,1_19;1_20;0_42;0_44;0_43,1,1_19,1,1_19,1_19,1,0.20588540930594823,0.0006250047590583563,,,"{""0_42"": 0.7941145906940518, ""0_43"": 0.32090319609103635, ""0_44"": 0.0, ""1_19"": 1.0, ""1_20"": 0.5319468998269139}","{""0_42"": 0.5794856634492781, ""0_43"": 0.0, ""0_44"": 0.013146291710290232, ""1_19"": 1.0, ""1_20"": 0.6114402426211388}",0.5,1_19,1,0.31319987292833507,"{""0_42"": 0.6868001270716649, ""0_43"": 0.16045159804551817, ""0_44"": 0.006573145855145116, ""1_19"": 1.0, ""1_20"": 0.5716935712240263}"
formal_test,greedy_path,Greedy path,2_1_19_11_2_16.bin,4,1_19,direct_lda_top5,1_19;1_20;0_42;0_44;0_43,1,1_19,1,1_19,1_19,1,0.8914295704777709,0.03962499613407999,0,0,"{""0_42"": 0.10857042952222906, ""0_43"": 0.05384398016171, ""0_44"": 0.0, ""1_19"": 1.0, ""1_20"": 0.07272716566855897}","{""0_42"": 0.5794856634492781, ""0_43"": 0.0, ""0_44"": 0.013146291710290232, ""1_19"": 1.0, ""1_20"": 0.6114402426211388}",0.5,1_19,1,0.6559719535142464,"{""0_42"": 0.3440280464857536, ""0_43"": 0.026921990080855, ""0_44"": 0.006573145855145116, ""1_19"": 1.0, ""1_20"": 0.3420837041448489}"
formal_test,no_pheromone,No pheromone,2_1_19_11_2_16.bin,4,1_19,direct_lda_top5,1_19;1_20;0_42;0_44;0_43,1,1_19,1,1_19,1_19,1,0.6376381461440479,2.574375001131557,0,0,"{""0_42"": 0.3623618538559521, ""0_43"": 0.0730980162265194, ""0_44"": 0.0, ""1_19"": 1.0, ""1_20"": 0.0925876209034284}","{""0_42"": 0.5794856634492781, ""0_43"": 0.0, ""0_44"": 0.013146291710290232, ""1_19"": 1.0, ""1_20"": 0.6114402426211388}",0.5,1_19,1,0.5290762413473848,"{""0_42"": 0.4709237586526151, ""0_43"": 0.0365490081132597, ""0_44"": 0.006573145855145116, ""1_19"": 1.0, ""1_20"": 0.3520139317622836}"
formal_test,full_aco,Full ACO,2_1_19_11_2_16.bin,4,1_19,direct_lda_top5,1_19;1_20;0_42;0_44;0_43,1,1_19,1,1_19,1_19,1,0.9260951575427516,2.9430419963318855,0,0,"{""0_42"": 0.07390484245724833, ""0_43"": 0.03117735241312133, ""0_44"": 0.0, ""1_19"": 1.0, ""1_20"": 0.04025830754180273}","{""0_42"": 0.5794856634492781, ""0_43"": 0.0, ""0_44"": 0.013146291710290232, ""1_19"": 1.0, ""1_20"": 0.6114402426211388}",0.5,1_19,1,0.6733047470467368,"{""0_42"": 0.32669525295326324, ""0_43"": 0.015588676206560665, ""0_44"": 0.006573145855145116, ""1_19"": 1.0, ""1_20"": 0.32584927508147077}"
formal_test,average_cost,Average cost,2_1_19_11_2_16.bin,11,1_19,direct_lda_top5,1_19;1_20;0_42;0_44;0_43,1,1_19,1,1_19,1_19,1,0.14431602537865196,0.0006250047590583563,,,"{""0_42"": 0.855683974621348, ""0_43"": 0.2640806182963267, ""0_44"": 0.0, ""1_19"": 1.0, ""1_20"": 0.6147440220603807}","{""0_42"": 0.26254123554833664, ""0_43"": 0.0, ""0_44"": 0.008380804975622175, ""1_19"": 1.0, ""1_20"": 0.39696159791092966}",0.5,1_19,1,0.4408873949151577,"{""0_42"": 0.5591126050848423, ""0_43"": 0.13204030914816334, ""0_44"": 0.004190402487811088, ""1_19"": 1.0, ""1_20"": 0.5058528099856552}"
formal_test,greedy_path,Greedy path,2_1_19_11_2_16.bin,11,1_19,direct_lda_top5,1_19;1_20;0_42;0_44;0_43,1,1_19,1,1_19,1_19,1,0.8894029337248851,0.03937499423045665,0,0,"{""0_42"": 0.11059706627511491, ""0_43"": 0.03325860578120807, ""0_44"": 0.0, ""1_19"": 1.0, ""1_20"": 0.0790997382033268}","{""0_42"": 0.26254123554833664, ""0_43"": 0.0, ""0_44"": 0.008380804975622175, ""1_19"": 1.0, ""1_20"": 0.39696159791092966}",0.5,1_19,1,0.7619693319428718,"{""0_42"": 0.18656915091172577, ""0_43"": 0.016629302890604034, ""0_44"": 0.004190402487811088, ""1_19"": 1.0, ""1_20"": 0.23803066805712825}"
formal_test,no_pheromone,No pheromone,2_1_19_11_2_16.bin,11,1_19,direct_lda_top5,1_19;1_20;0_42;0_44;0_43,1,1_19,1,1_19,1_19,1,0.6413349629795879,2.5826659984886646,0,0,"{""0_42"": 0.3586650370204121, ""0_43"": 0.04396310650685147, ""0_44"": 0.0, ""1_19"": 1.0, ""1_20"": 0.09620615378586038}","{""0_42"": 0.26254123554833664, ""0_43"": 0.0, ""0_44"": 0.008380804975622175, ""1_19"": 1.0, ""1_20"": 0.39696159791092966}",0.5,1_19,1,0.6893968637156256,"{""0_42"": 0.31060313628437436, ""0_43"": 0.021981553253425736, ""0_44"": 0.004190402487811088, ""1_19"": 1.0, ""1_20"": 0.24658387584839503}"
formal_test,full_aco,Full ACO,2_1_19_11_2_16.bin,11,1_19,direct_lda_top5,1_19;1_20;0_42;0_44;0_43,1,1_19,1,1_19,1_19,1,0.9388220210244081,2.8080000047339126,0,0,"{""0_42"": 0.06117797897559186, ""0_43"": 0.018360366259405108, ""0_44"": 0.0, ""1_19"": 1.0, ""1_20"": 0.04378432893523991}","{""0_42"": 0.26254123554833664, ""0_43"": 0.0, ""0_44"": 0.008380804975622175, ""1_19"": 1.0, ""1_20"": 0.39696159791092966}",0.5,1_19,1,0.7796270365769152,"{""0_42"": 0.16185960726196424, ""0_43"": 0.009180183129702554, ""0_44"": 0.004190402487811088, ""1_19"": 1.0, ""1_20"": 0.2203729634230848}"
formal_test,average_cost,Average cost,2_1_19_11_2_16.bin,14,1_19,direct_lda_top5,1_19;0_42;1_20;0_44;0_43,1,1_19,1,0_44,1_19,1,0.06828946419756643,0.000667001586407423,,,"{""0_42"": 0.9317105358024336, ""0_43"": 0.29754186886247247, ""0_44"": 0.0, ""1_19"": 1.0, ""1_20"": 0.6916390218344703}","{""0_42"": 0.5453839502398791, ""0_43"": 0.0, ""0_44"": 0.03076857795080227, ""1_19"": 1.0, ""1_20"": 0.41166326734821496}",0.5,1_19,1,0.2614527569788436,"{""0_42"": 0.7385472430211564, ""0_43"": 0.14877093443123623, ""0_44"": 0.015384288975401134, ""1_19"": 1.0, ""1_20"": 0.5516511445913427}"
formal_test,greedy_path,Greedy path,2_1_19_11_2_16.bin,14,1_19,direct_lda_top5,1_19;0_42;1_20;0_44;0_43,1,1_19,1,0_44,1_19,1,0.9102370917245777,0.04112500755582005,0,0,"{""0_42"": 0.08976290827542228, ""0_43"": 0.0, ""0_44"": 0.029930357771498384, ""1_19"": 1.0, ""1_20"": 0.06549291361266281}","{""0_42"": 0.5453839502398791, ""0_43"": 0.0, ""0_44"": 0.03076857795080227, ""1_19"": 1.0, ""1_20"": 0.41166326734821496}",0.5,1_19,1,0.6824265707423494,"{""0_42"": 0.3175734292576507, ""0_43"": 0.0, ""0_44"": 0.030349467861150326, ""1_19"": 1.0, ""1_20"": 0.23857809048043888}"
formal_test,no_pheromone,No pheromone,2_1_19_11_2_16.bin,14,1_19,direct_lda_top5,1_19;0_42;1_20;0_44;0_43,1,1_19,1,0_44,0_42,0,0.14482453128964123,2.7319159999024123,0,0,"{""0_42"": 1.0, ""0_43"": 0.0, ""0_44"": 0.010002722338451958, ""1_19"": 0.8551754687103588, ""1_20"": 0.1735078482971811}","{""0_42"": 0.5453839502398791, ""0_43"": 0.0, ""0_44"": 0.03076857795080227, ""1_19"": 1.0, ""1_20"": 0.41166326734821496}",0.5,1_19,1,0.1548957592352399,"{""0_42"": 0.7726919751199395, ""0_43"": 0.0, ""0_44"": 0.020385650144627114, ""1_19"": 0.9275877343551794, ""1_20"": 0.292585557822698}"
formal_test,full_aco,Full ACO,2_1_19_11_2_16.bin,14,1_19,direct_lda_top5,1_19;0_42;1_20;0_44;0_43,1,1_19,1,0_44,1_19,1,0.9084346610717758,2.717958006542176,0,0,"{""0_42"": 0.0915653389282242, ""0_43"": 0.0, ""0_44"": 0.015995663223535843, ""1_19"": 1.0, ""1_20"": 0.03415799085524085}","{""0_42"": 0.5453839502398791, ""0_43"": 0.0, ""0_44"": 0.03076857795080227, ""1_19"": 1.0, ""1_20"": 0.41166326734821496}",0.5,1_19,1,0.6815253554159484,"{""0_42"": 0.3184746445840516, ""0_43"": 0.0, ""0_44"": 0.023382120587169056, ""1_19"": 1.0, ""1_20"": 0.2229106291017279}"
formal_test,average_cost,Average cost,2_1_19_11_2_16.bin,17,1_19,direct_lda_top5,1_19;1_20;0_42;0_44;0_43,1,1_19,1,1_19,1_19,1,0.13733596725648345,0.000667001586407423,,,"{""0_42"": 0.8626640327435166, ""0_43"": 0.38932901715435025, ""0_44"": 0.0, ""1_19"": 1.0, ""1_20"": 0.6982539800515453}","{""0_42"": 0.25956033132981554, ""0_43"": 0.0, ""0_44"": 0.009591912827627202, ""1_19"": 1.0, ""1_20"": 0.40244567054216396}",0.5,1_19,1,0.438887817963334,"{""0_42"": 0.561112182036666, ""0_43"": 0.19466450857717513, ""0_44"": 0.004795956413813601, ""1_19"": 1.0, ""1_20"": 0.5503498252968546}"
formal_test,greedy_path,Greedy path,2_1_19_11_2_16.bin,17,1_19,direct_lda_top5,1_19;1_20;0_42;0_44;0_43,1,1_19,1,1_19,1_19,1,0.8842467111083544,0.0407920015277341,0,0,"{""0_42"": 0.1157532888916456, ""0_43"": 0.05328460251591428, ""0_44"": 0.0, ""1_19"": 1.0, ""1_20"": 0.0936925519145626}","{""0_42"": 0.25956033132981554, ""0_43"": 0.0, ""0_44"": 0.009591912827627202, ""1_19"": 1.0, ""1_20"": 0.40244567054216396}",0.5,1_19,1,0.7519308887716367,"{""0_42"": 0.18765681011073057, ""0_43"": 0.02664230125795714, ""0_44"": 0.004795956413813601, ""1_19"": 1.0, ""1_20"": 0.24806911122836328}"
formal_test,no_pheromone,No pheromone,2_1_19_11_2_16.bin,17,1_19,direct_lda_top5,1_19;1_20;0_42;0_44;0_43,1,1_19,1,1_19,1_19,1,0.5684441967851829,2.6855839969357476,0,0,"{""0_42"": 0.4315558032148171, ""0_43"": 0.0678279855947671, ""0_44"": 0.0, ""1_19"": 1.0, ""1_20"": 0.19243152863409732}","{""0_42"": 0.25956033132981554, ""0_43"": 0.0, ""0_44"": 0.009591912827627202, ""1_19"": 1.0, ""1_20"": 0.40244567054216396}",0.5,1_19,1,0.6544419327276837,"{""0_42"": 0.3455580672723163, ""0_43"": 0.03391399279738355, ""0_44"": 0.004795956413813601, ""1_19"": 1.0, ""1_20"": 0.2974385995881306}"
formal_test,full_aco,Full ACO,2_1_19_11_2_16.bin,17,1_19,direct_lda_top5,1_19;1_20;0_42;0_44;0_43,1,1_19,1,1_19,1_19,1,0.8716247132491549,2.8717500099446625,0,0,"{""0_42"": 0.12837528675084506, ""0_43"": 0.029104794239740255, ""0_44"": 0.0, ""1_19"": 1.0, ""1_20"": 0.05170630083491706}","{""0_42"": 0.25956033132981554, ""0_43"": 0.0, ""0_44"": 0.009591912827627202, ""1_19"": 1.0, ""1_20"": 0.40244567054216396}",0.5,1_19,1,0.7729240143114595,"{""0_42"": 0.19396780904033029, ""0_43"": 0.014552397119870128, ""0_44"": 0.004795956413813601, ""1_19"": 1.0, ""1_20"": 0.2270759856885405}"
formal_test,average_cost,Average cost,2_1_20_11_2_16.bin,0,1_20,direct_lda_top5,1_20;1_19;0_42;1_21;0_40,1,1_20,1,1_19,1_20,1,0.021805419362340928,0.0007500057108700275,,,"{""0_40"": 0.0, ""0_42"": 0.9781945806376591, ""1_19"": 0.5715647649270882, ""1_20"": 1.0, ""1_21"": 0.6397247092651996}","{""0_40"": 0.0, ""0_42"": 0.3990408052212861, ""1_19"": 0.47314515229602705, ""1_20"": 1.0, ""1_21"": 0.05000873129801724}",0.5,1_20,1,0.3113823070705274,"{""0_40"": 0.0, ""0_42"": 0.6886176929294726, ""1_19"": 0.5223549586115577, ""1_20"": 1.0, ""1_21"": 0.3448667202816084}"
formal_test,greedy_path,Greedy path,2_1_20_11_2_16.bin,0,1_20,direct_lda_top5,1_20;1_19;0_42;1_21;0_40,1,1_20,1,1_19,1_20,1,0.850246871385565,0.05462499393615872,0,0,"{""0_40"": 0.0, ""0_42"": 0.1388059870468596, ""1_19"": 0.14975312861443502, ""1_20"": 1.0, ""1_21"": 0.10476451835595259}","{""0_40"": 0.0, ""0_42"": 0.3990408052212861, ""1_19"": 0.47314515229602705, ""1_20"": 1.0, ""1_21"": 0.05000873129801724}",0.5,1_20,1,0.6885508595447689,"{""0_40"": 0.0, ""0_42"": 0.26892339613407285, ""1_19"": 0.31144914045523103, ""1_20"": 1.0, ""1_21"": 0.07738662482698491}"
formal_test,no_pheromone,No pheromone,2_1_20_11_2_16.bin,0,1_20,direct_lda_top5,1_20;1_19;0_42;1_21;0_40,1,1_20,1,1_19,0_42,0,0.07841502480105511,2.7942080050706863,0,0,"{""0_40"": 0.0, ""0_42"": 1.0, ""1_19"": 0.17680375668281254, ""1_20"": 0.9215849751989449, ""1_21"": 0.20304328614475414}","{""0_40"": 0.0, ""0_42"": 0.3990408052212861, ""1_19"": 0.47314515229602705, ""1_20"": 1.0, ""1_21"": 0.05000873129801724}",0.5,1_20,1,0.26127208498882937,"{""0_40"": 0.0, ""0_42"": 0.6995204026106431, ""1_19"": 0.3249744544894198, ""1_20"": 0.9607924875994724, ""1_21"": 0.1265260087213857}"
formal_test,full_aco,Full ACO,2_1_20_11_2_16.bin,0,1_20,direct_lda_top5,1_20;1_19;0_42;1_21;0_40,1,1_20,1,1_19,1_20,1,0.7414571444434219,2.8017500007990748,0,0,"{""0_40"": 0.0, ""0_42"": 0.2585428555565781, ""1_19"": 0.07862047449024591, ""1_20"": 1.0, ""1_21"": 0.05480064784332981}","{""0_40"": 0.0, ""0_42"": 0.3990408052212861, ""1_19"": 0.47314515229602705, ""1_20"": 1.0, ""1_21"": 0.05000873129801724}",0.5,1_20,1,0.6712081696110679,"{""0_40"": 0.0, ""0_42"": 0.3287918303889321, ""1_19"": 0.2758828133931365, ""1_20"": 1.0, ""1_21"": 0.05240468957067353}"
formal_test,average_cost,Average cost,2_1_20_11_2_16.bin,4,1_20,direct_lda_top5,1_20;1_21;1_19;0_42;0_40,1,1_20,1,1_20,1_20,1,0.12220864906177098,0.00145800004247576,,,"{""0_40"": 0.0, ""0_42"": 0.877791350938229, ""1_19"": 0.5084038151429745, ""1_20"": 1.0, ""1_21"": 0.5575411438332286}","{""0_40"": 0.0, ""0_42"": 0.1616452634851, ""1_19"": 0.19747839556577163, ""1_20"": 1.0, ""1_21"": 0.26273938778797223}",0.5,1_20,1,0.48028169278833555,"{""0_40"": 0.0, ""0_42"": 0.5197183072116645, ""1_19"": 0.35294110535437306, ""1_20"": 1.0, ""1_21"": 0.4101402658106004}"
formal_test,greedy_path,Greedy path,2_1_20_11_2_16.bin,4,1_20,direct_lda_top5,1_20;1_21;1_19;0_42;0_40,1,1_20,1,1_20,1_20,1,0.8802328605685392,0.06616600148845464,0,0,"{""0_40"": 0.0, ""0_42"": 0.11976713943146074, ""1_19"": 0.06936736224460714, ""1_20"": 1.0, ""1_21"": 0.07607173144378523}","{""0_40"": 0.0, ""0_42"": 0.1616452634851, ""1_19"": 0.19747839556577163, ""1_20"": 1.0, ""1_21"": 0.26273938778797223}",0.5,1_20,1,0.8305944403841212,"{""0_40"": 0.0, ""0_42"": 0.14070620145828036, ""1_19"": 0.1334228789051894, ""1_20"": 1.0, ""1_21"": 0.16940555961587872}"
formal_test,no_pheromone,No pheromone,2_1_20_11_2_16.bin,4,1_20,direct_lda_top5,1_20;1_21;1_19;0_42;0_40,1,1_20,1,1_20,1_20,1,0.639089054247239,2.6986669981852174,0,0,"{""0_40"": 0.0, ""0_42"": 0.36091094575276095, ""1_19"": 0.0890753037481153, ""1_20"": 1.0, ""1_21"": 0.09467572382275614}","{""0_40"": 0.0, ""0_42"": 0.1616452634851, ""1_19"": 0.19747839556577163, ""1_20"": 1.0, ""1_21"": 0.26273938778797223}",0.5,1_20,1,0.7387218953810695,"{""0_40"": 0.0, ""0_42"": 0.2612781046189305, ""1_19"": 0.14327684965694346, ""1_20"": 1.0, ""1_21"": 0.17870755580536418}"
formal_test,full_aco,Full ACO,2_1_20_11_2_16.bin,4,1_20,direct_lda_top5,1_20;1_21;1_19;0_42;0_40,1,1_20,1,1_20,1_20,1,0.9331687360790861,2.7474579983390868,0,0,"{""0_40"": 0.0, ""0_42"": 0.06683126392091386, ""1_19"": 0.03865593385291516, ""1_20"": 1.0, ""1_21"": 0.04244725539380978}","{""0_40"": 0.0, ""0_42"": 0.1616452634851, ""1_19"": 0.19747839556577163, ""1_20"": 1.0, ""1_21"": 0.26273938778797223}",0.5,1_20,1,0.847406678409109,"{""0_40"": 0.0, ""0_42"": 0.11423826370300694, ""1_19"": 0.11806716470934339, ""1_20"": 1.0, ""1_21"": 0.152593321590891}"
formal_test,average_cost,Average cost,2_1_20_11_2_16.bin,19,1_20,direct_lda_top5,1_20;1_19;0_42;0_39;1_21,1,1_20,1,1_19,1_20,1,0.03672907298827999,0.0006660120561718941,,,"{""0_39"": 0.96327092701172, ""0_42"": 0.8571697312800768, ""1_19"": 0.15547352488773328, ""1_20"": 1.0, ""1_21"": 0.0}","{""0_39"": 0.0067233948362062194, ""0_42"": 0.13426282952232932, ""1_19"": 0.7873823084190342, ""1_20"": 1.0, ""1_21"": 0.0}",0.5,1_20,1,0.5042837195987969,"{""0_39"": 0.4849971609239631, ""0_42"": 0.4957162804012031, ""1_19"": 0.47142791665338374, ""1_20"": 1.0, ""1_21"": 0.0}"
formal_test,greedy_path,Greedy path,2_1_20_11_2_16.bin,19,1_20,direct_lda_top5,1_20;1_19;0_42;0_39;1_21,1,1_20,1,1_19,1_20,1,0.8828527456426625,0.03962499613407999,0,0,"{""0_39"": 0.11714725435733751, ""0_42"": 0.10424386091375937, ""1_19"": 0.0882963201022735, ""1_20"": 1.0, ""1_21"": 0.0}","{""0_39"": 0.0067233948362062194, ""0_42"": 0.13426282952232932, ""1_19"": 0.7873823084190342, ""1_20"": 1.0, ""1_21"": 0.0}",0.5,1_20,1,0.5621606857393462,"{""0_39"": 0.06193532459677187, ""0_42"": 0.11925334521804434, ""1_19"": 0.43783931426065387, ""1_20"": 1.0, ""1_21"": 0.0}"
formal_test,no_pheromone,No pheromone,2_1_20_11_2_16.bin,19,1_20,direct_lda_top5,1_20;1_19;0_42;0_39;1_21,1,1_20,1,1_19,1_20,1,0.05012773061361486,2.5750839995453134,0,0,"{""0_39"": 0.9498722693863851, ""0_42"": 0.46709055893435875, ""1_19"": 0.10307100288229419, ""1_20"": 1.0, ""1_21"": 0.0}","{""0_39"": 0.0067233948362062194, ""0_42"": 0.13426282952232932, ""1_19"": 0.7873823084190342, ""1_20"": 1.0, ""1_21"": 0.0}",0.5,1_20,1,0.5217021678887044,"{""0_39"": 0.4782978321112957, ""0_42"": 0.30067669422834403, ""1_19"": 0.4452266556506642, ""1_20"": 1.0, ""1_21"": 0.0}"
formal_test,full_aco,Full ACO,2_1_20_11_2_16.bin,19,1_20,direct_lda_top5,1_20;1_19;0_42;0_39;1_21,1,1_20,1,1_19,1_20,1,0.8856849956297492,2.9171249916544184,0,0,"{""0_39"": 0.11431500437025077, ""0_42"": 0.055162016302930175, ""1_19"": 0.046981195189680004, ""1_20"": 1.0, ""1_21"": 0.0}","{""0_39"": 0.0067233948362062194, ""0_42"": 0.13426282952232932, ""1_19"": 0.7873823084190342, ""1_20"": 1.0, ""1_21"": 0.0}",0.5,1_20,1,0.5828182481956429,"{""0_39"": 0.0605191996032285, ""0_42"": 0.09471242291262974, ""1_19"": 0.4171817518043571, ""1_20"": 1.0, ""1_21"": 0.0}"
formal_test,average_cost,Average cost,2_1_20_11_2_16.bin,20,1_20,direct_lda_top5,1_20;1_19;0_42;1_21;0_40,1,1_20,1,1_20,1_20,1,0.009268480078014507,0.000790998456068337,,,"{""0_40"": 0.0, ""0_42"": 0.9907315199219855, ""1_19"": 0.7376858939086028, ""1_20"": 1.0, ""1_21"": 0.6863689056643548}","{""0_40"": 0.0, ""0_42"": 0.3100872072987302, ""1_19"": 0.391768737062671, ""1_20"": 1.0, ""1_21"": 0.1229173052641775}",0.5,1_20,1,0.34959063638964216,"{""0_40"": 0.0, ""0_42"": 0.6504093636103578, ""1_19"": 0.5647273154856369, ""1_20"": 1.0, ""1_21"": 0.4046431054642662}"
formal_test,greedy_path,Greedy path,2_1_20_11_2_16.bin,20,1_20,direct_lda_top5,1_20;1_19;0_42;1_21;0_40,1,1_20,1,1_20,1_20,1,0.8690004684166429,0.05620799493044615,0,0,"{""0_40"": 0.0, ""0_42"": 0.13099953158335706, ""1_19"": 0.0976675993987387, ""1_20"": 1.0, ""1_21"": 0.09075516759827335}","{""0_40"": 0.0, ""0_42"": 0.3100872072987302, ""1_19"": 0.391768737062671, ""1_20"": 1.0, ""1_21"": 0.1229173052641775}",0.5,1_20,1,0.7552818317692951,"{""0_40"": 0.0, ""0_42"": 0.22054336944104364, ""1_19"": 0.24471816823070486, ""1_20"": 1.0, ""1_21"": 0.10683623643122542}"
formal_test,no_pheromone,No pheromone,2_1_20_11_2_16.bin,20,1_20,direct_lda_top5,1_20;1_19;0_42;1_21;0_40,1,1_20,1,1_20,1_20,1,0.44159306876703674,2.7785419952124357,0,0,"{""0_40"": 0.0, ""0_42"": 0.5584069312329633, ""1_19"": 0.19946554710868908, ""1_20"": 1.0, ""1_21"": 0.10795005025544419}","{""0_40"": 0.0, ""0_42"": 0.3100872072987302, ""1_19"": 0.391768737062671, ""1_20"": 1.0, ""1_21"": 0.1229173052641775}",0.5,1_20,1,0.5657529307341533,"{""0_40"": 0.0, ""0_42"": 0.4342470692658467, ""1_19"": 0.29561714208568, ""1_20"": 1.0, ""1_21"": 0.11543367775981084}"
formal_test,full_aco,Full ACO,2_1_20_11_2_16.bin,20,1_20,direct_lda_top5,1_20;1_19;0_42;1_21;0_40,1,1_20,1,1_20,1_20,1,0.8567225712067742,2.762875010375865,0,0,"{""0_40"": 0.0, ""0_42"": 0.14327742879322578, ""1_19"": 0.05327721992004378, ""1_20"": 1.0, ""1_21"": 0.04955884603538219}","{""0_40"": 0.0, ""0_42"": 0.3100872072987302, ""1_19"": 0.391768737062671, ""1_20"": 1.0, ""1_21"": 0.1229173052641775}",0.5,1_20,1,0.773317681954022,"{""0_40"": 0.0, ""0_42"": 0.226682318045978, ""1_19"": 0.22252297849135738, ""1_20"": 1.0, ""1_21"": 0.08623807564977984}"
formal_test,average_cost,Average cost,2_1_21_11_2_16.bin,3,1_21,direct_lda_top5,1_21;1_20;0_40;0_42;1_23,1,1_21,1,0_42,0_42,0,0.24863994471276063,0.00145800004247576,,,"{""0_40"": 0.0, ""0_42"": 1.0, ""1_20"": 0.7513600552872394, ""1_21"": 0.7213051163883202, ""1_23"": 0.25174989843610435}","{""0_40"": 0.09000110671760783, ""0_42"": 0.020374261554251462, ""1_20"": 0.4876537120585004, ""1_21"": 1.0, ""1_23"": 0.0}",0.5,1_21,1,0.2411456745212902,"{""0_40"": 0.045000553358803916, ""0_42"": 0.5101871307771257, ""1_20"": 0.6195068836728699, ""1_21"": 0.8606525581941601, ""1_23"": 0.12587494921805217}"
formal_test,greedy_path,Greedy path,2_1_21_11_2_16.bin,3,1_21,direct_lda_top5,1_21;1_20;0_40;0_42;1_23,1,1_21,1,0_42,0_42,0,0.8957523040866758,0.05787500413134694,0,0,"{""0_40"": 0.0, ""0_42"": 1.0, ""1_20"": 0.09941127462127715, ""1_21"": 0.10424769591332413, ""1_23"": 0.03330863560446084}","{""0_40"": 0.09000110671760783, ""0_42"": 0.020374261554251462, ""1_20"": 0.4876537120585004, ""1_21"": 1.0, ""1_23"": 0.0}",0.5,1_21,1,0.04193671717953629,"{""0_40"": 0.045000553358803916, ""0_42"": 0.5101871307771257, ""1_20"": 0.2935324933398888, ""1_21"": 0.552123847956662, ""1_23"": 0.01665431780223042}"
formal_test,no_pheromone,No pheromone,2_1_21_11_2_16.bin,3,1_21,direct_lda_top5,1_21;1_20;0_40;0_42;1_23,1,1_21,1,0_42,0_42,0,0.767804650246902,2.6526250003371388,0,0,"{""0_40"": 0.0, ""0_42"": 1.0, ""1_20"": 0.23219534975309797, ""1_21"": 0.17166376094213373, ""1_23"": 0.03287578652692287}","{""0_40"": 0.09000110671760783, ""0_42"": 0.020374261554251462, ""1_20"": 0.4876537120585004, ""1_21"": 1.0, ""1_23"": 0.0}",0.5,1_21,1,0.07564474969394108,"{""0_40"": 0.045000553358803916, ""0_42"": 0.5101871307771257, ""1_20"": 0.3599245309057992, ""1_21"": 0.5858318804710668, ""1_23"": 0.016437893263461435}"
formal_test,full_aco,Full ACO,2_1_21_11_2_16.bin,3,1_21,direct_lda_top5,1_21;1_20;0_40;0_42;1_23,1,1_21,1,0_42,0_42,0,0.9421943704230159,2.7327920106472448,0,0,"{""0_40"": 0.0, ""0_42"": 1.0, ""1_20"": 0.055134346314603976, ""1_21"": 0.057805629576984124, ""1_23"": 0.0184245012289658}","{""0_40"": 0.09000110671760783, ""0_42"": 0.020374261554251462, ""1_20"": 0.4876537120585004, ""1_21"": 1.0, ""1_23"": 0.0}",0.5,1_21,1,0.018715684011366363,"{""0_40"": 0.045000553358803916, ""0_42"": 0.5101871307771257, ""1_20"": 0.2713940291865522, ""1_21"": 0.5289028147884921, ""1_23"": 0.0092122506144829}"
formal_test,average_cost,Average cost,2_1_21_11_2_16.bin,5,1_21,direct_lda_top5,1_21;0_40;1_20;0_42;1_22,1,1_21,1,0_42,0_42,0,0.05848687619072879,0.0007079943316057324,,,"{""0_40"": 0.16830595395962109, ""0_42"": 1.0, ""1_20"": 0.4397162784460699, ""1_21"": 0.9415131238092712, ""1_22"": 0.0}","{""0_40"": 0.25179674753742376, ""0_42"": 0.009231180342505207, ""1_20"": 0.07877980177878731, ""1_21"": 1.0, ""1_22"": 0.0}",0.5,1_21,1,0.4661409717333831,"{""0_40"": 0.21005135074852244, ""0_42"": 0.5046155901712526, ""1_20"": 0.25924804011242863, ""1_21"": 0.9707565619046357, ""1_22"": 0.0}"
formal_test,greedy_path,Greedy path,2_1_21_11_2_16.bin,5,1_21,direct_lda_top5,1_21;0_40;1_20;0_42;1_22,1,1_21,1,0_42,0_42,0,0.8826224345260352,0.0524159986525774,0,0,"{""0_40"": 0.020434531698908638, ""0_42"": 1.0, ""1_20"": 0.053387274894553485, ""1_21"": 0.11737756547396488, ""1_22"": 0.0}","{""0_40"": 0.25179674753742376, ""0_42"": 0.009231180342505207, ""1_20"": 0.07877980177878731, ""1_21"": 1.0, ""1_22"": 0.0}",0.5,1_21,1,0.054073192565729844,"{""0_40"": 0.1361156396181662, ""0_42"": 0.5046155901712526, ""1_20"": 0.0660835383366704, ""1_21"": 0.5586887827369824, ""1_22"": 0.0}"
formal_test,no_pheromone,No pheromone,2_1_21_11_2_16.bin,5,1_21,direct_lda_top5,1_21;0_40;1_20;0_42;1_22,1,1_21,1,0_42,0_42,0,0.5743163312145515,2.674792005564086,0,0,"{""0_40"": 0.02512320141095188, ""0_42"": 1.0, ""1_20"": 0.06445651513729718, ""1_21"": 0.4256836687854485, ""1_22"": 0.0}","{""0_40"": 0.25179674753742376, ""0_42"": 0.009231180342505207, ""1_20"": 0.07877980177878731, ""1_21"": 1.0, ""1_22"": 0.0}",0.5,1_21,1,0.20822624422147173,"{""0_40"": 0.1384599744741878, ""0_42"": 0.5046155901712526, ""1_20"": 0.07161815845804224, ""1_21"": 0.7128418343927243, ""1_22"": 0.0}"
formal_test,full_aco,Full ACO,2_1_21_11_2_16.bin,5,1_21,direct_lda_top5,1_21;0_40;1_20;0_42;1_22,1,1_21,1,0_42,0_42,0,0.9303577330081556,2.9959579987917095,0,0,"{""0_40"": 0.011298554409667027, ""0_42"": 1.0, ""1_20"": 0.029456567001517223, ""1_21"": 0.0696422669918444, ""1_22"": 0.0}","{""0_40"": 0.25179674753742376, ""0_42"": 0.009231180342505207, ""1_20"": 0.07877980177878731, ""1_21"": 1.0, ""1_22"": 0.0}",0.5,1_21,1,0.030205543324669626,"{""0_40"": 0.1315476509735454, ""0_42"": 0.5046155901712526, ""1_20"": 0.054118184390152264, ""1_21"": 0.5348211334959222, ""1_22"": 0.0}"
formal_test,average_cost,Average cost,2_1_21_11_2_16.bin,6,1_21,direct_lda_top5,1_21;1_22;0_40;1_23;0_42,1,1_21,1,1_23,0_42,0,0.4918320410420124,0.0007500057108700275,,,"{""0_40"": 0.0, ""0_42"": 1.0, ""1_21"": 0.5052219043460933, ""1_22"": 0.4437947301862394, ""1_23"": 0.5081679589579876}","{""0_40"": 0.14617951702548226, ""0_42"": 0.0, ""1_21"": 1.0, ""1_22"": 0.16393851265700182, ""1_23"": 0.03963994612485621}",0.5,1_21,1,0.25261095217304663,"{""0_40"": 0.07308975851274113, ""0_42"": 0.5, ""1_21"": 0.7526109521730466, ""1_22"": 0.3038666214216206, ""1_23"": 0.2739039525414219}"
formal_test,greedy_path,Greedy path,2_1_21_11_2_16.bin,6,1_21,direct_lda_top5,1_21;1_22;0_40;1_23;0_42,1,1_21,1,1_23,0_42,0,0.8542915656360035,0.04749999789055437,0,0,"{""0_40"": 0.0, ""0_42"": 1.0, ""1_21"": 0.07906927248327263, ""1_22"": 0.06945567115335936, ""1_23"": 0.14570843436399644}","{""0_40"": 0.14617951702548226, ""0_42"": 0.0, ""1_21"": 1.0, ""1_22"": 0.16393851265700182, ""1_23"": 0.03963994612485621}",0.5,1_21,1,0.039534636241636334,"{""0_40"": 0.07308975851274113, ""0_42"": 0.5, ""1_21"": 0.5395346362416363, ""1_22"": 0.1166970919051806, ""1_23"": 0.09267419024442633}"
formal_test,no_pheromone,No pheromone,2_1_21_11_2_16.bin,6,1_21,direct_lda_top5,1_21;1_22;0_40;1_23;0_42,1,1_21,1,1_23,0_42,0,0.8424325763899015,2.6807920075953007,0,0,"{""0_40"": 0.0, ""0_42"": 1.0, ""1_21"": 0.09568763216513639, ""1_22"": 0.08471501484749458, ""1_23"": 0.15756742361009846}","{""0_40"": 0.14617951702548226, ""0_42"": 0.0, ""1_21"": 1.0, ""1_22"": 0.16393851265700182, ""1_23"": 0.03963994612485621}",0.5,1_21,1,0.04784381608256816,"{""0_40"": 0.07308975851274113, ""0_42"": 0.5, ""1_21"": 0.5478438160825682, ""1_22"": 0.1243267637522482, ""1_23"": 0.09860368486747734}"
formal_test,full_aco,Full ACO,2_1_21_11_2_16.bin,6,1_21,direct_lda_top5,1_21;1_22;0_40;1_23;0_42,1,1_21,1,1_23,0_42,0,0.9197913471004872,2.7355409984011203,0,0,"{""0_40"": 0.0, ""0_42"": 1.0, ""1_21"": 0.043267696087386155, ""1_22"": 0.03794828161424857, ""1_23"": 0.08020865289951284}","{""0_40"": 0.14617951702548226, ""0_42"": 0.0, ""1_21"": 1.0, ""1_22"": 0.16393851265700182, ""1_23"": 0.03963994612485621}",0.5,1_21,1,0.02163384804369306,"{""0_40"": 0.07308975851274113, ""0_42"": 0.5, ""1_21"": 0.5216338480436931, ""1_22"": 0.1009433971356252, ""1_23"": 0.05992429951218453}"
formal_test,average_cost,Average cost,2_1_21_11_2_16.bin,7,1_21,direct_lda_top5,1_21;1_23;0_40;1_22;1_20,1,1_21,1,1_23,1_21,1,0.7530765138281126,0.0006250047590583563,,,"{""0_40"": 0.0, ""1_20"": 0.24082297185684454, ""1_21"": 1.0, ""1_22"": 0.2395340264631782, ""1_23"": 0.24692348617188747}","{""0_40"": 0.07941637303995452, ""1_20"": 0.0, ""1_21"": 1.0, ""1_22"": 0.0668973181110263, ""1_23"": 0.15433230813952553}",0.5,1_21,1,0.7993721028442935,"{""0_40"": 0.03970818651997726, ""1_20"": 0.12041148592842227, ""1_21"": 1.0, ""1_22"": 0.15321567228710226, ""1_23"": 0.2006278971557065}"
formal_test,greedy_path,Greedy path,2_1_21_11_2_16.bin,7,1_21,direct_lda_top5,1_21;1_23;0_40;1_22;1_20,1,1_21,1,1_23,1_21,1,0.8951946298778815,0.039291990105994046,0,0,"{""0_40"": 0.0, ""1_20"": 0.03601013531925339, ""1_21"": 1.0, ""1_22"": 0.03581739997641143, ""1_23"": 0.10480537012211857}","{""0_40"": 0.07941637303995452, ""1_20"": 0.0, ""1_21"": 1.0, ""1_22"": 0.0668973181110263, ""1_23"": 0.15433230813952553}",0.5,1_21,1,0.8704311608691779,"{""0_40"": 0.03970818651997726, ""1_20"": 0.018005067659626697, ""1_21"": 1.0, ""1_22"": 0.05135735904371887, ""1_23"": 0.12956883913082207}"
formal_test,no_pheromone,No pheromone,2_1_21_11_2_16.bin,7,1_21,direct_lda_top5,1_21;1_23;0_40;1_22;1_20,1,1_21,1,1_23,1_21,1,0.878823696695069,2.5390420050825924,0,0,"{""0_40"": 0.0, ""1_20"": 0.04919308103537889, ""1_21"": 1.0, ""1_22"": 0.046203489894119563, ""1_23"": 0.12117630330493101}","{""0_40"": 0.07941637303995452, ""1_20"": 0.0, ""1_21"": 1.0, ""1_22"": 0.0668973181110263, ""1_23"": 0.15433230813952553}",0.5,1_21,1,0.8622456942777718,"{""0_40"": 0.03970818651997726, ""1_20"": 0.024596540517689443, ""1_21"": 1.0, ""1_22"": 0.05655040400257293, ""1_23"": 0.13775430572222827}"
formal_test,full_aco,Full ACO,2_1_21_11_2_16.bin,7,1_21,direct_lda_top5,1_21;1_23;0_40;1_22;1_20,1,1_21,1,1_23,1_21,1,0.9430571166357156,2.7678340120473877,0,0,"{""0_40"": 0.0, ""1_20"": 0.019491204530011366, ""1_21"": 1.0, ""1_22"": 0.019322565405065564, ""1_23"": 0.0569428833642844}","{""0_40"": 0.07941637303995452, ""1_20"": 0.0, ""1_21"": 1.0, ""1_22"": 0.0668973181110263, ""1_23"": 0.15433230813952553}",0.5,1_21,1,0.894362404248095,"{""0_40"": 0.03970818651997726, ""1_20"": 0.009745602265005683, ""1_21"": 1.0, ""1_22"": 0.04310994175804593, ""1_23"": 0.10563759575190497}"
formal_test,average_cost,Average cost,2_1_22_11_2_16.bin,0,1_22,direct_lda_top5,1_22;0_40;1_21;1_23;0_38,1,1_22,1,1_22,1_22,1,0.25332229819560514,0.0007499911589547992,,,"{""0_38"": 0.0, ""0_40"": 0.7466777018043949, ""1_21"": 0.1594779465014796, ""1_22"": 1.0, ""1_23"": 0.4592240949146398}","{""0_38"": 0.0, ""0_40"": 0.3567715005043968, ""1_21"": 0.11430926464572592, ""1_22"": 1.0, ""1_23"": 0.002474003225998419}",0.5,1_22,1,0.4482753988456042,"{""0_38"": 0.0, ""0_40"": 0.5517246011543958, ""1_21"": 0.13689360557360275, ""1_22"": 1.0, ""1_23"": 0.2308490490703191}"
formal_test,greedy_path,Greedy path,2_1_22_11_2_16.bin,0,1_22,direct_lda_top5,1_22;0_40;1_21;1_23;0_38,1,1_22,1,1_22,1_22,1,0.9025064887009109,0.04904100205749273,0,0,"{""0_38"": 0.0, ""0_40"": 0.09749351129908916, ""1_21"": 0.020822993564190623, ""1_22"": 1.0, ""1_23"": 0.059960769389766876}","{""0_38"": 0.0, ""0_40"": 0.3567715005043968, ""1_21"": 0.11430926464572592, ""1_22"": 1.0, ""1_23"": 0.002474003225998419}",0.5,1_22,1,0.772867494098257,"{""0_38"": 0.0, ""0_40"": 0.227132505901743, ""1_21"": 0.06756612910495827, ""1_22"": 1.0, ""1_23"": 0.031217386307882646}"
formal_test,no_pheromone,No pheromone,2_1_22_11_2_16.bin,0,1_22,direct_lda_top5,1_22;0_40;1_21;1_23;0_38,1,1_22,1,1_22,1_22,1,0.7900537608330196,2.657375007402152,0,0,"{""0_38"": 0.0, ""0_40"": 0.20994623916698038, ""1_21"": 0.013408672446416064, ""1_22"": 1.0, ""1_23"": 0.0781672028379827}","{""0_38"": 0.0, ""0_40"": 0.3567715005043968, ""1_21"": 0.11430926464572592, ""1_22"": 1.0, ""1_23"": 0.002474003225998419}",0.5,1_22,1,0.7166411301643114,"{""0_38"": 0.0, ""0_40"": 0.2833588698356886, ""1_21"": 0.063858968546071, ""1_22"": 1.0, ""1_23"": 0.04032060303199056}"
formal_test,full_aco,Full ACO,2_1_22_11_2_16.bin,0,1_22,direct_lda_top5,1_22;0_40;1_21;1_23;0_38,1,1_22,1,1_22,1_22,1,0.9458016674118558,2.7580410096561536,0,0,"{""0_38"": 0.0, ""0_40"": 0.05419833258814421, ""1_21"": 0.011590853238896005, ""1_22"": 1.0, ""1_23"": 0.03329169536610873}","{""0_38"": 0.0, ""0_40"": 0.3567715005043968, ""1_21"": 0.11430926464572592, ""1_22"": 1.0, ""1_23"": 0.002474003225998419}",0.5,1_22,1,0.7945150834537295,"{""0_38"": 0.0, ""0_40"": 0.20548491654627052, ""1_21"": 0.06295005894231097, ""1_22"": 1.0, ""1_23"": 0.017882849296053573}"
formal_test,average_cost,Average cost,2_1_22_11_2_16.bin,8,1_22,direct_lda_top5,1_22;0_40;1_21;1_23;0_38,1,1_22,1,1_22,1_22,1,0.4662640070721372,0.0009170034900307655,,,"{""0_38"": 0.0, ""0_40"": 0.5337359929278628, ""1_21"": 0.053196118123011026, ""1_22"": 1.0, ""1_23"": 0.4889816700766924}","{""0_38"": 0.0, ""0_40"": 0.35494395034398546, ""1_21"": 0.11141077310411933, ""1_22"": 1.0, ""1_23"": 0.0020240691403440934}",0.5,1_22,1,0.5556600283640759,"{""0_38"": 0.0, ""0_40"": 0.4443399716359241, ""1_21"": 0.08230344561356517, ""1_22"": 1.0, ""1_23"": 0.24550286960851825}"
formal_test,greedy_path,Greedy path,2_1_22_11_2_16.bin,8,1_22,direct_lda_top5,1_22;0_40;1_21;1_23;0_38,1,1_22,1,1_22,1_22,1,0.9360207911138803,0.04937499761581421,0,0,"{""0_38"": 0.005449427545223896, ""0_40"": 0.06397920888611972, ""1_21"": 0.0, ""1_22"": 1.0, ""1_23"": 0.05802060623859815}","{""0_38"": 0.0, ""0_40"": 0.35494395034398546, ""1_21"": 0.11141077310411933, ""1_22"": 1.0, ""1_23"": 0.0020240691403440934}",0.5,1_22,1,0.7905384203849475,"{""0_38"": 0.002724713772611948, ""0_40"": 0.20946157961505257, ""1_21"": 0.055705386552059664, ""1_22"": 1.0, ""1_23"": 0.030022337689471122}"
formal_test,no_pheromone,No pheromone,2_1_22_11_2_16.bin,8,1_22,direct_lda_top5,1_22;0_40;1_21;1_23;0_38,1,1_22,1,1_22,1_22,1,0.9175234575409965,2.632250005262904,0,0,"{""0_38"": 0.003057524015421234, ""0_40"": 0.08247654245900354, ""1_21"": 0.0, ""1_22"": 1.0, ""1_23"": 0.07465666976666721}","{""0_38"": 0.0, ""0_40"": 0.35494395034398546, ""1_21"": 0.11141077310411933, ""1_22"": 1.0, ""1_23"": 0.0020240691403440934}",0.5,1_22,1,0.7812897535985055,"{""0_38"": 0.001528762007710617, ""0_40"": 0.2187102464014945, ""1_21"": 0.055705386552059664, ""1_22"": 1.0, ""1_23"": 0.03834036945350565}"
formal_test,full_aco,Full ACO,2_1_22_11_2_16.bin,8,1_22,direct_lda_top5,1_22;0_40;1_21;1_23;0_38,1,1_22,1,1_22,1_22,1,0.9646356886310169,2.7551660023164004,0,0,"{""0_38"": 0.002992494455808789, ""0_40"": 0.035364311368983145, ""1_21"": 0.0, ""1_22"": 1.0, ""1_23"": 0.03202059331624632}","{""0_38"": 0.0, ""0_40"": 0.35494395034398546, ""1_21"": 0.11141077310411933, ""1_22"": 1.0, ""1_23"": 0.0020240691403440934}",0.5,1_22,1,0.8048458691435156,"{""0_38"": 0.0014962472279043946, ""0_40"": 0.1951541308564843, ""1_21"": 0.055705386552059664, ""1_22"": 1.0, ""1_23"": 0.017022331228295207}"
formal_test,average_cost,Average cost,2_1_22_11_2_16.bin,10,1_22,direct_lda_top5,1_22;0_40;1_21;1_23;0_38,1,1_22,1,1_22,1_22,1,0.1655667044272643,0.0007920025382190943,,,"{""0_38"": 0.0, ""0_40"": 0.8344332955727357, ""1_21"": 0.19293115570346844, ""1_22"": 1.0, ""1_23"": 0.4848068240618699}","{""0_38"": 0.0, ""0_40"": 0.354592859186114, ""1_21"": 0.11566332932871076, ""1_22"": 1.0, ""1_23"": 0.002791804684438493}",0.5,1_22,1,0.4054869226205752,"{""0_38"": 0.0, ""0_40"": 0.5945130773794248, ""1_21"": 0.15429724251608962, ""1_22"": 1.0, ""1_23"": 0.24379931437315422}"
formal_test,greedy_path,Greedy path,2_1_22_11_2_16.bin,10,1_22,direct_lda_top5,1_22;0_40;1_21;1_23;0_38,1,1_22,1,1_22,1_22,1,0.8925447856632872,0.04083300882484764,0,0,"{""0_38"": 0.0, ""0_40"": 0.10745521433671275, ""1_21"": 0.02862830518364374, ""1_22"": 1.0, ""1_23"": 0.06243161852225993}","{""0_38"": 0.0, ""0_40"": 0.354592859186114, ""1_21"": 0.11566332932871076, ""1_22"": 1.0, ""1_23"": 0.002791804684438493}",0.5,1_22,1,0.7689759632385866,"{""0_38"": 0.0, ""0_40"": 0.23102403676141336, ""1_21"": 0.07214581725617725, ""1_22"": 1.0, ""1_23"": 0.03261171160334921}"
formal_test,no_pheromone,No pheromone,2_1_22_11_2_16.bin,10,1_22,direct_lda_top5,1_22;0_40;1_21;1_23;0_38,1,1_22,1,1_22,1_22,1,0.7324595512158221,2.5771249929675832,0,0,"{""0_38"": 0.0, ""0_40"": 0.267540448784178, ""1_21"": 0.027762526076793023, ""1_22"": 1.0, ""1_23"": 0.07874876446515637}","{""0_38"": 0.0, ""0_40"": 0.354592859186114, ""1_21"": 0.11566332932871076, ""1_22"": 1.0, ""1_23"": 0.002791804684438493}",0.5,1_22,1,0.688933346014854,"{""0_38"": 0.0, ""0_40"": 0.311066653985146, ""1_21"": 0.0717129277027519, ""1_22"": 1.0, ""1_23"": 0.04077028457479743}"
formal_test,full_aco,Full ACO,2_1_22_11_2_16.bin,10,1_22,direct_lda_top5,1_22;0_40;1_21;1_23;0_38,1,1_22,1,1_22,1_22,1,0.9405093340007159,2.806707998388447,0,0,"{""0_38"": 0.0, ""0_40"": 0.059490665999284056, ""1_21"": 0.01586376896628089, ""1_22"": 1.0, ""1_23"": 0.03490395798593921}","{""0_38"": 0.0, ""0_40"": 0.354592859186114, ""1_21"": 0.11566332932871076, ""1_22"": 1.0, ""1_23"": 0.002791804684438493}",0.5,1_22,1,0.792958237407301,"{""0_38"": 0.0, ""0_40"": 0.20704176259269902, ""1_21"": 0.06576354914749583, ""1_22"": 1.0, ""1_23"": 0.018847881335188853}"
formal_test,average_cost,Average cost,2_1_22_11_2_16.bin,13,1_22,direct_lda_top5,1_22;0_40;1_21;1_23;0_38,1,1_22,1,1_22,1_22,1,0.6375276396930978,0.0005830079317092896,,,"{""0_38"": 0.0, ""0_40"": 0.36247236030690216, ""1_21"": 0.0037098026385195583, ""1_22"": 1.0, ""1_23"": 0.2785547364747763}","{""0_38"": 0.0, ""0_40"": 0.2715621688194463, ""1_21"": 0.08271725587549919, ""1_22"": 1.0, ""1_23"": 0.001853248086249595}",0.5,1_22,1,0.6829827354368257,"{""0_38"": 0.0, ""0_40"": 0.31701726456317425, ""1_21"": 0.04321352925700937, ""1_22"": 1.0, ""1_23"": 0.14020399228051295}"
formal_test,greedy_path,Greedy path,2_1_22_11_2_16.bin,13,1_22,direct_lda_top5,1_22;0_40;1_21;1_23;0_38,1,1_22,1,1_22,1_22,1,0.9521744153865112,0.039875012589618564,0,0,"{""0_38"": 0.0, ""0_40"": 0.04782558461348885, ""1_21"": 0.0004894814044238615, ""1_22"": 1.0, ""1_23"": 0.0433273532449771}","{""0_38"": 0.0, ""0_40"": 0.2715621688194463, ""1_21"": 0.08271725587549919, ""1_22"": 1.0, ""1_23"": 0.001853248086249595}",0.5,1_22,1,0.8403061232835325,"{""0_38"": 0.0, ""0_40"": 0.15969387671646756, ""1_21"": 0.04160336863996152, ""1_22"": 1.0, ""1_23"": 0.022590300665613346}"
formal_test,no_pheromone,No pheromone,2_1_22_11_2_16.bin,13,1_22,direct_lda_top5,1_22;0_40;1_21;1_23;0_38,1,1_22,1,1_22,1_22,1,0.9298522556763217,2.6151249912800267,0,0,"{""0_38"": 0.0, ""0_40"": 0.07014774432367835, ""1_21"": 0.0036117246651262915, ""1_22"": 1.0, ""1_23"": 0.04239394990163692}","{""0_38"": 0.0, ""0_40"": 0.2715621688194463, ""1_21"": 0.08271725587549919, ""1_22"": 1.0, ""1_23"": 0.001853248086249595}",0.5,1_22,1,0.8291450434284378,"{""0_38"": 0.0, ""0_40"": 0.1708549565715623, ""1_21"": 0.043164490270312744, ""1_22"": 1.0, ""1_23"": 0.022123598993943255}"
formal_test,full_aco,Full ACO,2_1_22_11_2_16.bin,13,1_22,direct_lda_top5,1_22;0_40;1_21;1_23;0_38,1,1_22,1,1_22,1_22,1,0.973465538133225,2.7380840037949383,0,0,"{""0_38"": 0.0, ""0_40"": 0.026534461866774956, ""1_21"": 0.00029090581949621394, ""1_22"": 1.0, ""1_23"": 0.02399067285553617}","{""0_38"": 0.0, ""0_40"": 0.2715621688194463, ""1_21"": 0.08271725587549919, ""1_22"": 1.0, ""1_23"": 0.001853248086249595}",0.5,1_22,1,0.8509516846568894,"{""0_38"": 0.0, ""0_40"": 0.1490483153431106, ""1_21"": 0.0415040808474977, ""1_22"": 1.0, ""1_23"": 0.012921960470892883}"
formal_test,average_cost,Average cost,2_1_23_11_2_16.bin,0,1_23,direct_lda_top5,0_39;1_23;1_20;1_25;1_19,1,0_39,0,0_39,0_39,0,0.17026086599248158,0.0008329952834174037,,,"{""0_39"": 1.0, ""1_19"": 0.8297391340075184, ""1_20"": 0.0, ""1_23"": 0.05928074016891432, ""1_25"": 0.14371831122192755}","{""0_39"": 1.0, ""1_19"": 0.0, ""1_20"": 9.797470598542498e-05, ""1_23"": 0.00012855928188635406, ""1_25"": 6.387759945507931e-07}",0.5,0_39,0,0.5851304329962408,"{""0_39"": 1.0, ""1_19"": 0.4148695670037592, ""1_20"": 4.898735299271249e-05, ""1_23"": 0.029704649725400337, ""1_25"": 0.07185947499896105}"
formal_test,greedy_path,Greedy path,2_1_23_11_2_16.bin,0,1_23,direct_lda_top5,0_39;1_23;1_20;1_25;1_19,1,0_39,0,0_39,0_39,0,0.8988429993108868,0.051750001148320735,0,0,"{""0_39"": 1.0, ""1_19"": 0.10115700068911315, ""1_20"": 0.0, ""1_23"": 0.006910697549099718, ""1_25"": 0.01675407186705369}","{""0_39"": 1.0, ""1_19"": 0.0, ""1_20"": 9.797470598542498e-05, ""1_23"": 0.00012855928188635406, ""1_25"": 6.387759945507931e-07}",0.5,0_39,0,0.9494214996554434,"{""0_39"": 1.0, ""1_19"": 0.050578500344556576, ""1_20"": 4.898735299271249e-05, ""1_23"": 0.003519628415493036, ""1_25"": 0.008377355321524121}"
formal_test,no_pheromone,No pheromone,2_1_23_11_2_16.bin,0,1_23,direct_lda_top5,0_39;1_23;1_20;1_25;1_19,1,0_39,0,0_39,0_39,0,0.3619155009675453,2.6005840045399964,0,0,"{""0_39"": 1.0, ""1_19"": 0.6380844990324547, ""1_20"": 0.0, ""1_23"": 0.01550745957338318, ""1_25"": 0.021055636221439814}","{""0_39"": 1.0, ""1_19"": 0.0, ""1_20"": 9.797470598542498e-05, ""1_23"": 0.00012855928188635406, ""1_25"": 6.387759945507931e-07}",0.5,0_39,0,0.6809577504837727,"{""0_39"": 1.0, ""1_19"": 0.31904224951622734, ""1_20"": 4.898735299271249e-05, ""1_23"": 0.007818009427634767, ""1_25"": 0.010528137498717182}"
formal_test,full_aco,Full ACO,2_1_23_11_2_16.bin,0,1_23,direct_lda_top5,0_39;1_23;1_20;1_25;1_19,1,0_39,0,0_39,0_39,0,0.9444299228398253,2.801291993819177,0,0,"{""0_39"": 1.0, ""1_19"": 0.0555700771601747, ""1_20"": 0.0, ""1_23"": 0.003736009392667971, ""1_25"": 0.009167245786761466}","{""0_39"": 1.0, ""1_19"": 0.0, ""1_20"": 9.797470598542498e-05, ""1_23"": 0.00012855928188635406, ""1_25"": 6.387759945507931e-07}",0.5,0_39,0,0.9722149614199127,"{""0_39"": 1.0, ""1_19"": 0.02778503858008735, ""1_20"": 4.898735299271249e-05, ""1_23"": 0.0019322843372771624, ""1_25"": 0.004583942281378008}"
formal_test,average_cost,Average cost,2_1_23_11_2_16.bin,3,1_23,direct_lda_top5,1_23;0_38;1_24;0_39;1_22,1,1_23,1,1_23,1_23,1,0.31805209876261586,0.000667001586407423,,,"{""0_38"": 0.32847267828877025, ""0_39"": 0.0, ""1_22"": 0.08264900805141419, ""1_23"": 1.0, ""1_24"": 0.6819479012373841}","{""0_38"": 0.330574307362624, ""0_39"": 0.047012028624490755, ""1_22"": 0.0, ""1_23"": 1.0, ""1_24"": 0.17058579532280302}",0.5,1_23,1,0.5737331517199065,"{""0_38"": 0.32952349282569715, ""0_39"": 0.023506014312245378, ""1_22"": 0.041324504025707094, ""1_23"": 1.0, ""1_24"": 0.4262668482800936}"
formal_test,greedy_path,Greedy path,2_1_23_11_2_16.bin,3,1_23,direct_lda_top5,1_23;0_38;1_24;0_39;1_22,1,1_23,1,1_23,1_23,1,0.9123748305717314,0.042625004425644875,0,0,"{""0_38"": 0.042206265369224366, ""0_39"": 0.0, ""1_22"": 0.010619775089039425, ""1_23"": 1.0, ""1_24"": 0.08762516942826859}","{""0_38"": 0.330574307362624, ""0_39"": 0.047012028624490755, ""1_22"": 0.0, ""1_23"": 1.0, ""1_24"": 0.17058579532280302}",0.5,1_23,1,0.8136097136340759,"{""0_38"": 0.1863902863659242, ""0_39"": 0.023506014312245378, ""1_22"": 0.005309887544519712, ""1_23"": 1.0, ""1_24"": 0.12910548237553582}"
formal_test,no_pheromone,No pheromone,2_1_23_11_2_16.bin,3,1_23,direct_lda_top5,1_23;0_38;1_24;0_39;1_22,1,1_23,1,1_23,1_23,1,0.8411790230571066,2.5819169968599454,0,0,"{""0_38"": 0.04658552552236472, ""0_39"": 0.0, ""1_22"": 0.0023883478319306614, ""1_23"": 1.0, ""1_24"": 0.1588209769428935}","{""0_38"": 0.330574307362624, ""0_39"": 0.047012028624490755, ""1_22"": 0.0, ""1_23"": 1.0, ""1_24"": 0.17058579532280302}",0.5,1_23,1,0.8114200835575056,"{""0_38"": 0.18857991644249436, ""0_39"": 0.023506014312245378, ""1_22"": 0.0011941739159653307, ""1_23"": 1.0, ""1_24"": 0.16470338613284824}"
formal_test,full_aco,Full ACO,2_1_23_11_2_16.bin,3,1_23,direct_lda_top5,1_23;0_38;1_24;0_39;1_22,1,1_23,1,1_23,1_23,1,0.9513663550318008,2.7965409972239286,0,0,"{""0_38"": 0.02341731424390214, ""0_39"": 0.0, ""1_22"": 0.005871694462065842, ""1_23"": 1.0, ""1_24"": 0.04863364496819922}","{""0_38"": 0.330574307362624, ""0_39"": 0.047012028624490755, ""1_22"": 0.0, ""1_23"": 1.0, ""1_24"": 0.17058579532280302}",0.5,1_23,1,0.8230041891967369,"{""0_38"": 0.17699581080326307, ""0_39"": 0.023506014312245378, ""1_22"": 0.002935847231032921, ""1_23"": 1.0, ""1_24"": 0.10960972014550112}"
formal_test,average_cost,Average cost,2_1_23_11_2_16.bin,12,1_23,direct_lda_top5,0_39;1_23;1_24;0_38;1_21,1,0_39,0,1_20,1_23,1,0.19244462607026092,0.000500003807246685,,,"{""0_38"": 0.7279318169755551, ""0_39"": 0.17130381776971326, ""1_21"": 0.0, ""1_23"": 1.0, ""1_24"": 0.8075553739297391}","{""0_38"": 0.08757304362436207, ""0_39"": 1.0, ""1_21"": 0.0, ""1_23"": 0.4635003620601625, ""1_24"": 0.191554787755969}",0.5,1_23,1,0.14609827214522464,"{""0_38"": 0.40775243029995856, ""0_39"": 0.5856519088848566, ""1_21"": 0.0, ""1_23"": 0.7317501810300813, ""1_24"": 0.49955508084285405}"
formal_test,greedy_path,Greedy path,2_1_23_11_2_16.bin,12,1_23,direct_lda_top5,0_39;1_23;1_24;0_38;1_21,1,0_39,0,1_20,1_23,1,0.8914265800703225,0.04029099363833666,0,0,"{""0_38"": 0.09786826934240225, ""0_39"": 0.02480606476054025, ""1_21"": 0.0, ""1_23"": 1.0, ""1_24"": 0.10857341992967745}","{""0_38"": 0.08757304362436207, ""0_39"": 1.0, ""1_21"": 0.0, ""1_23"": 0.4635003620601625, ""1_24"": 0.191554787755969}",0.5,1_23,1,0.2193471486498112,"{""0_38"": 0.09272065648338215, ""0_39"": 0.5124030323802701, ""1_21"": 0.0, ""1_23"": 0.7317501810300813, ""1_24"": 0.15006410384282323}"
formal_test,no_pheromone,No pheromone,2_1_23_11_2_16.bin,12,1_23,direct_lda_top5,0_39;1_23;1_24;0_38;1_21,1,0_39,0,1_20,1_23,1,0.5893043986252252,2.6407499972265214,0,0,"{""0_38"": 0.3399214381600797, ""0_39"": 0.02324613054655501, ""1_21"": 0.0, ""1_23"": 1.0, ""1_24"": 0.4106956013747748}","{""0_38"": 0.08757304362436207, ""0_39"": 1.0, ""1_21"": 0.0, ""1_23"": 0.4635003620601625, ""1_24"": 0.191554787755969}",0.5,1_23,1,0.22012711575680377,"{""0_38"": 0.21374724089222089, ""0_39"": 0.5116230652732775, ""1_21"": 0.0, ""1_23"": 0.7317501810300813, ""1_24"": 0.3011251945653719}"
formal_test,full_aco,Full ACO,2_1_23_11_2_16.bin,12,1_23,direct_lda_top5,0_39;1_23;1_24;0_38;1_21,1,0_39,0,1_20,1_23,1,0.7324606076301767,2.671541995368898,0,0,"{""0_38"": 0.05106263345805314, ""0_39"": 0.01290467869849291, ""1_21"": 0.0, ""1_23"": 1.0, ""1_24"": 0.2675393923698232}","{""0_38"": 0.08757304362436207, ""0_39"": 1.0, ""1_21"": 0.0, ""1_23"": 0.4635003620601625, ""1_24"": 0.191554787755969}",0.5,1_23,1,0.22529784168083478,"{""0_38"": 0.0693178385412076, ""0_39"": 0.5064523393492465, ""1_21"": 0.0, ""1_23"": 0.7317501810300813, ""1_24"": 0.22954709006289611}"
formal_test,average_cost,Average cost,2_1_23_11_2_16.bin,20,1_23,direct_lda_top5,1_23;0_38;1_24;0_39;1_21,1,1_23,1,1_23,1_23,1,0.10063179356811336,0.0009159994078800082,,,"{""0_38"": 0.8993682064318866, ""0_39"": 0.0, ""1_21"": 0.3869866030451944, ""1_23"": 1.0, ""1_24"": 0.15428934247384035}","{""0_38"": 0.22443631454542087, ""0_39"": 0.08526304866642688, ""1_21"": 0.0, ""1_23"": 1.0, ""1_24"": 0.12229848438970185}",0.5,1_23,1,0.43809773951134623,"{""0_38"": 0.5619022604886538, ""0_39"": 0.04263152433321344, ""1_21"": 0.1934933015225972, ""1_23"": 1.0, ""1_24"": 0.1382939134317711}"
formal_test,greedy_path,Greedy path,2_1_23_11_2_16.bin,20,1_23,direct_lda_top5,1_23;0_38;1_24;0_39;1_21,1,1_23,1,1_23,1_23,1,0.8945693219646447,0.04633299249690026,0,0,"{""0_38"": 0.10543067803535536, ""0_39"": 0.0, ""1_21"": 0.04229880123938326, ""1_23"": 1.0, ""1_24"": 0.01362756345869348}","{""0_38"": 0.22443631454542087, ""0_39"": 0.08526304866642688, ""1_21"": 0.0, ""1_23"": 1.0, ""1_24"": 0.12229848438970185}",0.5,1_23,1,0.8350665037096119,"{""0_38"": 0.16493349629038812, ""0_39"": 0.04263152433321344, ""1_21"": 0.02114940061969163, ""1_23"": 1.0, ""1_24"": 0.06796302392419766}"
formal_test,no_pheromone,No pheromone,2_1_23_11_2_16.bin,20,1_23,direct_lda_top5,1_23;0_38;1_24;0_39;1_21,1,1_23,1,1_23,1_23,1,0.4534073623608458,2.772874999209307,0,0,"{""0_38"": 0.5465926376391542, ""0_39"": 0.0, ""1_21"": 0.06762321793035915, ""1_23"": 1.0, ""1_24"": 0.018977531327679407}","{""0_38"": 0.22443631454542087, ""0_39"": 0.08526304866642688, ""1_21"": 0.0, ""1_23"": 1.0, ""1_24"": 0.12229848438970185}",0.5,1_23,1,0.6144855239077125,"{""0_38"": 0.38551447609228756, ""0_39"": 0.04263152433321344, ""1_21"": 0.033811608965179575, ""1_23"": 1.0, ""1_24"": 0.07063800785869064}"
formal_test,full_aco,Full ACO,2_1_23_11_2_16.bin,20,1_23,direct_lda_top5,1_23;0_38;1_24;0_39;1_21,1,1_23,1,1_23,1_23,1,0.8854845414480578,2.856999999494292,0,0,"{""0_38"": 0.11451545855194224, ""0_39"": 0.0, ""1_21"": 0.0230290311706661, ""1_23"": 1.0, ""1_24"": 0.007454504291020716}","{""0_38"": 0.22443631454542087, ""0_39"": 0.08526304866642688, ""1_21"": 0.0, ""1_23"": 1.0, ""1_24"": 0.12229848438970185}",0.5,1_23,1,0.8305241134513184,"{""0_38"": 0.16947588654868156, ""0_39"": 0.04263152433321344, ""1_21"": 0.01151451558533305, ""1_23"": 1.0, ""1_24"": 0.06487649434036129}"
formal_test,average_cost,Average cost,2_1_24_11_2_16.bin,0,1_24,direct_lda_top5,1_24;0_38;1_25;0_37;1_23,1,1_24,1,0_38,1_24,1,0.5463608000935782,0.0005829933797940612,,,"{""0_37"": 0.0, ""0_38"": 0.22795744477171057, ""1_23"": 0.3860141864006803, ""1_24"": 1.0, ""1_25"": 0.4536391999064217}","{""0_37"": 0.009938256938122805, ""0_38"": 0.8278571786518195, ""1_23"": 0.0, ""1_24"": 1.0, ""1_25"": 0.010936372220390704}",0.5,1_24,1,0.4720926882882349,"{""0_37"": 0.004969128469061402, ""0_38"": 0.5279073117117651, ""1_23"": 0.19300709320034015, ""1_24"": 1.0, ""1_25"": 0.2322877860634062}"
formal_test,greedy_path,Greedy path,2_1_24_11_2_16.bin,0,1_24,direct_lda_top5,1_24;0_38;1_25;0_37;1_23,1,1_24,1,0_38,1_24,1,0.8973645310663503,0.040624989196658134,0,0,"{""0_37"": 0.0, ""0_38"": 0.10263546893364969, ""1_23"": 0.05905490012822444, ""1_24"": 1.0, ""1_25"": 0.07360876438075283}","{""0_37"": 0.009938256938122805, ""0_38"": 0.8278571786518195, ""1_23"": 0.0, ""1_24"": 1.0, ""1_25"": 0.010936372220390704}",0.5,1_24,1,0.5347536762072653,"{""0_37"": 0.004969128469061402, ""0_38"": 0.4652463237927346, ""1_23"": 0.02952745006411222, ""1_24"": 1.0, ""1_25"": 0.042272568300571765}"
formal_test,no_pheromone,No pheromone,2_1_24_11_2_16.bin,0,1_24,direct_lda_top5,1_24;0_38;1_25;0_37;1_23,1,1_24,1,0_38,1_24,1,0.8763211624939737,2.594541001599282,0,0,"{""0_37"": 0.0, ""0_38"": 0.1099161408543418, ""1_23"": 0.07760837417732447, ""1_24"": 1.0, ""1_25"": 0.12367883750602623}","{""0_37"": 0.009938256938122805, ""0_38"": 0.8278571786518195, ""1_23"": 0.0, ""1_24"": 1.0, ""1_25"": 0.010936372220390704}",0.5,1_24,1,0.5311133402469194,"{""0_37"": 0.004969128469061402, ""0_38"": 0.46888665975308064, ""1_23"": 0.038804187088662234, ""1_24"": 1.0, ""1_25"": 0.06730760486320847}"
formal_test,full_aco,Full ACO,2_1_24_11_2_16.bin,0,1_24,direct_lda_top5,1_24;0_38;1_25;0_37;1_23,1,1_24,1,0_38,1_24,1,0.9441468173261982,2.833416991052218,0,0,"{""0_37"": 0.0, ""0_38"": 0.055853182673801745, ""1_23"": 0.03192747690109741, ""1_24"": 1.0, ""1_25"": 0.0400701766445119}","{""0_37"": 0.009938256938122805, ""0_38"": 0.8278571786518195, ""1_23"": 0.0, ""1_24"": 1.0, ""1_25"": 0.010936372220390704}",0.5,1_24,1,0.5581448193371894,"{""0_37"": 0.004969128469061402, ""0_38"": 0.44185518066281065, ""1_23"": 0.015963738450548704, ""1_24"": 1.0, ""1_25"": 0.025503274432451303}"
formal_test,average_cost,Average cost,2_1_24_11_2_16.bin,2,1_24,direct_lda_top5,1_24;0_38;1_25;1_23;0_37,1,1_24,1,0_38,1_24,1,0.3236248867888353,0.0005830079317092896,,,"{""0_37"": 0.0, ""0_38"": 0.4888232005591639, ""1_23"": 0.529521848963377, ""1_24"": 1.0, ""1_25"": 0.6763751132111647}","{""0_37"": 0.0, ""0_38"": 0.7539469719371233, ""1_23"": 0.00694105889330981, ""1_24"": 1.0, ""1_25"": 0.025542910210877373}",0.5,1_24,1,0.3786149137518564,"{""0_37"": 0.0, ""0_38"": 0.6213850862481436, ""1_23"": 0.26823145392834336, ""1_24"": 1.0, ""1_25"": 0.35095901171102106}"
formal_test,greedy_path,Greedy path,2_1_24_11_2_16.bin,2,1_24,direct_lda_top5,1_24;0_38;1_25;1_23;0_37,1,1_24,1,0_38,1_24,1,0.8550622585347658,0.0399169948650524,0,0,"{""0_37"": 0.0, ""0_38"": 0.14493774146523422, ""1_23"": 0.08276164358162373, ""1_24"": 1.0, ""1_25"": 0.10571408178274135}","{""0_37"": 0.0, ""0_38"": 0.7539469719371233, ""1_23"": 0.00694105889330981, ""1_24"": 1.0, ""1_25"": 0.025542910210877373}",0.5,1_24,1,0.5505576432988213,"{""0_37"": 0.0, ""0_38"": 0.44944235670117877, ""1_23"": 0.04485135123746677, ""1_24"": 1.0, ""1_25"": 0.06562849599680937}"
formal_test,no_pheromone,No pheromone,2_1_24_11_2_16.bin,2,1_24,direct_lda_top5,1_24;0_38;1_25;1_23;0_37,1,1_24,1,0_38,1_24,1,0.7726946691837906,2.5786670012166724,0,0,"{""0_37"": 0.0, ""0_38"": 0.2036868871324946, ""1_23"": 0.12183057255928231, ""1_24"": 1.0, ""1_25"": 0.22730533081620943}","{""0_37"": 0.0, ""0_38"": 0.7539469719371233, ""1_23"": 0.00694105889330981, ""1_24"": 1.0, ""1_25"": 0.025542910210877373}",0.5,1_24,1,0.521183070465191,"{""0_37"": 0.0, ""0_38"": 0.478816929534809, ""1_23"": 0.06438581572629606, ""1_24"": 1.0, ""1_25"": 0.1264241205135434}"
formal_test,full_aco,Full ACO,2_1_24_11_2_16.bin,2,1_24,direct_lda_top5,1_24;0_38;1_25;1_23;0_37,1,1_24,1,0_38,1_24,1,0.9208619031249606,2.677291995496489,0,0,"{""0_37"": 0.0, ""0_38"": 0.07913809687503934, ""1_23"": 0.044841657371241496, ""1_24"": 1.0, ""1_25"": 0.05730722147616486}","{""0_37"": 0.0, ""0_38"": 0.7539469719371233, ""1_23"": 0.00694105889330981, ""1_24"": 1.0, ""1_25"": 0.025542910210877373}",0.5,1_24,1,0.5834574655939186,"{""0_37"": 0.0, ""0_38"": 0.41654253440608136, ""1_23"": 0.025891358132275652, ""1_24"": 1.0, ""1_25"": 0.04142506584352112}"
formal_test,average_cost,Average cost,2_1_24_11_2_16.bin,10,1_24,direct_lda_top5,1_24;0_38;1_25;1_23;0_39,1,1_24,1,1_24,1_24,1,0.019144385629636496,0.001624997821636498,,,"{""0_38"": 0.3944724244010144, ""0_39"": 0.0, ""1_23"": 0.7245689189169046, ""1_24"": 1.0, ""1_25"": 0.9808556143703635}","{""0_38"": 0.6150684827485658, ""0_39"": 0.0, ""1_23"": 0.05437900203539928, ""1_24"": 1.0, ""1_25"": 0.08900544573174467}",0.5,1_24,1,0.46506946994894593,"{""0_38"": 0.5047704535747901, ""0_39"": 0.0, ""1_23"": 0.3894739604761519, ""1_24"": 1.0, ""1_25"": 0.5349305300510541}"
formal_test,greedy_path,Greedy path,2_1_24_11_2_16.bin,10,1_24,direct_lda_top5,1_24;0_38;1_25;1_23;0_39,1,1_24,1,1_24,1_24,1,0.8791360252808824,0.06066700734663755,0,0,"{""0_38"": 0.045645659149471086, ""0_39"": 0.0, ""1_23"": 0.0879887936691154, ""1_24"": 1.0, ""1_25"": 0.12086397471911753}","{""0_38"": 0.6150684827485658, ""0_39"": 0.0, ""1_23"": 0.05437900203539928, ""1_24"": 1.0, ""1_25"": 0.08900544573174467}",0.5,1_24,1,0.6696429290509816,"{""0_38"": 0.33035707094901845, ""0_39"": 0.0, ""1_23"": 0.07118389785225734, ""1_24"": 1.0, ""1_25"": 0.1049347102254311}"
formal_test,no_pheromone,No pheromone,2_1_24_11_2_16.bin,10,1_24,direct_lda_top5,1_24;0_38;1_25;1_23;0_39,1,1_24,1,1_24,1_24,1,0.26304201130358895,2.7083750028396025,0,0,"{""0_38"": 0.05298804004774638, ""0_39"": 0.0, ""1_23"": 0.1515949737001794, ""1_24"": 1.0, ""1_25"": 0.736957988696411}","{""0_38"": 0.6150684827485658, ""0_39"": 0.0, ""1_23"": 0.05437900203539928, ""1_24"": 1.0, ""1_25"": 0.08900544573174467}",0.5,1_24,1,0.5870182827859222,"{""0_38"": 0.3340282613981561, ""0_39"": 0.0, ""1_23"": 0.10298698786778934, ""1_24"": 1.0, ""1_25"": 0.41298171721407784}"
formal_test,full_aco,Full ACO,2_1_24_11_2_16.bin,10,1_24,direct_lda_top5,1_24;0_38;1_25;1_23;0_39,1,1_24,1,1_24,1_24,1,0.8900728589513703,2.7314159960951656,0,0,"{""0_38"": 0.02495749489658243, ""0_39"": 0.0, ""1_23"": 0.048064361610120246, ""1_24"": 1.0, ""1_25"": 0.10992714104862965}","{""0_38"": 0.6150684827485658, ""0_39"": 0.0, ""1_23"": 0.05437900203539928, ""1_24"": 1.0, ""1_25"": 0.08900544573174467}",0.5,1_24,1,0.6799870111774259,"{""0_38"": 0.3200129888225741, ""0_39"": 0.0, ""1_23"": 0.05122168182275977, ""1_24"": 1.0, ""1_25"": 0.09946629339018716}"
formal_test,average_cost,Average cost,2_1_24_11_2_16.bin,17,1_24,direct_lda_top5,0_38;1_24;1_25;1_23;0_39,1,0_38,0,1_25,1_25,0,0.26693776825109017,0.0007080088835209608,,,"{""0_38"": 0.0, ""0_39"": 0.16762201590358455, ""1_23"": 0.7330622317489098, ""1_24"": 0.48076315845756923, ""1_25"": 1.0}","{""0_38"": 1.0, ""0_39"": 0.0, ""1_23"": 0.3936222355347874, ""1_24"": 0.4785525751168627, ""1_25"": 0.44205570762744417}",0.5,1_25,0,0.15768562017187338,"{""0_38"": 0.5, ""0_39"": 0.08381100795179228, ""1_23"": 0.5633422336418487, ""1_24"": 0.479657866787216, ""1_25"": 0.721027853813722}"
formal_test,greedy_path,Greedy path,2_1_24_11_2_16.bin,17,1_24,direct_lda_top5,0_38;1_24;1_25;1_23;0_39,1,0_38,0,1_25,1_25,0,0.9029232566852596,0.041457999031990767,0,0,"{""0_38"": 0.0, ""0_39"": 0.027158244235076193, ""1_23"": 0.09707674331474032, ""1_24"": 0.06366570218387012, ""1_25"": 1.0}","{""0_38"": 1.0, ""0_39"": 0.0, ""1_23"": 0.3936222355347874, ""1_24"": 0.4785525751168627, ""1_25"": 0.44205570762744417}",0.5,1_25,0,0.22102785381372203,"{""0_38"": 0.5, ""0_39"": 0.013579122117538096, ""1_23"": 0.24534948942476387, ""1_24"": 0.2711091386503664, ""1_25"": 0.721027853813722}"
formal_test,no_pheromone,No pheromone,2_1_24_11_2_16.bin,17,1_24,direct_lda_top5,0_38;1_24;1_25;1_23;0_39,1,0_38,0,1_25,1_25,0,0.8375812632828077,2.574166006525047,0,0,"{""0_38"": 0.0, ""0_39"": 0.02670942316052166, ""1_23"": 0.16241873671719237, ""1_24"": 0.07166005176532152, ""1_25"": 1.0}","{""0_38"": 1.0, ""0_39"": 0.0, ""1_23"": 0.3936222355347874, ""1_24"": 0.4785525751168627, ""1_25"": 0.44205570762744417}",0.5,1_25,0,0.22102785381372203,"{""0_38"": 0.5, ""0_39"": 0.01335471158026083, ""1_23"": 0.2780204861259899, ""1_24"": 0.2751063134410921, ""1_25"": 0.721027853813722}"
formal_test,full_aco,Full ACO,2_1_24_11_2_16.bin,17,1_24,direct_lda_top5,0_38;1_24;1_25;1_23;0_39,1,0_38,0,1_25,1_25,0,0.9450047954040809,2.757666996330954,0,0,"{""0_38"": 0.0, ""0_39"": 0.015042659190692729, ""1_23"": 0.054995204595919105, ""1_24"": 0.03532505472579548, ""1_25"": 1.0}","{""0_38"": 1.0, ""0_39"": 0.0, ""1_23"": 0.3936222355347874, ""1_24"": 0.4785525751168627, ""1_25"": 0.44205570762744417}",0.5,1_25,0,0.22102785381372203,"{""0_38"": 0.5, ""0_39"": 0.007521329595346364, ""1_23"": 0.22430872006535327, ""1_24"": 0.2569388149213291, ""1_25"": 0.721027853813722}"
formal_test,average_cost,Average cost,2_1_25_11_2_16.bin,2,1_25,direct_lda_top5,1_25;0_38;1_26;0_37;1_24,1,1_25,1,1_25,1_25,1,0.06043480246752664,0.0005830079317092896,,,"{""0_37"": 0.0, ""0_38"": 0.3424815151803746, ""1_24"": 0.8079840536796047, ""1_25"": 1.0, ""1_26"": 0.9395651975324734}","{""0_37"": 0.0006439782363310474, ""0_38"": 0.06960026207643448, ""1_24"": 0.0, ""1_25"": 1.0, ""1_26"": 0.025158587061163307}",0.5,1_25,1,0.5176381077031816,"{""0_37"": 0.0003219891181655237, ""0_38"": 0.20604088862840456, ""1_24"": 0.40399202683980234, ""1_25"": 1.0, ""1_26"": 0.48236189229681836}"
formal_test,greedy_path,Greedy path,2_1_25_11_2_16.bin,2,1_25,direct_lda_top5,1_25;0_38;1_26;0_37;1_24,1,1_25,1,1_25,1_25,1,0.8799241505456845,0.040000013541430235,0,0,"{""0_37"": 0.0, ""0_38"": 0.04313391730098472, ""1_24"": 0.10176174715174112, ""1_25"": 1.0, ""1_26"": 0.1200758494543155}","{""0_37"": 0.0006439782363310474, ""0_38"": 0.06960026207643448, ""1_24"": 0.0, ""1_25"": 1.0, ""1_26"": 0.025158587061163307}",0.5,1_25,1,0.9273827817422606,"{""0_37"": 0.0003219891181655237, ""0_38"": 0.0563670896887096, ""1_24"": 0.05088087357587056, ""1_25"": 1.0, ""1_26"": 0.0726172182577394}"
formal_test,no_pheromone,No pheromone,2_1_25_11_2_16.bin,2,1_25,direct_lda_top5,1_25;0_38;1_26;0_37;1_24,1,1_25,1,1_25,1_25,1,0.6665241248299743,2.5742919970070943,0,0,"{""0_37"": 0.0, ""0_38"": 0.041299588860592824, ""1_24"": 0.15413668665968203, ""1_25"": 1.0, ""1_26"": 0.33347587517002575}","{""0_37"": 0.0006439782363310474, ""0_38"": 0.06960026207643448, ""1_24"": 0.0, ""1_25"": 1.0, ""1_26"": 0.025158587061163307}",0.5,1_25,1,0.8206827688844055,"{""0_37"": 0.0003219891181655237, ""0_38"": 0.055449925468513656, ""1_24"": 0.07706834332984101, ""1_25"": 1.0, ""1_26"": 0.17931723111559453}"
formal_test,full_aco,Full ACO,2_1_25_11_2_16.bin,2,1_25,direct_lda_top5,1_25;0_38;1_26;0_37;1_24,1,1_25,1,1_25,1_25,1,0.9336668511283385,2.710792003199458,0,0,"{""0_37"": 0.0, ""0_38"": 0.0238340117924144, ""1_24"": 0.0562665215151032, ""1_25"": 1.0, ""1_26"": 0.06633314887166157}","{""0_37"": 0.0006439782363310474, ""0_38"": 0.06960026207643448, ""1_24"": 0.0, ""1_25"": 1.0, ""1_26"": 0.025158587061163307}",0.5,1_25,1,0.9532828630655755,"{""0_37"": 0.0003219891181655237, ""0_38"": 0.04671713693442444, ""1_24"": 0.0281332607575516, ""1_25"": 1.0, ""1_26"": 0.04574586796641244}"
formal_test,average_cost,Average cost,2_1_25_11_2_16.bin,3,1_25,direct_lda_top5,1_25;0_38;1_24;1_26;0_37,1,1_25,1,1_25,1_25,1,0.22156472553372264,0.000667001586407423,,,"{""0_37"": 0.0, ""0_38"": 0.08285076776126511, ""1_24"": 0.7063954704985497, ""1_25"": 1.0, ""1_26"": 0.7784352744662774}","{""0_37"": 0.0, ""0_38"": 0.07396821516633725, ""1_24"": 0.02682633318450542, ""1_25"": 1.0, ""1_26"": 0.02221006376080963}",0.5,1_25,1,0.5996773308864565,"{""0_37"": 0.0, ""0_38"": 0.07840949146380119, ""1_24"": 0.36661090184152756, ""1_25"": 1.0, ""1_26"": 0.4003226691135435}"
formal_test,greedy_path,Greedy path,2_1_25_11_2_16.bin,3,1_25,direct_lda_top5,1_25;0_38;1_24;1_26;0_37,1,1_25,1,1_25,1_25,1,0.899549979558499,0.05049999163020402,0,0,"{""0_37"": 0.0, ""0_38"": 0.010141551822874897, ""1_24"": 0.08646807344197545, ""1_25"": 1.0, ""1_26"": 0.10045002044150099}","{""0_37"": 0.0, ""0_38"": 0.07396821516633725, ""1_24"": 0.02682633318450542, ""1_25"": 1.0, ""1_26"": 0.02221006376080963}",0.5,1_25,1,0.9386699578988447,"{""0_37"": 0.0, ""0_38"": 0.04205488349460607, ""1_24"": 0.056647203313240434, ""1_25"": 1.0, ""1_26"": 0.06133004210115531}"
formal_test,no_pheromone,No pheromone,2_1_25_11_2_16.bin,3,1_25,direct_lda_top5,1_25;0_38;1_24;1_26;0_37,1,1_25,1,1_25,1_25,1,0.8052099469473014,2.6840840000659227,0,0,"{""0_37"": 0.0, ""0_38"": 0.015336416615639408, ""1_24"": 0.14440935893260926, ""1_25"": 1.0, ""1_26"": 0.1947900530526986}","{""0_37"": 0.0, ""0_38"": 0.07396821516633725, ""1_24"": 0.02682633318450542, ""1_25"": 1.0, ""1_26"": 0.02221006376080963}",0.5,1_25,1,0.8914999415932459,"{""0_37"": 0.0, ""0_38"": 0.04465231589098833, ""1_24"": 0.08561784605855734, ""1_25"": 1.0, ""1_26"": 0.10850005840675411}"
formal_test,full_aco,Full ACO,2_1_25_11_2_16.bin,3,1_25,direct_lda_top5,1_25;0_38;1_24;1_26;0_37,1,1_25,1,1_25,1_25,1,0.9446144391309791,2.9319580062292516,0,0,"{""0_37"": 0.0, ""0_38"": 0.005589018261321185, ""1_24"": 0.04772740549883017, ""1_25"": 1.0, ""1_26"": 0.055385560869020904}","{""0_37"": 0.0, ""0_38"": 0.07396821516633725, ""1_24"": 0.02682633318450542, ""1_25"": 1.0, ""1_26"": 0.02221006376080963}",0.5,1_25,1,0.9602213832861708,"{""0_37"": 0.0, ""0_38"": 0.03977861671382922, ""1_24"": 0.037276869341667795, ""1_25"": 1.0, ""1_26"": 0.03879781231491527}"
formal_test,average_cost,Average cost,2_1_25_11_2_16.bin,14,1_25,direct_lda_top5,1_25;1_26;0_37;0_38;1_24,1,1_25,1,0_38,1_25,1,0.19706294971647886,0.0006249902071431279,,,"{""0_37"": 0.0, ""0_38"": 0.3806348982644365, ""1_24"": 0.5988951308232371, ""1_25"": 1.0, ""1_26"": 0.8029370502835211}","{""0_37"": 0.054201547380863475, ""0_38"": 0.04945763821035623, ""1_24"": 0.0, ""1_25"": 1.0, ""1_26"": 0.0765962503782487}",0.5,1_25,1,0.5602333496691151,"{""0_37"": 0.027100773690431738, ""0_38"": 0.21504626823739637, ""1_24"": 0.29944756541161854, ""1_25"": 1.0, ""1_26"": 0.4397666503308849}"
formal_test,greedy_path,Greedy path,2_1_25_11_2_16.bin,14,1_25,direct_lda_top5,1_25;1_26;0_37;0_38;1_24,1,1_25,1,0_38,1_25,1,0.8756110415892233,0.04708299820777029,0,0,"{""0_37"": 0.0, ""0_38"": 0.12438895841077674, ""1_24"": 0.08842729572647938, ""1_25"": 1.0, ""1_26"": 0.11915715719678321}","{""0_37"": 0.054201547380863475, ""0_38"": 0.04945763821035623, ""1_24"": 0.0, ""1_25"": 1.0, ""1_26"": 0.0765962503782487}",0.5,1_25,1,0.9021232962124841,"{""0_37"": 0.027100773690431738, ""0_38"": 0.08692329831056649, ""1_24"": 0.04421364786323969, ""1_25"": 1.0, ""1_26"": 0.09787670378751595}"
formal_test,no_pheromone,No pheromone,2_1_25_11_2_16.bin,14,1_25,direct_lda_top5,1_25;1_26;0_37;0_38;1_24,1,1_25,1,0_38,1_25,1,0.5658466631582084,2.6157500105910003,0,0,"{""0_37"": 0.0, ""0_38"": 0.1329084613087911, ""1_24"": 0.12462316858809215, ""1_25"": 1.0, ""1_26"": 0.4341533368417915}","{""0_37"": 0.054201547380863475, ""0_38"": 0.04945763821035623, ""1_24"": 0.0, ""1_25"": 1.0, ""1_26"": 0.0765962503782487}",0.5,1_25,1,0.7446252063899799,"{""0_37"": 0.027100773690431738, ""0_38"": 0.09118304975957367, ""1_24"": 0.062311584294046075, ""1_25"": 1.0, ""1_26"": 0.25537479361002013}"
formal_test,full_aco,Full ACO,2_1_25_11_2_16.bin,14,1_25,direct_lda_top5,1_25;1_26;0_37;0_38;1_24,1,1_25,1,0_38,1_25,1,0.9269686828330953,2.7919580024899915,0,0,"{""0_37"": 0.0, ""0_38"": 0.06730358714975648, ""1_24"": 0.04765919622253469, ""1_25"": 1.0, ""1_26"": 0.07303131716690467}","{""0_37"": 0.054201547380863475, ""0_38"": 0.04945763821035623, ""1_24"": 0.0, ""1_25"": 1.0, ""1_26"": 0.0765962503782487}",0.5,1_25,1,0.9251862162274234,"{""0_37"": 0.027100773690431738, ""0_38"": 0.05838061268005636, ""1_24"": 0.023829598111267346, ""1_25"": 1.0, ""1_26"": 0.07481378377257669}"
formal_test,average_cost,Average cost,2_1_25_11_2_16.bin,16,1_25,direct_lda_top5,1_25;1_26;0_38;1_24;0_39,1,1_25,1,0_39,1_26,0,0.10819660923212049,0.0006249902071431279,,,"{""0_38"": 0.0, ""0_39"": 0.37356456989125886, ""1_24"": 0.6194975575568292, ""1_25"": 0.8918033907678795, ""1_26"": 1.0}","{""0_38"": 0.006017653660996027, ""0_39"": 0.0, ""1_24"": 0.002925812540632707, ""1_25"": 1.0, ""1_26"": 0.03659369850702022}",0.5,1_25,1,0.4276048461304296,"{""0_38"": 0.0030088268304980137, ""0_39"": 0.18678228494562943, ""1_24"": 0.311211685048731, ""1_25"": 0.9459016953839398, ""1_26"": 0.5182968492535102}"
formal_test,greedy_path,Greedy path,2_1_25_11_2_16.bin,16,1_25,direct_lda_top5,1_25;1_26;0_38;1_24;0_39,1,1_25,1,0_39,1_26,0,0.8731144977923029,0.04170800093561411,0,0,"{""0_38"": 0.0, ""0_39"": 0.12176827344081524, ""1_24"": 0.09261535776621263, ""1_25"": 0.12688550220769715, ""1_26"": 1.0}","{""0_38"": 0.006017653660996027, ""0_39"": 0.0, ""1_24"": 0.002925812540632707, ""1_25"": 1.0, ""1_26"": 0.03659369850702022}",0.5,1_25,1,0.0451459018503384,"{""0_38"": 0.0030088268304980137, ""0_39"": 0.06088413672040762, ""1_24"": 0.04777058515342267, ""1_25"": 0.5634427511038486, ""1_26"": 0.5182968492535102}"
formal_test,no_pheromone,No pheromone,2_1_25_11_2_16.bin,16,1_25,direct_lda_top5,1_25;1_26;0_38;1_24;0_39,1,1_25,1,0_39,1_26,0,0.5681883924993134,2.660415993887,0,0,"{""0_38"": 0.0, ""0_39"": 0.12557211825597894, ""1_24"": 0.12883578999224596, ""1_25"": 0.4318116075006866, ""1_26"": 1.0}","{""0_38"": 0.006017653660996027, ""0_39"": 0.0, ""1_24"": 0.002925812540632707, ""1_25"": 1.0, ""1_26"": 0.03659369850702022}",0.5,1_25,1,0.19760895449683313,"{""0_38"": 0.0030088268304980137, ""0_39"": 0.06278605912798947, ""1_24"": 0.06588080126643933, ""1_25"": 0.7159058037503433, ""1_26"": 0.5182968492535102}"
formal_test,full_aco,Full ACO,2_1_25_11_2_16.bin,16,1_25,direct_lda_top5,1_25;1_26;0_38;1_24;0_39,1,1_25,1,0_39,1_26,0,0.9284342879159272,2.824457988026552,0,0,"{""0_38"": 0.0, ""0_39"": 0.06578151001305596, ""1_24"": 0.049846807999513416, ""1_25"": 0.07156571208407284, ""1_26"": 1.0}","{""0_38"": 0.006017653660996027, ""0_39"": 0.0, ""1_24"": 0.002925812540632707, ""1_25"": 1.0, ""1_26"": 0.03659369850702022}",0.5,1_25,1,0.017486006788526298,"{""0_38"": 0.0030088268304980137, ""0_39"": 0.03289075500652798, ""1_24"": 0.02638631027007306, ""1_25"": 0.5357828560420365, ""1_26"": 0.5182968492535102}"
formal_test,average_cost,Average cost,2_1_26_11_2_16.bin,3,1_26,direct_lda_top5,1_26;1_25;0_37;0_36;1_24,1,1_26,1,1_25,1_26,1,0.0024668024441827363,0.0006660120561718941,,,"{""0_36"": 0.3240004412363891, ""0_37"": 0.0, ""1_24"": 0.994674479299494, ""1_25"": 0.9975331975558173, ""1_26"": 1.0}","{""0_36"": 0.0044943476484829974, ""0_37"": 0.027065046646529246, ""1_24"": 0.0, ""1_25"": 0.21834776633295336, ""1_26"": 1.0}",0.5,1_26,1,0.3920595180556147,"{""0_36"": 0.16424739444243605, ""0_37"": 0.013532523323264623, ""1_24"": 0.497337239649747, ""1_25"": 0.6079404819443853, ""1_26"": 1.0}"
formal_test,greedy_path,Greedy path,2_1_26_11_2_16.bin,3,1_26,direct_lda_top5,1_26;1_25;0_37;0_36;1_24,1,1_26,1,1_25,1_25,0,0.883607937822195,0.04983300459571183,0,0,"{""0_36"": 0.05765226883255803, ""0_37"": 0.0, ""1_24"": 0.11577221384130248, ""1_25"": 1.0, ""1_26"": 0.11639206217780493}","{""0_36"": 0.0044943476484829974, ""0_37"": 0.027065046646529246, ""1_24"": 0.0, ""1_25"": 0.21834776633295336, ""1_26"": 1.0}",0.5,1_25,0,0.050977852077574215,"{""0_36"": 0.031073308240520514, ""0_37"": 0.013532523323264623, ""1_24"": 0.05788610692065124, ""1_25"": 0.6091738831664767, ""1_26"": 0.5581960310889025}"
formal_test,no_pheromone,No pheromone,2_1_26_11_2_16.bin,3,1_26,direct_lda_top5,1_26;1_25;0_37;0_36;1_24,1,1_26,1,1_25,1_25,0,0.357911387459244,2.7731250011129305,0,0,"{""0_36"": 0.05703962731908408, ""0_37"": 0.0, ""1_24"": 0.637381277342858, ""1_25"": 1.0, ""1_26"": 0.642088612540756}","{""0_36"": 0.0044943476484829974, ""0_37"": 0.027065046646529246, ""1_24"": 0.0, ""1_25"": 0.21834776633295336, ""1_26"": 1.0}",0.5,1_26,1,0.21187042310390136,"{""0_36"": 0.03076698748378354, ""0_37"": 0.013532523323264623, ""1_24"": 0.318690638671429, ""1_25"": 0.6091738831664767, ""1_26"": 0.821044306270378}"
formal_test,full_aco,Full ACO,2_1_26_11_2_16.bin,3,1_26,direct_lda_top5,1_26;1_25;0_37;0_36;1_24,1,1_26,1,1_25,1_25,0,0.9147051587770191,2.9311670077731833,0,0,"{""0_36"": 0.03147865308558367, ""0_37"": 0.0, ""1_24"": 0.08529484122298092, ""1_25"": 1.0, ""1_26"": 0.06751609484332594}","{""0_36"": 0.0044943476484829974, ""0_37"": 0.027065046646529246, ""1_24"": 0.0, ""1_25"": 0.21834776633295336, ""1_26"": 1.0}",0.5,1_25,0,0.0754158357448137,"{""0_36"": 0.017986500367033333, ""0_37"": 0.013532523323264623, ""1_24"": 0.04264742061149046, ""1_25"": 0.6091738831664767, ""1_26"": 0.533758047421663}"
formal_test,average_cost,Average cost,2_1_26_11_2_16.bin,12,1_26,direct_lda_top5,1_26;1_25;0_37;0_38;0_36,1,1_26,1,1_25,1_25,0,0.06608212159509308,0.0007079943316057324,,,"{""0_36"": 0.30430774454726667, ""0_37"": 0.04514688645022827, ""0_38"": 0.0, ""1_25"": 1.0, ""1_26"": 0.9339178784049069}","{""0_36"": 0.0, ""0_37"": 0.02069373842280347, ""0_38"": 0.00019228395878224757, ""1_25"": 0.5838059169239106, ""1_26"": 1.0}",0.5,1_26,1,0.17505598074049822,"{""0_36"": 0.15215387227363333, ""0_37"": 0.03292031243651587, ""0_38"": 9.614197939112378e-05, ""1_25"": 0.7919029584619552, ""1_26"": 0.9669589392024535}"
formal_test,greedy_path,Greedy path,2_1_26_11_2_16.bin,12,1_26,direct_lda_top5,1_26;1_25;0_37;0_38;0_36,1,1_26,1,1_25,1_25,0,0.8931232152224291,0.04341600288171321,0,0,"{""0_36"": 0.049723438449673335, ""0_37"": 0.005166572113128055, ""0_38"": 0.0, ""1_25"": 1.0, ""1_26"": 0.10687678477757095}","{""0_36"": 0.0, ""0_37"": 0.02069373842280347, ""0_38"": 0.00019228395878224757, ""1_25"": 0.5838059169239106, ""1_26"": 1.0}",0.5,1_25,0,0.2384645660731698,"{""0_36"": 0.024861719224836668, ""0_37"": 0.012930155267965763, ""0_38"": 9.614197939112378e-05, ""1_25"": 0.7919029584619552, ""1_26"": 0.5534383923887854}"
formal_test,no_pheromone,No pheromone,2_1_26_11_2_16.bin,12,1_26,direct_lda_top5,1_26;1_25;0_37;0_38;0_36,1,1_26,1,1_25,1_25,0,0.7220447289476482,2.621249994263053,0,0,"{""0_36"": 0.04845406089770015, ""0_37"": 0.005034675951769563, ""0_38"": 0.0, ""1_25"": 1.0, ""1_26"": 0.2779552710523518}","{""0_36"": 0.0, ""0_37"": 0.02069373842280347, ""0_38"": 0.00019228395878224757, ""1_25"": 0.5838059169239106, ""1_26"": 1.0}",0.5,1_25,0,0.15292532293577932,"{""0_36"": 0.024227030448850075, ""0_37"": 0.012864207187286515, ""0_38"": 9.614197939112378e-05, ""1_25"": 0.7919029584619552, ""1_26"": 0.6389776355261759}"
formal_test,full_aco,Full ACO,2_1_26_11_2_16.bin,12,1_26,direct_lda_top5,1_26;1_25;0_37;0_38;0_36,1,1_26,1,1_25,1_25,0,0.9413034238002873,2.754583998466842,0,0,"{""0_36"": 0.027300532715246552, ""0_37"": 0.002845413904963726, ""0_38"": 0.0, ""1_25"": 1.0, ""1_26"": 0.058696576199712636}","{""0_36"": 0.0, ""0_37"": 0.02069373842280347, ""0_38"": 0.00019228395878224757, ""1_25"": 0.5838059169239106, ""1_26"": 1.0}",0.5,1_25,0,0.2625546703620989,"{""0_36"": 0.013650266357623276, ""0_37"": 0.011769576163883598, ""0_38"": 9.614197939112378e-05, ""1_25"": 0.7919029584619552, ""1_26"": 0.5293482880998563}"
formal_test,average_cost,Average cost,2_1_26_11_2_16.bin,13,1_26,direct_lda_top5,1_26;1_25;0_37;0_36;0_38,1,1_26,1,1_25,1_25,0,0.02615805467040344,0.0013750104699283838,,,"{""0_36"": 0.07971969194589916, ""0_37"": 0.0, ""0_38"": 0.21153938449935605, ""1_25"": 1.0, ""1_26"": 0.9738419453295966}","{""0_36"": 1.218699857222681e-05, ""0_37"": 0.007994073013789273, ""0_38"": 0.0, ""1_25"": 0.3460589015494101, ""1_26"": 1.0}",0.5,1_26,1,0.3138915218900933,"{""0_36"": 0.03986593947223569, ""0_37"": 0.003997036506894636, ""0_38"": 0.10576969224967803, ""1_25"": 0.673029450774705, ""1_26"": 0.9869209726647983}"
formal_test,greedy_path,Greedy path,2_1_26_11_2_16.bin,13,1_26,direct_lda_top5,1_26;1_25;0_37;0_36;0_38,1,1_26,1,1_25,1_25,0,0.891124300746406,0.07191600161604583,0,0,"{""0_36"": 0.00891267545674804, ""0_37"": 0.0, ""0_38"": 0.02365014006379368, ""1_25"": 1.0, ""1_26"": 0.10887569925359393}","{""0_36"": 1.218699857222681e-05, ""0_37"": 0.007994073013789273, ""0_38"": 0.0, ""1_25"": 0.3460589015494101, ""1_26"": 1.0}",0.5,1_25,0,0.11859160114790801,"{""0_36"": 0.004462431227660134, ""0_37"": 0.003997036506894636, ""0_38"": 0.01182507003189684, ""1_25"": 0.673029450774705, ""1_26"": 0.554437849626797}"
formal_test,no_pheromone,No pheromone,2_1_26_11_2_16.bin,13,1_26,direct_lda_top5,1_26;1_25;0_37;0_36;0_38,1,1_26,1,1_25,1_25,0,0.4774272574652608,2.7382919943192974,0,0,"{""0_36"": 0.013419601490999326, ""0_37"": 0.0, ""0_38"": 0.027116054979706275, ""1_25"": 1.0, ""1_26"": 0.5225727425347392}","{""0_36"": 1.218699857222681e-05, ""0_37"": 0.007994073013789273, ""0_38"": 0.0, ""1_25"": 0.3460589015494101, ""1_26"": 1.0}",0.5,1_26,1,0.08825692049266465,"{""0_36"": 0.006715894244785777, ""0_37"": 0.003997036506894636, ""0_38"": 0.013558027489853137, ""1_25"": 0.673029450774705, ""1_26"": 0.7612863712673696}"
formal_test,full_aco,Full ACO,2_1_26_11_2_16.bin,13,1_26,direct_lda_top5,1_26;1_25;0_37;0_36;0_38,1,1_26,1,1_25,1_25,0,0.9402822113313358,2.761957992333919,0,0,"{""0_36"": 0.004864001316655991, ""0_37"": 0.0, ""0_38"": 0.012973100849278156, ""1_25"": 1.0, ""1_26"": 0.059717788668664194}","{""0_36"": 1.218699857222681e-05, ""0_37"": 0.007994073013789273, ""0_38"": 0.0, ""1_25"": 0.3460589015494101, ""1_26"": 1.0}",0.5,1_25,0,0.1431705564403729,"{""0_36"": 0.002438094157614109, ""0_37"": 0.003997036506894636, ""0_38"": 0.006486550424639078, ""1_25"": 0.673029450774705, ""1_26"": 0.5298588943343321}"
formal_test,average_cost,Average cost,2_1_26_11_2_16.bin,17,1_26,direct_lda_top5,1_26;1_25;0_37;0_36;0_38,1,1_26,1,1_26,1_26,1,0.06810692017308217,0.0007920025382190943,,,"{""0_36"": 0.2960014010990514, ""0_37"": 0.0, ""0_38"": 0.07483113427373922, ""1_25"": 0.9318930798269178, ""1_26"": 1.0}","{""0_36"": 0.0001639574291753088, ""0_37"": 0.0030717285083266114, ""0_38"": 0.0, ""1_25"": 0.2429689403080309, ""1_26"": 1.0}",0.5,1_26,1,0.41256898993252566,"{""0_36"": 0.14808267926411334, ""0_37"": 0.0015358642541633057, ""0_38"": 0.03741556713686961, ""1_25"": 0.5874310100674743, ""1_26"": 1.0}"
formal_test,greedy_path,Greedy path,2_1_26_11_2_16.bin,17,1_26,direct_lda_top5,1_26;1_25;0_37;0_36;0_38,1,1_26,1,1_26,1_26,1,0.8921614155491219,0.041709005017764866,0,0,"{""0_36"": 0.05135300409382211, ""0_37"": 0.0, ""0_38"": 0.008659452213587042, ""1_25"": 0.10783858445087816, ""1_26"": 1.0}","{""0_36"": 0.0001639574291753088, ""0_37"": 0.0030717285083266114, ""0_38"": 0.0, ""1_25"": 0.2429689403080309, ""1_26"": 1.0}",0.5,1_26,1,0.8245962376205455,"{""0_36"": 0.025758480761498708, ""0_37"": 0.0015358642541633057, ""0_38"": 0.004329726106793521, ""1_25"": 0.17540376237945454, ""1_26"": 1.0}"
formal_test,no_pheromone,No pheromone,2_1_26_11_2_16.bin,17,1_26,direct_lda_top5,1_26;1_25;0_37;0_36;0_38,1,1_26,1,1_26,1_26,1,0.4603036833182139,2.653999996255152,0,0,"{""0_36"": 0.05816525376226285, ""0_37"": 0.0, ""0_38"": 0.008688848545392244, ""1_25"": 0.5396963166817861, ""1_26"": 1.0}","{""0_36"": 0.0001639574291753088, ""0_37"": 0.0030717285083266114, ""0_38"": 0.0, ""1_25"": 0.2429689403080309, ""1_26"": 1.0}",0.5,1_26,1,0.6086673715050915,"{""0_36"": 0.029164605595719078, ""0_37"": 0.0015358642541633057, ""0_38"": 0.004344424272696122, ""1_25"": 0.39133262849490846, ""1_26"": 1.0}"
formal_test,full_aco,Full ACO,2_1_26_11_2_16.bin,17,1_26,direct_lda_top5,1_26;1_25;0_37;0_36;0_38,1,1_26,1,1_26,1_26,1,0.9348023234214731,2.944082996691577,0,0,"{""0_36"": 0.028166083045137538, ""0_37"": 0.0, ""0_38"": 0.004747594077119797, ""1_25"": 0.06519767657852694, ""1_26"": 1.0}","{""0_36"": 0.0001639574291753088, ""0_37"": 0.0030717285083266114, ""0_38"": 0.0, ""1_25"": 0.2429689403080309, ""1_26"": 1.0}",0.5,1_26,1,0.8459166915567211,"{""0_36"": 0.014165020237156423, ""0_37"": 0.0015358642541633057, ""0_38"": 0.0023737970385598983, ""1_25"": 0.15408330844327892, ""1_26"": 1.0}"
formal_test,average_cost,Average cost,2_1_27_11_2_16.bin,1,1_27,direct_lda_top5,1_27;0_36;1_26;0_37;1_28,1,1_27,1,0_36,1_27,1,0.16490116928693677,0.0005829933797940612,,,"{""0_36"": 0.8350988307130632, ""0_37"": 0.2505042406984732, ""1_26"": 0.8110862757628436, ""1_27"": 1.0, ""1_28"": 0.0}","{""0_36"": 0.5449116443022871, ""0_37"": 0.0002796161566202072, ""1_26"": 0.0004631867054145526, ""1_27"": 1.0, ""1_28"": 0.0}",0.5,1_27,1,0.3099947624923248,"{""0_36"": 0.6900052375076752, ""0_37"": 0.1253919284275467, ""1_26"": 0.4057747312341291, ""1_27"": 1.0, ""1_28"": 0.0}"
formal_test,greedy_path,Greedy path,2_1_27_11_2_16.bin,1,1_27,direct_lda_top5,1_27;0_36;1_26;0_37;1_28,1,1_27,1,0_36,1_27,1,0.8181125611292795,0.040207989513874054,0,0,"{""0_36"": 0.18188743887072048, ""0_37"": 0.039066101132121125, ""1_26"": 0.10944196968578004, ""1_27"": 1.0, ""1_28"": 0.0}","{""0_36"": 0.5449116443022871, ""0_37"": 0.0002796161566202072, ""1_26"": 0.0004631867054145526, ""1_27"": 1.0, ""1_28"": 0.0}",0.5,1_27,1,0.6366004584134962,"{""0_36"": 0.3633995415865038, ""0_37"": 0.019672858644370666, ""1_26"": 0.0549525781955973, ""1_27"": 1.0, ""1_28"": 0.0}"
formal_test,no_pheromone,No pheromone,2_1_27_11_2_16.bin,1,1_27,direct_lda_top5,1_27;0_36;1_26;0_37;1_28,1,1_27,1,0_36,1_27,1,0.691547571132635,2.609082992421463,0,0,"{""0_36"": 0.308452428867365, ""0_37"": 0.036698096752066235, ""1_26"": 0.3024521716027017, ""1_27"": 1.0, ""1_28"": 0.0}","{""0_36"": 0.5449116443022871, ""0_37"": 0.0002796161566202072, ""1_26"": 0.0004631867054145526, ""1_27"": 1.0, ""1_28"": 0.0}",0.5,1_27,1,0.5733179634151739,"{""0_36"": 0.42668203658482606, ""0_37"": 0.01848885645434322, ""1_26"": 0.15145767915405814, ""1_27"": 1.0, ""1_28"": 0.0}"
formal_test,full_aco,Full ACO,2_1_27_11_2_16.bin,1,1_27,direct_lda_top5,1_27;0_36;1_26;0_37;1_28,1,1_27,1,0_36,1_27,1,0.8447783656636342,2.7112499956274405,0,0,"{""0_36"": 0.1552216343363658, ""0_37"": 0.020593617326973825, ""1_26"": 0.061273179742864746, ""1_27"": 1.0, ""1_28"": 0.0}","{""0_36"": 0.5449116443022871, ""0_37"": 0.0002796161566202072, ""1_26"": 0.0004631867054145526, ""1_27"": 1.0, ""1_28"": 0.0}",0.5,1_27,1,0.6499333606806735,"{""0_36"": 0.35006663931932647, ""0_37"": 0.010436616741797015, ""1_26"": 0.030868183224139648, ""1_27"": 1.0, ""1_28"": 0.0}"
formal_test,average_cost,Average cost,2_1_27_11_2_16.bin,5,1_27,direct_lda_top5,1_27;0_36;1_26;0_37;1_28,1,1_27,1,0_36,1_27,1,0.16798680135946287,0.0017500133253633976,,,"{""0_36"": 0.8320131986405371, ""0_37"": 0.24458490988500067, ""1_26"": 0.7699278193272884, ""1_27"": 1.0, ""1_28"": 0.0}","{""0_36"": 0.5769341404733344, ""0_37"": 0.00011210669084715638, ""1_26"": 0.0017665414071699342, ""1_27"": 1.0, ""1_28"": 0.0}",0.5,1_27,1,0.2955263304430642,"{""0_36"": 0.7044736695569358, ""0_37"": 0.12234850828792392, ""1_26"": 0.38584718036722915, ""1_27"": 1.0, ""1_28"": 0.0}"
formal_test,greedy_path,Greedy path,2_1_27_11_2_16.bin,5,1_27,direct_lda_top5,1_27;0_36;1_26;0_37;1_28,1,1_27,1,0_36,1_27,1,0.8175943963621501,0.05616700218524784,0,0,"{""0_36"": 0.18240560363784988, ""0_37"": 0.0333064172048595, ""1_26"": 0.11838889781007317, ""1_27"": 1.0, ""1_28"": 0.0}","{""0_36"": 0.5769341404733344, ""0_37"": 0.00011210669084715638, ""1_26"": 0.0017665414071699342, ""1_27"": 1.0, ""1_28"": 0.0}",0.5,1_27,1,0.6203301279444079,"{""0_36"": 0.3796698720555921, ""0_37"": 0.01670926194785333, ""1_26"": 0.06007771960862155, ""1_27"": 1.0, ""1_28"": 0.0}"
formal_test,no_pheromone,No pheromone,2_1_27_11_2_16.bin,5,1_27,direct_lda_top5,1_27;0_36;1_26;0_37;1_28,1,1_27,1,0_36,1_27,1,0.45039440696988575,2.647707995492965,0,0,"{""0_36"": 0.5496055930301142, ""0_37"": 0.030221956058233572, ""1_26"": 0.30738573824795323, ""1_27"": 1.0, ""1_28"": 0.0}","{""0_36"": 0.5769341404733344, ""0_37"": 0.00011210669084715638, ""1_26"": 0.0017665414071699342, ""1_27"": 1.0, ""1_28"": 0.0}",0.5,1_27,1,0.4367301332482757,"{""0_36"": 0.5632698667517243, ""0_37"": 0.015167031374540365, ""1_26"": 0.15457613982756158, ""1_27"": 1.0, ""1_28"": 0.0}"
formal_test,full_aco,Full ACO,2_1_27_11_2_16.bin,5,1_27,direct_lda_top5,1_27;0_36;1_26;0_37;1_28,1,1_27,1,0_36,1_27,1,0.8562646367436638,2.8224999987287447,0,0,"{""0_36"": 0.1437353632563362, ""0_37"": 0.017615301446206665, ""1_26"": 0.06273876745035131, ""1_27"": 1.0, ""1_28"": 0.0}","{""0_36"": 0.5769341404733344, ""0_37"": 0.00011210669084715638, ""1_26"": 0.0017665414071699342, ""1_27"": 1.0, ""1_28"": 0.0}",0.5,1_27,1,0.6396652481351648,"{""0_36"": 0.36033475186483527, ""0_37"": 0.008863704068526912, ""1_26"": 0.03225265442876062, ""1_27"": 1.0, ""1_28"": 0.0}"
formal_test,average_cost,Average cost,2_1_27_11_2_16.bin,10,1_27,direct_lda_top5,1_27;0_36;1_26;1_28;0_37,1,1_27,1,1_27,1_27,1,0.2307876874435304,0.0008330098353326321,,,"{""0_36"": 0.7692123125564696, ""0_37"": 0.0, ""1_26"": 0.6402891372274846, ""1_27"": 1.0, ""1_28"": 0.008352000256408426}","{""0_36"": 0.5592263694131914, ""0_37"": 0.0, ""1_26"": 0.0032637160409219484, ""1_27"": 1.0, ""1_28"": 0.00022337920965516847}",0.5,1_27,1,0.3357806590151695,"{""0_36"": 0.6642193409848305, ""0_37"": 0.0, ""1_26"": 0.32177642663420325, ""1_27"": 1.0, ""1_28"": 0.0042876897330317975}"
formal_test,greedy_path,Greedy path,2_1_27_11_2_16.bin,10,1_27,direct_lda_top5,1_27;0_36;1_26;1_28;0_37,1,1_27,1,1_27,1_27,1,0.9055607676573735,0.0450000079581514,0,0,"{""0_36"": 0.09443923234262655, ""0_37"": 0.0, ""1_26"": 0.07672817974987502, ""1_27"": 1.0, ""1_28"": 0.0010008506152697975}","{""0_36"": 0.5592263694131914, ""0_37"": 0.0, ""1_26"": 0.0032637160409219484, ""1_27"": 1.0, ""1_28"": 0.00022337920965516847}",0.5,1_27,1,0.6731671991220911,"{""0_36"": 0.32683280087790895, ""0_37"": 0.0, ""1_26"": 0.03999594789539848, ""1_27"": 1.0, ""1_28"": 0.000612114912462483}"
formal_test,no_pheromone,No pheromone,2_1_27_11_2_16.bin,10,1_27,direct_lda_top5,1_27;0_36;1_26;1_28;0_37,1,1_27,1,1_27,1_27,1,0.7193260118339107,2.6324170030420646,0,0,"{""0_36"": 0.2806739881660894, ""0_37"": 0.0, ""1_26"": 0.16813044899591884, ""1_27"": 1.0, ""1_28"": 0.0009497592926107066}","{""0_36"": 0.5592263694131914, ""0_37"": 0.0, ""1_26"": 0.0032637160409219484, ""1_27"": 1.0, ""1_28"": 0.00022337920965516847}",0.5,1_27,1,0.5800498212103596,"{""0_36"": 0.41995017878964036, ""0_37"": 0.0, ""1_26"": 0.0856970825184204, ""1_27"": 1.0, ""1_28"": 0.0005865692511329376}"
formal_test,full_aco,Full ACO,2_1_27_11_2_16.bin,10,1_27,direct_lda_top5,1_27;0_36;1_26;1_28;0_37,1,1_27,1,1_27,1_27,1,0.9250916194684086,2.7632919955067337,0,0,"{""0_36"": 0.07490838053159142, ""0_37"": 0.0, ""1_26"": 0.04201492996768705, ""1_27"": 1.0, ""1_28"": 0.0006006753649037453}","{""0_36"": 0.5592263694131914, ""0_37"": 0.0, ""1_26"": 0.0032637160409219484, ""1_27"": 1.0, ""1_28"": 0.00022337920965516847}",0.5,1_27,1,0.6829326250276087,"{""0_36"": 0.3170673749723914, ""0_37"": 0.0, ""1_26"": 0.022639323004304497, ""1_27"": 1.0, ""1_28"": 0.0004120272872794569}"
formal_test,average_cost,Average cost,2_1_27_11_2_16.bin,11,1_27,direct_lda_top5,1_27;0_36;1_26;0_37;1_28,1,1_27,1,0_36,1_27,1,0.11940161183572251,0.0007079943316057324,,,"{""0_36"": 0.8492285822251213, ""0_37"": 0.15004511771080942, ""1_26"": 0.8805983881642775, ""1_27"": 1.0, ""1_28"": 0.0}","{""0_36"": 0.5671014230330903, ""0_37"": 6.091420047882174e-05, ""1_26"": 0.0019037978421179522, ""1_27"": 1.0, ""1_28"": 0.0}",0.5,1_27,1,0.29183499737089424,"{""0_36"": 0.7081650026291058, ""0_37"": 0.07505301595564412, ""1_26"": 0.4412510930031977, ""1_27"": 1.0, ""1_28"": 0.0}"
formal_test,greedy_path,Greedy path,2_1_27_11_2_16.bin,11,1_27,direct_lda_top5,1_27;0_36;1_26;0_37;1_28,1,1_27,1,0_36,1_27,1,0.8087439190690391,0.04100000660400838,0,0,"{""0_36"": 0.19125608093096094, ""0_37"": 0.018959815109224475, ""1_26"": 0.11127308158906518, ""1_27"": 1.0, ""1_28"": 0.0}","{""0_36"": 0.5671014230330903, ""0_37"": 6.091420047882174e-05, ""1_26"": 0.0019037978421179522, ""1_27"": 1.0, ""1_28"": 0.0}",0.5,1_27,1,0.6208212480179744,"{""0_36"": 0.3791787519820256, ""0_37"": 0.009510364654851649, ""1_26"": 0.05658843971559157, ""1_27"": 1.0, ""1_28"": 0.0}"
formal_test,no_pheromone,No pheromone,2_1_27_11_2_16.bin,11,1_27,direct_lda_top5,1_27;0_36;1_26;0_37;1_28,1,1_27,1,0_36,1_27,1,0.5269483728791344,2.5725830055307597,0,0,"{""0_36"": 0.4730516271208656, ""0_37"": 0.017658708534550704, ""1_26"": 0.2823684080014557, ""1_27"": 1.0, ""1_28"": 0.0}","{""0_36"": 0.5671014230330903, ""0_37"": 6.091420047882174e-05, ""1_26"": 0.0019037978421179522, ""1_27"": 1.0, ""1_28"": 0.0}",0.5,1_27,1,0.479923474923022,"{""0_36"": 0.520076525076978, ""0_37"": 0.008859811367514764, ""1_26"": 0.14213610292178683, ""1_27"": 1.0, ""1_28"": 0.0}"
formal_test,full_aco,Full ACO,2_1_27_11_2_16.bin,11,1_27,direct_lda_top5,1_27;0_36;1_26;0_37;1_28,1,1_27,1,0_36,1_27,1,0.8727956264509147,2.7772920002462342,0,0,"{""0_36"": 0.12720437354908537, ""0_37"": 0.009966803377581648, ""1_26"": 0.06927645582763609, ""1_27"": 1.0, ""1_28"": 0.0}","{""0_36"": 0.5671014230330903, ""0_37"": 6.091420047882174e-05, ""1_26"": 0.0019037978421179522, ""1_27"": 1.0, ""1_28"": 0.0}",0.5,1_27,1,0.6528471017089121,"{""0_36"": 0.34715289829108786, ""0_37"": 0.005013858789030235, ""1_26"": 0.03559012683487702, ""1_27"": 1.0, ""1_28"": 0.0}"
formal_test,average_cost,Average cost,2_1_28_11_2_16.bin,5,1_28,direct_lda_top5,1_28;0_35;1_27;0_36;1_29,1,1_28,1,1_28,1_28,1,0.13259939447048952,0.0006669870344921947,,,"{""0_35"": 0.8674006055295105, ""0_36"": 0.0, ""1_27"": 0.5427917194097837, ""1_28"": 1.0, ""1_29"": 0.7402239435821937}","{""0_35"": 0.6416788256396345, ""0_36"": 0.00017767688393977217, ""1_27"": 0.007854494892483136, ""1_28"": 1.0, ""1_29"": 0.0}",0.5,1_28,1,0.24546028441542744,"{""0_35"": 0.7545397155845726, ""0_36"": 8.883844196988608e-05, ""1_27"": 0.2753231071511334, ""1_28"": 1.0, ""1_29"": 0.37011197179109684}"
formal_test,greedy_path,Greedy path,2_1_28_11_2_16.bin,5,1_28,direct_lda_top5,1_28;0_35;1_27;0_36;1_29,1,1_28,1,1_28,1_28,1,0.8916726851390295,0.04195798828732222,0,0,"{""0_35"": 0.10832731486097041, ""0_36"": 0.0, ""1_27"": 0.06323741371025432, ""1_28"": 1.0, ""1_29"": 0.09066179995646617}","{""0_35"": 0.6416788256396345, ""0_36"": 0.00017767688393977217, ""1_27"": 0.007854494892483136, ""1_28"": 1.0, ""1_29"": 0.0}",0.5,1_28,1,0.6249969297496976,"{""0_35"": 0.37500307025030244, ""0_36"": 8.883844196988608e-05, ""1_27"": 0.035545954301368726, ""1_28"": 1.0, ""1_29"": 0.045330899978233086}"
formal_test,no_pheromone,No pheromone,2_1_28_11_2_16.bin,5,1_28,direct_lda_top5,1_28;0_35;1_27;0_36;1_29,1,1_28,1,1_28,1_28,1,0.6567980144951662,2.8121250070398673,0,0,"{""0_35"": 0.3432019855048339, ""0_36"": 0.0, ""1_27"": 0.08270251353393983, ""1_28"": 1.0, ""1_29"": 0.14891261403194134}","{""0_35"": 0.6416788256396345, ""0_36"": 0.00017767688393977217, ""1_27"": 0.007854494892483136, ""1_28"": 1.0, ""1_29"": 0.0}",0.5,1_28,1,0.5075595944277658,"{""0_35"": 0.49244040557223423, ""0_36"": 8.883844196988608e-05, ""1_27"": 0.04527850421321148, ""1_28"": 1.0, ""1_29"": 0.07445630701597067}"
formal_test,full_aco,Full ACO,2_1_28_11_2_16.bin,5,1_28,direct_lda_top5,1_28;0_35;1_27;0_36;1_29,1,1_28,1,1_28,1_28,1,0.9122233706653917,2.8066670056432486,0,0,"{""0_35"": 0.08777662933460832, ""0_36"": 0.0, ""1_27"": 0.03474265151551667, ""1_28"": 1.0, ""1_29"": 0.04978898808946602}","{""0_35"": 0.6416788256396345, ""0_36"": 0.00017767688393977217, ""1_27"": 0.007854494892483136, ""1_28"": 1.0, ""1_29"": 0.0}",0.5,1_28,1,0.6352722725128785,"{""0_35"": 0.3647277274871214, ""0_36"": 8.883844196988608e-05, ""1_27"": 0.0212985732039999, ""1_28"": 1.0, ""1_29"": 0.02489449404473301}"
formal_test,average_cost,Average cost,2_1_28_11_2_16.bin,10,1_28,direct_lda_top5,0_35;1_28;0_34;1_29;1_27,1,0_35,0,1_31,0_35,0,0.32422148756204494,0.0007500057108700275,,,"{""0_34"": 0.0, ""0_35"": 1.0, ""1_27"": 0.2469553212841609, ""1_28"": 0.6203312166835377, ""1_29"": 0.6757785124379551}","{""0_34"": 0.003619595216658077, ""0_35"": 1.0, ""1_27"": 0.0, ""1_28"": 0.06657719695878472, ""1_29"": 0.0032780529928648247}",0.5,0_35,0,0.6565457931788388,"{""0_34"": 0.0018097976083290385, ""0_35"": 1.0, ""1_27"": 0.12347766064208045, ""1_28"": 0.34345420682116123, ""1_29"": 0.33952828271540997}"
formal_test,greedy_path,Greedy path,2_1_28_11_2_16.bin,10,1_28,direct_lda_top5,0_35;1_28;0_34;1_29;1_27,1,0_35,0,1_31,0_35,0,0.8895980389571166,0.04104200343135744,0,0,"{""0_34"": 0.0, ""0_35"": 1.0, ""1_27"": 0.036227317406697074, ""1_28"": 0.0910000066701072, ""1_29"": 0.11040196104288331}","{""0_34"": 0.003619595216658077, ""0_35"": 1.0, ""1_27"": 0.0, ""1_28"": 0.06657719695878472, ""1_29"": 0.0032780529928648247}",0.5,0_35,0,0.9212113981855541,"{""0_34"": 0.0018097976083290385, ""0_35"": 1.0, ""1_27"": 0.018113658703348537, ""1_28"": 0.07878860181444597, ""1_29"": 0.05684000701787407}"
formal_test,no_pheromone,No pheromone,2_1_28_11_2_16.bin,10,1_28,direct_lda_top5,0_35;1_28;0_34;1_29;1_27,1,0_35,0,1_31,0_35,0,0.7044569637113971,2.6300420140614733,0,0,"{""0_34"": 0.0, ""0_35"": 1.0, ""1_27"": 0.01984095983553125, ""1_28"": 0.11844540771250733, ""1_29"": 0.29554303628860296}","{""0_34"": 0.003619595216658077, ""0_35"": 1.0, ""1_27"": 0.0, ""1_28"": 0.06657719695878472, ""1_29"": 0.0032780529928648247}",0.5,0_35,0,0.8505894553592661,"{""0_34"": 0.0018097976083290385, ""0_35"": 1.0, ""1_27"": 0.009920479917765625, ""1_28"": 0.09251130233564603, ""1_29"": 0.1494105446407339}"
formal_test,full_aco,Full ACO,2_1_28_11_2_16.bin,10,1_28,direct_lda_top5,0_35;1_28;0_34;1_29;1_27,1,0_35,0,1_31,0_35,0,0.9404952135231318,2.842583999154158,0,0,"{""0_34"": 0.0, ""0_35"": 1.0, ""1_27"": 0.019525403694183492, ""1_28"": 0.05134635128295208, ""1_29"": 0.05950478647686817}","{""0_34"": 0.003619595216658077, ""0_35"": 1.0, ""1_27"": 0.0, ""1_28"": 0.06657719695878472, ""1_29"": 0.0032780529928648247}",0.5,0_35,0,0.9410382258791316,"{""0_34"": 0.0018097976083290385, ""0_35"": 1.0, ""1_27"": 0.009762701847091746, ""1_28"": 0.0589617741208684, ""1_29"": 0.0313914197348665}"
formal_test,average_cost,Average cost,2_1_28_11_2_16.bin,14,1_28,direct_lda_top5,1_28;0_35;1_27;0_36;1_29,1,1_28,1,1_28,1_28,1,0.2992490166709628,0.0007089984137564898,,,"{""0_35"": 0.7007509833290372, ""0_36"": 0.0, ""1_27"": 0.37888345132086504, ""1_28"": 1.0, ""1_29"": 0.4744248884604602}","{""0_35"": 0.5640860677425908, ""0_36"": 0.0003913213968844146, ""1_27"": 0.008428571546071966, ""1_28"": 1.0, ""1_29"": 0.0}",0.5,1_28,1,0.367581474464186,"{""0_35"": 0.632418525535814, ""0_36"": 0.0001956606984422073, ""1_27"": 0.1936560114334685, ""1_28"": 1.0, ""1_29"": 0.2372124442302301}"
formal_test,greedy_path,Greedy path,2_1_28_11_2_16.bin,14,1_28,direct_lda_top5,1_28;0_35;1_27;0_36;1_29,1,1_28,1,1_28,1_28,1,0.9104598098768808,0.0407920015277341,0,0,"{""0_35"": 0.08954019012311917, ""0_36"": 0.0, ""1_27"": 0.04299859311051787, ""1_28"": 1.0, ""1_29"": 0.05681375190461123}","{""0_35"": 0.5640860677425908, ""0_36"": 0.0003913213968844146, ""1_27"": 0.008428571546071966, ""1_28"": 1.0, ""1_29"": 0.0}",0.5,1_28,1,0.6731868710671449,"{""0_35"": 0.326813128932855, ""0_36"": 0.0001956606984422073, ""1_27"": 0.025713582328294918, ""1_28"": 1.0, ""1_29"": 0.028406875952305614}"
formal_test,no_pheromone,No pheromone,2_1_28_11_2_16.bin,14,1_28,direct_lda_top5,1_28;0_35;1_27;0_36;1_29,1,1_28,1,1_28,1_28,1,0.7633081981452007,2.6064580015372485,0,0,"{""0_35"": 0.2366918018547993, ""0_36"": 0.0, ""1_27"": 0.051383886327994524, ""1_28"": 1.0, ""1_29"": 0.07343908576844052}","{""0_35"": 0.5640860677425908, ""0_36"": 0.0003913213968844146, ""1_27"": 0.008428571546071966, ""1_28"": 1.0, ""1_29"": 0.0}",0.5,1_28,1,0.5996110652013049,"{""0_35"": 0.4003889347986951, ""0_36"": 0.0001956606984422073, ""1_27"": 0.029906228937033246, ""1_28"": 1.0, ""1_29"": 0.03671954288422026}"
formal_test,full_aco,Full ACO,2_1_28_11_2_16.bin,14,1_28,direct_lda_top5,1_28;0_35;1_27;0_36;1_29,1,1_28,1,1_28,1_28,1,0.9425937408670134,2.737916001933627,0,0,"{""0_35"": 0.05740625913298656, ""0_36"": 0.0, ""1_27"": 0.023808925238069885, ""1_28"": 1.0, ""1_29"": 0.03143889786711658}","{""0_35"": 0.5640860677425908, ""0_36"": 0.0003913213968844146, ""1_27"": 0.008428571546071966, ""1_28"": 1.0, ""1_29"": 0.0}",0.5,1_28,1,0.6892538365622113,"{""0_35"": 0.3107461634377887, ""0_36"": 0.0001956606984422073, ""1_27"": 0.016118748392070927, ""1_28"": 1.0, ""1_29"": 0.01571944893355829}"
formal_test,average_cost,Average cost,2_1_28_11_2_16.bin,18,1_28,direct_lda_top5,1_28;0_35;1_29;1_27;0_36,1,1_28,1,0_35,0_35,0,0.02860127440865734,0.0012089876690879464,,,"{""0_35"": 1.0, ""0_36"": 0.0, ""1_27"": 0.2988909159199796, ""1_28"": 0.9282154005215572, ""1_29"": 0.9713987255913427}","{""0_35"": 0.9515647750367948, ""0_36"": 0.0, ""1_27"": 0.000607877758760076, ""1_28"": 1.0, ""1_29"": 0.0010973046416850453}",0.5,0_35,0,0.011674687257618888,"{""0_35"": 0.9757823875183974, ""0_36"": 0.0, ""1_27"": 0.14974939683936986, ""1_28"": 0.9641077002607785, ""1_29"": 0.48624801511651383}"
formal_test,greedy_path,Greedy path,2_1_28_11_2_16.bin,18,1_28,direct_lda_top5,1_28;0_35;1_29;1_27;0_36,1,1_28,1,0_35,0_35,0,0.8826442683986595,0.05950000195298344,0,0,"{""0_35"": 1.0, ""0_36"": 0.0, ""1_27"": 0.035519617290448564, ""1_28"": 0.11030731960570184, ""1_29"": 0.11735573160134044}","{""0_35"": 0.9515647750367948, ""0_36"": 0.0, ""1_27"": 0.000607877758760076, ""1_28"": 1.0, ""1_29"": 0.0010973046416850453}",0.5,0_35,0,0.4206287277155465,"{""0_35"": 0.9757823875183974, ""0_36"": 0.0, ""1_27"": 0.01806374752460432, ""1_28"": 0.5551536598028509, ""1_29"": 0.05922651812151274}"
formal_test,no_pheromone,No pheromone,2_1_28_11_2_16.bin,18,1_28,direct_lda_top5,1_28;0_35;1_29;1_27;0_36,1,1_28,1,0_35,0_35,0,0.33255233144732743,2.7203749923501164,0,0,"{""0_35"": 1.0, ""0_36"": 0.0, ""1_27"": 0.046647979867448466, ""1_28"": 0.36419515631850125, ""1_29"": 0.6674476685526726}","{""0_35"": 0.9515647750367948, ""0_36"": 0.0, ""1_27"": 0.000607877758760076, ""1_28"": 1.0, ""1_29"": 0.0010973046416850453}",0.5,0_35,0,0.29368480935914676,"{""0_35"": 0.9757823875183974, ""0_36"": 0.0, ""1_27"": 0.02362792881310427, ""1_28"": 0.6820975781592507, ""1_29"": 0.3342724865971788}"
formal_test,full_aco,Full ACO,2_1_28_11_2_16.bin,18,1_28,direct_lda_top5,1_28;0_35;1_29;1_27;0_36,1,1_28,1,0_35,0_35,0,0.8189770738935225,2.681999991182238,0,0,"{""0_35"": 1.0, ""0_36"": 0.0, ""1_27"": 0.01908685621273122, ""1_28"": 0.0683519216716969, ""1_29"": 0.1810229261064775}","{""0_35"": 0.9515647750367948, ""0_36"": 0.0, ""1_27"": 0.000607877758760076, ""1_28"": 1.0, ""1_29"": 0.0010973046416850453}",0.5,0_35,0,0.4416064266825489,"{""0_35"": 0.9757823875183974, ""0_36"": 0.0, ""1_27"": 0.009847366985745648, ""1_28"": 0.5341759608358485, ""1_29"": 0.09106011537408126}"
formal_test,average_cost,Average cost,2_1_29_11_2_16.bin,6,1_29,direct_lda_top5,1_29;0_34;1_28;0_35;1_27,1,1_29,1,1_29,1_29,1,0.5989546324172305,0.0006250047590583563,,,"{""0_34"": 0.0, ""0_35"": 0.40104536758276954, ""1_27"": 0.3551502007047716, ""1_28"": 0.2254330852986282, ""1_29"": 1.0}","{""0_34"": 0.004205835370349982, ""0_35"": 2.019834502747305e-05, ""1_27"": 0.0, ""1_28"": 4.0816073437983474e-05, ""1_29"": 1.0}",0.5,1_29,1,0.7994672170361015,"{""0_34"": 0.002102917685174991, ""0_35"": 0.2005327829638985, ""1_27"": 0.1775751003523858, ""1_28"": 0.1127369506860331, ""1_29"": 1.0}"
formal_test,greedy_path,Greedy path,2_1_29_11_2_16.bin,6,1_29,direct_lda_top5,1_29;0_34;1_28;0_35;1_27,1,1_29,1,1_29,1_29,1,0.9430158425698205,0.04137499490752816,0,0,"{""0_34"": 0.0, ""0_35"": 0.056984157430179525, ""1_27"": 0.0504629565236002, ""1_28"": 0.032031574133509676, ""1_29"": 1.0}","{""0_34"": 0.004205835370349982, ""0_35"": 2.019834502747305e-05, ""1_27"": 0.0, ""1_28"": 4.0816073437983474e-05, ""1_29"": 1.0}",0.5,1_29,1,0.9714978221123965,"{""0_34"": 0.002102917685174991, ""0_35"": 0.028502177887603498, ""1_27"": 0.0252314782618001, ""1_28"": 0.01603619510347383, ""1_29"": 1.0}"
formal_test,no_pheromone,No pheromone,2_1_29_11_2_16.bin,6,1_29,direct_lda_top5,1_29;0_34;1_28;0_35;1_27,1,1_29,1,1_29,1_29,1,0.9367491011228583,2.5997500051744282,0,0,"{""0_34"": 0.0, ""0_35"": 0.06325089887714172, ""1_27"": 0.05940854385074005, ""1_28"": 0.032240744847583915, ""1_29"": 1.0}","{""0_34"": 0.004205835370349982, ""0_35"": 2.019834502747305e-05, ""1_27"": 0.0, ""1_28"": 4.0816073437983474e-05, ""1_29"": 1.0}",0.5,1_29,1,0.9683644513889154,"{""0_34"": 0.002102917685174991, ""0_35"": 0.0316355486110846, ""1_27"": 0.029704271925370025, ""1_28"": 0.01614078046051095, ""1_29"": 1.0}"
formal_test,full_aco,Full ACO,2_1_29_11_2_16.bin,6,1_29,direct_lda_top5,1_29;0_34;1_28;0_35;1_27,1,1_29,1,1_29,1_29,1,0.9681138895449592,2.7752919995691627,0,0,"{""0_34"": 0.0, ""0_35"": 0.03188611045504075, ""1_27"": 0.028227055215666624, ""1_28"": 0.017982208985526212, ""1_29"": 1.0}","{""0_34"": 0.004205835370349982, ""0_35"": 2.019834502747305e-05, ""1_27"": 0.0, ""1_28"": 4.0816073437983474e-05, ""1_29"": 1.0}",0.5,1_29,1,0.9840468455999659,"{""0_34"": 0.002102917685174991, ""0_35"": 0.01595315440003411, ""1_27"": 0.014113527607833312, ""1_28"": 0.009011512529482098, ""1_29"": 1.0}"
formal_test,average_cost,Average cost,2_1_29_11_2_16.bin,7,1_29,direct_lda_top5,1_29;0_34;1_28;0_35;1_27,1,1_29,1,1_29,1_29,1,0.6562771627906723,0.0009999930625781417,,,"{""0_34"": 0.0, ""0_35"": 0.3437228372093277, ""1_27"": 0.32103155108440107, ""1_28"": 0.16998217304166727, ""1_29"": 1.0}","{""0_34"": 0.04236931436504245, ""0_35"": 4.321509032850481e-05, ""1_27"": 0.0, ""1_28"": 9.796322833441649e-05, ""1_29"": 1.0}",0.5,1_29,1,0.8281169738501719,"{""0_34"": 0.021184657182521226, ""0_35"": 0.17188302614982812, ""1_27"": 0.16051577554220053, ""1_28"": 0.08504006813500084, ""1_29"": 1.0}"
formal_test,greedy_path,Greedy path,2_1_29_11_2_16.bin,7,1_29,direct_lda_top5,1_29;0_34;1_28;0_35;1_27,1,1_29,1,1_29,1_29,1,0.9522338402037183,0.05554100789595395,0,0,"{""0_34"": 0.0, ""0_35"": 0.04776615979628168, ""1_27"": 0.04461281797056437, ""1_28"": 0.02362192662538384, ""1_29"": 1.0}","{""0_34"": 0.04236931436504245, ""0_35"": 4.321509032850481e-05, ""1_27"": 0.0, ""1_28"": 9.796322833441649e-05, ""1_29"": 1.0}",0.5,1_29,1,0.9760953125566949,"{""0_34"": 0.021184657182521226, ""0_35"": 0.023904687443305095, ""1_27"": 0.022306408985282185, ""1_28"": 0.011859944926859128, ""1_29"": 1.0}"
formal_test,no_pheromone,No pheromone,2_1_29_11_2_16.bin,7,1_29,direct_lda_top5,1_29;0_34;1_28;0_35;1_27,1,1_29,1,1_29,1_29,1,0.9431082638266531,2.6491669996175915,0,0,"{""0_34"": 0.0, ""0_35"": 0.056891736173346905, ""1_27"": 0.0532790501090663, ""1_28"": 0.03125136702803434, ""1_29"": 1.0}","{""0_34"": 0.04236931436504245, ""0_35"": 4.321509032850481e-05, ""1_27"": 0.0, ""1_28"": 9.796322833441649e-05, ""1_29"": 1.0}",0.5,1_29,1,0.9715325243681623,"{""0_34"": 0.021184657182521226, ""0_35"": 0.028467475631837706, ""1_27"": 0.02663952505453315, ""1_28"": 0.015674665128184377, ""1_29"": 1.0}"
formal_test,full_aco,Full ACO,2_1_29_11_2_16.bin,7,1_29,direct_lda_top5,1_29;0_34;1_28;0_35;1_27,1,1_29,1,1_29,1_29,1,0.9732667790502836,2.7231660060351714,0,0,"{""0_34"": 0.0, ""0_35"": 0.026733220949716394, ""1_27"": 0.024958380223101866, ""1_28"": 0.013555636088689723, ""1_29"": 1.0}","{""0_34"": 0.04236931436504245, ""0_35"": 4.321509032850481e-05, ""1_27"": 0.0, ""1_28"": 9.796322833441649e-05, ""1_29"": 1.0}",0.5,1_29,1,0.9788153428174787,"{""0_34"": 0.021184657182521226, ""0_35"": 0.01338821802002245, ""1_27"": 0.012479190111550933, ""1_28"": 0.00682679965851207, ""1_29"": 1.0}"
formal_test,average_cost,Average cost,2_1_29_11_2_16.bin,9,1_29,direct_lda_top5,1_29;0_34;1_28;0_35;1_27,1,1_29,1,1_29,1_29,1,0.773758258909597,0.0012499949662014842,,,"{""0_34"": 0.0, ""0_35"": 0.2172180312402746, ""1_27"": 0.2262417410904029, ""1_28"": 0.054496249042962346, ""1_29"": 1.0}","{""0_34"": 0.05145522343770235, ""0_35"": 2.9059023236601717e-05, ""1_27"": 0.0, ""1_28"": 5.954693302143614e-05, ""1_29"": 1.0}",0.5,1_29,1,0.8868791294547985,"{""0_34"": 0.025727611718851174, ""0_35"": 0.10862354513175561, ""1_27"": 0.11312087054520145, ""1_28"": 0.027277897987991892, ""1_29"": 1.0}"
formal_test,greedy_path,Greedy path,2_1_29_11_2_16.bin,9,1_29,direct_lda_top5,1_29;0_34;1_28;0_35;1_27,1,1_29,1,1_29,1_29,1,0.9718758111702055,0.057958008255809546,0,0,"{""0_34"": 0.0, ""0_35"": 0.026918955968004806, ""1_27"": 0.028124188829794474, ""1_28"": 0.005185362746321309, ""1_29"": 1.0}","{""0_34"": 0.05145522343770235, ""0_35"": 2.9059023236601717e-05, ""1_27"": 0.0, ""1_28"": 5.954693302143614e-05, ""1_29"": 1.0}",0.5,1_29,1,0.9742723882811488,"{""0_34"": 0.025727611718851174, ""0_35"": 0.013474007495620704, ""1_27"": 0.014062094414897237, ""1_28"": 0.0026224548396713726, ""1_29"": 1.0}"
formal_test,no_pheromone,No pheromone,2_1_29_11_2_16.bin,9,1_29,direct_lda_top5,1_29;0_34;1_28;0_35;1_27,1,1_29,1,1_29,1_29,1,0.9656008387145147,2.614957993500866,0,0,"{""0_34"": 0.0, ""0_35"": 0.03439916128548526, ""1_27"": 0.03191927304321346, ""1_28"": 0.010418410915186667, ""1_29"": 1.0}","{""0_34"": 0.05145522343770235, ""0_35"": 2.9059023236601717e-05, ""1_27"": 0.0, ""1_28"": 5.954693302143614e-05, ""1_29"": 1.0}",0.5,1_29,1,0.9742723882811488,"{""0_34"": 0.025727611718851174, ""0_35"": 0.01721411015436093, ""1_27"": 0.01595963652160673, ""1_28"": 0.005238978924104052, ""1_29"": 1.0}"
formal_test,full_aco,Full ACO,2_1_29_11_2_16.bin,9,1_29,direct_lda_top5,1_29;0_34;1_28;0_35;1_27,1,1_29,1,1_29,1_29,1,0.9844213714519303,2.66941700829193,0,0,"{""0_34"": 0.0, ""0_35"": 0.014921100797884324, ""1_27"": 0.015578628548069672, ""1_28"": 0.00293503208680371, ""1_29"": 1.0}","{""0_34"": 0.05145522343770235, ""0_35"": 2.9059023236601717e-05, ""1_27"": 0.0, ""1_28"": 5.954693302143614e-05, ""1_29"": 1.0}",0.5,1_29,1,0.9742723882811488,"{""0_34"": 0.025727611718851174, ""0_35"": 0.007475079910560463, ""1_27"": 0.007789314274034836, ""1_28"": 0.001497289509912573, ""1_29"": 1.0}"
formal_test,average_cost,Average cost,2_1_29_11_2_16.bin,15,1_29,direct_lda_top5,1_29;0_34;1_28;0_35;1_27,1,1_29,1,1_29,1_29,1,0.45944095303151145,0.0008329952834174037,,,"{""0_34"": 0.33111084780853756, ""0_35"": 0.4309567354422031, ""1_27"": 0.5405590469684886, ""1_28"": 0.0, ""1_29"": 1.0}","{""0_34"": 0.022945376416598086, ""0_35"": 4.652139745828574e-05, ""1_27"": 0.0, ""1_28"": 0.00010458887552807553, ""1_29"": 1.0}",0.5,1_29,1,0.7297204765157557,"{""0_34"": 0.17702811211256783, ""0_35"": 0.2155016284198307, ""1_27"": 0.2702795234842443, ""1_28"": 5.2294437764037765e-05, ""1_29"": 1.0}"
formal_test,greedy_path,Greedy path,2_1_29_11_2_16.bin,15,1_29,direct_lda_top5,1_29;0_34;1_28;0_35;1_27,1,1_29,1,1_29,1_29,1,0.9210236190079067,0.040875005652196705,0,0,"{""0_34"": 0.062078977049513574, ""0_35"": 0.0629633404903058, ""1_27"": 0.07897638099209323, ""1_28"": 0.0, ""1_29"": 1.0}","{""0_34"": 0.022945376416598086, ""0_35"": 4.652139745828574e-05, ""1_27"": 0.0, ""1_28"": 0.00010458887552807553, ""1_29"": 1.0}",0.5,1_29,1,0.9574878232669441,"{""0_34"": 0.04251217673305583, ""0_35"": 0.03150493094388204, ""1_27"": 0.03948819049604661, ""1_28"": 5.2294437764037765e-05, ""1_29"": 1.0}"
formal_test,no_pheromone,No pheromone,2_1_29_11_2_16.bin,15,1_29,direct_lda_top5,1_29;0_34;1_28;0_35;1_27,1,1_29,1,1_29,1_29,1,0.871141275137782,2.590791991678998,0,0,"{""0_34"": 0.06347194590931532, ""0_35"": 0.06661233980611807, ""1_27"": 0.12885872486221803, ""1_28"": 0.0, ""1_29"": 1.0}","{""0_34"": 0.022945376416598086, ""0_35"": 4.652139745828574e-05, ""1_27"": 0.0, ""1_28"": 0.00010458887552807553, ""1_29"": 1.0}",0.5,1_29,1,0.935570637568891,"{""0_34"": 0.0432086611629567, ""0_35"": 0.033329430601788175, ""1_27"": 0.06442936243110901, ""1_28"": 5.2294437764037765e-05, ""1_29"": 1.0}"
formal_test,full_aco,Full ACO,2_1_29_11_2_16.bin,15,1_29,direct_lda_top5,1_29;0_34;1_28;0_35;1_27,1,1_29,1,1_29,1_29,1,0.9559627074556399,2.84341600490734,0,0,"{""0_34"": 0.034609665374876974, ""0_35"": 0.03510465061811251, ""1_27"": 0.04403729254436002, ""1_28"": 0.0, ""1_29"": 1.0}","{""0_34"": 0.022945376416598086, ""0_35"": 4.652139745828574e-05, ""1_27"": 0.0, ""1_28"": 0.00010458887552807553, ""1_29"": 1.0}",0.5,1_29,1,0.9712224791042625,"{""0_34"": 0.02877752089573753, ""0_35"": 0.017575586007785395, ""1_27"": 0.02201864627218001, ""1_28"": 5.2294437764037765e-05, ""1_29"": 1.0}"
formal_test,average_cost,Average cost,2_1_30_11_2_16.bin,1,1_30,direct_lda_top5,1_30;0_34;0_33;1_29;1_31,1,1_30,1,1_30,1_30,1,0.13107936236859907,0.0005420006345957518,,,"{""0_33"": 0.4979089630679216, ""0_34"": 0.8689206376314009, ""1_29"": 0.27293359131830647, ""1_30"": 1.0, ""1_31"": 0.0}","{""0_33"": 1.3926699126659634e-08, ""0_34"": 1.3026637176360878e-05, ""1_29"": 2.393780423242795e-12, ""1_30"": 1.0, ""1_31"": 0.0}",0.5,1_30,1,0.5655331678657114,"{""0_33"": 0.24895448849731036, ""0_34"": 0.43446683213428866, ""1_29"": 0.13646679566035014, ""1_30"": 1.0, ""1_31"": 0.0}"
formal_test,greedy_path,Greedy path,2_1_30_11_2_16.bin,1,1_30,direct_lda_top5,1_30;0_34;0_33;1_29;1_31,1,1_30,1,1_30,1_30,1,0.8741640913101298,0.03995800216216594,0,0,"{""0_33"": 0.06503177412406119, ""0_34"": 0.12583590868987016, ""1_29"": 0.03564779302649285, ""1_30"": 1.0, ""1_31"": 0.0}","{""0_33"": 1.3926699126659634e-08, ""0_34"": 1.3026637176360878e-05, ""1_29"": 2.393780423242795e-12, ""1_30"": 1.0, ""1_31"": 0.0}",0.5,1_30,1,0.9370755323364768,"{""0_33"": 0.03251589402538016, ""0_34"": 0.06292446766352326, ""1_29"": 0.017823896514443313, ""1_30"": 1.0, ""1_31"": 0.0}"
formal_test,no_pheromone,No pheromone,2_1_30_11_2_16.bin,1,1_30,direct_lda_top5,1_30;0_34;0_33;1_29;1_31,1,1_30,1,1_30,1_30,1,0.48772827889014214,2.565083996159956,0,0,"{""0_33"": 0.09512606196701764, ""0_34"": 0.5122717211098579, ""1_29"": 0.045333107833839814, ""1_30"": 1.0, ""1_31"": 0.0}","{""0_33"": 1.3926699126659634e-08, ""0_34"": 1.3026637176360878e-05, ""1_29"": 2.393780423242795e-12, ""1_30"": 1.0, ""1_31"": 0.0}",0.5,1_30,1,0.7438576261264829,"{""0_33"": 0.047563037946858386, ""0_34"": 0.2561423738735171, ""1_29"": 0.022666553918116797, ""1_30"": 1.0, ""1_31"": 0.0}"
formal_test,full_aco,Full ACO,2_1_30_11_2_16.bin,1,1_30,direct_lda_top5,1_30;0_34;0_33;1_29;1_31,1,1_30,1,1_30,1_30,1,0.9244421964432195,2.8198329964652658,0,0,"{""0_33"": 0.03593661574099021, ""0_34"": 0.07555780355678057, ""1_29"": 0.019636074439924284, ""1_30"": 1.0, ""1_31"": 0.0}","{""0_33"": 1.3926699126659634e-08, ""0_34"": 1.3026637176360878e-05, ""1_29"": 2.393780423242795e-12, ""1_30"": 1.0, ""1_31"": 0.0}",0.5,1_30,1,0.9622145849030215,"{""0_33"": 0.01796831483384467, ""0_34"": 0.03778541509697847, ""1_29"": 0.009818037221159032, ""1_30"": 1.0, ""1_31"": 0.0}"
formal_test,average_cost,Average cost,2_1_30_11_2_16.bin,2,1_30,direct_lda_top5,1_30;0_34;0_33;1_29;1_31,1,1_30,1,1_30,1_30,1,0.20317294740407843,0.0007500057108700275,,,"{""0_33"": 0.5211460052469404, ""0_34"": 0.7968270525959216, ""1_29"": 0.32753414727432756, ""1_30"": 1.0, ""1_31"": 0.0}","{""0_33"": 3.922661224066413e-08, ""0_34"": 2.7736004890425345e-05, ""1_29"": 1.5250263927776408e-11, ""1_30"": 1.0, ""1_31"": 0.0}",0.5,1_30,1,0.601572605699594,"{""0_33"": 0.26057302223677636, ""0_34"": 0.398427394300406, ""1_29"": 0.1637670736447889, ""1_30"": 1.0, ""1_31"": 0.0}"
formal_test,greedy_path,Greedy path,2_1_30_11_2_16.bin,2,1_30,direct_lda_top5,1_30;0_34;0_33;1_29;1_31,1,1_30,1,1_30,1_30,1,0.8916122081281622,0.04304198955651373,0,0,"{""0_33"": 0.07088848774338682, ""0_34"": 0.10838779187183774, ""1_29"": 0.04455258248328123, ""1_30"": 1.0, ""1_31"": 0.0}","{""0_33"": 3.922661224066413e-08, ""0_34"": 2.7736004890425345e-05, ""1_29"": 1.5250263927776408e-11, ""1_30"": 1.0, ""1_31"": 0.0}",0.5,1_30,1,0.9457922360616359,"{""0_33"": 0.03544426348499953, ""0_34"": 0.05420776393836408, ""1_29"": 0.022276291249265747, ""1_30"": 1.0, ""1_31"": 0.0}"
formal_test,no_pheromone,No pheromone,2_1_30_11_2_16.bin,2,1_30,direct_lda_top5,1_30;0_34;0_33;1_29;1_31,1,1_30,1,1_30,1_30,1,0.7287842001945535,2.785999997286126,0,0,"{""0_33"": 0.10186103136862082, ""0_34"": 0.2712157998054466, ""1_29"": 0.04220053434560624, ""1_30"": 1.0, ""1_31"": 0.0}","{""0_33"": 3.922661224066413e-08, ""0_34"": 2.7736004890425345e-05, ""1_29"": 1.5250263927776408e-11, ""1_30"": 1.0, ""1_31"": 0.0}",0.5,1_30,1,0.8643782320948314,"{""0_33"": 0.05093053529761653, ""0_34"": 0.1356217679051685, ""1_29"": 0.021100267180428255, ""1_30"": 1.0, ""1_31"": 0.0}"
formal_test,full_aco,Full ACO,2_1_30_11_2_16.bin,2,1_30,direct_lda_top5,1_30;0_34;0_33;1_29;1_31,1,1_30,1,1_30,1_30,1,0.9179653910391736,2.7173749986104667,0,0,"{""0_33"": 0.03925679617011593, ""0_34"": 0.08203460896082641, ""1_29"": 0.024612241620191808, ""1_30"": 1.0, ""1_31"": 0.0}","{""0_33"": 3.922661224066413e-08, ""0_34"": 2.7736004890425345e-05, ""1_29"": 1.5250263927776408e-11, ""1_30"": 1.0, ""1_31"": 0.0}",0.5,1_30,1,0.9589688275171416,"{""0_33"": 0.019628417698364087, ""0_34"": 0.04103117248285842, ""1_29"": 0.012306120817721035, ""1_30"": 1.0, ""1_31"": 0.0}"
formal_test,average_cost,Average cost,2_1_30_11_2_16.bin,5,1_30,direct_lda_top5,1_30;0_34;0_33;1_29;1_31,1,1_30,1,1_30,1_30,1,0.14334172018500424,0.0007500057108700275,,,"{""0_33"": 0.5498024213740493, ""0_34"": 0.8566582798149958, ""1_29"": 0.3894335027307632, ""1_30"": 1.0, ""1_31"": 0.0}","{""0_33"": 5.277792259652334e-07, ""0_34"": 0.0001488962806346893, ""1_29"": 3.346466181229697e-10, ""1_30"": 1.0, ""1_31"": 0.0}",0.5,1_30,1,0.5715964119521848,"{""0_33"": 0.27490147457663766, ""0_34"": 0.4284035880478152, ""1_29"": 0.19471675153270493, ""1_30"": 1.0, ""1_31"": 0.0}"
formal_test,greedy_path,Greedy path,2_1_30_11_2_16.bin,5,1_30,direct_lda_top5,1_30;0_34;0_33;1_29;1_31,1,1_30,1,1_30,1_30,1,0.8838633702759993,0.048084009904414415,0,0,"{""0_33"": 0.07453637201319825, ""0_34"": 0.11613662972400074, ""1_29"": 0.052795257542518126, ""1_30"": 1.0, ""1_31"": 0.0}","{""0_33"": 5.277792259652334e-07, ""0_34"": 0.0001488962806346893, ""1_29"": 3.346466181229697e-10, ""1_30"": 1.0, ""1_31"": 0.0}",0.5,1_30,1,0.9418572369976823,"{""0_33"": 0.03726844989621211, ""0_34"": 0.058142763002317716, ""1_29"": 0.02639762893858237, ""1_30"": 1.0, ""1_31"": 0.0}"
formal_test,no_pheromone,No pheromone,2_1_30_11_2_16.bin,5,1_30,direct_lda_top5,1_30;0_34;0_33;1_29;1_31,1,1_30,1,1_30,1_30,1,0.6572385944943571,2.6450000004842877,0,0,"{""0_33"": 0.08669229119158, ""0_34"": 0.342761405505643, ""1_29"": 0.05981436339976406, ""1_30"": 1.0, ""1_31"": 0.0}","{""0_33"": 5.277792259652334e-07, ""0_34"": 0.0001488962806346893, ""1_29"": 3.346466181229697e-10, ""1_30"": 1.0, ""1_31"": 0.0}",0.5,1_30,1,0.8285448491068612,"{""0_33"": 0.043346409485402984, ""0_34"": 0.17145515089313884, ""1_29"": 0.029907181867205337, ""1_30"": 1.0, ""1_31"": 0.0}"
formal_test,full_aco,Full ACO,2_1_30_11_2_16.bin,5,1_30,direct_lda_top5,1_30;0_34;0_33;1_29;1_31,1,1_30,1,1_30,1_30,1,0.9204911771792572,2.8467920055845752,0,0,"{""0_33"": 0.04125248771249375, ""0_34"": 0.07950882282074274, ""1_29"": 0.029162352918579274, ""1_30"": 1.0, ""1_31"": 0.0}","{""0_33"": 5.277792259652334e-07, ""0_34"": 0.0001488962806346893, ""1_29"": 3.346466181229697e-10, ""1_30"": 1.0, ""1_31"": 0.0}",0.5,1_30,1,0.9601711404493113,"{""0_33"": 0.02062650774585986, ""0_34"": 0.03982885955068872, ""1_29"": 0.014581176626612947, ""1_30"": 1.0, ""1_31"": 0.0}"
formal_test,average_cost,Average cost,2_1_30_11_2_16.bin,13,1_30,direct_lda_top5,1_30;0_34;0_33;1_31;1_29,1,1_30,1,1_30,1_30,1,0.2659064336954743,0.0006250047590583563,,,"{""0_33"": 0.49024870323282205, ""0_34"": 0.7340935663045257, ""1_29"": 0.31138090852449635, ""1_30"": 1.0, ""1_31"": 0.0}","{""0_33"": 6.392614619752298e-11, ""0_34"": 1.3025590142493675e-07, ""1_29"": 0.0, ""1_30"": 1.0, ""1_31"": 6.03332598211401e-13}",0.5,1_30,1,0.6329531517197864,"{""0_33"": 0.2451243516483741, ""0_34"": 0.36704684828021356, ""1_29"": 0.15569045426224817, ""1_30"": 1.0, ""1_31"": 3.016662991057005e-13}"
formal_test,greedy_path,Greedy path,2_1_30_11_2_16.bin,13,1_30,direct_lda_top5,1_30;0_34;0_33;1_31;1_29,1,1_30,1,1_30,1_30,1,0.8896674420793748,0.04025000089313835,0,0,"{""0_33"": 0.06823852521367503, ""0_34"": 0.11033255792062524, ""1_29"": 0.043341621991634306, ""1_30"": 1.0, ""1_31"": 0.0}","{""0_33"": 6.392614619752298e-11, ""0_34"": 1.3025590142493675e-07, ""1_29"": 0.0, ""1_30"": 1.0, ""1_31"": 6.03332598211401e-13}",0.5,1_30,1,0.9448336559117366,"{""0_33"": 0.034119262638800586, ""0_34"": 0.05516634408826333, ""1_29"": 0.021670810995817153, ""1_30"": 1.0, ""1_31"": 3.016662991057005e-13}"
formal_test,no_pheromone,No pheromone,2_1_30_11_2_16.bin,13,1_30,direct_lda_top5,1_30;0_34;0_33;1_31;1_29,1,1_30,1,1_30,1_30,1,0.7932275215288468,2.636625009472482,0,0,"{""0_33"": 0.10565798838216837, ""0_34"": 0.20677247847115324, ""1_29"": 0.050514298004673136, ""1_30"": 1.0, ""1_31"": 0.0}","{""0_33"": 6.392614619752298e-11, ""0_34"": 1.3025590142493675e-07, ""1_29"": 0.0, ""1_30"": 1.0, ""1_31"": 6.03332598211401e-13}",0.5,1_30,1,0.8966136956364726,"{""0_33"": 0.05282899422304726, ""0_34"": 0.10338630436352733, ""1_29"": 0.025257149002336568, ""1_30"": 1.0, ""1_31"": 3.016662991057005e-13}"
formal_test,full_aco,Full ACO,2_1_30_11_2_16.bin,13,1_30,direct_lda_top5,1_30;0_34;0_33;1_31;1_29,1,1_30,1,1_30,1_30,1,0.9386585498218656,2.753833992755972,0,0,"{""0_33"": 0.03793363713075782, ""0_34"": 0.06134145017813445, ""1_29"": 0.024034496092159262, ""1_30"": 1.0, ""1_31"": 0.0}","{""0_33"": 6.392614619752298e-11, ""0_34"": 1.3025590142493675e-07, ""1_29"": 0.0, ""1_30"": 1.0, ""1_31"": 6.03332598211401e-13}",0.5,1_30,1,0.9693292097829821,"{""0_33"": 0.018966818597341985, ""0_34"": 0.030670790217017938, ""1_29"": 0.012017248046079631, ""1_30"": 1.0, ""1_31"": 3.016662991057005e-13}"
formal_test,average_cost,Average cost,2_1_31_11_2_16.bin,2,1_31,direct_lda_top5,1_31;0_33;1_30;0_34;1_29,1,1_31,1,1_31,1_31,1,0.4959243755722553,0.00145800004247576,,,"{""0_33"": 0.16743772109364904, ""0_34"": 0.500658597717237, ""1_29"": 0.0, ""1_30"": 0.5040756244277447, ""1_31"": 1.0}","{""0_33"": 5.941373563804041e-11, ""0_34"": 1.2728354398470961e-33, ""1_29"": 0.0, ""1_30"": 1.4586340144261e-13, ""1_31"": 1.0}",0.5,1_31,1,0.7479621877860547,"{""0_33"": 0.08371886057653138, ""0_34"": 0.2503292988586185, ""1_29"": 0.0, ""1_30"": 0.2520378122139453, ""1_31"": 1.0}"
formal_test,greedy_path,Greedy path,2_1_31_11_2_16.bin,2,1_31,direct_lda_top5,1_31;0_33;1_30;0_34;1_29,1,1_31,1,1_31,1_31,1,0.9245806736013916,0.06608299736399204,0,0,"{""0_33"": 0.023324588944191003, ""0_34"": 0.06974328076645434, ""1_29"": 0.0, ""1_30"": 0.07541932639860839, ""1_31"": 1.0}","{""0_33"": 5.941373563804041e-11, ""0_34"": 1.2728354398470961e-33, ""1_29"": 0.0, ""1_30"": 1.4586340144261e-13, ""1_31"": 1.0}",0.5,1_31,1,0.9622903368006228,"{""0_33"": 0.011662294501802369, ""0_34"": 0.03487164038322717, ""1_29"": 0.0, ""1_30"": 0.03770966319937713, ""1_31"": 1.0}"
formal_test,no_pheromone,No pheromone,2_1_31_11_2_16.bin,2,1_31,direct_lda_top5,1_31;0_33;1_30;0_34;1_29,1,1_31,1,1_31,1_31,1,0.9059751740449898,2.6778750034281984,0,0,"{""0_33"": 0.026519917123591273, ""0_34"": 0.08711388029026147, ""1_29"": 0.0, ""1_30"": 0.09402482595501016, ""1_31"": 1.0}","{""0_33"": 5.941373563804041e-11, ""0_34"": 1.2728354398470961e-33, ""1_29"": 0.0, ""1_30"": 1.4586340144261e-13, ""1_31"": 1.0}",0.5,1_31,1,0.952987587022422,"{""0_33"": 0.013259958591502504, ""0_34"": 0.043556940145130736, ""1_29"": 0.0, ""1_30"": 0.047012412977578015, ""1_31"": 1.0}"
formal_test,full_aco,Full ACO,2_1_31_11_2_16.bin,2,1_31,direct_lda_top5,1_31;0_33;1_30;0_34;1_29,1,1_31,1,1_31,1_31,1,0.9580102322018119,2.7157919976161793,0,0,"{""0_33"": 0.013022414260429301, ""0_34"": 0.03883723359848871, ""1_29"": 0.0, ""1_30"": 0.04198976779818806, ""1_31"": 1.0}","{""0_33"": 5.941373563804041e-11, ""0_34"": 1.2728354398470961e-33, ""1_29"": 0.0, ""1_30"": 1.4586340144261e-13, ""1_31"": 1.0}",0.5,1_31,1,0.9790051161008331,"{""0_33"": 0.0065112071599215185, ""0_34"": 0.019418616799244354, ""1_29"": 0.0, ""1_30"": 0.020994883899166962, ""1_31"": 1.0}"
formal_test,average_cost,Average cost,2_1_31_11_2_16.bin,3,1_31,direct_lda_top5,1_31;0_33;1_30;0_34;1_29,1,1_31,1,1_31,1_31,1,0.548507144504998,0.0007079943316057324,,,"{""0_33"": 0.08700117565614117, ""0_34"": 0.40891582723088077, ""1_29"": 0.0, ""1_30"": 0.4514928554950019, ""1_31"": 1.0}","{""0_33"": 6.481681960192362e-14, ""0_34"": 1.640686031553285e-35, ""1_29"": 0.0, ""1_30"": 1.466042457841852e-14, ""1_31"": 1.0}",0.5,1_31,1,0.7742535722524917,"{""0_33"": 0.043500587828102996, ""0_34"": 0.20445791361544038, ""1_29"": 0.0, ""1_30"": 0.22574642774750828, ""1_31"": 1.0}"
formal_test,greedy_path,Greedy path,2_1_31_11_2_16.bin,3,1_31,direct_lda_top5,1_31;0_33;1_30;0_34;1_29,1,1_31,1,1_31,1_31,1,0.9372570207391808,0.04137500945944339,0,0,"{""0_33"": 0.011854311663078185, ""0_34"": 0.05571666846341208, ""1_29"": 0.0, ""1_30"": 0.06274297926081923, ""1_31"": 1.0}","{""0_33"": 6.481681960192362e-14, ""0_34"": 1.640686031553285e-35, ""1_29"": 0.0, ""1_30"": 1.466042457841852e-14, ""1_31"": 1.0}",0.5,1_31,1,0.9686285103695831,"{""0_33"": 0.005927155831571501, ""0_34"": 0.02785833423170604, ""1_29"": 0.0, ""1_30"": 0.03137148963041694, ""1_31"": 1.0}"
formal_test,no_pheromone,No pheromone,2_1_31_11_2_16.bin,3,1_31,direct_lda_top5,1_31;0_33;1_30;0_34;1_29,1,1_31,1,1_31,1_31,1,0.9226971050547461,2.606167006888427,0,0,"{""0_33"": 0.00779263211179733, ""0_34"": 0.07730289494525394, ""1_29"": 0.0, ""1_30"": 0.06760590150577765, ""1_31"": 1.0}","{""0_33"": 6.481681960192362e-14, ""0_34"": 1.640686031553285e-35, ""1_29"": 0.0, ""1_30"": 1.466042457841852e-14, ""1_31"": 1.0}",0.5,1_31,1,0.9613485525273731,"{""0_33"": 0.0038963160559310735, ""0_34"": 0.03865144747262697, ""1_29"": 0.0, ""1_30"": 0.03380295075289615, ""1_31"": 1.0}"
formal_test,full_aco,Full ACO,2_1_31_11_2_16.bin,3,1_31,direct_lda_top5,1_31;0_33;1_30;0_34;1_29,1,1_31,1,1_31,1_31,1,0.9651192120258449,2.869999996619299,0,0,"{""0_33"": 0.006629044564527173, ""0_34"": 0.03098298703671636, ""1_29"": 0.0, ""1_30"": 0.03488078797415508, ""1_31"": 1.0}","{""0_33"": 6.481681960192362e-14, ""0_34"": 1.640686031553285e-35, ""1_29"": 0.0, ""1_30"": 1.466042457841852e-14, ""1_31"": 1.0}",0.5,1_31,1,0.9825596060129151,"{""0_33"": 0.003314522282295995, ""0_34"": 0.01549149351835818, ""1_29"": 0.0, ""1_30"": 0.01744039398708487, ""1_31"": 1.0}"
formal_test,average_cost,Average cost,2_1_31_11_2_16.bin,6,1_31,direct_lda_top5,1_31;0_33;1_30;0_34;1_29,1,1_31,1,1_31,1_31,1,0.5675634984321326,0.0007500057108700275,,,"{""0_33"": 0.14045451576300053, ""0_34"": 0.4217346043823273, ""1_29"": 0.0, ""1_30"": 0.4324365015678674, ""1_31"": 1.0}","{""0_33"": 5.056982457673943e-15, ""0_34"": 1.2924068900370157e-36, ""1_29"": 0.0, ""1_30"": 3.312770983857314e-15, ""1_31"": 1.0}",0.5,1_31,1,0.7837817492160646,"{""0_33"": 0.07022725788150279, ""0_34"": 0.21086730219116365, ""1_29"": 0.0, ""1_30"": 0.21621825078393536, ""1_31"": 1.0}"
formal_test,greedy_path,Greedy path,2_1_31_11_2_16.bin,6,1_31,direct_lda_top5,1_31;0_33;1_30;0_34;1_29,1,1_31,1,1_31,1_31,1,0.9314360828918188,0.04229199839755893,0,0,"{""0_33"": 0.01956914620709624, ""0_34"": 0.05875913699831153, ""1_29"": 0.0, ""1_30"": 0.06856391710818124, ""1_31"": 1.0}","{""0_33"": 5.056982457673943e-15, ""0_34"": 1.2924068900370157e-36, ""1_29"": 0.0, ""1_30"": 3.312770983857314e-15, ""1_31"": 1.0}",0.5,1_31,1,0.9657180414459077,"{""0_33"": 0.009784573103550648, ""0_34"": 0.029379568499155764, ""1_29"": 0.0, ""1_30"": 0.03428195855409228, ""1_31"": 1.0}"
formal_test,no_pheromone,No pheromone,2_1_31_11_2_16.bin,6,1_31,direct_lda_top5,1_31;0_33;1_30;0_34;1_29,1,1_31,1,1_31,1_31,1,0.9184717886124161,2.5672499905340374,0,0,"{""0_33"": 0.02564207642055451, ""0_34"": 0.06790915146540598, ""1_29"": 0.0, ""1_30"": 0.08152821138758393, ""1_31"": 1.0}","{""0_33"": 5.056982457673943e-15, ""0_34"": 1.2924068900370157e-36, ""1_29"": 0.0, ""1_30"": 3.312770983857314e-15, ""1_31"": 1.0}",0.5,1_31,1,0.9592358943062064,"{""0_33"": 0.012821038210279785, ""0_34"": 0.03395457573270299, ""1_29"": 0.0, ""1_30"": 0.04076410569379362, ""1_31"": 1.0}"
formal_test,full_aco,Full ACO,2_1_31_11_2_16.bin,6,1_31,direct_lda_top5,1_31;0_33;1_30;0_34;1_29,1,1_31,1,1_31,1_31,1,0.9618247267383517,2.7599579916568473,0,0,"{""0_33"": 0.010932661849453922, ""0_34"": 0.03272507242374287, ""1_29"": 0.0, ""1_30"": 0.038175273261648233, ""1_31"": 1.0}","{""0_33"": 5.056982457673943e-15, ""0_34"": 1.2924068900370157e-36, ""1_29"": 0.0, ""1_30"": 3.312770983857314e-15, ""1_31"": 1.0}",0.5,1_31,1,0.9809123633691742,"{""0_33"": 0.005466330924729489, ""0_34"": 0.016362536211871434, ""1_29"": 0.0, ""1_30"": 0.01908763663082577, ""1_31"": 1.0}"
formal_test,average_cost,Average cost,2_1_31_11_2_16.bin,7,1_31,direct_lda_top5,1_31;1_30;0_33;0_34;1_29,1,1_31,1,1_31,1_31,1,0.5691758254624272,0.0014169927453622222,,,"{""0_33"": 0.14697428315929498, ""0_34"": 0.40380251567540393, ""1_29"": 0.0, ""1_30"": 0.4308241745375728, ""1_31"": 1.0}","{""0_33"": 1.1019094392467294e-15, ""0_34"": 4.1674984036769234e-37, ""1_29"": 0.0, ""1_30"": 1.3081451401183678e-15, ""1_31"": 1.0}",0.5,1_31,1,0.784587912731213,"{""0_33"": 0.07348714157964804, ""0_34"": 0.20190125783770196, ""1_29"": 0.0, ""1_30"": 0.21541208726878708, ""1_31"": 1.0}"
formal_test,greedy_path,Greedy path,2_1_31_11_2_16.bin,7,1_31,direct_lda_top5,1_31;1_30;0_33;0_34;1_29,1,1_31,1,1_31,1_31,1,0.9316857660637448,0.06395799573510885,0,0,"{""0_33"": 0.020537114838266934, ""0_34"": 0.05642441968857054, ""1_29"": 0.0, ""1_30"": 0.0683142339362552, ""1_31"": 1.0}","{""0_33"": 1.1019094392467294e-15, ""0_34"": 4.1674984036769234e-37, ""1_29"": 0.0, ""1_30"": 1.3081451401183678e-15, ""1_31"": 1.0}",0.5,1_31,1,0.9658428830318717,"{""0_33"": 0.010268557419134018, ""0_34"": 0.02821220984428527, ""1_29"": 0.0, ""1_30"": 0.03415711696812825, ""1_31"": 1.0}"
formal_test,no_pheromone,No pheromone,2_1_31_11_2_16.bin,7,1_31,direct_lda_top5,1_31;1_30;0_33;0_34;1_29,1,1_31,1,1_31,1_31,1,0.927683416216458,2.6432919985381886,0,0,"{""0_33"": 0.02048708163170597, ""0_34"": 0.06194250594768526, ""1_29"": 0.0, ""1_30"": 0.07231658378354204, ""1_31"": 1.0}","{""0_33"": 1.1019094392467294e-15, ""0_34"": 4.1674984036769234e-37, ""1_29"": 0.0, ""1_30"": 1.3081451401183678e-15, ""1_31"": 1.0}",0.5,1_31,1,0.9638417081082283,"{""0_33"": 0.010243540815853536, ""0_34"": 0.03097125297384263, ""1_29"": 0.0, ""1_30"": 0.03615829189177167, ""1_31"": 1.0}"
formal_test,full_aco,Full ACO,2_1_31_11_2_16.bin,7,1_31,direct_lda_top5,1_31;1_30;0_33;0_34;1_29,1,1_31,1,1_31,1_31,1,0.9619557356317991,2.715916998567991,0,0,"{""0_33"": 0.0114737093352383, ""0_34"": 0.03143236658471856, ""1_29"": 0.0, ""1_30"": 0.03804426436820087, ""1_31"": 1.0}","{""0_33"": 1.1019094392467294e-15, ""0_34"": 4.1674984036769234e-37, ""1_29"": 0.0, ""1_30"": 1.3081451401183678e-15, ""1_31"": 1.0}",0.5,1_31,1,0.9809778678158989,"{""0_33"": 0.0057368546676197, ""0_34"": 0.01571618329235928, ""1_29"": 0.0, ""1_30"": 0.01902213218410109, ""1_31"": 1.0}"
formal_test,average_cost,Average cost,2_1_32_11_2_16.bin,4,1_32,direct_lda_top5,1_32;1_31;0_33;1_30;0_34,1,1_32,1,1_32,1_32,1,0.34796034941264375,0.0007920025382190943,,,"{""0_33"": 0.6520396505873562, ""0_34"": 0.49148934361949914, ""1_30"": 0.5181463815465086, ""1_31"": 0.0, ""1_32"": 1.0}","{""0_33"": 8.267068104484544e-134, ""0_34"": 0.0, ""1_30"": 6.395412503009023e-190, ""1_31"": 8.265207282531253e-112, ""1_32"": 1.0}",0.5,1_32,1,0.6739801747063219,"{""0_33"": 0.3260198252936781, ""0_34"": 0.24574467180974957, ""1_30"": 0.2590731907732543, ""1_31"": 4.1326036412656266e-112, ""1_32"": 1.0}"
formal_test,greedy_path,Greedy path,2_1_32_11_2_16.bin,4,1_32,direct_lda_top5,1_32;1_31;0_33;1_30;0_34,1,1_32,1,1_32,1_32,1,0.9048738236334132,0.042917003156617284,0,0,"{""0_33"": 0.09512617636658682, ""0_34"": 0.07170346456895833, ""1_30"": 0.07559246440044293, ""1_31"": 0.0, ""1_32"": 1.0}","{""0_33"": 8.267068104484544e-134, ""0_34"": 0.0, ""1_30"": 6.395412503009023e-190, ""1_31"": 8.265207282531253e-112, ""1_32"": 1.0}",0.5,1_32,1,0.9524369118167066,"{""0_33"": 0.04756308818329341, ""0_34"": 0.03585173228447917, ""1_30"": 0.03779623220022146, ""1_31"": 4.1326036412656266e-112, ""1_32"": 1.0}"
formal_test,no_pheromone,No pheromone,2_1_32_11_2_16.bin,4,1_32,direct_lda_top5,1_32;1_31;0_33;1_30;0_34,1,1_32,1,1_32,1_32,1,0.8208032387395784,2.6205409958492965,0,0,"{""0_33"": 0.1791967612604216, ""0_34"": 0.0810400674344136, ""1_30"": 0.1263097631984156, ""1_31"": 0.0, ""1_32"": 1.0}","{""0_33"": 8.267068104484544e-134, ""0_34"": 0.0, ""1_30"": 6.395412503009023e-190, ""1_31"": 8.265207282531253e-112, ""1_32"": 1.0}",0.5,1_32,1,0.9104016193697893,"{""0_33"": 0.0895983806302108, ""0_34"": 0.0405200337172068, ""1_30"": 0.0631548815992078, ""1_31"": 4.1326036412656266e-112, ""1_32"": 1.0}"
formal_test,full_aco,Full ACO,2_1_32_11_2_16.bin,4,1_32,direct_lda_top5,1_32;1_31;0_33;1_30;0_34,1,1_32,1,1_32,1_32,1,0.9466813895819959,2.758792004897259,0,0,"{""0_33"": 0.05331861041800417, ""0_34"": 0.04016333021306765, ""1_30"": 0.042338541170942094, ""1_31"": 0.0, ""1_32"": 1.0}","{""0_33"": 8.267068104484544e-134, ""0_34"": 0.0, ""1_30"": 6.395412503009023e-190, ""1_31"": 8.265207282531253e-112, ""1_32"": 1.0}",0.5,1_32,1,0.9733406947909979,"{""0_33"": 0.026659305209002084, ""0_34"": 0.020081665106533825, ""1_30"": 0.021169270585471047, ""1_31"": 4.1326036412656266e-112, ""1_32"": 1.0}"
formal_test,average_cost,Average cost,2_1_32_11_2_16.bin,5,1_32,direct_lda_top5,1_32;1_31;0_33;1_30;0_34,1,1_32,1,1_32,1_32,1,0.6623666790750808,0.0008329952834174037,,,"{""0_33"": 0.18257185327501937, ""0_34"": 0.18349527920789319, ""1_30"": 0.0, ""1_31"": 0.33763332092491916, ""1_32"": 1.0}","{""0_33"": 1.8617401800430155e-135, ""0_34"": 0.0, ""1_30"": 1.1019895822214465e-191, ""1_31"": 2.511268232479492e-112, ""1_32"": 1.0}",0.5,1_32,1,0.8311833395375404,"{""0_33"": 0.09128592663750969, ""0_34"": 0.09174763960394659, ""1_30"": 5.509947911107232e-192, ""1_31"": 0.16881666046245958, ""1_32"": 1.0}"
formal_test,greedy_path,Greedy path,2_1_32_11_2_16.bin,5,1_32,direct_lda_top5,1_32;1_31;0_33;1_30;0_34,1,1_32,1,1_32,1_32,1,0.9534401192881652,0.04350001108832657,0,0,"{""0_33"": 0.025176791456888812, ""0_34"": 0.025304132565174702, ""1_30"": 0.0, ""1_31"": 0.0465598807118348, ""1_32"": 1.0}","{""0_33"": 1.8617401800430155e-135, ""0_34"": 0.0, ""1_30"": 1.1019895822214465e-191, ""1_31"": 2.511268232479492e-112, ""1_32"": 1.0}",0.5,1_32,1,0.9767200596440826,"{""0_33"": 0.012588395728444406, ""0_34"": 0.012652066282587351, ""1_30"": 5.509947911107232e-192, ""1_31"": 0.0232799403559174, ""1_32"": 1.0}"
formal_test,no_pheromone,No pheromone,2_1_32_11_2_16.bin,5,1_32,direct_lda_top5,1_32;1_31;0_33;1_30;0_34,1,1_32,1,1_32,1_32,1,0.9528393909216646,2.5812090025283396,0,0,"{""0_33"": 0.026214103873233762, ""0_34"": 0.02529359694930077, ""1_30"": 0.0, ""1_31"": 0.047160609078335414, ""1_32"": 1.0}","{""0_33"": 1.8617401800430155e-135, ""0_34"": 0.0, ""1_30"": 1.1019895822214465e-191, ""1_31"": 2.511268232479492e-112, ""1_32"": 1.0}",0.5,1_32,1,0.9764196954608323,"{""0_33"": 0.013107051936616881, ""0_34"": 0.012646798474650386, ""1_30"": 5.509947911107232e-192, ""1_31"": 0.023580304539167707, ""1_32"": 1.0}"
formal_test,full_aco,Full ACO,2_1_32_11_2_16.bin,5,1_32,direct_lda_top5,1_32;1_31;0_33;1_30;0_34,1,1_32,1,1_32,1_32,1,0.9740187782923735,2.9570409969892353,0,0,"{""0_33"": 0.014037865532967788, ""0_34"": 0.014091375235683769, ""1_30"": 0.0, ""1_31"": 0.025981221707626567, ""1_32"": 1.0}","{""0_33"": 1.8617401800430155e-135, ""0_34"": 0.0, ""1_30"": 1.1019895822214465e-191, ""1_31"": 2.511268232479492e-112, ""1_32"": 1.0}",0.5,1_32,1,0.9870093891461867,"{""0_33"": 0.007018932766483894, ""0_34"": 0.0070456876178418846, ""1_30"": 5.509947911107232e-192, ""1_31"": 0.012990610853813284, ""1_32"": 1.0}"
formal_test,average_cost,Average cost,2_1_32_11_2_16.bin,9,1_32,direct_lda_top5,1_32;1_31;0_33;1_30;0_34,1,1_32,1,1_32,1_32,1,0.846578605775496,0.0007500057108700275,,,"{""0_33"": 0.11032225201890894, ""0_34"": 0.15342139422450396, ""1_30"": 0.0, ""1_31"": 0.12597276051127368, ""1_32"": 1.0}","{""0_33"": 7.326289454817636e-134, ""0_34"": 0.0, ""1_30"": 2.517115162092055e-191, ""1_31"": 1.632753022224187e-113, ""1_32"": 1.0}",0.5,1_32,1,0.923289302887748,"{""0_33"": 0.05516112600945447, ""0_34"": 0.07671069711225198, ""1_30"": 1.2585575810460274e-191, ""1_31"": 0.06298638025563684, ""1_32"": 1.0}"
formal_test,greedy_path,Greedy path,2_1_32_11_2_16.bin,9,1_32,direct_lda_top5,1_32;1_31;0_33;1_30;0_34,1,1_32,1,1_32,1_32,1,0.9668215252061987,0.04299999272916466,0,0,"{""0_33"": 0.014581301020971844, ""0_34"": 0.03317847479380134, ""1_30"": 0.0, ""1_31"": 0.016649830001139277, ""1_32"": 1.0}","{""0_33"": 7.326289454817636e-134, ""0_34"": 0.0, ""1_30"": 2.517115162092055e-191, ""1_31"": 1.632753022224187e-113, ""1_32"": 1.0}",0.5,1_32,1,0.9834107626030993,"{""0_33"": 0.007290650510485922, ""0_34"": 0.01658923739690067, ""1_30"": 1.2585575810460274e-191, ""1_31"": 0.008324915000569639, ""1_32"": 1.0}"
formal_test,no_pheromone,No pheromone,2_1_32_11_2_16.bin,9,1_32,direct_lda_top5,1_32;1_31;0_33;1_30;0_34,1,1_32,1,1_32,1_32,1,0.9600781657583137,2.58116600161884,0,0,"{""0_33"": 0.029276450221540726, ""0_34"": 0.03992183424168632, ""1_30"": 0.0, ""1_31"": 0.014141438190940448, ""1_32"": 1.0}","{""0_33"": 7.326289454817636e-134, ""0_34"": 0.0, ""1_30"": 2.517115162092055e-191, ""1_31"": 1.632753022224187e-113, ""1_32"": 1.0}",0.5,1_32,1,0.9800390828791569,"{""0_33"": 0.014638225110770363, ""0_34"": 0.01996091712084316, ""1_30"": 1.2585575810460274e-191, ""1_31"": 0.007070719095470224, ""1_32"": 1.0}"
formal_test,full_aco,Full ACO,2_1_32_11_2_16.bin,9,1_32,direct_lda_top5,1_32;1_31;0_33;1_30;0_34,1,1_32,1,1_32,1_32,1,0.9816027754754014,2.8147920093033463,0,0,"{""0_33"": 0.008601222261843509, ""0_34"": 0.01839722452459863, ""1_30"": 0.0, ""1_31"": 0.009892872998027283, ""1_32"": 1.0}","{""0_33"": 7.326289454817636e-134, ""0_34"": 0.0, ""1_30"": 2.517115162092055e-191, ""1_31"": 1.632753022224187e-113, ""1_32"": 1.0}",0.5,1_32,1,0.9908013877377007,"{""0_33"": 0.0043006111309217545, ""0_34"": 0.009198612262299314, ""1_30"": 1.2585575810460274e-191, ""1_31"": 0.004946436499013641, ""1_32"": 1.0}"
formal_test,average_cost,Average cost,2_1_32_11_2_16.bin,17,1_32,direct_lda_top5,1_32;1_31;0_33;1_30;0_34,1,1_32,1,1_32,1_32,1,0.2012427652371679,0.001334003172814846,,,"{""0_33"": 0.7987572347628321, ""0_34"": 0.6758799845763833, ""1_30"": 0.5741601453391685, ""1_31"": 0.0, ""1_32"": 1.0}","{""0_33"": 6.360180343036911e-134, ""0_34"": 0.0, ""1_30"": 1.1879759665490521e-189, ""1_31"": 5.803744605285298e-111, ""1_32"": 1.0}",0.5,1_32,1,0.600621382618584,"{""0_33"": 0.39937861738141606, ""0_34"": 0.33793999228819166, ""1_30"": 0.28708007266958424, ""1_31"": 2.901872302642649e-111, ""1_32"": 1.0}"
formal_test,greedy_path,Greedy path,2_1_32_11_2_16.bin,17,1_32,direct_lda_top5,1_32;1_31;0_33;1_30;0_34,1,1_32,1,1_32,1_32,1,0.8871975427233566,0.0603340013185516,0,0,"{""0_33"": 0.11280245727664337, ""0_34"": 0.0954494303979023, ""1_30"": 0.08108430502517261, ""1_31"": 0.0, ""1_32"": 1.0}","{""0_33"": 6.360180343036911e-134, ""0_34"": 0.0, ""1_30"": 1.1879759665490521e-189, ""1_31"": 5.803744605285298e-111, ""1_32"": 1.0}",0.5,1_32,1,0.9435987713616784,"{""0_33"": 0.056401228638321685, ""0_34"": 0.04772471519895115, ""1_30"": 0.040542152512586305, ""1_31"": 2.901872302642649e-111, ""1_32"": 1.0}"
formal_test,no_pheromone,No pheromone,2_1_32_11_2_16.bin,17,1_32,direct_lda_top5,1_32;1_31;0_33;1_30;0_34,1,1_32,1,1_32,1_32,1,0.7567882822448119,2.6455420011188835,0,0,"{""0_33"": 0.2432117177551881, ""0_34"": 0.16316048933879873, ""1_30"": 0.10279954849947827, ""1_31"": 0.0, ""1_32"": 1.0}","{""0_33"": 6.360180343036911e-134, ""0_34"": 0.0, ""1_30"": 1.1879759665490521e-189, ""1_31"": 5.803744605285298e-111, ""1_32"": 1.0}",0.5,1_32,1,0.878394141122406,"{""0_33"": 0.12160585887759405, ""0_34"": 0.08158024466939937, ""1_30"": 0.051399774249739134, ""1_31"": 2.901872302642649e-111, ""1_32"": 1.0}"
formal_test,full_aco,Full ACO,2_1_32_11_2_16.bin,17,1_32,direct_lda_top5,1_32;1_31;0_33;1_30;0_34,1,1_32,1,1_32,1_32,1,0.9370736297906983,2.710957996896468,0,0,"{""0_33"": 0.06292637020930167, ""0_34"": 0.05322258448575915, ""1_30"": 0.045197562204418694, ""1_31"": 0.0, ""1_32"": 1.0}","{""0_33"": 6.360180343036911e-134, ""0_34"": 0.0, ""1_30"": 1.1879759665490521e-189, ""1_31"": 5.803744605285298e-111, ""1_32"": 1.0}",0.5,1_32,1,0.9685368148953492,"{""0_33"": 0.031463185104650834, ""0_34"": 0.026611292242879576, ""1_30"": 0.022598781102209347, ""1_31"": 2.901872302642649e-111, ""1_32"": 1.0}"
formal_test,average_cost,Average cost,2_2_15_11_2_16.bin,3,2_15,direct_lda_top5,2_15;0_48;1_16;0_50;0_45,1,2_15,1,2_15,2_15,1,0.09970185965663447,0.000667001586407423,,,"{""0_45"": 0.8292753014356683, ""0_48"": 0.9002981403433655, ""0_50"": 0.0, ""1_16"": 0.6695859580865992, ""2_15"": 1.0}","{""0_45"": 0.0, ""0_48"": 2.537634542106343e-10, ""0_50"": 2.3897732367490836e-17, ""1_16"": 2.5677693288855967e-15, ""2_15"": 1.0}",0.5,2_15,1,0.5498509297014356,"{""0_45"": 0.41463765071783415, ""0_48"": 0.4501490702985645, ""0_50"": 1.1948866183745418e-17, ""1_16"": 0.33479297904330085, ""2_15"": 1.0}"
formal_test,greedy_path,Greedy path,2_2_15_11_2_16.bin,3,2_15,direct_lda_top5,2_15;0_48;1_16;0_50;0_45,1,2_15,1,2_15,2_15,1,0.8786385396803593,0.041041988879442215,0,0,"{""0_45"": 0.11178748136795984, ""0_48"": 0.12136146031964062, ""0_50"": 0.0, ""1_16"": 0.10694417979912908, ""2_15"": 1.0}","{""0_45"": 0.0, ""0_48"": 2.537634542106343e-10, ""0_50"": 2.3897732367490836e-17, ""1_16"": 2.5677693288855967e-15, ""2_15"": 1.0}",0.5,2_15,1,0.9393192697132979,"{""0_45"": 0.05589374068397992, ""0_48"": 0.06068073028670204, ""0_50"": 1.1948866183745418e-17, ""1_16"": 0.053472089899565825, ""2_15"": 1.0}"
formal_test,no_pheromone,No pheromone,2_2_15_11_2_16.bin,3,2_15,direct_lda_top5,2_15;0_48;1_16;0_50;0_45,1,2_15,1,2_15,2_15,1,0.49791969717128026,2.6445830008015037,0,0,"{""0_45"": 0.35180557062475326, ""0_48"": 0.5020803028287197, ""0_50"": 0.0, ""1_16"": 0.160238447290609, ""2_15"": 1.0}","{""0_45"": 0.0, ""0_48"": 2.537634542106343e-10, ""0_50"": 2.3897732367490836e-17, ""1_16"": 2.5677693288855967e-15, ""2_15"": 1.0}",0.5,2_15,1,0.7489598484587584,"{""0_45"": 0.17590278531237663, ""0_48"": 0.2510401515412416, ""0_50"": 1.1948866183745418e-17, ""1_16"": 0.08011922364530578, ""2_15"": 1.0}"
formal_test,full_aco,Full ACO,2_2_15_11_2_16.bin,3,2_15,direct_lda_top5,2_15;0_48;1_16;0_50;0_45,1,2_15,1,2_15,2_15,1,0.8957167151063804,2.7590000099735335,0,0,"{""0_45"": 0.08284139918771835, ""0_48"": 0.10428328489361957, ""0_50"": 0.0, ""1_16"": 0.058591315286077625, ""2_15"": 1.0}","{""0_45"": 0.0, ""0_48"": 2.537634542106343e-10, ""0_50"": 2.3897732367490836e-17, ""1_16"": 2.5677693288855967e-15, ""2_15"": 1.0}",0.5,2_15,1,0.9478583574263085,"{""0_45"": 0.041420699593859175, ""0_48"": 0.05214164257369151, ""0_50"": 1.1948866183745418e-17, ""1_16"": 0.029295657643040096, ""2_15"": 1.0}"
formal_test,average_cost,Average cost,2_2_15_11_2_16.bin,10,2_15,direct_lda_top5,2_15;0_48;1_16;1_17;0_50,1,2_15,1,2_15,2_15,1,0.20047721317404577,0.0008329952834174037,,,"{""0_48"": 0.7730689345896872, ""0_50"": 0.0, ""1_16"": 0.7491659725158801, ""1_17"": 0.7995227868259542, ""2_15"": 1.0}","{""0_48"": 1.914446692642492e-17, ""0_50"": 0.0, ""1_16"": 2.753200817271603e-18, ""1_17"": 3.4464515675822544e-29, ""2_15"": 1.0}",0.5,2_15,1,0.6002386065870229,"{""0_48"": 0.3865344672948436, ""0_50"": 0.0, ""1_16"": 0.37458298625794006, ""1_17"": 0.3997613934129771, ""2_15"": 1.0}"
formal_test,greedy_path,Greedy path,2_2_15_11_2_16.bin,10,2_15,direct_lda_top5,2_15;0_48;1_16;1_17;0_50,1,2_15,1,2_15,2_15,1,0.8836489196842631,0.04233299114275724,0,0,"{""0_48"": 0.10751929518890306, ""0_50"": 0.0, ""1_16"": 0.11635108031573697, ""1_17"": 0.11119852665224529, ""2_15"": 1.0}","{""0_48"": 1.914446692642492e-17, ""0_50"": 0.0, ""1_16"": 2.753200817271603e-18, ""1_17"": 3.4464515675822544e-29, ""2_15"": 1.0}",0.5,2_15,1,0.9418244598421315,"{""0_48"": 0.05375964759445154, ""0_50"": 0.0, ""1_16"": 0.05817554015786849, ""1_17"": 0.055599263326122646, ""2_15"": 1.0}"
formal_test,no_pheromone,No pheromone,2_2_15_11_2_16.bin,10,2_15,direct_lda_top5,2_15;0_48;1_16;1_17;0_50,1,2_15,1,2_15,2_15,1,0.7117086242490317,2.693082991754636,0,0,"{""0_48"": 0.2882913757509683, ""0_50"": 0.0, ""1_16"": 0.2815435030140504, ""1_17"": 0.21711951393790355, ""2_15"": 1.0}","{""0_48"": 1.914446692642492e-17, ""0_50"": 0.0, ""1_16"": 2.753200817271603e-18, ""1_17"": 3.4464515675822544e-29, ""2_15"": 1.0}",0.5,2_15,1,0.8558543121245159,"{""0_48"": 0.14414568787548415, ""0_50"": 0.0, ""1_16"": 0.1407717515070252, ""1_17"": 0.10855975696895177, ""2_15"": 1.0}"
formal_test,full_aco,Full ACO,2_2_15_11_2_16.bin,10,2_15,direct_lda_top5,2_15;0_48;1_16;1_17;0_50,1,2_15,1,2_15,2_15,1,0.9309409956329348,2.7652920107357204,0,0,"{""0_48"": 0.059705091989261716, ""0_50"": 0.0, ""1_16"": 0.06466906576966883, ""1_17"": 0.06905900436706525, ""2_15"": 1.0}","{""0_48"": 1.914446692642492e-17, ""0_50"": 0.0, ""1_16"": 2.753200817271603e-18, ""1_17"": 3.4464515675822544e-29, ""2_15"": 1.0}",0.5,2_15,1,0.9654704978164674,"{""0_48"": 0.02985254599463087, ""0_50"": 0.0, ""1_16"": 0.03233453288483441, ""1_17"": 0.03452950218353262, ""2_15"": 1.0}"
formal_test,average_cost,Average cost,2_2_15_11_2_16.bin,16,2_15,direct_lda_top5,2_15;0_48;1_16;1_17;0_50,1,2_15,1,2_15,2_15,1,0.170746167014874,0.0007080088835209608,,,"{""0_48"": 0.829253832985126, ""0_50"": 0.0, ""1_16"": 0.6770190472404995, ""1_17"": 0.8145542701024877, ""2_15"": 1.0}","{""0_48"": 1.8601318621752272e-17, ""0_50"": 0.0, ""1_16"": 6.817743172622489e-18, ""1_17"": 6.2786183943081945e-28, ""2_15"": 1.0}",0.5,2_15,1,0.585373083507437,"{""0_48"": 0.414626916492563, ""0_50"": 0.0, ""1_16"": 0.3385095236202498, ""1_17"": 0.40727713505124385, ""2_15"": 1.0}"
formal_test,greedy_path,Greedy path,2_2_15_11_2_16.bin,16,2_15,direct_lda_top5,2_15;0_48;1_16;1_17;0_50,1,2_15,1,2_15,2_15,1,0.8857116791466753,0.04445800732355565,0,0,"{""0_48"": 0.11428832085332476, ""0_50"": 0.0, ""1_16"": 0.09997384549629293, ""1_17"": 0.11226241721283506, ""2_15"": 1.0}","{""0_48"": 1.8601318621752272e-17, ""0_50"": 0.0, ""1_16"": 6.817743172622489e-18, ""1_17"": 6.2786183943081945e-28, ""2_15"": 1.0}",0.5,2_15,1,0.9428558395733376,"{""0_48"": 0.057144160426662385, ""0_50"": 0.0, ""1_16"": 0.049986922748146465, ""1_17"": 0.05613120860641753, ""2_15"": 1.0}"
formal_test,no_pheromone,No pheromone,2_2_15_11_2_16.bin,16,2_15,direct_lda_top5,2_15;0_48;1_16;1_17;0_50,1,2_15,1,2_15,2_15,1,0.620265262208314,2.7824170101666823,0,0,"{""0_48"": 0.37973473779168604, ""0_50"": 0.0, ""1_16"": 0.2116144516388975, ""1_17"": 0.2963333127131127, ""2_15"": 1.0}","{""0_48"": 1.8601318621752272e-17, ""0_50"": 0.0, ""1_16"": 6.817743172622489e-18, ""1_17"": 6.2786183943081945e-28, ""2_15"": 1.0}",0.5,2_15,1,0.810132631104157,"{""0_48"": 0.18986736889584302, ""0_50"": 0.0, ""1_16"": 0.10580722581944875, ""1_17"": 0.14816665635655635, ""2_15"": 1.0}"
formal_test,full_aco,Full ACO,2_2_15_11_2_16.bin,16,2_15,direct_lda_top5,2_15;0_48;1_16;1_17;0_50,1,2_15,1,2_15,2_15,1,0.9337629711713296,2.76770799246151,0,0,"{""0_48"": 0.0662370288286704, ""0_50"": 0.0, ""1_16"": 0.05558694946738633, ""1_17"": 0.06316092535184022, ""2_15"": 1.0}","{""0_48"": 1.8601318621752272e-17, ""0_50"": 0.0, ""1_16"": 6.817743172622489e-18, ""1_17"": 6.2786183943081945e-28, ""2_15"": 1.0}",0.5,2_15,1,0.9668814855856648,"{""0_48"": 0.03311851441433521, ""0_50"": 0.0, ""1_16"": 0.027793474733693167, ""1_17"": 0.03158046267592011, ""2_15"": 1.0}"
formal_test,average_cost,Average cost,2_2_15_11_2_16.bin,20,2_15,direct_lda_top5,2_15;0_48;0_50;1_16;0_45,1,2_15,1,2_15,1_16,0,0.03496438874724128,0.0008749921107664704,,,"{""0_45"": 0.666494735088457, ""0_48"": 0.9650356112527587, ""0_50"": 0.0, ""1_16"": 1.0, ""2_15"": 0.8657093328899506}","{""0_45"": 0.0, ""0_48"": 1.9665176380680523e-06, ""0_50"": 1.489167411678188e-11, ""1_16"": 2.93709267332819e-13, ""2_15"": 1.0}",0.5,2_15,1,0.4328546664448284,"{""0_45"": 0.3332473675442285, ""0_48"": 0.4825187888851984, ""0_50"": 7.44583705839094e-12, ""1_16"": 0.5000000000001469, ""2_15"": 0.9328546664449753}"
formal_test,greedy_path,Greedy path,2_2_15_11_2_16.bin,20,2_15,direct_lda_top5,2_15;0_48;0_50;1_16;0_45,1,2_15,1,2_15,1_16,0,0.8127057581727593,0.05579099524766207,0,0,"{""0_45"": 0.09199060565576879, ""0_48"": 0.13319566634947871, ""0_50"": 0.0, ""1_16"": 1.0, ""2_15"": 0.18729424182724078}","{""0_45"": 0.0, ""0_48"": 1.9665176380680523e-06, ""0_50"": 1.489167411678188e-11, ""1_16"": 2.93709267332819e-13, ""2_15"": 1.0}",0.5,2_15,1,0.09364712091347349,"{""0_45"": 0.045995302827884395, ""0_48"": 0.06659881643355839, ""0_50"": 7.44583705839094e-12, ""1_16"": 0.5000000000001469, ""2_15"": 0.5936471209136204}"
formal_test,no_pheromone,No pheromone,2_2_15_11_2_16.bin,20,2_15,direct_lda_top5,2_15;0_48;0_50;1_16;0_45,1,2_15,1,2_15,1_16,0,0.41915256213575025,2.7291250007692724,0,0,"{""0_45"": 0.19345162191042478, ""0_48"": 0.5808474378642497, ""0_50"": 0.0, ""1_16"": 1.0, ""2_15"": 0.5544966076254453}","{""0_45"": 0.0, ""0_48"": 1.9665176380680523e-06, ""0_50"": 1.489167411678188e-11, ""1_16"": 2.93709267332819e-13, ""2_15"": 1.0}",0.5,2_15,1,0.2772483038125758,"{""0_45"": 0.09672581095521239, ""0_48"": 0.2904247021909439, ""0_50"": 7.44583705839094e-12, ""1_16"": 0.5000000000001469, ""2_15"": 0.7772483038127227}"
formal_test,full_aco,Full ACO,2_2_15_11_2_16.bin,20,2_15,direct_lda_top5,2_15;0_48;0_50;1_16;0_45,1,2_15,1,2_15,1_16,0,0.7836868871547709,2.8761249996023253,0,0,"{""0_45"": 0.05143548614453356, ""0_48"": 0.21631311284522908, ""0_50"": 0.0, ""1_16"": 1.0, ""2_15"": 0.1372353850143592}","{""0_45"": 0.0, ""0_48"": 1.9665176380680523e-06, ""0_50"": 1.489167411678188e-11, ""1_16"": 2.93709267332819e-13, ""2_15"": 1.0}",0.5,2_15,1,0.06861769250703276,"{""0_45"": 0.02571774307226678, ""0_48"": 0.10815753968143357, ""0_50"": 7.44583705839094e-12, ""1_16"": 0.5000000000001469, ""2_15"": 0.5686176925071796}"
